LOTTO GAME,COMBINATIONS,DRAW DATE, JACKPOT (PHP) ,WINNERS
Lotto 6/42,16-04-31-25-07-13,1/2/2016," PHP 19,075,584.00 ",0
Lotto 6/42,40-03-02-11-14-28,1/5/2016," PHP 22,290,288.00 ",0
Lotto 6/42,18-03-29-32-04-42,1/7/2016," PHP 25,402,072.00 ",0
Lotto 6/42,07-21-31-26-03-12,1/9/2016," PHP 28,686,296.00 ",0
Lotto 6/42,08-39-32-03-41-21,1/12/2016," PHP 32,010,460.00 ",0
Lotto 6/42,15-36-25-06-42-34,1/14/2016," PHP 35,279,016.00 ",0
Lotto 6/42,09-41-26-24-17-25,1/16/2016," PHP 38,847,636.00 ",0
Lotto 6/42,27-19-34-40-16-22,1/19/2016," PHP 42,437,956.00 ",0
Lotto 6/42,29-42-35-25-16-10,1/21/2016," PHP 45,881,968.00 ",0
Lotto 6/42,29-04-19-25-35-12,1/23/2016," PHP 49,562,348.00 ",1
Lotto 6/42,40-41-31-16-34-22,1/26/2016," PHP 6,000,000.00 ",0
Lotto 6/42,38-13-25-01-03-04,1/28/2016," PHP 6,000,000.00 ",0
Lotto 6/42,15-10-19-28-07-26,1/30/2016," PHP 7,150,756.00 ",1
Lotto 6/42,33-19-28-17-39-40,2/2/2016," PHP 6,000,000.00 ",0
Lotto 6/42,39-35-32-09-13-37,2/4/2016," PHP 6,000,000.00 ",0
Lotto 6/42,14-35-37-09-21-17,2/6/2016," PHP 7,088,836.00 ",1
Lotto 6/42,07-13-05-04-33-12,2/9/2016," PHP 6,000,000.00 ",0
Lotto 6/42,42-39-23-07-02-22,2/11/2016," PHP 6,000,000.00 ",0
Lotto 6/42,30-25-15-02-16-35,2/13/2016," PHP 7,063,512.00 ",0
Lotto 6/42,38-19-31-01-28-40,2/16/2016," PHP 9,550,284.00 ",0
Lotto 6/42,12-01-39-06-17-32,2/18/2016," PHP 12,281,784.00 ",0
Lotto 6/42,23-40-01-42-18-25,2/20/2016," PHP 15,293,772.00 ",1
Lotto 6/42,32-04-11-08-31-26,2/23/2016," PHP 6,000,000.00 ",0
Lotto 6/42,34-21-16-05-14-11,2/25/2016," PHP 6,000,000.00 ",0
Lotto 6/42,03-06-14-37-21-23,2/27/2016," PHP 7,639,400.00 ",0
Lotto 6/42,05-07-37-04-19-13,3/1/2016," PHP 10,362,860.00 ",0
Lotto 6/42,19-02-31-42-21-08,3/3/2016," PHP 13,078,736.00 ",2
Lotto 6/42,10-22-17-06-28-05,3/5/2016," PHP 6,000,000.00 ",0
Lotto 6/42,21-27-09-31-26-30,3/8/2016," PHP 6,000,000.00 ",0
Lotto 6/42,34-27-07-15-24-19,3/10/2016," PHP 7,405,284.00 ",0
Lotto 6/42,20-06-27-38-22-04,3/12/2016," PHP 10,017,740.00 ",1
Lotto 6/42,30-20-15-01-41-40,3/15/2016," PHP 6,000,000.00 ",0
Lotto 6/42,13-23-38-10-34-36,3/17/2016," PHP 6,000,000.00 ",0
Lotto 6/42,03-26-31-36-39-30,3/19/2016," PHP 7,170,456.00 ",0
Lotto 6/42,08-19-13-24-25-35,3/22/2016," PHP 9,491,792.00 ",0
Lotto 6/42,18-32-01-10-16-02,3/29/2016," PHP 11,947,876.00 ",0
Lotto 6/42,05-27-07-14-35-17,3/31/2016," PHP 14,349,076.00 ",0
Lotto 6/42,26-01-11-14-42-02,4/2/2016," PHP 17,236,732.00 ",0
Lotto 6/42,12-37-34-11-21-24,4/5/2016," PHP 19,938,084.00 ",0
Lotto 6/42,23-15-04-07-06-36,4/7/2016," PHP 22,612,748.00 ",1
Lotto 6/42,38-12-05-35-07-36,4/9/2016," PHP 6,000,000.00 ",0
Lotto 6/42,06-21-34-32-29-36,4/12/2016," PHP 6,000,000.00 ",0
Lotto 6/42,11-21-38-06-15-26,4/14/2016," PHP 6,730,996.00 ",0
Lotto 6/42,14-23-15-33-19-12,4/16/2016," PHP 9,151,816.00 ",0
Lotto 6/42,34-32-09-27-05-21,4/19/2016," PHP 11,695,508.00 ",0
Lotto 6/42,18-37-13-15-22-36,4/21/2016," PHP 14,237,332.00 ",0
Lotto 6/42,18-05-07-29-01-41,4/23/2016," PHP 16,932,420.00 ",0
Lotto 6/42,30-40-11-33-25-39,4/26/2016," PHP 19,936,120.00 ",0
Lotto 6/42,18-07-08-17-32-16,4/28/2016," PHP 22,963,588.00 ",0
Lotto 6/42,28-11-01-02-17-09,4/30/2016," PHP 25,983,400.00 ",0
Lotto 6/42,18-24-09-13-22-17,5/3/2016," PHP 29,500,200.00 ",0
Lotto 6/42,38-24-40-20-39-13,5/5/2016," PHP 32,992,728.00 ",1
Lotto 6/42,08-23-38-04-21-14,5/7/2016," PHP 6,000,000.00 ",1
Lotto 6/42,13-06-24-17-30-28,5/10/2016," PHP 6,000,000.00 ",0
Lotto 6/42,06-29-13-09-35-18,5/12/2016," PHP 6,000,000.00 ",0
Lotto 6/42,28-31-41-11-29-42,5/14/2016," PHP 6,712,272.00 ",0
Lotto 6/42,05-35-23-12-13-38,5/17/2016," PHP 9,003,448.00 ",0
Lotto 6/42,08-15-02-09-10-20,5/19/2016," PHP 11,287,228.00 ",0
Lotto 6/42,37-10-31-05-17-02,5/21/2016," PHP 13,896,880.00 ",0
Lotto 6/42,42-01-26-14-06-36,5/24/2016," PHP 16,521,664.00 ",0
Lotto 6/42,18-23-15-12-31-29,5/26/2016," PHP 19,041,752.00 ",0
Lotto 6/42,12-19-32-15-25-02,5/28/2016," PHP 21,875,256.00 ",0
Lotto 6/42,19-37-09-07-23-02,5/31/2016," PHP 24,710,648.00 ",1
Lotto 6/42,41-07-22-08-16-26,6/2/2016," PHP 6,000,000.00 ",0
Lotto 6/42,16-01-06-11-32-09,6/4/2016," PHP 6,000,000.00 ",0
Lotto 6/42,06-29-04-05-20-40,6/7/2016," PHP 7,029,732.00 ",0
Lotto 6/42,18-34-14-37-12-28,6/9/2016," PHP 9,235,912.00 ",0
Lotto 6/42,34-32-13-41-35-18,6/11/2016," PHP 11,712,148.00 ",0
Lotto 6/42,29-01-27-16-28-11,6/14/2016," PHP 14,151,892.00 ",0
Lotto 6/42,42-19-34-30-03-31,6/16/2016," PHP 16,665,096.00 ",0
Lotto 6/42,38-30-03-10-08-36,6/18/2016," PHP 19,466,160.00 ",0
Lotto 6/42,40-37-30-23-18-15,6/21/2016," PHP 22,872,624.00 ",0
Lotto 6/42,35-37-32-17-34-16,6/23/2016," PHP 26,209,880.00 ",0
Lotto 6/42,34-24-08-35-36-10,6/25/2016," PHP 29,248,056.00 ",0
Lotto 6/42,22-28-42-35-02-03,6/28/2016," PHP 32,955,688.00 ",0
Lotto 6/42,34-02-14-20-40-39,6/30/2016," PHP 36,684,680.00 ",0
Lotto 6/42,42-24-25-05-38-23,7/2/2016," PHP 40,044,056.00 ",0
Lotto 6/42,04-09-06-18-30-39,7/5/2016," PHP 44,055,716.00 ",0
Lotto 6/42,06-31-02-36-03-17,7/7/2016," PHP 48,053,684.00 ",0
Lotto 6/42,23-26-35-38-07-20,7/9/2016," PHP 51,732,808.00 ",0
Lotto 6/42,18-12-35-07-29-13,7/12/2016," PHP 56,447,780.00 ",0
Lotto 6/42,04-25-11-10-05-08,7/14/2016," PHP 61,117,680.00 ",0
Lotto 6/42,10-40-14-22-13-34,7/16/2016," PHP 65,548,508.00 ",0
Lotto 6/42,31-33-05-09-06-36,7/19/2016," PHP 70,789,332.00 ",0
Lotto 6/42,02-04-39-18-12-37,7/21/2016," PHP 75,965,644.00 ",0
Lotto 6/42,19-10-11-34-02-26,7/23/2016," PHP 80,684,932.00 ",0
Lotto 6/42,31-26-23-15-36-33,7/26/2016," PHP 86,367,392.00 ",0
Lotto 6/42,36-42-24-04-15-12,7/28/2016," PHP 92,078,724.00 ",0
Lotto 6/42,16-33-21-39-40-20,7/30/2016," PHP 97,587,600.00 ",0
Lotto 6/42,35-17-39-18-06-22,8/2/2016," PHP 104,799,728.00 ",0
Lotto 6/42,33-35-13-27-05-12,8/4/2016," PHP 111,998,556.00 ",1
Lotto 6/42,31-01-10-34-12-11,8/6/2016," PHP 6,000,000.00 ",0
Lotto 6/42,15-37-12-02-40-14,8/9/2016," PHP 6,000,000.00 ",0
Lotto 6/42,08-23-28-27-07-09,8/11/2016," PHP 7,983,104.00 ",0
Lotto 6/42,28-26-14-03-15-05,8/13/2016," PHP 10,611,424.00 ",0
Lotto 6/42,34-18-35-41-21-33,8/16/2016," PHP 13,203,928.00 ",0
Lotto 6/42,40-03-37-19-14-01,8/18/2016," PHP 16,209,776.00 ",0
Lotto 6/42,31-01-32-06-12-07,8/20/2016," PHP 19,115,448.00 ",0
Lotto 6/42,33-34-02-30-37-20,8/23/2016," PHP 22,617,156.00 ",1
Lotto 6/42,40-39-11-16-32-35,8/25/2016," PHP 6,000,000.00 ",0
Lotto 6/42,37-20-03-41-13-17,8/27/2016," PHP 6,000,000.00 ",0
Lotto 6/42,19-08-15-26-32-36,8/30/2016," PHP 7,656,700.00 ",0
Lotto 6/42,13-23-29-30-17-34,9/1/2016," PHP 10,169,960.00 ",0
Lotto 6/42,17-06-13-21-22-16,9/3/2016," PHP 12,946,356.00 ",0
Lotto 6/42,41-40-04-17-19-25,9/6/2016," PHP 15,776,364.00 ",0
Lotto 6/42,22-04-02-26-31-20,9/8/2016," PHP 18,515,892.00 ",0
Lotto 6/42,08-23-35-25-33-34,9/10/2016," PHP 21,574,832.00 ",0
Lotto 6/42,38-17-34-37-09-16,9/13/2016," PHP 24,683,652.00 ",0
Lotto 6/42,33-07-38-02-42-18,9/15/2016," PHP 27,711,864.00 ",0
Lotto 6/42,10-31-32-19-25-14,9/17/2016," PHP 31,272,756.00 ",1
Lotto 6/42,14-15-36-10-05-04,9/20/2016," PHP 6,000,000.00 ",0
Lotto 6/42,40-31-18-15-14-41,9/22/2016," PHP 6,000,000.00 ",0
Lotto 6/42,16-05-27-07-01-25,9/24/2016," PHP 7,143,620.00 ",1
Lotto 6/42,39-27-24-30-04-17,9/27/2016," PHP 6,000,000.00 ",0
Lotto 6/42,36-42-27-40-34-32,9/29/2016," PHP 6,000,000.00 ",1
Lotto 6/42,02-31-38-03-20-19,10/1/2016," PHP 6,000,000.00 ",0
Lotto 6/42,01-42-10-22-24-06,10/4/2016," PHP 6,000,000.00 ",0
Lotto 6/42,20-17-16-24-29-19,10/6/2016," PHP 7,117,256.00 ",0
Lotto 6/42,38-30-29-22-09-05,10/8/2016," PHP 9,804,548.00 ",0
Lotto 6/42,21-25-10-13-30-29,10/11/2016," PHP 12,325,644.00 ",0
Lotto 6/42,06-03-11-30-32-01,10/13/2016," PHP 15,113,756.00 ",0
Lotto 6/42,31-18-15-02-23-17,10/15/2016," PHP 18,027,980.00 ",0
Lotto 6/42,16-02-22-35-13-05,10/18/2016," PHP 21,337,260.00 ",0
Lotto 6/42,34-25-24-18-30-12,10/20/2016," PHP 24,349,680.00 ",0
Lotto 6/42,09-10-21-31-41-02,10/22/2016," PHP 27,592,968.00 ",1
Lotto 6/42,40-02-16-38-12-06,10/25/2016," PHP 6,000,000.00 ",0
Lotto 6/42,07-31-16-06-01-42,10/27/2016," PHP 6,000,000.00 ",0
Lotto 6/42,32-33-08-14-12-22,10/29/2016," PHP 7,191,900.00 ",0
Lotto 6/42,14-30-35-02-34-10,11/1/2016," PHP 8,766,804.00 ",0
Lotto 6/42,15-28-18-01-24-19,11/3/2016," PHP 11,260,500.00 ",0
Lotto 6/42,39-34-04-35-03-19,11/5/2016," PHP 14,044,936.00 ",0
Lotto 6/42,33-29-12-38-15-31,11/8/2016," PHP 17,198,076.00 ",0
Lotto 6/42,36-21-18-30-03-16,11/10/2016," PHP 20,463,992.00 ",0
Lotto 6/42,15-04-14-05-12-39,11/12/2016," PHP 23,878,924.00 ",0
Lotto 6/42,25-20-22-16-40-11,11/15/2016," PHP 27,678,928.00 ",0
Lotto 6/42,35-27-08-36-37-06,11/17/2016," PHP 31,630,072.00 ",0
Lotto 6/42,15-32-05-20-31-01,11/19/2016," PHP 35,573,008.00 ",0
Lotto 6/42,05-25-26-33-41-29,11/22/2016," PHP 39,946,724.00 ",0
Lotto 6/42,06-12-22-05-24-15,11/24/2016," PHP 44,127,524.00 ",2
Lotto 6/42,40-29-41-25-30-05,11/26/2016," PHP 6,000,000.00 ",0
Lotto 6/42,11-07-12-36-06-42,11/29/2016," PHP 6,000,000.00 ",1
Lotto 6/42,23-33-26-32-12-05,12/1/2016," PHP 6,000,000.00 ",1
Lotto 6/42,02-27-07-39-32-19,12/3/2016," PHP 6,000,000.00 ",1
Lotto 6/42,42-20-08-21-29-23,12/6/2016," PHP 6,000,000.00 ",0
Lotto 6/42,36-05-42-32-02-16,12/8/2016," PHP 6,000,000.00 ",0
Lotto 6/42,28-15-03-20-18-22,12/10/2016," PHP 7,297,692.00 ",0
Lotto 6/42,41-01-20-28-24-35,12/13/2016," PHP 9,813,180.00 ",0
Lotto 6/42,12-31-26-40-18-14,12/15/2016," PHP 12,369,120.00 ",0
Lotto 6/42,25-03-01-37-23-17,12/17/2016," PHP 15,333,848.00 ",0
Lotto 6/42,39-25-13-09-01-29,12/20/2016," PHP 18,298,908.00 ",1
Lotto 6/42,40-35-31-36-04-02,12/22/2016," PHP 6,000,000.00 ",0
Lotto 6/42,01-02-08-28-09-06,12/24/2016," PHP 6,000,000.00 ",0
Lotto 6/42,40-37-33-14-11-30,12/27/2016," PHP 6,585,276.00 ",0
Lotto 6/42,04-21-06-13-08-34,12/29/2016," PHP 9,108,240.00 ",0
Lotto 6/42,29-15-06-24-33-17,12/31/2016," PHP 11,017,216.00 ",0
Lotto 6/42,15-11-16-17-33-32,1/3/2017," PHP 13,804,416.00 ",1
Lotto 6/42,32-02-39-06-41-09,1/5/2017," PHP 6,000,000.00 ",0
Lotto 6/42,12-06-04-17-31-15,1/7/2017," PHP 6,000,000.00 ",0
Lotto 6/42,13-32-12-29-11-22,1/10/2017," PHP 7,513,104.00 ",0
Lotto 6/42,07-28-15-17-30-16,1/12/2017," PHP 10,076,160.00 ",0
Lotto 6/42,14-22-09-18-37-01,1/14/2017," PHP 12,879,656.00 ",0
Lotto 6/42,27-01-36-15-31-37,1/17/2017," PHP 15,917,604.00 ",0
Lotto 6/42,40-04-02-31-23-30,1/19/2017," PHP 18,869,208.00 ",0
Lotto 6/42,01-38-17-28-34-39,1/21/2017," PHP 21,877,988.00 ",0
Lotto 6/42,08-32-31-29-06-03,1/24/2017," PHP 25,207,964.00 ",0
Lotto 6/42,09-06-03-39-04-32,1/26/2017," PHP 28,802,704.00 ",0
Lotto 6/42,17-35-13-08-14-25,1/28/2017," PHP 32,458,224.00 ",0
Lotto 6/42,36-10-31-29-15-02,1/31/2017," PHP 36,661,564.00 ",0
Lotto 6/42,15-07-27-37-30-20,2/2/2017," PHP 40,756,660.00 ",0
Lotto 6/42,10-23-03-04-18-01,2/4/2017," PHP 45,150,100.00 ",0
Lotto 6/42,40-07-31-12-03-18,2/7/2017," PHP 49,893,836.00 ",0
Lotto 6/42,08-11-34-25-22-07,2/9/2017," PHP 54,551,092.00 ",0
Lotto 6/42,08-20-18-15-10-32,2/11/2017," PHP 59,357,984.00 ",0
Lotto 6/42,40-27-31-24-26-21,2/14/2017," PHP 64,172,392.00 ",0
Lotto 6/42,37-29-22-30-28-41,2/16/2017," PHP 69,378,772.00 ",0
Lotto 6/42,17-11-29-10-21-16,2/18/2017," PHP 74,537,248.00 ",0
Lotto 6/42,23-34-25-08-21-03,2/21/2017," PHP 79,806,976.00 ",1
Lotto 6/42,04-17-11-05-33-16,2/23/2017," PHP 6,000,000.00 ",0
Lotto 6/42,27-19-28-35-42-03,2/25/2017," PHP 6,000,000.00 ",0
Lotto 6/42,29-25-02-37-20-33,2/28/2017," PHP 7,894,572.00 ",0
Lotto 6/42,08-36-06-22-10-01,3/2/2017," PHP 10,592,616.00 ",0
Lotto 6/42,25-41-16-37-08-35,3/4/2017," PHP 13,705,172.00 ",0
Lotto 6/42,22-03-18-34-39-31,3/7/2017," PHP 16,471,380.00 ",0
Lotto 6/42,07-28-08-10-36-20,3/9/2017," PHP 19,513,016.00 ",0
Lotto 6/42,03-05-18-16-09-31,3/11/2017," PHP 22,925,660.00 ",0
Lotto 6/42,20-31-41-14-19-34,3/14/2017," PHP 26,023,528.00 ",0
Lotto 6/42,17-29-23-28-06-21,3/16/2017," PHP 29,515,572.00 ",1
Lotto 6/42,21-24-18-40-36-04,3/18/2017," PHP 6,000,000.00 ",0
Lotto 6/42,03-21-12-07-38-15,3/21/2017," PHP 6,000,000.00 ",0
Lotto 6/42,04-31-41-20-24-12,3/23/2017," PHP 7,687,916.00 ",0
Lotto 6/42,08-04-01-14-06-41,3/25/2017," PHP 10,291,784.00 ",1
Lotto 6/42,25-03-23-33-26-38,3/28/2017," PHP 6,000,000.00 ",0
Lotto 6/42,13-03-23-18-34-24,3/30/2017," PHP 6,000,000.00 ",0
Lotto 6/42,08-41-10-38-16-34,4/1/2017," PHP 7,443,476.00 ",0
Lotto 6/42,08-33-27-31-04-19,4/4/2017," PHP 10,079,788.00 ",0
Lotto 6/42,26-20-12-32-05-28,4/6/2017," PHP 13,022,784.00 ",0
Lotto 6/42,16-05-15-08-04-20,4/8/2017," PHP 15,971,504.00 ",1
Lotto 6/42,32-28-11-12-27-10,4/11/2017," PHP 6,000,000.00 ",0
Lotto 6/42,14-38-35-07-21-32,4/18/2017," PHP 6,000,000.00 ",0
Lotto 6/42,26-05-33-07-36-24,4/20/2017," PHP 7,272,936.00 ",0
Lotto 6/42,41-10-04-20-28-02,4/22/2017," PHP 9,898,988.00 ",0
Lotto 6/42,37-20-07-28-09-08,4/25/2017," PHP 12,426,020.00 ",0
Lotto 6/42,10-35-39-23-19-32,4/27/2017," PHP 15,202,136.00 ",0
Lotto 6/42,23-15-42-40-39-07,4/29/2017," PHP 18,359,020.00 ",0
Lotto 6/42,33-41-27-06-05-14,5/2/2017," PHP 21,290,696.00 ",0
Lotto 6/42,34-30-31-15-40-41,5/4/2017," PHP 24,519,100.00 ",0
Lotto 6/42,18-42-29-13-36-38,5/6/2017," PHP 28,170,692.00 ",1
Lotto 6/42,02-20-01-38-37-39,5/9/2017," PHP 6,000,000.00 ",0
Lotto 6/42,15-37-21-17-36-06,5/11/2017," PHP 6,000,000.00 ",1
Lotto 6/42,19-22-14-20-32-18,5/13/2017," PHP 6,000,000.00 ",1
Lotto 6/42,05-39-01-31-04-16,5/16/2017," PHP 6,000,000.00 ",0
Lotto 6/42,12-06-01-25-31-35,5/18/2017," PHP 6,000,000.00 ",0
Lotto 6/42,38-41-08-22-04-17,5/20/2017," PHP 7,599,580.00 ",0
Lotto 6/42,16-35-21-01-30-13,5/23/2017," PHP 10,062,716.00 ",0
Lotto 6/42,24-20-11-12-16-02,5/25/2017," PHP 12,825,736.00 ",0
Lotto 6/42,15-40-12-18-23-27,5/27/2017," PHP 15,776,816.00 ",0
Lotto 6/42,05-25-04-02-15-22,5/30/2017," PHP 18,468,612.00 ",0
Lotto 6/42,09-31-35-30-19-06,6/1/2017," PHP 21,664,680.00 ",1
Lotto 6/42,28-22-31-40-24-20,6/3/2017," PHP 6,000,000.00 ",0
Lotto 6/42,05-13-25-01-37-30,6/6/2017," PHP 6,000,000.00 ",0
Lotto 6/42,03-40-27-35-42-09,6/8/2017," PHP 7,382,344.00 ",0
Lotto 6/42,23-42-02-06-13-19,6/10/2017," PHP 10,042,912.00 ",1
Lotto 6/42,13-36-05-06-25-08,6/13/2017," PHP 6,000,000.00 ",0
Lotto 6/42,07-37-20-02-18-40,6/15/2017," PHP 6,000,000.00 ",0
Lotto 6/42,33-16-29-18-32-39,6/17/2017," PHP 6,982,052.00 ",0
Lotto 6/42,14-24-13-12-11-25,6/20/2017," PHP 9,188,924.00 ",0
Lotto 6/42,13-16-27-12-06-21,6/22/2017," PHP 11,579,648.00 ",0
Lotto 6/42,13-40-02-41-07-21,6/24/2017," PHP 14,334,428.00 ",0
Lotto 6/42,10-20-34-35-30-06,6/27/2017," PHP 16,784,672.00 ",0
Lotto 6/42,04-40-14-38-08-21,6/29/2017," PHP 19,461,548.00 ",0
Lotto 6/42,11-32-40-31-41-21,7/1/2017," PHP 22,508,500.00 ",0
Lotto 6/42,34-05-32-36-10-29,7/4/2017," PHP 25,280,804.00 ",0
Lotto 6/42,05-36-01-04-27-41,7/6/2017," PHP 28,262,908.00 ",1
Lotto 6/42,10-07-37-33-40-04,7/8/2017," PHP 6,000,000.00 ",0
Lotto 6/42,23-31-01-08-07-18,7/11/2017," PHP 6,000,000.00 ",0
Lotto 6/42,36-28-14-17-34-11,7/13/2017," PHP 6,896,840.00 ",1
Lotto 6/42,19-18-12-42-01-28,7/15/2017," PHP 6,000,000.00 ",0
Lotto 6/42,31-13-27-36-04-05,7/18/2017," PHP 6,000,000.00 ",0
Lotto 6/42,29-02-10-09-04-24,7/20/2017," PHP 6,947,328.00 ",1
Lotto 6/42,37-17-29-21-03-14,7/22/2017," PHP 6,000,000.00 ",0
Lotto 6/42,25-06-33-38-28-31,7/25/2017," PHP 6,000,000.00 ",0
Lotto 6/42,34-39-25-15-23-03,7/27/2017," PHP 6,663,120.00 ",0
Lotto 6/42,02-42-05-13-26-10,7/29/2017," PHP 9,229,132.00 ",0
Lotto 6/42,42-35-07-29-09-10,8/1/2017," PHP 11,532,264.00 ",1
Lotto 6/42,30-42-20-24-10-22,8/3/2017," PHP 6,000,000.00 ",0
Lotto 6/42,12-24-42-35-19-38,8/5/2017," PHP 6,000,000.00 ",0
Lotto 6/42,30-07-19-01-31-25,8/8/2017," PHP 7,131,988.00 ",0
Lotto 6/42,28-08-12-18-40-29,8/10/2017," PHP 9,537,240.00 ",0
Lotto 6/42,17-18-04-30-33-14,8/12/2017," PHP 12,393,356.00 ",0
Lotto 6/42,10-35-38-15-08-30,8/15/2017," PHP 14,823,428.00 ",0
Lotto 6/42,32-13-33-37-09-11,8/17/2017," PHP 17,562,840.00 ",0
Lotto 6/42,35-37-29-16-11-06,8/19/2017," PHP 20,727,800.00 ",0
Lotto 6/42,17-30-02-42-23-29,8/22/2017," PHP 23,377,040.00 ",0
Lotto 6/42,13-25-34-36-32-33,8/24/2017," PHP 26,481,476.00 ",0
Lotto 6/42,24-37-38-41-22-36,8/26/2017," PHP 30,144,020.00 ",0
Lotto 6/42,05-28-22-01-41-21,8/29/2017," PHP 33,130,604.00 ",0
Lotto 6/42,27-14-17-02-25-04,8/31/2017," PHP 36,616,084.00 ",0
Lotto 6/42,32-36-03-04-28-41,9/2/2017," PHP 40,826,576.00 ",0
Lotto 6/42,42-39-05-29-06-12,9/5/2017," PHP 44,419,960.00 ",1
Lotto 6/42,42-41-26-30-27-28,9/7/2017," PHP 6,000,000.00 ",0
Lotto 6/42,10-41-21-11-29-37,9/9/2017," PHP 6,000,000.00 ",1
Lotto 6/42,19-24-26-38-01-12,9/12/2017," PHP 6,000,000.00 ",0
Lotto 6/42,12-20-11-16-38-31,9/14/2017," PHP 6,000,000.00 ",0
Lotto 6/42,38-27-05-22-01-34,9/16/2017," PHP 7,398,040.00 ",0
Lotto 6/42,24-27-25-06-35-42,9/19/2017," PHP 9,696,960.00 ",0
Lotto 6/42,07-16-39-05-04-23,9/21/2017," PHP 12,319,884.00 ",0
Lotto 6/42,22-19-11-21-13-31,9/23/2017," PHP 15,312,292.00 ",0
Lotto 6/42,23-07-19-24-06-41,9/26/2017," PHP 18,049,196.00 ",0
Lotto 6/42,20-18-30-08-02-25,9/28/2017," PHP 21,398,828.00 ",0
Lotto 6/42,09-39-08-36-12-27,9/30/2017," PHP 24,863,752.00 ",0
Lotto 6/42,31-28-07-12-01-17,10/3/2017," PHP 28,490,288.00 ",0
Lotto 6/42,09-12-07-21-11-03,10/5/2017," PHP 32,359,000.00 ",1
Lotto 6/42,40-09-21-30-23-02,10/7/2017," PHP 6,000,000.00 ",0
Lotto 6/42,08-07-27-19-05-36,10/10/2017," PHP 6,000,000.00 ",0
Lotto 6/42,33-39-21-16-37-06,10/12/2017," PHP 7,543,144.00 ",0
Lotto 6/42,01-11-04-13-19-36,10/14/2017," PHP 10,171,332.00 ",2
Lotto 6/42,24-16-20-28-09-07,10/17/2017," PHP 5,940,000.00 ",0
Lotto 6/42,11-38-28-32-15-16,10/19/2017," PHP 5,940,000.00 ",0
Lotto 6/42,34-19-07-31-03-26,10/21/2017," PHP 7,308,533.00 ",0
Lotto 6/42,07-30-23-01-12-28,10/24/2017," PHP 9,682,208.00 ",1
Lotto 6/42,13-36-16-30-37-11,10/26/2017," PHP 5,940,000.00 ",0
Lotto 6/42,22-02-15-11-20-31,10/28/2017," PHP 5,940,000.00 ",0
Lotto 6/42,20-42-08-14-25-15,10/31/2017," PHP 7,104,985.00 ",0
Lotto 6/42,18-31-11-19-03-42,11/2/2017," PHP 9,479,092.00 ",0
Lotto 6/42,10-08-19-25-42-26,11/4/2017," PHP 12,293,266.00 ",0
Lotto 6/42,33-15-30-36-09-34,11/7/2017," PHP 14,904,185.00 ",1
Lotto 6/42,27-17-37-07-12-06,11/9/2017," PHP 5,940,000.00 ",0
Lotto 6/42,23-30-03-06-09-25,11/11/2017," PHP 5,940,000.00 ",2
Lotto 6/42,28-21-04-23-27-10,11/14/2017," PHP 5,940,000.00 ",0
Lotto 6/42,08-38-28-42-17-30,11/16/2017," PHP 5,940,000.00 ",0
Lotto 6/42,02-15-37-20-12-38,11/18/2017," PHP 7,274,936.00 ",0
Lotto 6/42,32-26-38-07-24-31,11/21/2017," PHP 9,578,837.00 ",0
Lotto 6/42,34-24-40-01-16-28,11/23/2017," PHP 12,075,058.00 ",0
Lotto 6/42,01-11-35-22-29-07,11/25/2017," PHP 14,992,766.00 ",0
Lotto 6/42,01-16-28-39-17-07,11/28/2017," PHP 17,517,706.00 ",0
Lotto 6/42,27-03-33-31-26-09,11/30/2017," PHP 20,246,526.00 ",0
Lotto 6/42,27-04-33-30-39-21,12/2/2017," PHP 23,643,062.00 ",0
Lotto 6/42,30-11-23-15-14-21,12/5/2017," PHP 26,855,390.00 ",1
Lotto 6/42,21-24-10-37-27-09,12/7/2017," PHP 5,940,000.00 ",0
Lotto 6/42,25-04-12-27-30-11,12/9/2017," PHP 5,940,000.00 ",0
Lotto 6/42,40-17-20-18-24-15,12/12/2017," PHP 7,902,953.00 ",1
Lotto 6/42,14-05-16-28-23-01,12/14/2017," PHP 5,940,000.00 ",0
Lotto 6/42,08-03-13-22-26-19,12/16/2017," PHP 5,940,000.00 ",0
Lotto 6/42,17-02-34-28-18-04,12/19/2017," PHP 7,324,428.00 ",0
Lotto 6/42,03-36-26-39-27-19,12/21/2017," PHP 9,929,364.00 ",0
Lotto 6/42,31-39-18-16-29-41,12/23/2017," PHP 13,012,450.00 ",0
Lotto 6/42,39-34-33-14-41-02,12/26/2017," PHP 15,374,463.00 ",0
Lotto 6/42,38-17-10-30-06-16,12/28/2017," PHP 18,426,082.00 ",0
Lotto 6/42,41-11-05-10-38-28,12/30/2017," PHP 22,088,168.00 ",0
Lotto 6/42,17-16-19-29-04-14,1/2/2018," PHP 24,824,813.00 ",1
Lotto 6/42,26-16-30-19-05-11,1/4/2018," PHP 5,940,000.00 ",0
Lotto 6/42,40-28-15-13-11-24,1/6/2018," PHP 5,940,000.00 ",0
Lotto 6/42,07-11-27-28-42-34,1/9/2018," PHP 7,893,045.00 ",1
Lotto 6/42,01-38-41-24-03-11,1/11/2018," PHP 5,940,000.00 ",0
Lotto 6/42,02-25-32-12-08-31,1/13/2018," PHP 5,940,000.00 ",0
Lotto 6/42,04-38-12-08-32-07,1/16/2018," PHP 7,438,457.00 ",0
Lotto 6/42,01-40-35-37-17-05,1/18/2018," PHP 9,968,299.00 ",0
Lotto 6/42,06-25-29-30-38-16,1/20/2018," PHP 12,816,247.00 ",0
Lotto 6/42,05-11-31-42-24-33,1/23/2018," PHP 15,392,948.00 ",0
Lotto 6/42,24-10-05-02-16-26,1/25/2018," PHP 18,616,103.00 ",0
Lotto 6/42,07-12-06-30-04-24,1/27/2018," PHP 21,791,029.00 ",0
Lotto 6/42,02-06-11-20-12-35,1/30/2018," PHP 25,066,080.00 ",0
Lotto 6/42,13-30-34-06-18-14,2/1/2018," PHP 29,049,008.00 ",0
Lotto 6/42,22-14-19-03-21-29,2/3/2018," PHP 32,800,352.00 ",0
Lotto 6/42,29-09-01-04-36-21,2/6/2018," PHP 36,628,789.00 ",0
Lotto 6/42,07-32-08-30-11-19,2/8/2018," PHP 41,154,966.00 ",0
Lotto 6/42,30-23-41-06-08-18,2/10/2018," PHP 45,379,007.00 ",0
Lotto 6/42,19-31-21-22-07-35,2/13/2018," PHP 49,659,101.00 ",1
Lotto 6/42,24-21-01-39-22-28,2/15/2018," PHP 5,940,000.00 ",0
Lotto 6/42,22-40-41-33-19-05,2/17/2018," PHP 5,940,000.00 ",0
Lotto 6/42,40-02-35-21-25-34,2/20/2018," PHP 8,331,793.00 ",0
Lotto 6/42,18-30-41-27-35-25,2/22/2018," PHP 10,947,436.00 ",0
Lotto 6/42,12-25-09-34-17-32,2/24/2018," PHP 13,982,931.00 ",0
Lotto 6/42,19-12-36-26-10-28,2/27/2018," PHP 16,665,447.00 ",0
Lotto 6/42,14-42-40-07-34-25,3/1/2018," PHP 19,610,051.00 ",0
Lotto 6/42,35-24-08-30-19-39,3/3/2018," PHP 23,084,523.00 ",0
Lotto 6/42,05-39-37-30-04-23,3/6/2018," PHP 26,070,597.00 ",1
Lotto 6/42,38-25-27-14-24-36,3/8/2018," PHP 5,940,000.00 ",0
Lotto 6/42,26-41-42-03-39-38,3/10/2018," PHP 5,940,000.00 ",0
Lotto 6/42,41-02-36-32-03-28,3/13/2018," PHP 7,722,606.00 ",0
Lotto 6/42,27-17-02-37-42-09,3/15/2018," PHP 10,203,847.00 ",1
Lotto 6/42,24-23-12-31-08-09,3/17/2018," PHP 5,940,000.00 ",0
Lotto 6/42,34-11-30-26-38-05,3/20/2018," PHP 5,940,000.00 ",0
Lotto 6/42,42-20-39-06-04-15,3/22/2018," PHP 7,205,379.00 ",0
Lotto 6/42,17-08-04-21-32-31,3/24/2018," PHP 9,869,227.00 ",0
Lotto 6/42,38-08-01-05-34-22,3/27/2018," PHP 12,433,949.00 ",1
Lotto 6/42,27-38-36-29-07-19,4/3/2018," PHP 5,940,000.00 ",0
Lotto 6/42,08-40-22-20-31-03,4/5/2018," PHP 5,940,000.00 ",0
Lotto 6/42,36-26-30-11-18-16,4/7/2018," PHP 7,229,978.00 ",0
Lotto 6/42,31-39-02-25-34-11,4/10/2018," PHP 9,492,326.00 ",0
Lotto 6/42,33-09-12-32-29-27,4/12/2018," PHP 12,035,229.00 ",0
Lotto 6/42,18-41-29-10-35-03,4/14/2018," PHP 14,841,578.00 ",0
Lotto 6/42,06-41-42-04-30-39,4/17/2018," PHP 17,417,300.00 ",0
Lotto 6/42,31-29-11-14-23-16,4/19/2018," PHP 20,206,095.00 ",0
Lotto 6/42,04-11-33-14-12-39,4/21/2018," PHP 23,421,607.00 ",0
Lotto 6/42,03-23-41-12-08-25,4/24/2018," PHP 26,172,092.00 ",0
Lotto 6/42,32-04-13-22-23-41,4/26/2018," PHP 29,185,264.00 ",0
Lotto 6/42,37-42-03-22-35-02,4/28/2018," PHP 32,304,512.00 ",0
Lotto 6/42,31-14-12-17-36-28,5/1/2018," PHP 35,114,651.00 ",0
Lotto 6/42,23-22-25-26-12-01,5/3/2018," PHP 38,357,000.00 ",0
Lotto 6/42,15-05-39-24-01-12,5/5/2018," PHP 41,751,734.00 ",0
Lotto 6/42,04-26-23-38-17-07,5/8/2018," PHP 45,042,129.00 ",0
Lotto 6/42,03-09-18-37-10-41,5/10/2018," PHP 48,921,540.00 ",1
Lotto 6/42,15-40-24-25-16-39,5/12/2018," PHP 5,940,000.00 ",0
Lotto 6/42,42-38-10-13-40-03,5/15/2018," PHP 5,940,000.00 ",0
Lotto 6/42,18-05-33-14-30-06,5/17/2018," PHP 7,004,765.00 ",0
Lotto 6/42,16-38-18-08-04-29,5/19/2018," PHP 9,451,202.00 ",0
Lotto 6/42,11-30-26-33-29-08,5/22/2018," PHP 11,772,839.00 ",0
Lotto 6/42,30-29-15-02-37-27,5/24/2018," PHP 14,420,602.00 ",0
Lotto 6/42,16-13-38-34-21-23,5/26/2018," PHP 17,308,376.00 ",0
Lotto 6/42,14-33-01-13-28-40,5/29/2018," PHP 19,845,521.00 ",1
Lotto 6/42,31-03-36-15-24-30,5/31/2018," PHP 5,940,000.00 ",0
Lotto 6/42,23-35-24-25-29-17,6/2/2018," PHP 5,940,000.00 ",0
Lotto 6/42,26-24-01-17-41-30,6/5/2018," PHP 6,943,916.00 ",0
Lotto 6/42,11-29-36-33-35-27,6/7/2018," PHP 9,270,020.00 ",0
Lotto 6/42,21-22-30-37-40-12,6/9/2018," PHP 11,671,427.00 ",0
Lotto 6/42,36-20-35-30-05-14,6/12/2018," PHP 13,911,366.00 ",0
Lotto 6/42,03-02-21-10-36-24,6/14/2018," PHP 16,562,542.00 ",0
Lotto 6/42,08-41-23-38-02-29,6/16/2018," PHP 19,553,914.00 ",0
Lotto 6/42,30-32-34-24-39-11,6/19/2018," PHP 22,363,847.00 ",0
Lotto 6/42,30-01-23-39-16-08,6/21/2018," PHP 25,485,111.00 ",0
Lotto 6/42,08-27-32-20-40-42,6/23/2018," PHP 28,804,106.00 ",0
Lotto 6/42,27-15-07-39-26-19,6/26/2018," PHP 31,885,774.00 ",1
Lotto 6/42,30-16-35-01-23-34,6/28/2018," PHP 5,940,000.00 ",0
Lotto 6/42,06-38-42-39-20-27,6/30/2018," PHP 5,940,000.00 ",0
Lotto 6/42,21-32-19-13-42-41,7/3/2018," PHP 7,504,509.00 ",0
Lotto 6/42,04-15-34-27-29-30,7/5/2018," PHP 10,034,668.00 ",0
Lotto 6/42,36-02-11-07-39-33,7/7/2018," PHP 12,745,288.00 ",0
Lotto 6/42,16-32-27-40-31-24,7/10/2018," PHP 15,218,205.00 ",0
Lotto 6/42,39-22-13-30-12-35,7/12/2018," PHP 18,254,444.00 ",0
Lotto 6/42,08-33-35-26-12-31,7/14/2018," PHP 21,416,964.00 ",0
Lotto 6/42,31-30-12-37-34-28,7/17/2018," PHP 24,106,611.00 ",0
Lotto 6/42,41-09-13-36-39-30,7/19/2018," PHP 27,589,764.00 ",0
Lotto 6/42,31-33-29-17-06-39,7/21/2018," PHP 30,870,489.00 ",0
Lotto 6/42,34-07-01-04-32-14,7/24/2018," PHP 33,955,630.00 ",1
Lotto 6/42,08-22-02-35-33-12,7/26/2018," PHP 5,940,000.00 ",0
Lotto 6/42,28-13-09-33-37-42,7/28/2018," PHP 5,940,000.00 ",0
Lotto 6/42,38-40-05-23-32-02,7/31/2018," PHP 6,687,993.00 ",0
Lotto 6/42,14-39-08-36-26-16,8/2/2018," PHP 8,814,671.00 ",0
Lotto 6/42,40-01-11-28-05-22,8/4/2018," PHP 11,101,211.00 ",0
Lotto 6/42,19-22-01-32-13-24,8/7/2018," PHP 13,242,688.00 ",0
Lotto 6/42,02-16-18-41-29-35,8/9/2018," PHP 15,646,337.00 ",0
Lotto 6/42,27-29-39-37-07-20,8/11/2018," PHP 17,830,368.00 ",0
Lotto 6/42,36-08-39-26-30-32,8/14/2018," PHP 20,124,819.00 ",0
Lotto 6/42,23-30-10-36-18-15,8/16/2018," PHP 22,741,821.00 ",2
Lotto 6/42,34-06-25-38-14-01,8/18/2018," PHP 5,940,000.00 ",0
Lotto 6/42,16-08-09-20-38-28,8/21/2018," PHP 5,940,000.00 ",0
Lotto 6/42,15-13-16-01-36-22,8/23/2018," PHP 6,438,172.00 ",1
Lotto 6/42,26-35-28-22-23-30,8/25/2018," PHP 5,940,000.00 ",0
Lotto 6/42,22-04-07-13-24-18,8/28/2018," PHP 5,940,000.00 ",0
Lotto 6/42,09-14-29-38-16-34,8/30/2018," PHP 6,839,027.00 ",1
Lotto 6/42,36-13-10-06-03-14,9/1/2018," PHP 5,940,000.00 ",0
Lotto 6/42,15-36-02-30-24-42,9/4/2018," PHP 5,940,000.00 ",0
Lotto 6/42,37-15-13-01-06-04,9/6/2018," PHP 7,459,619.00 ",0
Lotto 6/42,13-21-23-26-10-35,9/8/2018," PHP 10,399,883.00 ",0
Lotto 6/42,17-31-14-02-38-21,9/11/2018," PHP 13,193,719.00 ",0
Lotto 6/42,30-14-05-35-03-09,9/13/2018," PHP 16,361,271.00 ",0
Lotto 6/42,17-38-39-37-42-24,9/15/2018," PHP 19,073,835.00 ",0
Lotto 6/42,05-41-16-07-35-11,9/18/2018," PHP 22,309,033.00 ",0
Lotto 6/42,15-32-16-07-09-24,9/20/2018," PHP 25,703,869.00 ",0
Lotto 6/42,11-01-28-34-33-22,9/22/2018," PHP 29,101,344.00 ",0
Lotto 6/42,19-42-14-08-22-09,9/25/2018," PHP 32,714,804.00 ",0
Lotto 6/42,20-25-10-17-42-18,9/27/2018," PHP 36,922,993.00 ",0
Lotto 6/42,37-03-24-09-02-12,9/29/2018," PHP 41,754,431.00 ",0
Lotto 6/42,21-34-19-22-04-32,10/2/2018," PHP 46,598,259.00 ",0
Lotto 6/42,26-28-02-29-35-27,10/4/2018," PHP 52,052,082.00 ",0
Lotto 6/42,31-17-21-11-29-01,10/6/2018," PHP 58,521,550.00 ",0
Lotto 6/42,33-11-32-29-12-18,10/9/2018," PHP 65,017,023.00 ",0
Lotto 6/42,20-33-22-07-14-11,10/11/2018," PHP 74,387,638.00 ",0
Lotto 6/42,06-34-40-10-32-02,10/13/2018," PHP 83,564,210.00 ",1
Lotto 6/42,14-04-25-10-29-32,10/16/2018," PHP 5,940,000.00 ",0
Lotto 6/42,39-18-08-16-17-01,10/18/2018," PHP 7,576,391.00 ",0
Lotto 6/42,39-14-37-02-32-04,10/20/2018," PHP 10,928,187.00 ",0
Lotto 6/42,20-29-27-31-03-19,10/23/2018," PHP 14,031,991.00 ",0
Lotto 6/42,35-31-03-41-30-05,10/25/2018," PHP 17,361,135.00 ",0
Lotto 6/42,03-21-41-05-15-01,10/27/2018," PHP 20,815,737.00 ",0
Lotto 6/42,31-14-06-08-01-19,10/30/2018," PHP 23,414,708.00 ",0
Lotto 6/42,39-12-26-30-16-10,11/1/2018," PHP 25,469,275.00 ",0
Lotto 6/42,19-41-08-07-29-25,11/3/2018," PHP 28,706,100.00 ",0
Lotto 6/42,19-02-31-10-08-22,11/6/2018," PHP 31,846,491.00 ",1
Lotto 6/42,10-18-27-37-26-14,11/8/2018," PHP 5,940,000.00 ",0
Lotto 6/42,12-02-32-28-22-42,11/10/2018," PHP 5,940,000.00 ",4
Lotto 6/42,38-09-18-25-03-39,11/13/2018," PHP 5,940,000.00 ",0
Lotto 6/42,18-33-10-38-32-25,11/15/2018," PHP 5,940,000.00 ",0
Lotto 6/42,41-05-32-29-24-27,11/17/2018," PHP 6,673,024.00 ",0
Lotto 6/42,20-28-30-23-16-29,11/20/2018," PHP 8,732,244.00 ",0
Lotto 6/42,16-20-34-01-40-41,11/22/2018," PHP 11,148,941.00 ",0
Lotto 6/42,25-32-19-29-17-28,11/24/2018," PHP 13,674,981.00 ",0
Lotto 6/42,06-39-20-10-01-26,11/27/2018," PHP 16,212,549.00 ",0
Lotto 6/42,19-41-04-13-05-38,11/29/2018," PHP 19,189,361.00 ",0
Lotto 6/42,15-26-11-23-24-01,12/1/2018," PHP 22,018,008.00 ",1
Lotto 6/42,23-15-26-32-08-17,12/4/2018," PHP 5,940,000.00 ",0
Lotto 6/42,24-20-05-41-16-34,12/6/2018," PHP 5,940,000.00 ",0
Lotto 6/42,08-15-13-29-07-40,12/8/2018," PHP 6,767,233.00 ",0
Lotto 6/42,27-02-22-13-03-09,12/11/2018," PHP 8,862,381.00 ",0
Lotto 6/42,38-11-36-08-14-19,12/13/2018," PHP 11,131,335.00 ",0
Lotto 6/42,41-15-10-18-23-11,12/15/2018," PHP 13,582,559.00 ",0
Lotto 6/42,40-41-32-29-04-33,12/18/2018," PHP 16,082,887.00 ",0
Lotto 6/42,31-34-26-27-41-32,12/20/2018," PHP 18,897,437.00 ",0
Lotto 6/42,22-09-07-08-35-26,12/22/2018," PHP 21,655,177.00 ",0
Lotto 6/42,09-13-36-02-20-27,12/27/2018," PHP 25,042,284.00 ",0
Lotto 6/42,36-04-19-12-15-21,12/29/2018," PHP 27,878,860.00 ",0
Lotto 6/42,39-22-04-16-35-05,1/3/2019," PHP 31,398,207.00 ",0
Lotto 6/42,12-42-08-23-01-19,1/5/2019," PHP 34,583,013.00 ",0
Lotto 6/42,17-32-16-27-12-22,1/8/2019," PHP 37,870,562.00 ",0
Lotto 6/42,30-28-12-41-14-04,1/10/2019," PHP 41,432,269.00 ",0
Lotto 6/42,23-29-31-32-42-25,1/12/2019," PHP 44,683,381.00 ",0
Lotto 6/42,04-31-19-20-24-08,1/15/2019," PHP 48,204,764.00 ",1
Lotto 6/42,19-29-42-40-23-04,1/17/2019," PHP 5,940,000.00 ",0
Lotto 6/42,42-13-04-07-19-22,1/19/2019," PHP 5,940,000.00 ",1
Lotto 6/42,26-15-03-13-36-10,1/22/2019," PHP 5,940,000.00 ",0
Lotto 6/42,19-29-11-01-04-12,1/24/2019," PHP 5,940,000.00 ",0
Lotto 6/42,42-36-12-01-41-35,1/26/2019," PHP 6,313,599.00 ",0
Lotto 6/42,27-37-08-20-14-06,1/29/2019," PHP 8,339,962.00 ",0
Lotto 6/42,06-36-28-09-03-13,1/31/2019," PHP 10,733,141.00 ",0
Lotto 6/42,19-36-04-31-30-05,2/2/2019," PHP 13,356,328.00 ",0
Lotto 6/42,28-31-15-24-11-36,2/5/2019," PHP 15,883,743.00 ",0
Lotto 6/42,14-23-18-27-07-40,2/7/2019," PHP 18,836,826.00 ",1
Lotto 6/42,12-21-03-05-15-20,2/9/2019," PHP 5,940,000.00 ",1
Lotto 6/42,37-05-36-04-06-40,2/12/2019," PHP 5,940,000.00 ",0
Lotto 6/42,41-15-01-38-39-14,2/14/2019," PHP 5,940,000.00 ",0
Lotto 6/42,39-16-42-33-03-23,2/16/2019," PHP 6,340,895.00 ",0
Lotto 6/42,01-15-24-08-06-03,2/19/2019," PHP 8,300,240.00 ",0
Lotto 6/42,41-24-33-13-11-14,2/21/2019," PHP 10,478,517.00 ",0
Lotto 6/42,22-21-33-31-23-40,2/23/2019," PHP 12,881,164.00 ",0
Lotto 6/42,33-22-16-17-10-26,2/26/2019," PHP 15,062,918.00 ",0
Lotto 6/42,21-31-11-19-01-13,2/28/2019," PHP 17,515,528.00 ",1
Lotto 6/42,14-32-37-22-20-27,3/2/2019," PHP 5,940,000.00 ",0
Lotto 6/42,01-42-11-25-26-35,3/5/2019," PHP 5,940,000.00 ",0
Lotto 6/42,14-24-29-33-34-35,3/7/2019," PHP 6,793,112.60 ",0
Lotto 6/42,23-36-07-10-41-15,3/9/2019," PHP 9,156,800.80 ",0
Lotto 6/42,20-29-19-31-40-39,3/12/2019," PHP 11,307,575.80 ",0
Lotto 6/42,14-27-05-42-26-25,3/14/2019," PHP 13,644,848.40 ",0
Lotto 6/42,41-32-07-27-22-06,3/16/2019," PHP 16,291,719.60 ",0
Lotto 6/42,19-33-29-36-13-37,3/19/2019," PHP 18,651,233.60 ",0
Lotto 6/42,27-39-23-18-40-25,3/21/2019," PHP 21,241,555.00 ",0
Lotto 6/42,10-01-09-35-16-19,3/23/2019," PHP 24,098,464.40 ",0
Lotto 6/42,26-38-42-41-31-40,3/26/2019," PHP 26,757,689.00 ",0
Lotto 6/42,15-20-35-36-13-38,3/28/2019," PHP 29,519,462.40 ",0
Lotto 6/42,02-06-35-13-15-21,3/30/2019," PHP 32,549,225.60 ",0
Lotto 6/42,36-08-34-20-37-05,4/2/2019," PHP 35,355,662.20 ",0
Lotto 6/42,32-25-19-37-03-16,4/4/2019," PHP 38,265,295.20 ",0
Lotto 6/42,03-09-15-12-18-42,4/6/2019," PHP 41,374,360.40 ",0
Lotto 6/42,38-35-16-04-03-31,4/9/2019," PHP 44,248,967.00 ",0
Lotto 6/42,09-20-17-27-18-39,4/11/2019," PHP 47,329,992.40 ",0
Lotto 6/42,16-35-07-41-12-26,4/13/2019," PHP 50,689,875.60 ",0
Lotto 6/42,23-27-09-34-02-41,4/16/2019," PHP 53,944,347.20 ",0
Lotto 6/42,31-18-37-20-22-16,4/23/2019," PHP 57,196,898.40 ",0
Lotto 6/42,24-38-36-27-09-05,4/25/2019," PHP 60,476,883.80 ",0
Lotto 6/42,08-21-20-31-12-38,4/27/2019," PHP 63,959,523.40 ",0
Lotto 6/42,18-33-19-17-26-25,4/30/2019," PHP 67,318,796.60 ",0
Lotto 6/42,34-13-28-20-18-23,5/2/2019," PHP 70,815,740.80 ",0
Lotto 6/42,16-14-40-05-09-22,5/4/2019," PHP 74,674,067.80 ",0
Lotto 6/42,27-41-02-30-06-17,5/7/2019," PHP 78,440,578.60 ",0
Lotto 6/42,42-08-07-35-17-28,5/9/2019," PHP 82,179,390.80 ",0
Lotto 6/42,37-38-07-18-21-23,5/11/2019," PHP 86,305,532.60 ",0
Lotto 6/42,05-22-32-08-06-09,5/14/2019," PHP 90,784,206.40 ",0
Lotto 6/42,08-09-30-18-22-38,5/16/2019," PHP 96,006,606.60 ",0
Lotto 6/42,24-23-34-35-06-37,5/18/2019," PHP 101,012,565.60 ",0
Lotto 6/42,19-34-25-01-04-13,5/21/2019," PHP 107,289,200.80 ",1
Lotto 6/42,37-28-09-21-33-13,5/23/2019," PHP 5,940,000.00 ",0
Lotto 6/42,04-02-09-19-34-07,5/25/2019," PHP 5,940,000.00 ",0
Lotto 6/42,15-18-32-30-08-06,5/28/2019," PHP 6,897,700.60 ",0
Lotto 6/42,16-04-26-09-30-32,5/30/2019," PHP 9,161,025.80 ",0
Lotto 6/42,19-32-25-06-09-40,6/1/2019," PHP 11,760,700.00 ",0
Lotto 6/42,37-04-09-41-21-14,6/4/2019," PHP 14,071,088.60 ",0
Lotto 6/42,37-20-17-36-34-12,6/6/2019," PHP 16,623,847.00 ",0
Lotto 6/42,08-25-40-05-07-11,6/8/2019," PHP 19,467,360.40 ",0
Lotto 6/42,07-36-35-27-19-08,6/11/2019," PHP 22,160,793.20 ",0
Lotto 6/42,17-32-12-02-19-01,6/13/2019," PHP 25,083,695.60 ",0
Lotto 6/42,25-40-42-31-37-03,6/15/2019," PHP 28,453,993.20 ",0
Lotto 6/42,09-02-42-01-20-04,6/18/2019," PHP 31,424,598.00 ",0
Lotto 6/42,08-29-42-06-25-36,6/20/2019," PHP 34,375,805.60 ",0
Lotto 6/42,39-27-01-09-21-23,6/22/2019," PHP 38,006,967.60 ",0
Lotto 6/42,40-17-20-26-21-28,6/25/2019," PHP 41,110,643.00 ",0
Lotto 6/42,19-31-28-20-16-03,6/27/2019," PHP 44,415,837.20 ",1
Lotto 6/42,26-28-07-18-13-10,6/29/2019," PHP 5,940,000.00 ",0
Lotto 6/42,18-08-31-16-28-37,7/2/2019," PHP 5,940,000.00 ",0
Lotto 6/42,25-01-05-19-22-38,7/4/2019," PHP 6,982,110.80 ",0
Lotto 6/42,29-12-35-11-10-17,7/6/2019," PHP 9,327,939.00 ",0
Lotto 6/42,04-22-12-38-03-01,7/9/2019," PHP 11,697,977.40 ",0
Lotto 6/42,10-07-05-24-34-25,7/11/2019," PHP 14,385,860.60 ",0
Lotto 6/42,34-28-07-02-08-15,7/13/2019," PHP 17,253,136.00 ",0
Lotto 6/42,36-25-39-19-18-38,7/16/2019," PHP 20,016,913.40 ",0
Lotto 6/42,29-16-14-25-19-38,7/18/2019," PHP 23,294,059.00 ",0
Lotto 6/42,23-38-08-01-05-24,7/20/2019," PHP 26,561,586.40 ",0
Lotto 6/42,07-22-01-30-04-32,7/23/2019," PHP 29,779,054.00 ",0
Lotto 6/42,03-22-27-13-10-32,7/25/2019," PHP 33,487,539.40 ",0
Lotto 6/42,31-17-16-05-09-32,7/27/2019," PHP 33,928,701.20 ",0
Lotto 6/42,30-09-22-41-35-11,7/30/2019," PHP 33,986,540.40 ",0
Lotto 6/42,01-02-39-14-18-31,8/1/2019," PHP 37,543,668.00 ",0
Lotto 6/42,19-26-14-16-20-24,8/3/2019," PHP 40,978,142.80 ",0
Lotto 6/42,27-23-41-38-03-07,8/6/2019," PHP 44,776,239.00 ",0
Lotto 6/42,13-31-26-37-14-18,8/8/2019," PHP 48,887,998.00 ",0
Lotto 6/42,18-23-29-34-21-39,8/10/2019," PHP 53,004,179.00 ",0
Lotto 6/42,13-26-25-03-39-12,8/13/2019," PHP 57,172,056.20 ",0
Lotto 6/42,16-06-33-37-27-21,8/15/2019," PHP 62,009,594.60 ",2
Lotto 6/42,10-22-38-13-30-40,8/17/2019," PHP 5,940,000.00 ",0
Lotto 6/42,19-16-15-07-08-23,8/20/2019," PHP 5,940,000.00 ",0
Lotto 6/42,26-35-21-19-29-28,8/22/2019," PHP 7,246,650.80 ",0
Lotto 6/42,14-36-17-13-10-02,8/24/2019," PHP 9,702,089.20 ",0
Lotto 6/42,06-03-41-24-19-18,8/27/2019," PHP 11,874,809.40 ",0
Lotto 6/42,08-07-40-11-05-42,8/29/2019," PHP 14,394,232.40 ",1
Lotto 6/42,36-33-21-41-22-35,8/31/2019," PHP 5,940,000.00 ",0
Lotto 6/42,32-06-09-24-18-04,9/3/2019," PHP 5,940,000.00 ",0
Lotto 6/42,16-15-40-20-39-19,9/5/2019," PHP 6,564,745.20 ",0
Lotto 6/42,40-28-31-17-34-10,9/7/2019," PHP 8,920,800.60 ",0
Lotto 6/42,24-07-09-36-23-06,9/10/2019," PHP 11,030,189.20 ",0
Lotto 6/42,37-03-17-25-30-31,9/12/2019," PHP 13,499,470.80 ",0
Lotto 6/42,42-33-26-38-34-03,9/14/2019," PHP 16,079,534.20 ",0
Lotto 6/42,42-33-26-38-34-03,9/14/2019," PHP 16,079,534.20 ",0
Lotto 6/42,18-42-37-03-05-04,9/17/2019," PHP 18,476,497.00 ",0
Lotto 6/42,23-21-07-33-34-39,9/19/2019," PHP 21,218,389.80 ",0
Lotto 6/42,26-32-42-31-06-03,9/21/2019," PHP 24,060,701.80 ",0
Lotto 6/42,35-34-06-33-16-25,9/24/2019," PHP 26,640,551.60 ",0
Lotto 6/42,06-19-21-17-36-04,9/26/2019," PHP 29,680,364.60 ",0
Lotto 6/42,26-27-37-07-24-25,9/28/2019," PHP 32,566,319.20 ",0
Lotto 6/42,22-27-11-23-21-36,10/1/2019," PHP 35,402,723.80 ",1
Lotto 6/42,16-35-31-33-06-27,10/3/2019," PHP 5,940,000.00 ",0
Lotto 6/42,30-17-04-37-26-32,10/5/2019," PHP 5,940,000.00 ",0
Lotto 6/42,20-24-18-30-26-34,10/8/2019," PHP 6,334,826.40 ",0
Lotto 6/42,09-18-13-10-27-42,10/10/2019," PHP 8,419,626.00 ",0
Lotto 6/42,19-14-09-07-15-28,10/12/2019," PHP 10,602,212.20 ",1
Lotto 6/42,21-27-39-23-38-10,10/15/2019," PHP 5,940,000.00 ",0
Lotto 6/42,26-17-07-13-10-40,10/17/2019," PHP 5,940,000.00 ",0
Lotto 6/42,25-42-26-10-03-38,10/19/2019," PHP 6,227,974.40 ",0
Lotto 6/42,07-05-23-16-31-41,10/22/2019," PHP 8,178,499.00 ",0
Lotto 6/42,38-14-31-15-42-11,10/24/2019," PHP 10,333,800.60 ",0
Lotto 6/42,23-39-34-16-18-42,10/26/2019," PHP 12,662,905.20 ",0
Lotto 6/42,38-28-42-26-05-25,10/29/2019," PHP 15,031,236.80 ",0
Lotto 6/42,39-06-12-05-14-42,10/31/2019," PHP 17,776,309.60 ",0
Lotto 6/42,04-36-38-08-29-34,11/2/2019," PHP 20,281,811.20 ",0
Lotto 6/42,35-18-28-32-38-23,11/5/2019," PHP 23,182,929.20 ",0
Lotto 6/42,05-13-24-42-33-36,11/7/2019," PHP 26,432,134.20 ",0
Lotto 6/42,27-14-15-26-11-10,11/9/2019," PHP 29,718,906.80 ",0
Lotto 6/42,16-24-07-10-27-17,11/12/2019," PHP 32,984,900.40 ",0
Lotto 6/42,14-25-34-30-05-18,11/14/2019," PHP 36,599,717.60 ",0
Lotto 6/42,08-20-34-09-26-31,11/16/2019," PHP 40,552,849.20 ",0
Lotto 6/42,03-02-40-41-05-09,11/19/2019," PHP 44,451,195.00 ",0
Lotto 6/42,07-22-16-19-15-21,11/21/2019," PHP 48,666,822.00 ",0
Lotto 6/42,03-22-05-28-23-01,11/23/2019," PHP 53,126,673.40 ",0
Lotto 6/42,38-40-06-35-07-15,11/26/2019," PHP 57,845,506.40 ",0
Lotto 6/42,10-34-02-04-38-40,11/28/2019," PHP 62,603,204.20 ",0
Lotto 6/42,13-40-01-11-14-37,11/30/2019," PHP 67,610,504.40 ",0
Lotto 6/42,26-23-12-01-34-17,12/3/2019," PHP 71,768,302.00 ",1
Lotto 6/42,30-40-35-02-01-12,12/5/2019," PHP 5,940,000.00 ",0
Lotto 6/42,09-17-20-34-06-31,12/7/2019," PHP 5,940,000.00 ",0
Lotto 6/42,35-10-33-01-30-05,12/10/2019," PHP 6,795,831.20 ",0
Lotto 6/42,10-14-04-03-31-37,12/12/2019," PHP 9,014,346.60 ",0
Lotto 6/42,37-10-42-19-01-25,12/14/2019," PHP 11,432,697.40 ",1
Lotto 6/42,02-33-30-42-06-20,12/17/2019," PHP 5,940,000.00 ",0
Lotto 6/42,11-02-06-26-22-33,12/19/2019," PHP 5,940,000.00 ",0
Lotto 6/42,24-32-18-39-12-28,12/21/2019," PHP 6,525,392.60 ",0
Lotto 6/42,17-19-38-14-15-31,12/24/2019," PHP 7,759,025.80 ",0
Lotto 6/42,05-17-19-04-20-25,12/26/2019," PHP 9,988,613.00 ",0
Lotto 6/42,05-37-23-38-04-31,12/28/2019," PHP 12,625,670.00 ",0
Lotto 6/42,22-16-38-40-20-25,12/31/2019," PHP 14,179,129.00 ",0
Lotto 6/42,42-31-01-17-16-20,1/2/2020," PHP 16,767,512.40 ",0
Lotto 6/42,39-27-05-14-09-08,1/4/2020," PHP 19,571,534.40 ",0
Lotto 6/42,02-35-12-14-31-27,1/7/2020," PHP 22,182,430.00 ",0
Lotto 6/42,11-40-31-30-28-18,1/9/2020," PHP 25,171,560.00 ",0
Lotto 6/42,16-17-05-30-29-21,1/11/2020," PHP 28,481,693.80 ",1
Lotto 6/42,40-39-20-33-13-34,1/14/2020," PHP 5,940,000.00 ",0
Lotto 6/42,20-15-14-13-21-11,1/16/2020," PHP 5,940,000.00 ",0
Lotto 6/42,12-18-35-10-42-05,1/18/2020," PHP 6,451,816.20 ",0
Lotto 6/42,07-09-11-37-19-36,1/21/2020," PHP 8,478,933.00 ",0
Lotto 6/42,25-40-09-04-02-22,1/23/2020," PHP 10,728,907.20 ",0
Lotto 6/42,20-10-34-38-41-31,1/25/2020," PHP 13,289,868.60 ",0
Lotto 6/42,11-14-24-38-20-16,1/28/2020," PHP 15,564,428.40 ",0
Lotto 6/42,31-30-16-40-37-38,1/30/2020," PHP 18,170,474.80 ",0
Lotto 6/42,05-17-29-10-09-18,2/1/2020," PHP 21,145,043.60 ",0
Lotto 6/42,20-24-25-31-03-08,2/4/2020," PHP 23,740,771.40 ",0
Lotto 6/42,05-19-09-30-25-35,2/6/2020," PHP 26,612,882.80 ",0
Lotto 6/42,20-37-22-35-14-24,2/8/2020," PHP 29,826,678.20 ",0
Lotto 6/42,23-15-03-11-22-40,2/11/2020," PHP 32,870,363.80 ",0
Lotto 6/42,15-27-36-08-41-11,2/13/2020," PHP 36,632,592.40 ",1
Lotto 6/42,38-18-28-15-25-27,2/15/2020," PHP 5,940,000.00 ",0
Lotto 6/42,32-18-06-14-05-10,2/18/2020," PHP 5,940,000.00 ",0
Lotto 6/42,41-37-23-17-05-08,2/20/2020," PHP 7,047,795.40 ",0
Lotto 6/42,16-04-38-39-05-37,2/22/2020," PHP 9,517,264.20 ",0
Lotto 6/42,22-16-42-03-05-38,2/25/2020," PHP 11,700,595.80 ",0
Lotto 6/42,34-32-16-07-29-05,2/27/2020," PHP 14,410,707.20 ",0
Lotto 6/42,24-39-23-10-42-08,2/29/2020," PHP 17,228,376.40 ",0
Lotto 6/42,25-39-40-07-05-09,3/3/2020," PHP 19,860,769.00 ",0
Lotto 6/42,17-24-14-39-15-20,3/5/2020," PHP 22,901,387.00 ",0
Lotto 6/42,17-24-14-39-15-20,3/5/2020," PHP 22,901,387.00 ",0
Lotto 6/42,14-17-11-05-03-09,3/7/2020," PHP 25,925,143.60 ",0
Lotto 6/42,10-28-32-33-36-21,3/10/2020," PHP 28,740,366.00 ",0
Lotto 6/42,17-30-13-41-27-25,3/12/2020," PHP 31,769,824.20 ",0
Lotto 6/42,38-08-32-24-21-27,3/14/2020," PHP 34,587,812.60 ",0
Lotto 6/42,38-09-42-30-08-34,3/17/2020," PHP 35,306,486.60 ",0
Lotto 6/42,01-14-41-29-07-36,3/19/2020," PHP 35,396,695.20 ",0
Lotto 6/42,12-36-38-21-31-23,3/21/2020," PHP 35,453,702.00 ",0
Lotto 6/42,33-16-07-05-17-32,3/24/2020," PHP 35,468,526.20 ",0
Lotto 6/42,30-26-08-02-33-37,3/26/2020," PHP 35,477,503.60 ",0
Lotto 6/42,35-03-07-34-08-22,3/28/2020," PHP 35,482,120.60 ",0
Lotto 6/42,40-32-27-22-06-07,8/8/2020," PHP 35,756,853.60 ",0
Lotto 6/42,10-34-16-12-24-20,8/11/2020," PHP 36,178,449.60 ",0
Lotto 6/42,14-38-16-10-31-06,8/13/2020," PHP 36,749,691.20 ",0
Lotto 6/42,04-24-38-06-39-18,8/15/2020," PHP 37,345,181.60 ",0
Lotto 6/42,04-33-03-11-38-28,8/18/2020," PHP 38,009,524.40 ",0
Lotto 6/42,27-10-07-37-14-25,8/20/2020," PHP 39,152,573.60 ",0
Lotto 6/42,02-11-21-40-12-15,8/22/2020," PHP 40,496,072.60 ",0
Lotto 6/42,25-38-37-39-15-17,8/25/2020," PHP 41,940,164.80 ",0
Lotto 6/42,20-23-03-14-19-05,8/27/2020," PHP 43,700,529.40 ",0
Lotto 6/42,21-39-12-16-42-31,8/29/2020," PHP 45,592,536.40 ",0
Lotto 6/42,29-24-21-15-36-34,9/1/2020," PHP 47,469,540.80 ",0
Lotto 6/42,03-11-06-19-33-10,9/3/2020," PHP 49,707,326.80 ",1
Lotto 6/42,32-18-09-25-35-42,9/5/2020," PHP 5,940,000.00 ",0
Lotto 6/42,05-16-39-41-25-11,9/8/2020," PHP 5,940,000.00 ",0
Lotto 6/42,17-02-10-07-18-29,9/10/2020," PHP 5,940,000.00 ",0
Lotto 6/42,32-21-07-39-19-29,9/12/2020," PHP 6,953,761.60 ",0
Lotto 6/42,18-25-10-28-22-27,9/15/2020," PHP 8,597,525.00 ",1
Lotto 6/42,29-02-05-12-41-14,9/17/2020," PHP 5,940,000.00 ",0
Lotto 6/42,24-23-10-07-31-40,9/19/2020," PHP 5,940,000.00 ",0
Lotto 6/42,40-16-09-35-05-10,9/22/2020," PHP 5,940,000.00 ",0
Lotto 6/42,38-09-07-18-29-12,9/24/2020," PHP 7,501,899.60 ",0
Lotto 6/42,06-17-23-22-39-13,9/26/2020," PHP 9,740,922.20 ",0
Lotto 6/42,24-31-03-36-02-33,9/29/2020," PHP 11,606,479.40 ",0
Lotto 6/42,22-33-23-05-16-14,10/1/2020," PHP 13,743,150.20 ",0
Lotto 6/42,42-31-39-22-36-19,10/3/2020," PHP 16,160,050.80 ",0
Lotto 6/42,22-41-35-42-34-14,10/6/2020," PHP 18,246,383.20 ",0
Lotto 6/42,37-21-23-36-02-41,10/8/2020," PHP 20,490,737.40 ",0
Lotto 6/42,10-30-33-29-41-16,10/10/2020," PHP 23,145,990.20 ",0
Lotto 6/42,31-29-23-10-16-04,10/13/2020," PHP 25,403,539.00 ",0
Lotto 6/42,17-37-04-18-35-19,10/15/2020," PHP 27,928,847.40 ",0
Lotto 6/42,27-10-14-15-38-19,10/17/2020," PHP 31,041,336.00 ",0
Lotto 6/42,31-12-38-03-28-29,10/20/2020," PHP 33,272,383.20 ",0
Lotto 6/42,20-02-37-25-18-06,10/22/2020," PHP 36,027,395.80 ",0
Lotto 6/42,07-36-11-31-35-14,10/24/2020," PHP 39,350,615.20 ",0
Lotto 6/42,07-14-01-23-42-25,10/27/2020," PHP 41,984,392.00 ",0
Lotto 6/42,04-40-07-01-12-27,10/29/2020," PHP 44,881,166.20 ",0
Lotto 6/42,26-27-40-21-01-41,10/31/2020," PHP 48,709,689.40 ",1
Lotto 6/42,24-02-23-15-31-39,11/3/2020," PHP 5,940,000.00 ",0
Lotto 6/42,21-20-04-27-32-10,11/5/2020," PHP 5,940,000.00 ",0
Lotto 6/42,04-39-36-20-01-28,11/7/2020," PHP 6,661,038.60 ",0
Lotto 6/42,13-04-33-14-27-01,11/10/2020," PHP 8,668,470.80 ",0
Lotto 6/42,13-10-30-05-07-41,11/12/2020," PHP 9,849,661.40 ",0
Lotto 6/42,29-39-41-27-23-09,11/14/2020," PHP 12,457,842.80 ",0
Lotto 6/42,18-02-07-05-26-30,11/17/2020," PHP 14,706,374.60 ",0
Lotto 6/42,14-34-23-05-15-22,11/19/2020," PHP 17,258,333.20 ",0
Lotto 6/42,13-42-03-31-02-22,11/21/2020," PHP 20,398,839.60 ",1
Lotto 6/42,24-19-41-09-39-29,11/24/2020," PHP 5,940,000.00 ",0
Lotto 6/42,22-27-36-14-21-29,11/26/2020," PHP 5,940,000.00 ",0
Lotto 6/42,06-22-28-32-30-12,11/28/2020," PHP 7,146,772.20 ",0
Lotto 6/42,13-28-09-34-25-19,12/1/2020," PHP 9,403,768.20 ",1
Lotto 6/42,25-23-05-20-39-03,12/3/2020," PHP 5,940,000.00 ",0
Lotto 6/42,39-02-18-13-12-06,12/5/2020," PHP 5,940,000.00 ",0
Lotto 6/42,12-39-16-02-24-36,12/8/2020," PHP 7,690,958.40 ",0
Lotto 6/42,01-21-15-32-24-41,12/10/2020," PHP 10,550,933.40 ",0
Lotto 6/42,22-32-03-37-28-08,12/12/2020," PHP 13,768,850.20 ",0
Lotto 6/42,18-36-17-37-35-11,12/15/2020," PHP 16,731,326.60 ",0
Lotto 6/42,20-11-05-22-39-25,12/17/2020," PHP 20,422,279.00 ",0
Lotto 6/42,11-34-06-42-15-33,12/19/2020," PHP 23,902,883.80 ",1
Lotto 6/42,04-01-28-05-27-33,12/22/2020," PHP 5,940,000.00 ",0
Lotto 6/42,16-41-09-14-33-28,12/24/2020," PHP 5,940,000.00 ",0
Lotto 6/42,37-23-34-24-15-22,12/26/2020," PHP 6,914,701.80 ",0
Lotto 6/42,11-25-23-09-31-39,12/29/2020," PHP 9,512,794.80 ",0
Lotto 6/42,24-25-13-06-34-42,12/31/2020," PHP 11,576,196.60 ",0
Lotto 6/42,35-23-07-08-09-39,1/2/2021," PHP 14,441,600.00 ",0
Lotto 6/42,27-36-25-31-34-07,1/5/2021," PHP 17,492,045.40 ",0
Lotto 6/42,16-03-11-26-25-09,1/7/2021," PHP 21,272,518.20 ",1
Lotto 6/42,08-33-09-25-34-17,1/9/2021," PHP 5,940,000.00 ",0
Lotto 6/42,38-33-01-40-27-06,1/12/2021," PHP 5,940,000.00 ",0
Lotto 6/42,22-04-30-17-33-01,1/14/2021," PHP 8,268,415.80 ",0
Lotto 6/42,28-09-21-40-29-32,1/16/2021," PHP 11,258,074.20 ",0
Lotto 6/42,22-13-27-35-16-02,1/19/2021," PHP 13,936,805.00 ",0
Lotto 6/42,32-01-10-06-41-35,1/21/2021," PHP 17,020,138.40 ",0
Lotto 6/42,05-02-12-26-28-04,1/23/2021," PHP 20,130,966.60 ",1
Lotto 6/42,03-09-23-41-19-24,1/26/2021," PHP 5,940,000.00 ",0
Lotto 6/42,18-35-30-29-26-19,1/28/2021," PHP 5,940,000.00 ",0
Lotto 6/42,22-18-16-20-13-30,1/30/2021," PHP 7,800,424.40 ",1
Lotto 6/42,38-25-37-12-09-18,2/2/2021," PHP 5,940,000.00 ",0
Lotto 6/42,27-13-03-19-37-10,2/4/2021," PHP 5,940,000.00 ",0
Lotto 6/42,20-07-30-18-05-17,2/6/2021," PHP 7,852,199.80 ",0
Lotto 6/42,13-17-20-02-05-26,2/9/2021," PHP 10,268,421.00 ",1
Lotto 6/42,16-30-03-12-21-23,2/11/2021," PHP 5,940,000.00 ",0
Lotto 6/42,30-41-04-08-27-33,2/13/2021," PHP 5,940,000.00 ",0
Lotto 6/42,37-36-05-10-08-16,2/16/2021," PHP 8,064,184.80 ",1
Lotto 6/42,30-01-17-38-42-18,2/18/2021," PHP 5,940,000.00 ",0
Lotto 6/42,37-02-31-26-15-38,2/20/2021," PHP 5,940,000.00 ",0
Lotto 6/42,01-39-40-37-24-04,2/23/2021," PHP 8,033,880.00 ",0
Lotto 6/42,04-24-08-02-12-17,2/25/2021," PHP 10,829,574.20 ",0
Lotto 6/42,26-18-35-37-23-29,2/27/2021," PHP 13,964,308.60 ",0
Lotto 6/42,25-02-18-38-12-28,3/2/2021," PHP 16,957,185.60 ",0
Lotto 6/42,19-04-30-25-24-14,3/4/2021," PHP 20,652,893.80 ",0
Lotto 6/42,28-24-25-32-20-29,3/6/2021," PHP 24,179,389.60 ",0
Lotto 6/42,15-28-38-04-36-42,3/9/2021," PHP 27,721,458.40 ",0
Lotto 6/42,38-18-04-39-20-32,3/11/2021," PHP 31,716,737.40 ",0
Lotto 6/42,28-25-15-04-38-17,3/13/2021," PHP 35,490,819.40 ",0
Lotto 6/42,34-30-19-15-38-24,3/16/2021," PHP 39,341,110.40 ",0
Lotto 6/42,20-01-19-23-29-33,3/18/2021," PHP 43,656,446.40 ",0
Lotto 6/42,02-32-22-17-37-21,3/20/2021," PHP 47,646,651.40 ",0
Lotto 6/42,22-21-25-12-31-15,3/23/2021," PHP 51,796,665.20 ",0
Lotto 6/42,27-04-17-31-39-16,3/25/2021," PHP 56,483,629.80 ",0
Lotto 6/42,38-25-32-09-10-04,3/27/2021," PHP 60,891,247.80 ",0
Lotto 6/42,13-24-39-40-02-09,3/30/2021," PHP 62,337,161.20 ",0
Lotto 6/42,21-33-23-18-03-12,4/6/2021," PHP 64,619,457.40 ",0
Lotto 6/42,11-19-02-26-16-39,4/8/2021," PHP 66,982,509.20 ",0
Lotto 6/42,12-16-06-14-37-36,4/10/2021," PHP 69,259,812.00 ",0
Lotto 6/42,14-26-07-18-05-37,4/13/2021," PHP 71,593,142.60 ",0
Lotto 6/42,42-10-21-33-22-41,4/15/2021," PHP 74,031,292.40 ",0
Lotto 6/42,37-32-02-22-03-20,4/17/2021," PHP 76,554,222.40 ",0
Lotto 6/42,35-30-10-09-05-25,4/20/2021," PHP 79,096,039.80 ",0
Lotto 6/42,12-24-39-17-21-19,4/22/2021," PHP 81,655,494.80 ",0
Lotto 6/42,19-18-35-09-37-01,4/24/2021," PHP 84,306,965.40 ",0
Lotto 6/42,15-31-41-02-19-25,4/27/2021," PHP 87,011,375.20 ",0
Lotto 6/42,19-32-27-05-13-40,4/29/2021," PHP 89,732,938.20 ",0
Lotto 6/42,41-11-12-35-06-05,5/1/2021," PHP 92,494,481.40 ",0
Lotto 6/42,08-14-29-22-02-06,5/4/2021," PHP 95,387,880.60 ",0
Lotto 6/42,41-14-34-23-19-02,5/6/2021," PHP 98,318,157.20 ",0
Lotto 6/42,15-36-03-24-06-08,5/8/2021," PHP 101,321,872.40 ",2
Lotto 6/42,22-14-26-11-04-41,5/11/2021," PHP 5,940,000.00 ",0
Lotto 6/42,32-40-20-12-05-42,5/13/2021," PHP 5,940,000.00 ",0
Lotto 6/42,14-29-21-40-13-27,5/15/2021," PHP 5,940,000.00 ",0
Lotto 6/42,02-26-20-07-22-32,5/18/2021," PHP 6,569,841.20 ",0
Lotto 6/42,09-15-28-36-02-42,5/20/2021," PHP 8,912,986.00 ",0
Lotto 6/42,35-36-33-14-04-37,5/22/2021," PHP 11,578,601.40 ",0
Lotto 6/42,15-26-01-29-40-36,5/25/2021," PHP 14,017,491.20 ",0
Lotto 6/42,05-39-31-11-21-25,5/27/2021," PHP 16,766,666.80 ",1
Lotto 6/42,27-41-24-13-26-23,5/29/2021," PHP 5,940,000.00 ",0
Lotto 6/42,20-24-11-37-26-31,6/1/2021," PHP 5,940,000.00 ",0
Lotto 6/42,24-40-01-32-06-14,6/3/2021," PHP 7,312,866.20 ",0
Lotto 6/42,21-05-09-03-01-12,6/5/2021," PHP 10,032,090.40 ",1
Lotto 6/42,01-07-32-42-22-38,6/8/2021," PHP 5,940,000.00 ",0
Lotto 6/42,35-15-42-27-13-17,6/10/2021," PHP 5,940,000.00 ",0
Lotto 6/42,16-01-35-09-41-06,6/12/2021," PHP 7,229,392.00 ",0
Lotto 6/42,38-26-05-21-39-33,6/15/2021," PHP 9,621,664.00 ",0
Lotto 6/42,42-41-21-06-09-08,6/17/2021," PHP 12,312,883.60 ",0
Lotto 6/42,23-02-31-20-06-28,6/19/2021," PHP 15,445,170.20 ",1
Lotto 6/42,13-29-14-35-23-07,6/22/2021," PHP 5,940,000.00 ",0
Lotto 6/42,06-04-34-32-01-36,6/24/2021," PHP 5,940,000.00 ",0
Lotto 6/42,36-22-08-30-15-14,6/26/2021," PHP 7,514,479.80 ",0
Lotto 6/42,07-04-32-24-41-02,6/29/2021," PHP 9,830,516.40 ",0
Lotto 6/42,09-02-20-26-01-32,7/1/2021," PHP 12,515,725.00 ",0
Lotto 6/42,15-03-35-25-39-27,7/3/2021," PHP 15,820,975.40 ",0
Lotto 6/42,32-17-31-12-39-07,7/6/2021," PHP 18,818,304.20 ",0
Lotto 6/42,18-14-32-17-25-34,7/8/2021," PHP 22,826,272.40 ",0
Lotto 6/42,01-04-17-33-03-27,7/10/2021," PHP 26,693,912.60 ",0
Lotto 6/42,06-25-36-21-39-28,7/13/2021," PHP 30,541,523.60 ",0
Lotto 6/42,34-39-29-20-36-19,7/15/2021," PHP 34,977,652.60 ",0
Lotto 6/42,32-27-08-34-09-21,7/17/2021," PHP 39,275,103.20 ",0
Lotto 6/42,15-31-24-10-40-17,7/20/2021," PHP 43,368,615.60 ",0
Lotto 6/42,04-09-41-33-20-29,7/22/2021," PHP 47,392,983.80 ",0
Lotto 6/42,30-12-19-31-34-39,7/24/2021," PHP 51,608,991.60 ",0
Lotto 6/42,38-04-08-42-41-18,7/27/2021," PHP 56,339,973.20 ",0
Lotto 6/42,07-35-21-33-12-29,7/29/2021," PHP 61,475,640.00 ",0
Lotto 6/42,06-11-39-28-07-29,7/31/2021," PHP 66,826,921.00 ",0
Lotto 6/42,14-36-26-25-29-16,8/3/2021," PHP 71,928,703.20 ",0
Lotto 6/42,11-33-08-29-07-19,8/5/2021," PHP 77,160,882.40 ",1
Lotto 6/42,24-37-15-26-22-31,8/7/2021," PHP 5,940,000.00 ",0
Lotto 6/42,15-10-12-41-02-29,8/10/2021," PHP 5,940,000.00 ",0
Lotto 6/42,20-09-15-13-33-40,8/12/2021," PHP 5,940,000.00 ",0
Lotto 6/42,32-14-02-22-17-42,8/14/2021," PHP 6,719,409.60 ",0
Lotto 6/42,29-32-03-34-25-19,8/17/2021," PHP 8,291,180.20 ",0
Lotto 6/42,20-33-26-15-04-11,8/19/2021," PHP 10,053,409.00 ",0
Lotto 6/42,01-05-41-26-03-09,8/21/2021," PHP 12,381,299.00 ",0
Lotto 6/42,17-09-34-05-42-08,8/24/2021," PHP 14,826,147.00 ",0
Lotto 6/42,41-17-33-34-01-15,8/26/2021," PHP 17,926,182.00 ",1
Lotto 6/42,21-25-41-02-17-29,8/28/2021," PHP 5,940,000.00 ",1
Lotto 6/42,27-16-03-37-01-31,8/31/2021," PHP 5,940,000.00 ",0
Lotto 6/42,15-07-40-35-23-14,9/2/2021," PHP 5,940,000.00 ",0
Lotto 6/42,30-26-41-16-14-09,9/4/2021," PHP 7,587,656.40 ",0
Lotto 6/42,40-01-07-25-30-02,9/7/2021," PHP 9,864,620.00 ",0
Lotto 6/42,10-40-19-23-17-06,9/9/2021," PHP 12,494,141.00 ",0
Lotto 6/42,15-19-41-34-07-35,9/11/2021," PHP 15,003,188.20 ",0
Lotto 6/42,08-06-02-12-35-27,9/14/2021," PHP 17,521,510.00 ",0
Lotto 6/42,02-28-33-31-13-12,9/16/2021," PHP 20,475,226.00 ",0
Lotto 6/42,18-29-12-02-30-08,9/18/2021," PHP 23,853,504.40 ",0
Lotto 6/42,24-42-36-40-34-20,9/21/2021," PHP 26,734,624.00 ",0
Lotto 6/42,03-10-33-15-34-27,9/23/2021," PHP 29,947,726.80 ",0
Lotto 6/42,35-07-15-17-09-34,9/25/2021," PHP 33,719,984.20 ",0
Lotto 6/42,10-06-02-09-18-29,9/28/2021," PHP 36,829,296.20 ",1
Lotto 6/42,28-23-40-11-07-08,9/30/2021," PHP 5,940,000.00 ",0
Lotto 6/42,16-12-04-36-22-17,10/2/2021," PHP 5,940,000.00 ",0
Lotto 6/42,18-10-24-36-15-27,10/5/2021," PHP 7,957,175.40 ",0
Lotto 6/42,17-13-37-38-07-09,10/7/2021," PHP 10,747,777.00 ",0
Lotto 6/42,28-33-19-18-30-12,10/9/2021," PHP 13,830,357.20 ",0
Lotto 6/42,14-04-30-02-33-22,10/12/2021," PHP 16,453,753.80 ",0
Lotto 6/42,23-25-15-03-16-32,10/14/2021," PHP 19,396,737.20 ",0
Lotto 6/42,23-25-15-03-16-32,10/14/2021," PHP 19,396,737.20 ",0
Lotto 6/42,03-15-11-25-22-16,10/16/2021," PHP 22,834,039.60 ",0
Lotto 6/42,26-25-28-39-16-32,10/19/2021," PHP 25,997,244.40 ",0
Lotto 6/42,15-33-22-38-07-26,10/21/2021," PHP 29,475,288.00 ",0
Lotto 6/42,42-03-41-19-01-07,10/23/2021," PHP 32,981,785.40 ",1
Lotto 6/42,29-13-04-32-26-25,10/26/2021," PHP 5,940,000.00 ",0
Lotto 6/42,37-09-25-14-28-04,10/28/2021," PHP 5,940,000.00 ",1
Lotto 6/42,26-05-42-32-15-19,10/30/2021," PHP 5,940,000.00 ",1
Lotto 6/42,30-15-36-20-04-29,11/2/2021," PHP 5,940,000.00 ",0
Lotto 6/42,35-34-14-22-06-33,11/4/2021," PHP 5,940,000.00 ",0
Lotto 6/42,24-27-29-08-22-04,11/6/2021," PHP 8,244,527.20 ",1
Lotto 6/42,01-22-21-26-19-16,11/9/2021," PHP 5,940,000.00 ",0
Lotto 6/42,38-15-35-25-21-16,11/11/2021," PHP 5,940,000.00 ",0
Lotto 6/42,09-25-35-21-15-37,11/13/2021," PHP 8,489,696.40 ",1
Lotto 6/42,35-27-04-34-31-17,11/16/2021," PHP 5,940,000.00 ",0
Lotto 6/42,19-30-23-11-42-36,11/18/2021," PHP 6,045,592.80 ",0
Lotto 6/42,15-12-10-38-17-01,11/20/2021," PHP 9,213,202.00 ",0
Lotto 6/42,35-19-36-40-04-24,11/23/2021," PHP 12,323,185.60 ",0
Lotto 6/42,38-41-21-28-02-13,11/25/2021," PHP 16,037,716.20 ",1
Lotto 6/42,07-13-05-30-24-12,11/27/2021," PHP 5,940,000.00 ",1
Lotto 6/42,10-14-31-09-01-33,11/30/2021," PHP 5,940,000.00 ",0
Lotto 6/42,30-04-09-21-05-20,12/2/2021," PHP 5,975,395.80 ",1
Lotto 6/42,21-11-19-08-42-04,12/4/2021," PHP 5,940,000.00 ",1
Lotto 6/42,11-15-08-04-01-36,12/7/2021," PHP 5,940,000.00 ",0
Lotto 6/42,18-39-38-11-28-03,12/9/2021," PHP 6,019,007.60 ",0
Lotto 6/42,30-05-25-23-32-41,12/11/2021," PHP 9,544,200.80 ",0
Lotto 6/42,06-02-23-28-05-17,12/14/2021," PHP 12,696,647.60 ",0
Lotto 6/42,25-13-07-31-22-40,12/16/2021," PHP 16,056,791.80 ",0
Lotto 6/42,29-35-08-39-17-10,12/18/2021," PHP 19,614,132.00 ",0
Lotto 6/42,05-18-35-07-33-40,12/21/2021," PHP 22,950,000.00 ",0
Lotto 6/42,13-03-08-27-15-12,12/23/2021," PHP 26,815,771.60 ",0
Lotto 6/42,27-23-38-40-17-24,12/28/2021," PHP 30,637,029.60 ",0
Lotto 6/42,14-41-29-13-32-02,12/30/2021," PHP 34,890,087.80 ",0
Lotto 6/42,23-01-09-24-12-07,1/6/2022," PHP 42,945,708.20 ",4
Lotto 6/42,12-16-08-11-01-18,1/4/2022," PHP 38,829,392.80 ",0
Lotto 6/42,32-41-15-25-18-22,1/8/2022," PHP 5,940,000.00 ",0
Lotto 6/42,35-28-25-36-31-03,1/11/2022," PHP 5,940,000.00 ",0
Lotto 6/42,18-15-33-27-07-14,1/13/2022," PHP 7,068,747.40 ",0
Lotto 6/42,18-28-16-32-29-10,1/15/2022," PHP 10,025,465.00 ",0
Lotto 6/42,23-16-30-36-19-38,1/18/2022," PHP 13,172,710.20 ",0
Lotto 6/42,15-05-17-07-20-33,1/20/2022," PHP 16,840,457.80 ",0
Lotto 6/42,08-09-15-36-35-34,1/22/2022," PHP 20,720,246.60 ",0
Lotto 6/42,24-26-06-39-20-35,1/25/2022," PHP 24,635,223.60 ",0
Lotto 6/42,03-27-36-28-12-08,1/27/2022," PHP 29,164,435.20 ",0
Lotto 6/42,33-27-19-35-42-14,1/29/2022," PHP 33,852,288.40 ",0
Lotto 6/42,20-15-04-34-06-18,2/1/2022," PHP 38,674,890.20 ",0
Lotto 6/42,32-17-18-24-30-33,2/3/2022," PHP 44,124,019.40 ",0
Lotto 6/42,30-20-15-09-23-22,2/5/2022," PHP 49,813,434.40 ",1
Lotto 6/42,08-28-18-23-19-39,2/8/2022," PHP 5,940,000.00 ",0
Lotto 6/42,38-26-13-37-15-39,2/10/2022," PHP 6,500,180.40 ",0
Lotto 6/42,07-24-25-12-15-32,2/12/2022," PHP 9,760,454.80 ",0
Lotto 6/42,23-05-37-04-26-41,2/15/2022," PHP 12,870,173.00 ",0
Lotto 6/42,02-01-39-14-38-24,2/17/2022," PHP 16,654,165.00 ",0
Lotto 6/42,37-29-31-30-21-17,2/19/2022," PHP 20,522,079.40 ",0
Lotto 6/42,13-03-06-30-21-19,2/22/2022," PHP 24,425,273.40 ",0
Lotto 6/42,12-29-15-03-06-20,2/24/2022," PHP 28,851,800.80 ",1
Lotto 6/42,02-16-28-10-37-15,2/26/2022," PHP 5,940,000.00 ",0
Lotto 6/42,42-18-16-14-24-11,3/1/2022," PHP 6,082,200.40 ",0
Lotto 6/42,10-28-31-30-33-40,3/3/2022," PHP 9,167,960.60 ",0
Lotto 6/42,18-34-33-39-11-36,3/5/2022," PHP 12,537,017.20 ",1
Lotto 6/42,36-32-42-15-28-12,3/8/2022," PHP 5,940,000.00 ",0
Lotto 6/42,10-18-35-28-22-13,3/10/2022," PHP 5,940,000.00 ",0
Lotto 6/42,25-24-18-03-41-19,3/12/2022," PHP 8,818,322.20 ",0
Lotto 6/42,30-18-40-32-06-14,3/15/2022," PHP 11,687,949.60 ",0
Lotto 6/42,22-05-20-01-25-07,3/17/2022," PHP 15,031,175.20 ",0
Lotto 6/42,17-18-19-20-08-33,3/19/2022," PHP 18,726,352.60 ",0
Lotto 6/42,34-36-07-41-40-17,3/22/2022," PHP 22,489,187.80 ",0
Lotto 6/42,30-42-23-36-37-07,3/24/2022," PHP 26,888,547.40 ",0
Lotto 6/42,25-41-35-39-14-26,3/26/2022," PHP 31,209,194.00 ",1
Lotto 6/42,35-37-08-26-04-20,3/29/2022," PHP 5,940,000.00 ",0
Lotto 6/42,27-17-19-16-33-36,3/31/2022," PHP 6,111,716.80 ",0
Lotto 6/42,16-38-19-18-25-34,4/2/2022," PHP 9,452,158.80 ",0
Lotto 6/42,31-22-37-04-34-05,4/5/2022," PHP 12,124,273.00 ",0
Lotto 6/42,42-36-27-25-33-22,4/7/2022," PHP 15,547,657.40 ",0
Lotto 6/42,16-27-09-31-07-14,4/9/2022," PHP 19,174,546.00 ",0
Lotto 6/42,04-26-28-02-05-03,4/12/2022," PHP 22,509,413.00 ",0
Lotto 6/42,10-11-08-30-29-26,4/19/2022," PHP 26,208,227.40 ",0
Lotto 6/42,29-35-12-36-07-03,4/21/2022," PHP 30,084,914.40 ",0
Lotto 6/42,21-37-28-22-39-02,4/23/2022," PHP 34,194,443.60 ",0
Lotto 6/42,18-15-17-24-33-10,4/26/2022," PHP 38,170,552.20 ",0
Lotto 6/42,39-24-33-06-42-25,4/28/2022," PHP 42,434,650.00 ",0
Lotto 6/42,17-25-21-33-39-04,4/30/2022," PHP 47,018,808.20 ",0
Lotto 6/42,07-22-19-20-40-10,5/3/2022," PHP 51,412,148.00 ",1
Lotto 6/42,19-07-04-41-23-09,5/5/2022," PHP 5,940,000.00 ",0
Lotto 6/42,14-24-08-16-22-37,5/7/2022," PHP 6,051,682.00 ",0
Lotto 6/42,07-13-18-02-28-37,5/10/2022," PHP 8,509,629.80 ",0
Lotto 6/42,15-20-33-37-10-02,5/12/2022," PHP 11,692,275.80 ",0
Lotto 6/42,19-25-18-33-10-31,5/14/2022," PHP 15,020,774.00 ",0
Lotto 6/42,13-08-15-33-37-22,5/17/2022," PHP 18,149,335.60 ",0
Lotto 6/42,24-40-18-03-08-34,5/19/2022," PHP 22,290,301.60 ",0
Lotto 6/42,37-34-32-35-08-36,5/21/2022," PHP 26,320,485.80 ",0
Lotto 6/42,13-29-26-11-12-34,5/24/2022," PHP 30,265,196.20 ",0
Lotto 6/42,34-41-04-29-19-18,5/26/2022," PHP 34,985,545.40 ",0
Lotto 6/42,09-17-23-11-13-30,5/28/2022," PHP 39,311,022.60 ",0
Lotto 6/42,25-20-29-07-21-02,5/31/2022," PHP 43,912,343.80 ",3
Lotto 6/42,28-36-14-37-13-03,6/2/2022," PHP 5,940,000.00 ",0
Lotto 6/42,24-35-04-07-22-02,6/4/2022," PHP 6,768,840.80 ",0
Lotto 6/42,22-09-38-36-42-13,6/7/2022," PHP 9,696,500.00 ",0
Lotto 6/42,39-33-18-01-24-36,6/9/2022," PHP 12,998,501.00 ",1
Lotto 6/42,02-20-34-40-27-22,6/11/2022," PHP 5,940,000.00 ",0
Lotto 6/42,42-38-21-06-01-41,6/14/2022," PHP 6,051,521.20 ",0
Lotto 6/42,33-31-13-41-25-18,6/16/2022," PHP 9,423,997.80 ",1
Lotto 6/42,08-15-11-23-36-33,6/18/2022," PHP 5,940,000.00 ",1
Lotto 6/42,07-18-12-17-06-14,6/21/2022," PHP 5,940,000.00 ",0
Lotto 6/42,24-05-13-39-06-40,6/23/2022," PHP 6,457,370.20 ",0
Lotto 6/42,27-24-40-14-39-04,6/25/2022," PHP 10,518,111.40 ",0
Lotto 6/42,18-31-26-08-23-29,6/28/2022," PHP 13,886,702.20 ",0
Lotto 6/42,31-38-13-20-14-18,6/30/2022," PHP 18,353,331.00 ",0
Lotto 6/42,17-10-15-09-35-01,7/2/2022," PHP 23,545,622.40 ",0
Lotto 6/42,06-18-17-11-31-29,7/5/2022," PHP 28,572,306.60 ",0
Lotto 6/42,09-10-42-08-13-41,7/7/2022," PHP 34,838,186.80 ",2
Lotto 6/42,27-18-26-13-02-03,7/9/2022," PHP 5,940,000.00 ",1
Lotto 6/42,09-33-35-12-31-08,7/12/2022," PHP 5,940,000.00 ",0
Lotto 6/42,13-08-42-03-02-15,7/14/2022," PHP 6,848,076.80 ",0
Lotto 6/42,41-32-31-04-08-38,7/16/2022," PHP 10,733,280.80 ",0
Lotto 6/42,18-09-16-12-36-14,7/19/2022," PHP 14,283,746.80 ",0
Lotto 6/42,40-19-16-07-10-21,7/21/2022," PHP 18,367,924.00 ",0
Lotto 6/42,17-11-23-21-05-25,7/23/2022," PHP 23,061,318.00 ",2
Lotto 6/42,24-30-32-37-02-05,7/26/2022," PHP 5,940,000.00 ",0
Lotto 6/42,37-22-25-08-26-15,7/28/2022," PHP 6,627,802.60 ",0
Lotto 6/42,14-33-32-11-12-15,7/30/2022," PHP 10,233,856.00 ",0
Lotto 6/42,01-14-26-29-27-18,8/2/2022," PHP 13,796,166.60 ",0
Lotto 6/42,29-32-12-23-01-21,8/4/2022," PHP 18,013,724.80 ",0
Lotto 6/42,04-31-37-20-05-39,8/6/2022," PHP 22,414,970.60 ",0
Lotto 6/42,42-19-15-40-03-33,8/9/2022," PHP 26,895,199.20 ",0
Lotto 6/42,42-18-26-35-02-19,8/11/2022," PHP 32,075,959.80 ",1
Lotto 6/42,26-12-20-24-39-41,8/13/2022," PHP 5,940,000.00 ",1
Lotto 6/42,13-19-12-05-08-25,8/16/2022," PHP 5,940,000.00 ",0
Lotto 6/42,25-33-12-07-05-18,8/18/2022," PHP 6,567,885.60 ",0
Lotto 6/42,35-01-34-18-28-31,8/20/2022," PHP 10,196,551.40 ",0
Lotto 6/42,36-14-28-12-23-33,8/23/2022," PHP 13,212,554.00 ",0
Lotto 6/42,01-42-40-20-25-16,8/25/2022," PHP 16,934,604.00 ",0
Lotto 6/42,21-25-33-32-18-23,8/27/2022," PHP 21,054,373.60 ",0
Lotto 6/42,27-33-22-11-25-38,8/30/2022," PHP 24,881,350.80 ",0
Lotto 6/42,15-36-07-10-18-06,9/1/2022," PHP 29,239,676.40 ",0
Lotto 6/42,40-42-03-41-19-14,9/3/2022," PHP 33,433,506.80 ",0
Lotto 6/42,04-36-13-42-30-21,9/6/2022," PHP 37,580,623.60 ",0
Lotto 6/42,27-41-31-35-33-36,9/8/2022," PHP 42,150,882.40 ",0
Lotto 6/42,31-11-02-23-19-34,9/10/2022," PHP 46,993,787.60 ",0
Lotto 6/42,40-15-35-20-28-23,9/13/2022," PHP 51,634,456.00 ",0
Lotto 6/42,32-23-41-04-25-21,9/15/2022," PHP 56,654,977.20 ",1
Lotto 6/42,10-09-03-30-38-32,9/17/2022," PHP 5,940,000.00 ",0
Lotto 6/42,10-09-03-30-38-32,9/17/2022," PHP 5,940,000.00 ",0
Lotto 6/42,31-27-17-21-18-09,9/20/2022," PHP 6,713,559.40 ",0
Lotto 6/42,17-23-35-18-24-19,9/22/2022," PHP 10,004,965.60 ",0
Lotto 6/42,14-05-27-15-24-13,9/24/2022," PHP 13,827,534.00 ",0
Lotto 6/42,32-22-19-20-11-27,9/27/2022," PHP 16,857,699.00 ",0
Lotto 6/42,26-40-37-38-34-17,9/29/2022," PHP 20,521,016.80 ",0
Lotto 6/42,37-42-14-09-13-04,10/1/2022," PHP 24,908,649.60 ",0
Lotto 6/42,40-38-35-32-29-06,10/4/2022," PHP 28,682,317.60 ",0
Lotto 6/42,10-09-14-16-28-39,10/6/2022," PHP 32,944,153.80 ",0
Lotto 6/42,39-42-23-33-32-12,10/8/2022," PHP 38,200,752.40 ",1
Lotto 6/42,02-08-23-40-21-06,10/11/2022," PHP 5,940,000.00 ",0
Lotto 6/42,20-39-06-19-35-31,10/13/2022," PHP 6,324,328.40 ",0
Lotto 6/42,31-20-17-19-09-29,10/15/2022," PHP 9,986,152.00 ",0
Lotto 6/42,42-35-04-27-05-37,10/18/2022," PHP 13,183,447.20 ",0
Lotto 6/42,33-01-02-22-19-25,10/20/2022," PHP 16,856,614.40 ",0
Lotto 6/42,34-20-31-39-22-03,10/22/2022," PHP 21,034,188.00 ",0
Lotto 6/42,28-10-30-08-01-16,10/25/2022," PHP 24,684,429.00 ",1
Lotto 6/42,01-03-09-24-19-40,10/27/2022," PHP 5,940,000.00 ",0
Lotto 6/42,23-13-31-37-02-25,10/29/2022," PHP 5,940,000.00 ",0
Lotto 6/42,07-36-09-37-39-08,11/1/2022," PHP 8,000,922.60 ",0
Lotto 6/42,10-21-28-33-13-05,11/3/2022," PHP 11,502,315.20 ",0
Lotto 6/42,31-32-08-25-29-14,11/5/2022," PHP 15,395,114.80 ",1
Lotto 6/42,09-06-29-07-05-19,11/8/2022," PHP 5,940,000.00 ",2
Lotto 6/42,32-31-15-41-17-40,11/10/2022," PHP 5,940,000.00 ",0
Lotto 6/42,02-01-25-32-16-30,11/12/2022," PHP 6,669,768.20 ",0
Lotto 6/42,04-28-36-16-40-13,11/15/2022," PHP 9,754,195.00 ",0
Lotto 6/42,01-33-03-37-02-13,11/17/2022," PHP 13,460,781.00 ",0
Lotto 6/42,34-14-29-19-28-36,11/19/2022," PHP 17,259,657.80 ",0
Lotto 6/42,05-26-32-08-13-09,11/22/2022," PHP 20,909,088.40 ",0
Lotto 6/42,40-36-30-33-27-25,11/24/2022," PHP 24,981,969.40 ",0
Lotto 6/42,14-42-28-20-37-26,11/26/2022," PHP 29,348,859.40 ",0
Lotto 6/42,15-37-19-38-16-18,11/29/2022," PHP 33,823,987.60 ",0
Lotto 6/42,24-03-18-20-28-04,12/1/2022," PHP 39,292,522.80 ",1
Lotto 6/42,19-32-22-34-10-09,12/3/2022," PHP 5,940,000.00 ",0
Lotto 6/42,08-19-29-25-02-41,12/6/2022," PHP 7,176,331.60 ",0
Lotto 6/42,11-39-10-09-22-29,12/8/2022," PHP 10,897,597.60 ",0
Lotto 6/42,15-07-28-16-13-04,12/10/2022," PHP 14,741,109.20 ",0
Lotto 6/42,03-33-34-02-30-31,12/13/2022," PHP 18,785,433.80 ",0
Lotto 6/42,18-28-01-27-21-29,12/15/2022," PHP 23,965,057.00 ",0
Lotto 6/42,03-17-38-23-41-04,12/17/2022," PHP 28,599,972.00 ",0
Lotto 6/42,42-13-09-15-24-32,12/20/2022," PHP 33,742,504.20 ",0
Lotto 6/42,08-41-33-16-05-19,12/22/2022," PHP 40,430,571.80 ",0
Lotto 6/42,42-17-04-40-08-09,12/24/2022," PHP 43,809,512.00 ",0
Lotto 6/42,37-16-26-03-42-10,12/27/2022," PHP 50,129,894.00 ",0
Lotto 6/42,27-05-26-31-19-09,12/29/2022," PHP 58,430,935.80 ",1
Lotto 6/42,01-21-27-03-07-17,12/31/2022," PHP 5,940,000.00 ",0
Lotto 6/42,40-25-28-13-36-39,1/3/2023," PHP 6,890,530.20 ",0
Lotto 6/42,36-37-32-15-39-09,1/5/2023," PHP 11,006,275.20 ",0
Lotto 6/42,18-13-39-35-06-05,1/7/2023," PHP 15,660,874.80 ",0
Lotto 6/42,16-08-01-29-04-26,1/10/2023," PHP 20,045,611.60 ",0
Lotto 6/42,07-42-20-05-33-31,1/12/2023," PHP 24,919,457.00 ",0
Lotto 6/42,41-12-31-37-34-05,1/14/2023," PHP 30,382,081.40 ",0
Lotto 6/42,34-24-02-06-33-07,1/17/2023," PHP 35,314,806.60 ",1
Lotto 6/42,23-05-29-01-31-11,1/19/2023," PHP 5,940,000.00 ",0
Lotto 6/42,15-19-25-09-32-11,1/21/2023," PHP 7,947,435.00 ",0
Lotto 6/42,14-40-30-35-42-03,1/24/2023," PHP 11,660,311.60 ",0
Lotto 6/42,05-12-18-24-04-17,1/26/2023," PHP 16,101,832.80 ",0
Lotto 6/42,14-01-26-37-20-23,1/28/2023," PHP 20,815,329.80 ",0
Lotto 6/42,31-41-29-25-20-08,1/31/2023," PHP 25,490,659.00 ",1
Lotto 6/42,02-27-16-29-04-19,2/2/2023," PHP 5,940,000.00 ",1
Lotto 6/42,24-30-01-27-04-23,2/4/2023," PHP 5,940,000.00 ",0
Lotto 6/42,30-21-14-27-22-42,2/7/2023," PHP 7,356,078.20 ",0
Lotto 6/42,21-18-28-20-26-17,2/9/2023," PHP 11,233,506.20 ",0
Lotto 6/42,01-35-21-39-34-19,2/11/2023," PHP 15,611,420.60 ",0
Lotto 6/42,26-16-13-10-39-19,2/14/2023," PHP 19,433,863.40 ",0
Lotto 6/42,42-31-38-35-02-27,2/16/2023," PHP 23,957,900.80 ",0
Lotto 6/42,20-25-21-33-39-36,2/18/2023," PHP 28,649,604.60 ",0
Lotto 6/42,36-16-39-30-41-03,2/21/2023," PHP 33,547,590.80 ",0
Lotto 6/42,26-02-20-41-21-40,2/23/2023," PHP 39,442,156.20 ",0
Lotto 6/42,37-32-28-09-34-19,2/25/2023," PHP 44,794,007.60 ",0
Lotto 6/42,26-14-11-08-07-22,2/28/2023," PHP 50,796,013.00 ",1
Lotto 6/42,21-09-23-28-19-36,3/2/2023," PHP 5,940,000.00 ",0
Lotto 6/42,03-06-26-37-35-18,3/4/2023," PHP 8,149,079.40 ",0
Lotto 6/42,34-42-03-07-16-05,3/7/2023," PHP 11,828,465.80 ",0
Lotto 6/42,06-18-26-29-17-11,3/9/2023," PHP 16,319,245.20 ",1
Lotto 6/42,03-09-12-33-22-18,3/11/2023," PHP 5,940,000.00 ",0
Lotto 6/42,30-38-02-36-29-13,3/14/2023," PHP 7,444,988.60 ",0
Lotto 6/42,15-18-21-17-34-35,3/16/2023," PHP 11,515,675.00 ",0
Lotto 6/42,37-34-35-13-08-12,3/18/2023," PHP 15,912,672.80 ",0
Lotto 6/42,03-02-13-19-23-24,3/21/2023," PHP 19,990,569.20 ",0
Lotto 6/42,33-16-05-22-15-37,3/23/2023," PHP 25,115,145.60 ",0
Lotto 6/42,20-33-17-39-34-07,3/25/2023," PHP 30,199,891.40 ",0
Lotto 6/42,05-35-42-02-22-20,3/28/2023," PHP 35,308,795.60 ",0
Lotto 6/42,13-38-37-22-20-42,3/30/2023," PHP 41,254,992.20 ",0
Lotto 6/42,25-03-40-13-10-31,4/1/2023," PHP 47,492,279.80 ",0
Lotto 6/42,42-04-33-37-16-36,4/4/2023," PHP 53,799,153.40 ",0
Lotto 6/42,24-34-07-16-31-33,4/11/2023," PHP 60,503,890.80 ",0
Lotto 6/42,42-30-05-19-04-37,4/13/2023," PHP 66,941,266.00 ",0
Lotto 6/42,23-19-24-42-13-16,4/15/2023," PHP 74,355,879.40 ",0
Lotto 6/42,42-21-01-36-23-37,4/18/2023," PHP 82,139,803.60 ",2
Lotto 6/42,35-39-16-01-34-17,4/20/2023," PHP 5,940,000.00 ",0
Lotto 6/42,18-40-03-15-24-27,4/22/2023," PHP 7,432,460.20 ",0
Lotto 6/42,40-16-24-03-02-05,4/25/2023," PHP 10,747,794.60 ",0
Lotto 6/42,42-11-35-36-38-09,4/27/2023," PHP 14,634,440.00 ",0
Lotto 6/42,31-27-24-20-08-13,4/29/2023," PHP 18,825,922.80 ",0
Lotto 6/42,11-42-28-06-08-32,5/2/2023," PHP 23,020,467.80 ",0
Lotto 6/42,06-01-04-11-19-22,5/4/2023," PHP 28,224,209.80 ",0
Lotto 6/42,26-02-24-35-04-28,5/6/2023," PHP 33,195,168.80 ",0
Lotto 6/42,23-19-24-11-31-41,5/9/2023," PHP 37,982,691.40 ",0
Lotto 6/42,36-07-19-26-08-01,5/11/2023," PHP 44,070,179.40 ",1
Lotto 6/42,13-22-02-33-38-09,5/13/2023," PHP 5,940,000.00 ",0
Lotto 6/42,25-41-28-04-09-01,5/16/2023," PHP 7,323,046.00 ",0
Lotto 6/42,15-05-41-21-01-27,5/18/2023," PHP 11,141,838.60 ",0
Lotto 6/42,21-39-22-18-02-36,5/20/2023," PHP 15,393,333.20 ",0
Lotto 6/42,41-16-36-22-24-37,5/23/2023," PHP 19,162,515.20 ",0
Lotto 6/42,35-15-41-18-37-21,5/25/2023," PHP 23,234,133.20 ",0
Lotto 6/42,23-38-37-34-05-21,5/27/2023," PHP 27,965,455.00 ",0
Lotto 6/42,39-15-08-07-19-27,5/30/2023," PHP 32,169,509.20 ",0
Lotto 6/42,26-06-37-29-23-40,6/1/2023," PHP 37,029,943.00 ",0
Lotto 6/42,10-03-12-20-07-28,6/3/2023," PHP 42,751,862.80 ",2
Lotto 6/42,24-30-25-03-15-04,6/6/2023," PHP 5,940,000.00 ",0
Lotto 6/42,06-11-36-41-40-07,6/8/2023," PHP 7,275,065.00 ",0
Lotto 6/42,12-37-38-19-39-21,6/10/2023," PHP 11,161,496.80 ",0
Lotto 6/42,36-16-08-32-09-40,6/13/2023," PHP 14,897,350.40 ",0
Lotto 6/42,02-29-10-27-26-14,6/15/2023," PHP 19,503,581.40 ",0
Lotto 6/42,10-08-21-13-35-26,6/17/2023," PHP 24,296,322.20 ",0
Lotto 6/42,14-21-08-36-23-10,6/20/2023," PHP 29,046,723.00 ",0
Lotto 6/42,19-26-32-09-38-31,6/22/2023," PHP 34,824,573.80 ",0
Lotto 6/42,27-15-06-37-20-33,6/24/2023," PHP 40,498,573.20 ",0
Lotto 6/42,28-27-20-19-16-39,6/27/2023," PHP 46,545,659.20 ",0
Lotto 6/42,06-38-09-18-04-37,6/29/2023," PHP 53,962,120.20 ",0
Lotto 6/42,18-25-12-14-13-22,7/1/2023," PHP 61,234,178.20 ",1
Lotto 6/42,10-19-31-27-18-25,7/4/2023," PHP 5,940,000.00 ",1
Lotto 6/42,39-05-29-08-33-41,7/6/2023," PHP 5,940,000.00 ",0
Lotto 6/42,03-28-12-26-08-21,7/8/2023," PHP 7,656,441.80 ",1
Lotto 6/42,23-07-36-19-21-41,7/11/2023," PHP 5,940,000.00 ",0
Lotto 6/42,14-38-36-10-02-13,7/13/2023," PHP 6,389,050.60 ",0
Lotto 6/42,36-16-18-35-05-39,7/15/2023," PHP 10,393,564.60 ",0
Lotto 6/42,04-14-18-36-27-07,7/18/2023," PHP 14,002,606.40 ",0
Lotto 6/42,28-23-22-18-19-36,7/20/2023," PHP 18,132,604.20 ",0
Lotto 6/42,14-27-19-26-08-38,7/22/2023," PHP 22,821,402.20 ",1
Lotto 6/42,07-12-13-37-36-29,7/25/2023," PHP 5,940,000.00 ",0
Lotto 6/42,19-29-12-05-13-34,7/27/2023," PHP 6,446,797.40 ",0
Lotto 6/42,21-13-08-28-12-41,7/29/2023," PHP 9,965,962.00 ",0
Lotto 6/42,25-33-06-42-40-35,8/1/2023," PHP 13,690,185.60 ",0
Lotto 6/42,21-16-14-29-06-22,8/3/2023," PHP 18,307,868.20 ",0
Lotto 6/42,34-35-24-20-36-39,8/5/2023," PHP 22,896,342.80 ",1
Lotto 6/42,14-24-36-37-23-41,8/8/2023," PHP 5,940,000.00 ",0
Lotto 6/42,15-05-31-18-04-26,8/10/2023," PHP 6,746,203.00 ",0
Lotto 6/42,36-10-24-31-13-12,8/12/2023," PHP 10,518,904.20 ",0
Lotto 6/42,22-17-13-20-18-01,8/15/2023," PHP 14,070,525.20 ",0
Lotto 6/42,27-10-36-09-22-07,8/17/2023," PHP 18,611,973.40 ",1
Lotto 6/42,35-08-24-39-25-30,8/19/2023," PHP 5,940,000.00 ",0
Lotto 6/42,21-18-10-24-14-38,8/22/2023," PHP 6,796,188.00 ",0
Lotto 6/42,19-31-36-08-21-38,8/24/2023," PHP 10,410,422.60 ",0
Lotto 6/42,12-32-41-23-40-22,8/26/2023," PHP 14,187,192.40 ",0
Lotto 6/42,01-04-15-10-34-39,8/29/2023," PHP 17,785,004.00 ",0
Lotto 6/42,10-29-06-07-11-21,8/31/2023," PHP 22,056,462.80 ",0
Lotto 6/42,29-11-32-34-23-22,9/2/2023," PHP 26,517,289.80 ",0
Lotto 6/42,32-21-27-25-13-40,9/5/2023," PHP 31,058,851.40 ",0
Lotto 6/42,03-31-15-19-10-27,9/7/2023," PHP 36,257,127.40 ",1
Lotto 6/42,19-11-09-03-41-35,9/9/2023," PHP 5,940,000.00 ",0
Lotto 6/42,17-14-03-26-33-05,9/12/2023," PHP 7,058,280.20 ",0
Lotto 6/42,06-27-03-13-35-04,9/14/2023," PHP 10,586,627.00 ",0
Lotto 6/42,30-39-04-32-42-29,9/16/2023," PHP 14,713,518.60 ",0
Lotto 6/42,33-34-24-04-11-05,9/19/2023," PHP 18,121,104.20 ",0
Lotto 6/42,25-10-14-17-19-42,9/21/2023," PHP 21,966,450.20 ",1
Lotto 6/42,13-36-27-38-15-22,9/23/2023," PHP 5,940,000.00 ",0
Lotto 6/42,08-32-34-28-10-35,9/26/2023," PHP 6,657,027.20 ",0
Lotto 6/42,42-11-20-28-22-05,9/28/2023," PHP 9,823,403.20 ",0
Lotto 6/42,38-10-29-32-39-42,9/30/2023," PHP 14,014,890.40 ",0
Lotto 6/42,05-10-42-08-13-20,10/3/2023," PHP 17,407,569.20 ",0
Lotto 6/42,25-24-26-35-21-42,10/5/2023," PHP 21,249,596.40 ",0
Lotto 6/42,42-28-21-38-08-17,10/7/2023," PHP 25,911,745.20 ",0
Lotto 6/42,39-13-41-04-01-03,10/10/2023," PHP 29,940,313.00 ",0
Lotto 6/42,13-41-06-25-34-42,10/12/2023," PHP 34,562,804.20 ",1
Lotto 6/42,23-16-26-37-25-41,10/14/2023," PHP 5,940,000.00 ",0
Lotto 6/42,38-14-22-21-40-30,10/17/2023," PHP 7,176,994.40 ",0
Lotto 6/42,11-08-25-05-34-16,10/19/2023," PHP 10,911,401.20 ",0
Lotto 6/42,03-22-02-17-14-39,10/21/2023," PHP 15,027,455.60 ",0
Lotto 6/42,31-05-34-11-36-20,10/24/2023," PHP 18,957,242.60 ",0
Lotto 6/42,33-04-37-27-16-35,10/26/2023," PHP 23,994,560.20 ",0
Lotto 6/42,05-32-24-04-18-22,10/28/2023," PHP 28,824,637.40 ",0
Lotto 6/42,03-09-36-40-29-41,10/31/2023," PHP 89,000,000.00 ",0
Lotto 6/42,29-05-38-01-33-27,11/2/2023," PHP 94,859,856.20 ",0
Lotto 6/42,07-34-11-26-05-06,11/4/2023," PHP 102,254,379.40 ",1
Lotto 6/42,29-37-26-21-17-08,11/7/2023," PHP 5,940,000.00 ",0
Lotto 6/42,39-07-38-16-05-03,11/9/2023," PHP 6,991,276.40 ",0
Lotto 6/42,03-28-17-11-26-16,11/11/2023," PHP 10,874,702.20 ",1
Lotto 6/42,01-12-21-28-08-18,11/14/2023," PHP 5,940,000.00 ",1
Lotto 6/42,31-14-38-10-22-13,11/16/2023," PHP 5,940,000.00 ",0
Lotto 6/42,18-21-20-36-35-07,11/18/2023," PHP 7,688,392.80 ",0
Lotto 6/42,25-03-39-27-08-35,11/21/2023," PHP 11,191,065.00 ",0
Lotto 6/42,06-18-32-31-26-14,11/23/2023," PHP 15,274,031.00 ",0
Lotto 6/42,32-33-39-07-25-08,11/25/2023," PHP 19,634,578.60 ",0
Lotto 6/42,37-35-41-05-23-07,11/28/2023," PHP 23,680,623.20 ",0
Lotto 6/42,36-38-29-37-41-30,11/30/2023," PHP 28,612,882.60 ",1
Lotto 6/42,29-26-30-22-31-15,12/2/2023," PHP 5,940,000.00 ",0
Lotto 6/42,16-10-40-25-41-19,12/5/2023," PHP 7,704,008.80 ",0
Lotto 6/42,33-16-18-12-11-02,12/7/2023," PHP 12,033,071.20 ",0
Lotto 6/42,25-12-02-15-26-01,12/9/2023," PHP 16,640,656.60 ",1
Lotto 6/42,04-17-05-02-22-42,12/12/2023," PHP 5,940,000.00 ",0
Lotto 6/42,03-05-10-13-11-18,12/14/2023," PHP 7,748,575.20 ",0
Lotto 6/42,38-42-14-34-27-31,12/16/2023," PHP 12,277,242.80 ",0
Lotto 6/42,32-05-23-31-21-06,12/19/2023," PHP 16,945,607.40 ",0
Lotto 6/42,41-07-23-30-13-20,12/21/2023," PHP 23,618,598.60 ",0
Lotto 6/42,33-11-38-37-32-06,12/23/2023," PHP 30,012,060.40 ",0
Lotto 6/42,07-32-17-01-08-09,12/26/2023," PHP 35,642,417.20 ",0
Lotto 6/42,18-34-01-11-28-04,12/28/2023," PHP 43,882,361.60 ",1
Lotto 6/42,12-09-18-11-05-35,12/30/2023," PHP 100,000,000.00 ",0
Lotto 6/42,04-22-07-10-29-14,1/2/2024," PHP 108,072,834.00 ",3
Lotto 6/42,22-16-09-01-42-10,1/4/2024," PHP 5,940,000.00 ",0
Lotto 6/42,10-30-34-09-14-21,1/6/2024," PHP 11,505,024.00 ",0
Lotto 6/42,04-39-23-19-17-36,1/9/2024," PHP 16,813,380.40 ",1
Lotto 6/42,20-05-34-09-26-19,1/11/2024," PHP 5,940,000.00 ",0
Lotto 6/42,42-30-17-04-15-14,1/13/2024," PHP 11,275,227.40 ",0
Lotto 6/42,03-29-18-30-07-22,1/16/2024," PHP 16,483,126.00 ",0
Lotto 6/42,41-08-06-03-10-04,1/18/2024," PHP 23,352,786.80 ",0
Lotto 6/42,10-04-42-28-33-24,1/20/2024," PHP 29,725,174.40 ",0
Lotto 6/42,06-20-24-13-15-37,1/23/2024," PHP 35,671,619.80 ",0
Lotto 6/42,31-28-05-26-10-40,1/25/2024," PHP 42,814,945.60 ",0
Lotto 6/42,42-14-25-36-31-40,1/27/2024," PHP 49,942,011.20 ",0
Lotto 6/42,38-20-19-04-16-40,1/30/2024," PHP 56,638,411.00 ",1
Lotto 6/42,03-31-14-19-35-13,2/1/2024," PHP 5,940,000.00 ",1
Lotto 6/42,09-18-33-26-23-04,2/3/2024," PHP 5,940,000.00 ",0
Lotto 6/42,27-23-31-20-14-28,2/6/2024," PHP 7,341,411.40 ",1
Lotto 6/42,27-02-20-22-23-10,2/8/2024," PHP 5,940,000.00 ",2
Lotto 6/42,13-11-37-07-16-27,2/10/2024," PHP 5,940,000.00 ",0
Lotto 6/42,19-31-11-23-13-17,2/13/2024," PHP 7,083,788.60 ",1
Lotto 6/42,09-38-28-22-04-20,2/15/2024," PHP 5,940,000.00 ",0
Lotto 6/42,29-14-13-05-09-18,2/17/2024," PHP 7,488,195.20 ",0
Lotto 6/42,22-17-01-29-11-16,2/20/2024," PHP 10,990,641.60 ",1
Lotto 6/42,05-21-17-36-22-07,2/22/2024," PHP 5,940,000.00 ",0
Lotto 6/42,32-12-27-40-01-19,2/24/2024," PHP 7,433,279.40 ",0
Lotto 6/42,41-26-32-40-31-39,2/27/2024," PHP 10,877,076.20 ",0
Lotto 6/42,05-21-03-33-30-41,2/29/2024," PHP 15,019,736.80 ",1
Lotto 6/42,17-02-04-03-36-35,3/2/2024," PHP 5,940,000.00 ",0
Lotto 6/42,03-24-40-18-35-41,3/5/2024," PHP 6,911,094.60 ",0
Lotto 6/42,12-29-28-37-03-10,3/7/2024," PHP 10,592,207.40 ",0
Lotto 6/42,17-21-12-24-30-02,3/9/2024," PHP 14,652,151.40 ",1
Lotto 6/42,08-05-23-34-20-28,3/12/2024," PHP 5,940,000.00 ",0
Lotto 6/42,30-09-07-41-33-32,3/14/2024," PHP 6,235,745.00 ",0
Lotto 6/42,30-15-22-31-17-28,3/16/2024," PHP 9,756,455.60 ",0
Lotto 6/42,18-27-07-14-11-09,3/19/2024," PHP 12,938,209.60 ",1
Lotto 6/42,09-07-12-13-10-14,3/21/2024," PHP 5,940,000.00 ",0
Lotto 6/42,31-39-22-04-37-35,3/23/2024," PHP 6,533,007.80 ",0
Lotto 6/42,17-23-30-27-40-12,3/26/2024," PHP 9,522,382.20 ",0
Lotto 6/42,01-24-33-21-42-09,4/2/2024," PHP 12,810,391.40 ",0
Lotto 6/42,26-36-31-40-39-06,4/4/2024," PHP 16,401,481.80 ",0
Lotto 6/42,28-06-08-33-03-25,4/6/2024," PHP 20,376,806.40 ",0
Lotto 6/42,28-37-06-05-12-18,4/9/2024," PHP 24,266,104.40 ",1
Lotto 6/42,08-12-42-02-37-41,4/11/2024," PHP 5,940,000.00 ",0
Lotto 6/42,26-42-40-33-13-39,4/13/2024," PHP 6,656,665.00 ",0
Lotto 6/42,31-35-18-26-34-41,4/16/2024," PHP 9,781,677.60 ",0
Lotto 6/42,04-28-35-15-10-18,4/18/2024," PHP 13,359,290.40 ",0
Lotto 6/42,26-39-40-31-29-14,4/20/2024," PHP 17,325,372.20 ",0
Lotto 6/42,36-34-14-08-23-31,4/23/2024," PHP 20,833,838.40 ",0
Lotto 6/42,08-14-41-37-31-35,4/25/2024," PHP 24,852,065.60 ",0
Lotto 6/42,19-13-06-10-02-30,4/27/2024," PHP 29,251,276.60 ",0
Lotto 6/42,41-37-10-05-24-08,4/30/2024," PHP 33,277,262.20 ",0
Lotto 6/42,02-39-04-23-01-25,5/2/2024," PHP 38,018,083.40 ",0
Lotto 6/42,05-37-41-30-38-16,5/4/2024," PHP 43,423,295.80 ",0
Lotto 6/42,25-07-05-04-09-02,5/7/2024," PHP 48,422,215.40 ",0
Lotto 6/42,15-06-33-18-16-13,5/9/2024," PHP 54,456,731.00 ",0
Lotto 6/42,10-22-14-24-17-36,5/11/2024," PHP 60,816,651.80 ",0
Lotto 6/42,26-36-39-17-19-15,5/14/2024," PHP 67,515,447.60 ",0
Lotto 6/42,11-23-05-22-24-03,5/16/2024," PHP 74,759,118.80 ",1
Lotto 6/42,36-25-39-08-24-10,5/18/2024," PHP 5,940,000.00 ",0
Lotto 6/42,34-39-11-10-36-09,5/21/2024," PHP 6,519,974.00 ",0
Lotto 6/42,21-24-26-29-38-37,5/23/2024," PHP 9,822,688.60 ",0
Lotto 6/42,03-39-20-36-17-35,5/25/2024," PHP 13,279,937.60 ",0
Lotto 6/42,33-07-12-38-09-01,5/28/2024," PHP 16,703,853.80 ",0
Lotto 6/42,33-22-21-04-34-32,5/30/2024," PHP 20,514,547.80 ",0
Lotto 6/42,22-25-36-16-06-02,6/1/2024," PHP 24,919,744.40 ",0
Lotto 6/42,16-42-41-11-38-33,6/4/2024," PHP 29,076,192.00 ",0
Lotto 6/42,05-17-23-22-25-13,6/6/2024," PHP 33,299,521.20 ",0
Lotto 6/42,27-22-35-33-21-36,6/8/2024," PHP 38,497,748.80 ",0
Lotto 6/42,31-24-07-27-26-08,6/11/2024," PHP 43,122,562.20 ",0
Lotto 6/42,09-37-28-06-11-30,6/13/2024," PHP 48,048,418.60 ",0
Lotto 6/42,14-36-22-16-07-13,6/15/2024," PHP 53,699,200.00 ",0
Lotto 6/42,06-37-29-03-38-19,6/18/2024," PHP 58,728,259.20 ",0
Lotto 6/42,07-16-15-12-18-35,6/20/2024," PHP 64,304,470.00 ",0
Lotto 6/42,40-11-25-07-27-30,6/22/2024," PHP 70,440,258.20 ",1
Lotto 6/42,29-40-01-11-31-06,6/25/2024," PHP 5,940,000.00 ",0
Lotto 6/42,27-20-33-21-25-18,6/27/2024," PHP 6,094,640.80 ",0
Lotto 6/42,42-34-19-04-40-28,6/29/2024," PHP 9,515,634.60 ",0
Lotto 6/42,21-02-30-20-41-03,7/2/2024," PHP 12,588,144.00 ",0
Lotto 6/42,35-12-16-30-17-03,7/4/2024," PHP 16,035,120.80 ",0
Lotto 6/42,08-32-03-12-33-29,7/6/2024," PHP 19,961,858.80 ",0
Lotto 6/42,12-40-35-32-41-16,7/9/2024," PHP 23,514,246.20 ",0
Lotto 6/42,41-36-08-07-11-23,7/11/2024," PHP 27,450,306.20 ",1
Lotto 6/42,08-20-41-30-12-23,7/13/2024," PHP 5,940,000.00 ",0
Lotto 6/42,34-19-32-17-03-06,7/16/2024," PHP 6,122,620.00 ",0
Lotto 6/42,27-25-11-40-18-19,7/18/2024," PHP 9,232,098.20 ",0
Lotto 6/42,27-23-17-41-15-29,7/20/2024," PHP 12,725,157.60 ",1
Lotto 6/42,25-07-19-13-20-41,7/23/2024," PHP 5,940,000.00 ",0
Lotto 6/42,33-16-31-18-29-12,7/25/2024," PHP 5,940,000.00 ",0
Lotto 6/42,21-35-40-08-28-42,7/27/2024," PHP 8,312,777.40 ",0
Lotto 6/42,33-38-03-34-05-42,7/30/2024," PHP 11,274,120.80 ",0
Lotto 6/42,03-15-11-17-19-13,8/1/2024," PHP 14,733,011.60 ",1
Lotto 6/42,35-32-07-05-11-23,8/3/2024," PHP 5,940,000.00 ",0
Lotto 6/42,29-11-04-31-16-14,8/6/2024," PHP 5,940,000.00 ",0
Lotto 6/42,12-11-08-17-37-41,8/8/2024," PHP 8,972,245.60 ",0
Lotto 6/42,23-31-41-08-40-06,8/10/2024," PHP 12,349,317.20 ",0
Lotto 6/42,21-03-13-32-33-19,8/13/2024," PHP 15,597,394.60 ",0
Lotto 6/42,21-11-30-16-19-03,8/15/2024," PHP 19,630,380.00 ",1
Lotto 6/42,11-41-07-06-42-24,8/17/2024," PHP 5,940,000.00 ",0
Lotto 6/42,40-24-30-03-26-41,8/20/2024," PHP 5,972,481.20 ",0
Lotto 6/42,06-24-25-28-02-16,8/22/2024," PHP 9,045,796.60 ",1
Lotto 6/42,26-40-17-32-20-19,8/24/2024," PHP 5,940,000.00 ",0
Lotto 6/42,09-03-31-12-41-23,8/27/2024," PHP 5,940,000.00 ",0
Lotto 6/42,28-21-36-09-04-17,8/29/2024," PHP 8,737,975.20 ",0
Lotto 6/42,27-22-24-08-28-09,8/31/2024," PHP 12,318,333.00 ",0
Lotto 6/42,11-27-37-20-39-19,9/3/2024," PHP 15,343,853.60 ",0
Lotto 6/42,13-11-30-23-21-07,9/5/2024," PHP 18,683,725.20 ",1
Lotto 6/42,36-29-10-40-30-05,9/7/2024," PHP 5,940,000.00 ",0
Lotto 6/42,33-32-42-26-18-14,9/10/2024," PHP 6,018,158.60 ",0
Lotto 6/42,07-42-38-28-17-41,9/12/2024," PHP 8,976,466.20 ",0
Lotto 6/42,26-15-29-09-38-25,9/14/2024," PHP 12,530,792.60 ",0
Lotto 6/42,23-42-03-16-25-40,9/17/2024," PHP 15,628,343.60 ",0
Lotto 6/42,05-26-02-21-08-27,9/19/2024," PHP 19,033,913.00 ",1
Lotto 6/42,20-10-14-23-03-38,9/21/2024," PHP 5,940,000.00 ",0
Lotto 6/42,08-16-19-34-04-38,9/24/2024," PHP 5,940,000.00 ",0
Lotto 6/42,34-11-32-41-13-39,9/26/2024," PHP 8,807,065.60 ",0
Lotto 6/42,12-33-42-30-18-37,9/28/2024," PHP 12,309,643.00 ",0
Lotto 6/42,23-25-29-39-41-34,10/1/2024," PHP 15,543,772.60 ",0
Lotto 6/42,28-19-35-41-25-03,10/3/2024," PHP 19,593,915.60 ",0
Lotto 6/42,20-39-22-07-09-01,10/5/2024," PHP 23,586,438.40 ",0
Lotto 6/42,38-18-17-41-40-08,10/8/2024," PHP 27,484,056.40 ",0
Lotto 6/42,25-02-42-05-38-06,10/10/2024," PHP 32,189,447.00 ",0
Lotto 6/42,28-36-12-14-21-22,10/12/2024," PHP 36,652,844.00 ",0
Lotto 6/42,14-06-24-23-18-20,10/15/2024," PHP 41,100,807.80 ",0
Lotto 6/42,20-04-30-01-09-07,10/17/2024," PHP 46,546,547.80 ",1
Lotto 6/42,04-19-29-11-10-03,10/19/2024," PHP 5,940,000.00 ",1
Lotto 6/42,29-04-11-09-10-25,10/22/2024," PHP 5,940,000.00 ",0
Lotto 6/42,33-06-18-02-25-31,10/24/2024," PHP 5,940,000.00 ",0
Lotto 6/42,31-33-01-40-14-22,10/26/2024," PHP 7,828,321.00 ",0
Lotto 6/42,18-35-23-24-37-40,10/29/2024," PHP 90,000,000.00 ",0
Lotto 6/42,25-35-23-40-39-24,10/31/2024," PHP 95,568,954.40 ",0
Lotto 6/42,22-15-14-10-02-21,11/2/2024," PHP 101,249,078.00 ",0
Lotto 6/42,22-24-10-34-02-35,11/5/2024," PHP 107,852,598.00 ",1
Lotto 6/42,40-02-33-21-14-36,11/7/2024," PHP 5,940,000.00 ",0
Lotto 6/42,37-06-07-18-09-27,11/9/2024," PHP 6,627,798.20 ",0
Lotto 6/42,27-17-29-09-08-32,11/12/2024," PHP 9,508,486.20 ",0
Lotto 6/42,05-07-37-19-12-10,11/14/2024," PHP 12,825,306.00 ",2
Lotto 6/42,41-25-15-16-34-02,11/16/2024," PHP 5,940,000.00 ",0
Lotto 6/42,21-06-07-02-09-12,11/19/2024," PHP 6,240,641.60 ",0
Lotto 6/42,03-30-27-17-29-20,11/21/2024," PHP 9,591,316.20 ",0
Lotto 6/42,18-02-40-42-26-14,11/23/2024," PHP 13,275,319.60 ",0
Lotto 6/42,19-06-28-31-32-20,11/26/2024," PHP 16,687,823.80 ",1
Lotto 6/42,39-26-15-24-21-08,11/28/2024," PHP 5,940,000.00 ",0
Lotto 6/42,33-03-35-24-39-01,11/30/2024," PHP 6,425,379.60 ",0
Lotto 6/42,27-38-26-04-39-19,12/3/2024," PHP 9,445,172.20 ",0
Lotto 6/42,17-21-13-35-41-26,12/5/2024," PHP 12,948,567.80 ",0
Lotto 6/42,28-29-06-05-37-13,12/7/2024," PHP 16,730,482.00 ",0
Lotto 6/42,10-05-33-04-24-29,12/10/2024," PHP 20,261,390.00 ",0
Lotto 6/42,31-24-33-18-36-40,12/12/2024," PHP 24,300,072.60 ",0
Lotto 6/42,33-25-19-05-24-22,12/14/2024," PHP 28,581,049.40 ",1
Lotto 6/42,37-33-20-14-41-21,12/17/2024," PHP 5,940,000.00 ",0
Lotto 6/42,33-04-31-38-39-16,12/19/2024," PHP 6,260,269.00 ",0
Lotto 6/42,42-27-12-08-38-18,12/21/2024," PHP 9,805,761.20 ",0
Lotto 6/42,29-32-31-07-16-19,12/24/2024," PHP 12,799,653.40 ",0
Lotto 6/42,05-12-23-19-34-25,12/26/2024," PHP 16,891,422.80 ",0
Lotto 6/42,13-15-41-16-12-23,12/28/2024," PHP 21,394,368.40 ",0
Lotto 6/42,27-26-09-41-19-20,12/31/2024," PHP 25,351,115.00 ",2
Lotto 6/42,37-41-05-33-42-40,1/2/2025," PHP 5,940,000.00 ",0
Lotto 6/42,24-41-02-36-06-05,1/4/2025," PHP 7,329,497.40 ",0
Lotto 6/42,25-37-09-41-20-34,1/7/2025," PHP 10,862,997.40 ",0
Lotto 6/42,25-04-16-32-22-34,1/9/2025," PHP 15,000,326.40 ",0
Lotto 6/42,09-38-23-12-32-29,1/11/2025," PHP 19,489,253.80 ",1
Lotto 6/42,16-12-31-34-03-37,1/14/2025," PHP 5,940,000.00 ",0
Lotto 6/42,32-25-38-42-40-34,1/16/2025," PHP 6,615,575.80 ",0
Lotto 6/42,09-13-40-42-14-33,1/18/2025," PHP 10,387,166.00 ",1
Lotto 6/42,29-19-35-30-12-15,1/21/2025," PHP 5,940,000.00 ",0
Lotto 6/42,20-27-40-16-19-12,1/23/2025," PHP 6,217,911.40 ",0
Lotto 6/42,10-12-26-15-27-11,1/25/2025," PHP 9,796,810.20 ",0
Lotto 6/42,10-22-31-28-11-14,1/28/2025," PHP 13,131,506.60 ",1
Lotto 6/42,42-04-22-28-31-12,1/30/2025," PHP 5,940,000.00 ",0
Lotto 6/42,08-29-18-15-38-27,2/1/2025," PHP 6,618,790.00 ",0
Lotto 6/42,33-19-29-21-04-22,2/4/2025," PHP 9,723,773.40 ",0
Lotto 6/42,36-06-13-12-23-37,2/6/2025," PHP 13,140,942.00 ",0
Lotto 6/42,28-34-42-05-17-41,2/8/2025," PHP 17,006,843.60 ",0
Lotto 6/42,36-09-13-17-19-24,2/11/2025," PHP 20,503,257.00 ",0
Lotto 6/42,37-05-25-31-18-02,2/13/2025," PHP 24,427,207.00 ",0
Lotto 6/42,08-14-32-33-02-12,2/15/2025," PHP 28,763,896.80 ",0
Lotto 6/42,18-31-09-27-19-01,2/18/2025," PHP 32,748,016.00 ",0
Lotto 6/42,26-29-01-11-31-36,2/20/2025," PHP 37,004,141.80 ",0
Lotto 6/42,41-35-03-20-27-09,2/22/2025," PHP 41,681,828.40 ",0
Lotto 6/42,34-22-29-35-31-17,2/25/2025," PHP 46,479,400.80 ",0
Lotto 6/42,12-36-26-25-37-10,2/27/2025," PHP 52,280,573.20 ",0
Lotto 6/42,33-22-31-04-36-07,3/1/2025," PHP 57,844,701.40 ",0
Lotto 6/42,12-35-41-25-16-40,3/4/2025," PHP 63,341,802.80 ",0
Lotto 6/42,35-42-07-34-03-41,3/6/2025," PHP 69,536,644.80 ",0
Lotto 6/42,30-10-22-35-01-40,3/8/2025," PHP 75,293,682.40 ",0
Lotto 6/42,13-06-09-21-35-08,3/11/2025," PHP 81,270,210.20 ",0
Lotto 6/42,01-35-12-30-42-21,3/13/2025," PHP 87,958,304.20 ",0
Lotto 6/42,41-04-21-22-17-01,3/15/2025," PHP 94,246,294.80 ",0
Lotto 6/42,19-02-21-13-16-22,3/18/2025," PHP 100,890,109.20 ",1
Lotto 6/42,02-14-36-03-15-33,3/20/2025," PHP 5,940,000.00 ",0
Lotto 6/42,07-32-18-27-12-10,3/22/2025," PHP 6,510,878.80 ",0
Lotto 6/42,14-36-35-21-40-10,3/25/2025," PHP 9,390,377.60 ",0
Lotto 6/42,30-16-37-35-05-31,3/27/2025," PHP 12,655,831.60 ",0
Lotto 6/42,21-02-08-07-05-37,3/29/2025," PHP 16,145,344.40 ",0
Lotto 6/42,23-05-39-11-02-07,4/1/2025," PHP 19,410,097.00 ",1
Lotto 6/42,42-14-16-39-27-15,4/3/2025," PHP 5,940,000.00 ",0
Lotto 6/42,11-10-05-42-24-39,4/5/2025," PHP 6,184,178.80 ",2
Lotto 6/42,41-28-03-20-35-25,4/8/2025," PHP 5,940,000.00 ",0
Lotto 6/42,38-41-29-06-16-25,4/10/2025," PHP 5,940,000.00 ",1
Lotto 6/42,27-10-18-25-22-06,4/12/2025," PHP 5,940,000.00 ",0
Lotto 6/42,24-06-29-41-01-07,4/15/2025," PHP 5,940,000.00 ",0
Lotto 6/42,40-13-35-36-12-14,4/22/2025," PHP 8,602,455.80 ",0
Lotto 6/42,12-11-37-34-26-13,4/24/2025," PHP 11,825,882.60 ",0
Lotto 6/42,04-30-40-03-18-38,4/26/2025," PHP 15,200,401.80 ",0
Lotto 6/42,31-13-17-25-28-35,4/29/2025," PHP 18,428,250.60 ",0
Lotto 6/42,40-11-34-42-08-19,5/1/2025," PHP 22,383,750.80 ",0
Lotto 6/42,30-11-18-34-15-31,5/3/2025," PHP 26,282,941.20 ",0
Lotto 6/42,40-14-09-24-39-06,5/6/2025," PHP 30,056,709.40 ",0
Lotto 6/42,15-39-21-40-16-27,5/8/2025," PHP 34,708,834.80 ",0
Lotto 6/42,38-42-12-01-32-11,5/10/2025," PHP 38,971,450.60 ",0
Lotto 6/42,12-09-15-16-24-20,5/13/2025," PHP 43,009,332.60 ",0
Lotto 6/42,22-14-24-21-08-06,5/15/2025," PHP 48,153,537.40 ",0
Lotto 6/42,15-32-14-28-13-08,5/17/2025," PHP 53,228,564.80 ",0
Lotto 6/42,34-20-23-16-13-03,5/20/2025," PHP 58,726,119.80 ",0
Lotto 6/42,18-39-17-35-29-38,5/22/2025," PHP 64,959,042.60 ",0
Lotto 6/42,42-22-10-40-24-35,5/24/2025," PHP 71,671,076.00 ",0
Lotto 6/42,07-23-21-15-02-42,5/27/2025," PHP 78,531,109.80 ",0
Lotto 6/42,12-27-31-10-24-14,5/29/2025," PHP 86,040,161.20 ",0
Lotto 6/42,42-41-33-17-03-36,5/31/2025," PHP 93,806,443.40 ",0
Lotto 6/42,05-22-14-03-23-11,6/3/2025," PHP 102,346,298.00 ",1
Lotto 6/42,10-40-34-12-36-16,6/5/2025," PHP 5,940,000.00 ",0
Lotto 6/42,21-22-32-33-31-03,6/7/2025," PHP 7,027,614.20 ",0
Lotto 6/42,25-09-33-10-20-30,6/10/2025," PHP 10,068,136.40 ",0
Lotto 6/42,05-13-14-30-25-42,6/12/2025," PHP 13,536,866.80 ",0
Lotto 6/42,26-05-01-20-09-37,6/14/2025," PHP 17,563,262.00 ",0
Lotto 6/42,06-30-17-41-04-18,6/17/2025," PHP 21,080,522.80 ",0
Lotto 6/42,02-14-16-28-22-30,6/19/2025," PHP 25,051,343.80 ",1
Lotto 6/42,11-17-30-31-04-33,6/21/2025," PHP 5,940,000.00 ",0
Lotto 6/42,24-31-13-22-09-37,6/24/2025," PHP 5,940,000.00 ",0
Lotto 6/42,25-02-23-18-05-24,6/26/2025," PHP 9,056,625.00 ",0
Lotto 6/42,26-11-03-20-36-29,6/28/2025," PHP 12,610,136.60 ",0
Lotto 6/42,34-22-28-11-37-17,7/1/2025," PHP 16,089,613.80 ",0
Lotto 6/42,34-02-17-35-20-05,7/3/2025," PHP 20,386,720.80 ",0
Lotto 6/42,26-18-16-34-03-35,7/5/2025," PHP 24,706,840.00 ",0
Lotto 6/42,18-23-34-05-09-12,7/8/2025," PHP 28,711,263.60 ",0
Lotto 6/42,15-23-07-22-08-21,7/10/2025," PHP 33,699,580.60 ",0
Lotto 6/42,39-33-40-10-20-22,7/12/2025," PHP 38,848,464.00 ",0
Lotto 6/42,09-15-39-01-42-27,7/15/2025," PHP 43,583,666.20 ",0
Lotto 6/42,33-31-19-37-21-41,7/17/2025," PHP 48,913,755.20 ",0
Lotto 6/42,11-38-40-27-06-01,7/19/2025," PHP 54,107,784.20 ",0
Lotto 6/42,24-31-35-39-04-14,7/22/2025," PHP 58,652,835.20 ",0
Lotto 6/42,24-34-32-09-21-16,7/24/2025," PHP 63,908,331.60 ",1
Lotto 6/42,33-10-37-23-11-17,7/26/2025," PHP 5,940,000.00 ",0
Lotto 6/42,25-33-05-21-06-03,7/29/2025," PHP 6,054,592.20 ",0
Lotto 6/42,24-40-03-09-36-07,7/31/2025," PHP 9,212,984.00 ",0
Lotto 6/42,23-31-21-29-06-37,8/2/2025," PHP 12,715,992.00 ",0
Lotto 6/42,03-31-06-28-04-23,8/5/2025," PHP 15,979,564.20 ",0
Lotto 6/42,36-41-33-05-25-01,8/7/2025," PHP 19,560,635.60 ",0
Lotto 6/42,09-13-36-18-27-34,8/9/2025," PHP 23,489,765.20 ",0
Lotto 6/42,13-30-11-36-27-42,8/12/2025," PHP 27,137,946.00 ",0
Lotto 6/42,16-20-30-38-24-32,8/14/2025," PHP 30,978,800.60 ",0
Lotto 6/42,13-08-29-03-41-36,8/16/2025," PHP 35,318,748.60 ",0
Lotto 6/42,24-28-26-05-35-20,8/19/2025," PHP 39,462,472.80 ",0
Lotto 6/42,25-27-08-39-35-40,8/21/2025," PHP 44,760,884.00 ",0
Lotto 6/42,28-01-39-40-26-16,8/23/2025," PHP 49,700,531.80 ",0
Lotto 6/42,01-36-17-35-42-19,8/26/2025," PHP 55,241,711.80 ",0
Lotto 6/42,02-03-10-15-26-33,8/28/2025," PHP 61,104,270.00 ",0
Lotto 6/42,08-19-27-13-11-21,8/30/2025," PHP 66,711,495.80 ",0
Lotto 6/42,40-14-16-29-35-18,9/2/2025," PHP 73,224,072.60 ",0
Lotto 6/42,24-38-18-30-09-27,9/4/2025," PHP 79,979,967.60 ",0
Lotto 6/42,08-39-07-38-02-09,9/6/2025," PHP 86,346,740.60 ",1
Lotto 6/42,40-34-14-01-13-30,9/9/2025," PHP 5,940,000.00 ",0
Lotto 6/42,06-39-08-31-19-16,9/11/2025," PHP 5,988,733.60 ",0
Lotto 6/42,06-07-27-17-23-33,9/13/2025," PHP 9,272,591.60 ",0
Lotto 6/42,20-18-06-42-10-21,9/16/2025," PHP 12,348,288.80 ",0
Lotto 6/42,18-42-21-02-32-24,9/18/2025," PHP 15,770,336.40 ",0
Lotto 6/42,31-22-06-28-41-36,9/20/2025," PHP 19,413,215.40 ",0
Lotto 6/42,24-13-12-22-36-33,9/23/2025," PHP 22,494,977.40 ",0
Lotto 6/42,39-14-26-21-04-35,9/25/2025," PHP 25,921,463.60 ",0
Lotto 6/42,21-29-12-11-24-05,9/27/2025," PHP 29,935,246.80 ",1
Lotto 6/42,02-41-23-38-30-40,9/30/2025," PHP 5,940,000.00 ",0
Lotto 6/42,17-36-12-15-25-39,10/2/2025," PHP 5,940,000.00 ",0
Lotto 6/42,41-06-40-04-36-01,10/4/2025," PHP 8,895,388.00 ",0
Lotto 6/42,15-22-39-42-35-02,10/7/2025," PHP 11,799,533.00 ",0
Lotto 6/42,23-32-41-27-14-34,10/9/2025," PHP 15,031,323.80 ",0
Lotto 6/42,01-04-30-09-06-37,10/11/2025," PHP 19,051,981.20 ",0
Lotto 6/42,35-23-02-03-01-38,10/14/2025," PHP 22,519,004.80 ",0
Lotto 6/42,39-24-11-07-12-21,10/16/2025," PHP 26,433,423.60 ",0
Lotto 6/42,12-25-26-06-14-38,10/18/2025," PHP 30,933,067.00 ",0
Lotto 6/42,15-11-33-30-07-21,10/21/2025," PHP 34,864,065.20 ",0
Lotto 6/42,12-23-24-29-20-26,10/23/2025," PHP 39,093,928.40 ",0
Lotto 6/42,08-32-20-36-05-12,10/25/2025," PHP 44,203,730.00 ",0
Lotto 6/42,18-36-41-28-35-25,10/28/2025," PHP 48,513,678.20 ",0
Lotto 6/42,03-28-08-07-41-23,10/30/2025," PHP 53,103,612.80 ",0
Lotto 6/42,25-31-18-13-29-15,11/1/2025," PHP 56,954,430.20 ",0
Lotto 6/42,10-01-32-04-18-09,11/4/2025," PHP 60,959,533.20 ",0
Lotto 6/42,04-08-28-36-21-35,11/6/2025," PHP 65,771,261.60 ",0
Lotto 6/42,01-05-34-18-12-25,11/8/2025," PHP 71,005,392.00 ",0
Lotto 6/42,34-10-02-16-26-29,11/11/2025," PHP 75,610,006.60 ",0
Lotto 6/42,18-28-08-30-41-06,11/13/2025," PHP 81,810,102.00 ",1
Lotto 6/42,06-11-03-09-18-29,11/15/2025," PHP 5,940,000.00 ",1
Lotto 6/42,18-37-26-40-21-14,11/18/2025," PHP 5,940,000.00 ",0
Lotto 6/42,27-16-38-30-39-10,11/20/2025," PHP 5,971,209.40 ",0
Lotto 6/42,10-30-12-15-33-20,11/22/2025," PHP 9,211,206.80 ",0
Lotto 6/42,22-30-27-03-34-21,11/25/2025," PHP 12,116,541.00 ",0
Lotto 6/42,42-26-04-30-21-22,11/27/2025," PHP 15,608,485.00 ",0
Lotto 6/42,32-14-29-26-38-27,11/29/2025," PHP 19,230,167.60 ",0
Lotto 6/42,30-37-23-34-33-32,12/2/2025," PHP 23,049,025.20 ",0
Lotto 6/42,31-41-03-11-12-29,12/4/2025," PHP 27,190,231.20 ",0
Lotto 6/42,37-33-36-38-14-39,12/6/2025," PHP 31,464,216.00 ",0
Lotto 6/42,36-42-07-16-01-13,12/9/2025," PHP 35,516,146.00 ",0
Lotto 6/42,36-26-31-03-28-21,12/11/2025," PHP 39,894,086.80 ",0
Lotto 6/42,18-03-10-33-17-22,12/13/2025," PHP 44,542,378.20 ",0
Lotto 6/42,15-19-24-41-42-05,12/16/2025," PHP 49,195,100.40 ",1
Lotto 6/42,03-39-17-06-10-26,12/18/2025," PHP 5,940,000.00 ",0
Lotto 6/42,03-22-21-33-04-17,12/20/2025," PHP 6,504,897.60 ",0
Lotto 6/42,20-02-29-31-19-12,12/23/2025," PHP 9,716,215.40 ",0
Lotto 6/42,18-28-38-42-12-11,12/25/2025," PHP 11,271,463.80 ",0
Lotto 6/42,27-20-04-35-19-42,12/27/2025," PHP 15,202,187.80 ",0
Lotto 6/42,06-32-29-24-37-04,12/30/2025," PHP 19,004,723.60 ",1
Lotto 6/42,34-35-38-01-18-41,1/1/2026," PHP 5,940,000.00 ",1
Lotto 6/42,41-18-32-23-10-39,1/3/2026," PHP 5,940,000.00 ",0
Lotto 6/42,11-34-09-38-12-10,1/6/2026," PHP 6,550,096.00 ",0
Lotto 6/42,29-32-13-17-11-09,1/8/2026," PHP 10,042,884.60 ",1
Lotto 6/42,20-08-10-01-04-24,1/10/2026," PHP 5,940,000.00 ",2
Lotto 6/42,20-03-29-15-39-19,1/13/2026," PHP 5,940,000.00 ",0
Lotto 6/42,22-11-06-04-20-03,1/15/2026," PHP 6,542,028.20 ",0
Lotto 6/42,04-03-23-11-18-35,1/17/2026," PHP 10,373,797.40 ",0
Lotto 6/42,05-02-03-14-12-06,1/20/2026," PHP 13,872,684.00 ",0
Lotto 6/42,18-24-27-39-40-21,1/22/2026," PHP 18,289,720.80 ",0
Lotto 6/42,21-06-41-34-17-28,1/24/2026," PHP 22,792,270.00 ",0
Lotto 6/42,23-34-17-35-01-27,1/27/2026," PHP 27,507,160.00 ",0
Lotto 6/42,16-28-08-23-42-20,1/29/2026," PHP 32,894,927.40 ",1
Lotto 6/42,23-27-16-20-28-21,1/31/2026," PHP 5,940,000.00 ",1
Lotto 6/42,33-14-10-15-24-12,2/3/2026," PHP 10,000,000.00 ",0
Lotto 6/42,10-36-30-16-29-39,2/5/2026," PHP 10,000,000.00 ",0
Lotto 6/42,42-10-05-13-20-19,2/7/2026," PHP 11,235,564.13 ",1
Lotto 6/42,17-03-36-42-01-34,2/10/2026," PHP 10,000,000.00 ",0
Lotto 6/42,40-23-20-28-36-07,2/12/2026," PHP 10,000,000.00 ",0
Lotto 6/42,22-08-09-12-30-32,2/14/2026," PHP 10,097,279.28 ",0
Lotto 6/42,12-22-36-03-41-37,2/17/2026," PHP 13,223,463.01 ",0
Lotto 6/42,38-22-41-26-13-21,2/19/2026," PHP 16,668,379.85 ",0
Lotto 6/42,33-38-15-20-41-37,2/21/2026," PHP 20,493,989.78 ",0
Lotto 6/42,24-12-04-35-41-15,2/24/2026," PHP 23,814,718.62 ",0
Lotto 6/42,09-02-11-41-20-27,2/26/2026," PHP 27,487,043.32 ",0
Lotto 6/42,30-41-20-21-34-39,2/28/2026," PHP 31,696,439.58 ",0
Lotto 6/42,20-27-42-16-37-41,3/3/2026," PHP 35,411,962.61 ",0
Lotto 6/42,33-32-18-01-10-04,3/5/2026," PHP 39,385,042.44 ",1
Lotto 6/42,40-33-31-16-12-14,3/7/2026," PHP 10,000,000.00 ",0
Lotto 6/42,03-29-12-33-10-16,3/10/2026," PHP 10,000,000.00 ",0
Lotto 6/42,35-02-40-36-13-16,3/12/2026," PHP 10,000,000.00 ",0
Lotto 6/42,26-13-35-11-18-32,3/14/2026," PHP 12,747,984.35 ",0
Lotto 6/42,17-36-05-07-08-38,3/17/2026," PHP 15,639,575.61 ",0
Lotto 6/42,25-29-17-41-23-13,3/19/2026," PHP 18,861,406.90 ",1
Lotto 6/42,18-12-37-02-30-24,3/21/2026," PHP 10,000,000.00 ",1
Lotto 6/42,13-41-27-29-42-08,3/24/2026," PHP 10,000,000.00 ",0
Lotto 6/42,29-15-03-18-23-30,3/26/2026," PHP 10,000,000.00 ",0
Lotto 6/42,11-23-09-05-01-03,3/28/2026," PHP 10,000,000.00 ",1
Lotto 6/42,16-22-03-30-36-04,3/31/2026," PHP 10,000,000.00 ",0
Lotto 6/42,06-37-23-02-39-31,4/7/2026," PHP 10,000,000.00 ",1
Lotto 6/42,41-38-03-05-11-06,4/9/2026," PHP 10,000,000.00 ",0
Lotto 6/42,20-17-39-35-10-34,4/11/2026," PHP 10,000,000.00 ",0
Lotto 6/42,15-09-17-12-10-07,4/14/2026," PHP 10,000,000.00 ",0
Lotto 6/42,42-41-17-27-06-07,4/16/2026," PHP 11,897,182.50 ",0
Lotto 6/42,21-35-29-05-36-37,4/18/2026," PHP 14,893,152.56 ",0
Lotto 6/42,22-04-33-11-09-15,4/21/2026," PHP 17,860,503.83 ",0
Lotto 6/42,09-23-41-37-24-10,4/23/2026," PHP 21,185,563.23 ",0
Lotto 6/42,26-32-19-01-22-17,4/25/2026," PHP 24,655,209.60 ",0
Lotto 6/42,15-09-12-16-37-35,4/28/2026," PHP 27,872,450.50 ",0
Lotto 6/42,07-24-41-42-29-40,4/30/2026," PHP 31,621,223.97 ",0
Lotto 6/42,22-34-42-19-03-25,5/2/2026," PHP 35,467,492.71 ",1
Lotto 6/42,31-28-19-03-02-04,5/5/2026," PHP 10,000,000.00 ",1
Lotto 6/42,28-20-36-29-11-27,5/7/2026," PHP 10,000,000.00 ",0
Lotto 6/42,27-06-42-13-12-04,5/9/2026," PHP 10,000,000.00 ",0
Lotto 6/42,41-38-12-14-37-25,5/12/2026," PHP 10,000,000.00 ",0
Lotto 6/42,23-40-20-06-34-33,5/14/2026," PHP 11,439,487.99 ",0
Lotto 6/42,07-28-26-32-25-12,5/16/2026," PHP 14,559,320.23 ",0
Lotto 6/42,15-06-31-16-22-25,5/19/2026," PHP 17,376,838.36 ",0
Lotto 6/42,33-08-05-17-18-41,5/21/2026," PHP 20,654,909.15 ",0
Lotto 6/42,12-18-03-17-05-08,5/23/2026," PHP 24,158,156.53 ",1
Lotto 6/42,15-08-34-13-25-38,5/26/2026," PHP 10,000,000.00 ",0
Lotto 6/42,39-38-34-21-10-03,5/28/2026," PHP 10,000,000.00 ",0
Lotto 6/42,03-21-02-14-33-01,5/30/2026," PHP 10,000,000.00 ",0
Lotto 6/42,18-16-37-13-35-23,6/2/2026," PHP 11,344,599.30 ",0
Lotto 6/42,02-39-30-10-14-29,6/4/2026," PHP 14,404,418.27 ",0
Lotto 6/42,33-38-34-28-36-07,6/6/2026," PHP 17,763,940.65 ",0
Lotto 6/42,40-03-36-41-28-18,6/9/2026," PHP 20,676,273.22 ",0
Lotto 6/42,12-22-24-38-07-13,6/11/2026," PHP 23,936,399.01 ",0
Lotto 6/42,17-42-13-36-01-31,6/13/2026," PHP 27,366,567.20 ",0
Lotto 6/42,35-38-39-32-37-16,6/16/2026," PHP 30,572,565.16 ",0
Lotto 6/42,07-36-31-03-35-42,6/18/2026," PHP 34,256,895.81 ",0
Lotto 6/42,24-39-23-05-38-12,6/20/2026," PHP 38,058,770.16 ",0
Lotto 6/42,30-20-11-07-36-01,6/23/2026," PHP 41,522,778.58 ",0
Lotto 6/42,26-35-12-08-25-23,6/25/2026," PHP 45,493,326.06 ",0
Lotto 6/42,24-31-03-36-35-23,6/27/2026," PHP 49,566,536.61 ",0
Lotto 6/42,01-10-24-27-08-26,6/30/2026," PHP 53,206,155.29 ",0
Lotto 6/42,29-09-31-33-19-24,7/2/2026," PHP 57,645,619.60 ",1
Lotto 6/42,06-05-25-12-23-08,7/4/2026," PHP 10,000,000.00 ",0
Lotto 6/42,20-16-12-35-05-06,7/7/2026," PHP 10,000,000.00 ",0
Lotto 6/42,38-29-27-28-42-02,7/9/2026," PHP 10,000,000.00 ",0
Lotto 6/42,40-21-23-33-41-10,7/11/2026," PHP 11,400,166.51 ",0
Lotto 6/42,21-27-38-06-18-35,7/14/2026," PHP 13,973,560.81 ",0
Lotto 6/42,02-13-25-06-30-42,7/16/2026," PHP 16,967,295.47 ",0
Lotto 6/42,27-32-39-26-12-07,7/18/2026," PHP 20,167,956.53 ",1
Lotto 6/42,17-41-13-10-38-16,7/21/2026," PHP 10,000,000.00 ",0
Lotto 6/42,32-03-01-22-33-21,7/23/2026," PHP 10,000,000.00 ",0
Lotto 6/42,39-27-35-15-19-12,7/25/2026," PHP 10,000,000.00 ",0
Lotto 6/42,41-03-07-39-25-24,7/28/2026," PHP 10,466,741.76 ",0
Lotto 6/42,26-17-23-39-15-38,7/30/2026," PHP 13,369,052.18 ",0
Lotto 6/42,01-10-18-02-28-39,8/1/2026," PHP 16,531,794.06 ",0
Lotto 6/42,01-26-42-15-34-19,8/4/2026," PHP 19,249,103.08 ",0
Lotto 6/42,01-16-39-02-42-14,8/6/2026," PHP 22,371,987.33 ",0
Lotto 6/42,02-28-26-30-27-40,8/8/2026," PHP 25,255,016.45 ",0
Lotto 6/42,36-15-01-06-07-13,8/11/2026," PHP 28,260,769.44 ",0
Lotto 6/42,20-21-14-41-06-12,8/13/2026," PHP 31,911,511.47 ",1
Lotto 6/42,12-08-15-26-28-37,8/15/2026," PHP 10,000,000.00 ",0
Lotto 6/42,20-16-42-39-35-09,8/18/2026," PHP 10,000,000.00 ",0
Lotto 6/42,25-06-11-10-27-39,8/20/2026," PHP 10,000,000.00 ",0
Lotto 6/42,34-41-19-16-28-08,8/22/2026," PHP 11,017,815.46 ",0
Lotto 6/42,07-13-24-17-01-16,8/25/2026," PHP 13,534,656.82 ",0
Lotto 6/42,39-35-26-18-04-13,8/27/2026," PHP 16,409,911.57 ",0
Lotto 6/42,22-39-06-14-42-04,8/29/2026," PHP 19,017,348.18 ",0
Lotto 6/42,17-24-08-33-37-01,9/1/2026," PHP 21,860,837.27 ",0
Lotto 6/42,13-14-39-30-28-32,9/3/2026," PHP 25,013,742.59 ",0
Lotto 6/42,29-35-37-24-03-36,9/5/2026," PHP 28,197,852.66 ",0
Lotto 6/42,14-16-26-27-11-33,9/8/2026," PHP 31,240,819.58 ",0
Lotto 6/42,23-12-29-27-07-33,9/10/2026," PHP 34,992,150.14 ",0
Lotto 6/42,39-10-26-30-09-29,9/12/2026," PHP 38,496,341.99 ",0
Lotto 6/42,32-02-05-13-06-27,9/15/2026," PHP 41,871,066.69 ",0
Lotto 6/42,08-31-32-19-24-06,9/17/2026," PHP 45,831,802.36 ",0
Lotto 6/42,08-27-06-25-13-22,9/19/2026," PHP 50,097,970.39 ",0
Lotto 6/42,11-26-07-16-35-23,9/22/2026," PHP 53,853,227.77 ",0
Lotto 6/42,01-36-07-23-15-03,9/24/2026," PHP 58,291,713.31 ",0
Lotto 6/42,16-41-19-05-26-31,9/26/2026," PHP 62,394,735.87 ",0
Lotto 6/42,02-23-31-32-15-13,9/29/2026," PHP 66,369,399.81 ",0
Lotto 6/42,40-13-35-10-15-14,10/1/2026," PHP 71,399,823.97 ",0
Lotto 6/42,41-17-42-21-37-02,10/3/2026," PHP 75,904,990.52 ",0
Lotto 6/42,07-35-41-37-08-11,10/6/2026," PHP 80,317,113.63 ",0
