lotto_game,draw_date,combination_published,combination_sorted,number_1,number_2,number_3,number_4,number_5,number_6,jackpot_php,winners,record_status,source_row,draw_sum,odd_count,previous_draw_overlap
Lotto 6/42,2016-01-02,16-04-31-25-07-13,04-07-13-16-25-31,16,4,31,25,7,13,19075584.0,0,valid,2,96,4,
Lotto 6/42,2016-01-05,40-03-02-11-14-28,02-03-11-14-28-40,40,3,2,11,14,28,22290288.0,0,valid,3,98,2,0.0
Lotto 6/42,2016-01-07,18-03-29-32-04-42,03-04-18-29-32-42,18,3,29,32,4,42,25402072.0,0,valid,4,128,2,1.0
Lotto 6/42,2016-01-09,07-21-31-26-03-12,03-07-12-21-26-31,7,21,31,26,3,12,28686296.0,0,valid,5,100,4,1.0
Lotto 6/42,2016-01-12,08-39-32-03-41-21,03-08-21-32-39-41,8,39,32,3,41,21,32010460.0,0,valid,6,144,4,2.0
Lotto 6/42,2016-01-14,15-36-25-06-42-34,06-15-25-34-36-42,15,36,25,6,42,34,35279016.0,0,valid,7,158,2,0.0
Lotto 6/42,2016-01-16,09-41-26-24-17-25,09-17-24-25-26-41,9,41,26,24,17,25,38847636.0,0,valid,8,142,4,1.0
Lotto 6/42,2016-01-19,27-19-34-40-16-22,16-19-22-27-34-40,27,19,34,40,16,22,42437956.0,0,valid,9,158,2,0.0
Lotto 6/42,2016-01-21,29-42-35-25-16-10,10-16-25-29-35-42,29,42,35,25,16,10,45881968.0,0,valid,10,157,3,1.0
Lotto 6/42,2016-01-23,29-04-19-25-35-12,04-12-19-25-29-35,29,4,19,25,35,12,49562348.0,1,valid,11,124,4,3.0
Lotto 6/42,2016-01-26,40-41-31-16-34-22,16-22-31-34-40-41,40,41,31,16,34,22,6000000.0,0,valid,12,184,2,0.0
Lotto 6/42,2016-01-28,38-13-25-01-03-04,01-03-04-13-25-38,38,13,25,1,3,4,6000000.0,0,valid,13,84,4,0.0
Lotto 6/42,2016-01-30,15-10-19-28-07-26,07-10-15-19-26-28,15,10,19,28,7,26,7150756.0,1,valid,14,105,3,0.0
Lotto 6/42,2016-02-02,33-19-28-17-39-40,17-19-28-33-39-40,33,19,28,17,39,40,6000000.0,0,valid,15,176,4,2.0
Lotto 6/42,2016-02-04,39-35-32-09-13-37,09-13-32-35-37-39,39,35,32,9,13,37,6000000.0,0,valid,16,165,5,1.0
Lotto 6/42,2016-02-06,14-35-37-09-21-17,09-14-17-21-35-37,14,35,37,9,21,17,7088836.0,1,valid,17,133,5,3.0
Lotto 6/42,2016-02-09,07-13-05-04-33-12,04-05-07-12-13-33,7,13,5,4,33,12,6000000.0,0,valid,18,74,4,0.0
Lotto 6/42,2016-02-11,42-39-23-07-02-22,02-07-22-23-39-42,42,39,23,7,2,22,6000000.0,0,valid,19,135,3,1.0
Lotto 6/42,2016-02-13,30-25-15-02-16-35,02-15-16-25-30-35,30,25,15,2,16,35,7063512.0,0,valid,20,123,3,1.0
Lotto 6/42,2016-02-16,38-19-31-01-28-40,01-19-28-31-38-40,38,19,31,1,28,40,9550284.0,0,valid,21,157,3,0.0
Lotto 6/42,2016-02-18,12-01-39-06-17-32,01-06-12-17-32-39,12,1,39,6,17,32,12281784.0,0,valid,22,107,3,1.0
Lotto 6/42,2016-02-20,23-40-01-42-18-25,01-18-23-25-40-42,23,40,1,42,18,25,15293772.0,1,valid,23,149,3,1.0
Lotto 6/42,2016-02-23,32-04-11-08-31-26,04-08-11-26-31-32,32,4,11,8,31,26,6000000.0,0,valid,24,112,2,0.0
Lotto 6/42,2016-02-25,34-21-16-05-14-11,05-11-14-16-21-34,34,21,16,5,14,11,6000000.0,0,valid,25,101,3,1.0
Lotto 6/42,2016-02-27,03-06-14-37-21-23,03-06-14-21-23-37,3,6,14,37,21,23,7639400.0,0,valid,26,104,4,2.0
Lotto 6/42,2016-03-01,05-07-37-04-19-13,04-05-07-13-19-37,5,7,37,4,19,13,10362860.0,0,valid,27,85,5,1.0
Lotto 6/42,2016-03-03,19-02-31-42-21-08,02-08-19-21-31-42,19,2,31,42,21,8,13078736.0,2,valid,28,123,3,1.0
Lotto 6/42,2016-03-05,10-22-17-06-28-05,05-06-10-17-22-28,10,22,17,6,28,5,6000000.0,0,valid,29,88,2,0.0
Lotto 6/42,2016-03-08,21-27-09-31-26-30,09-21-26-27-30-31,21,27,9,31,26,30,6000000.0,0,valid,30,144,4,0.0
Lotto 6/42,2016-03-10,34-27-07-15-24-19,07-15-19-24-27-34,34,27,7,15,24,19,7405284.0,0,valid,31,126,4,1.0
Lotto 6/42,2016-03-12,20-06-27-38-22-04,04-06-20-22-27-38,20,6,27,38,22,4,10017740.0,1,valid,32,117,1,1.0
Lotto 6/42,2016-03-15,30-20-15-01-41-40,01-15-20-30-40-41,30,20,15,1,41,40,6000000.0,0,valid,33,147,3,1.0
Lotto 6/42,2016-03-17,13-23-38-10-34-36,10-13-23-34-36-38,13,23,38,10,34,36,6000000.0,0,valid,34,154,2,0.0
Lotto 6/42,2016-03-19,03-26-31-36-39-30,03-26-30-31-36-39,3,26,31,36,39,30,7170456.0,0,valid,35,165,3,1.0
Lotto 6/42,2016-03-22,08-19-13-24-25-35,08-13-19-24-25-35,8,19,13,24,25,35,9491792.0,0,valid,36,124,4,0.0
Lotto 6/42,2016-03-29,18-32-01-10-16-02,01-02-10-16-18-32,18,32,1,10,16,2,11947876.0,0,valid,37,79,1,0.0
Lotto 6/42,2016-03-31,05-27-07-14-35-17,05-07-14-17-27-35,5,27,7,14,35,17,14349076.0,0,valid,38,105,5,0.0
Lotto 6/42,2016-04-02,26-01-11-14-42-02,01-02-11-14-26-42,26,1,11,14,42,2,17236732.0,0,valid,39,96,2,1.0
Lotto 6/42,2016-04-05,12-37-34-11-21-24,11-12-21-24-34-37,12,37,34,11,21,24,19938084.0,0,valid,40,139,3,1.0
Lotto 6/42,2016-04-07,23-15-04-07-06-36,04-06-07-15-23-36,23,15,4,7,6,36,22612748.0,1,valid,41,91,3,0.0
Lotto 6/42,2016-04-09,38-12-05-35-07-36,05-07-12-35-36-38,38,12,5,35,7,36,6000000.0,0,valid,42,133,3,2.0
Lotto 6/42,2016-04-12,06-21-34-32-29-36,06-21-29-32-34-36,6,21,34,32,29,36,6000000.0,0,valid,43,158,2,1.0
Lotto 6/42,2016-04-14,11-21-38-06-15-26,06-11-15-21-26-38,11,21,38,6,15,26,6730996.0,0,valid,44,117,3,2.0
Lotto 6/42,2016-04-16,14-23-15-33-19-12,12-14-15-19-23-33,14,23,15,33,19,12,9151816.0,0,valid,45,116,4,1.0
Lotto 6/42,2016-04-19,34-32-09-27-05-21,05-09-21-27-32-34,34,32,9,27,5,21,11695508.0,0,valid,46,128,4,0.0
Lotto 6/42,2016-04-21,18-37-13-15-22-36,13-15-18-22-36-37,18,37,13,15,22,36,14237332.0,0,valid,47,141,3,0.0
Lotto 6/42,2016-04-23,18-05-07-29-01-41,01-05-07-18-29-41,18,5,7,29,1,41,16932420.0,0,valid,48,101,5,1.0
Lotto 6/42,2016-04-26,30-40-11-33-25-39,11-25-30-33-39-40,30,40,11,33,25,39,19936120.0,0,valid,49,178,4,0.0
Lotto 6/42,2016-04-28,18-07-08-17-32-16,07-08-16-17-18-32,18,7,8,17,32,16,22963588.0,0,valid,50,98,2,0.0
Lotto 6/42,2016-04-30,28-11-01-02-17-09,01-02-09-11-17-28,28,11,1,2,17,9,25983400.0,0,valid,51,68,4,1.0
Lotto 6/42,2016-05-03,18-24-09-13-22-17,09-13-17-18-22-24,18,24,9,13,22,17,29500200.0,0,valid,52,103,3,2.0
Lotto 6/42,2016-05-05,38-24-40-20-39-13,13-20-24-38-39-40,38,24,40,20,39,13,32992728.0,1,valid,53,174,2,2.0
Lotto 6/42,2016-05-07,08-23-38-04-21-14,04-08-14-21-23-38,8,23,38,4,21,14,6000000.0,1,valid,54,108,2,1.0
Lotto 6/42,2016-05-10,13-06-24-17-30-28,06-13-17-24-28-30,13,6,24,17,30,28,6000000.0,0,valid,55,118,2,0.0
Lotto 6/42,2016-05-12,06-29-13-09-35-18,06-09-13-18-29-35,6,29,13,9,35,18,6000000.0,0,valid,56,110,4,2.0
Lotto 6/42,2016-05-14,28-31-41-11-29-42,11-28-29-31-41-42,28,31,41,11,29,42,6712272.0,0,valid,57,182,4,1.0
Lotto 6/42,2016-05-17,05-35-23-12-13-38,05-12-13-23-35-38,5,35,23,12,13,38,9003448.0,0,valid,58,126,4,0.0
Lotto 6/42,2016-05-19,08-15-02-09-10-20,02-08-09-10-15-20,8,15,2,9,10,20,11287228.0,0,valid,59,64,2,0.0
Lotto 6/42,2016-05-21,37-10-31-05-17-02,02-05-10-17-31-37,37,10,31,5,17,2,13896880.0,0,valid,60,102,4,2.0
Lotto 6/42,2016-05-24,42-01-26-14-06-36,01-06-14-26-36-42,42,1,26,14,6,36,16521664.0,0,valid,61,125,1,0.0
Lotto 6/42,2016-05-26,18-23-15-12-31-29,12-15-18-23-29-31,18,23,15,12,31,29,19041752.0,0,valid,62,128,4,0.0
Lotto 6/42,2016-05-28,12-19-32-15-25-02,02-12-15-19-25-32,12,19,32,15,25,2,21875256.0,0,valid,63,105,3,2.0
Lotto 6/42,2016-05-31,19-37-09-07-23-02,02-07-09-19-23-37,19,37,9,7,23,2,24710648.0,1,valid,64,97,5,2.0
Lotto 6/42,2016-06-02,41-07-22-08-16-26,07-08-16-22-26-41,41,7,22,8,16,26,6000000.0,0,valid,65,120,2,1.0
Lotto 6/42,2016-06-04,16-01-06-11-32-09,01-06-09-11-16-32,16,1,6,11,32,9,6000000.0,0,valid,66,75,3,1.0
Lotto 6/42,2016-06-07,06-29-04-05-20-40,04-05-06-20-29-40,6,29,4,5,20,40,7029732.0,0,valid,67,104,2,1.0
Lotto 6/42,2016-06-09,18-34-14-37-12-28,12-14-18-28-34-37,18,34,14,37,12,28,9235912.0,0,valid,68,143,1,0.0
Lotto 6/42,2016-06-11,34-32-13-41-35-18,13-18-32-34-35-41,34,32,13,41,35,18,11712148.0,0,valid,69,173,3,2.0
Lotto 6/42,2016-06-14,29-01-27-16-28-11,01-11-16-27-28-29,29,1,27,16,28,11,14151892.0,0,valid,70,112,4,0.0
Lotto 6/42,2016-06-16,42-19-34-30-03-31,03-19-30-31-34-42,42,19,34,30,3,31,16665096.0,0,valid,71,159,3,0.0
Lotto 6/42,2016-06-18,38-30-03-10-08-36,03-08-10-30-36-38,38,30,3,10,8,36,19466160.0,0,valid,72,125,1,2.0
Lotto 6/42,2016-06-21,40-37-30-23-18-15,15-18-23-30-37-40,40,37,30,23,18,15,22872624.0,0,valid,73,163,3,1.0
Lotto 6/42,2016-06-23,35-37-32-17-34-16,16-17-32-34-35-37,35,37,32,17,34,16,26209880.0,0,valid,74,171,3,1.0
Lotto 6/42,2016-06-25,34-24-08-35-36-10,08-10-24-34-35-36,34,24,8,35,36,10,29248056.0,0,valid,75,147,1,2.0
Lotto 6/42,2016-06-28,22-28-42-35-02-03,02-03-22-28-35-42,22,28,42,35,2,3,32955688.0,0,valid,76,132,2,1.0
Lotto 6/42,2016-06-30,34-02-14-20-40-39,02-14-20-34-39-40,34,2,14,20,40,39,36684680.0,0,valid,77,149,1,1.0
Lotto 6/42,2016-07-02,42-24-25-05-38-23,05-23-24-25-38-42,42,24,25,5,38,23,40044056.0,0,valid,78,157,3,0.0
Lotto 6/42,2016-07-05,04-09-06-18-30-39,04-06-09-18-30-39,4,9,6,18,30,39,44055716.0,0,valid,79,106,2,0.0
Lotto 6/42,2016-07-07,06-31-02-36-03-17,02-03-06-17-31-36,6,31,2,36,3,17,48053684.0,0,valid,80,95,3,1.0
Lotto 6/42,2016-07-09,23-26-35-38-07-20,07-20-23-26-35-38,23,26,35,38,7,20,51732808.0,0,valid,81,149,3,0.0
Lotto 6/42,2016-07-12,18-12-35-07-29-13,07-12-13-18-29-35,18,12,35,7,29,13,56447780.0,0,valid,82,114,4,2.0
Lotto 6/42,2016-07-14,04-25-11-10-05-08,04-05-08-10-11-25,4,25,11,10,5,8,61117680.0,0,valid,83,63,3,0.0
Lotto 6/42,2016-07-16,10-40-14-22-13-34,10-13-14-22-34-40,10,40,14,22,13,34,65548508.0,0,valid,84,133,1,1.0
Lotto 6/42,2016-07-19,31-33-05-09-06-36,05-06-09-31-33-36,31,33,5,9,6,36,70789332.0,0,valid,85,120,4,0.0
Lotto 6/42,2016-07-21,02-04-39-18-12-37,02-04-12-18-37-39,2,4,39,18,12,37,75965644.0,0,valid,86,112,2,0.0
Lotto 6/42,2016-07-23,19-10-11-34-02-26,02-10-11-19-26-34,19,10,11,34,2,26,80684932.0,0,valid,87,102,2,1.0
Lotto 6/42,2016-07-26,31-26-23-15-36-33,15-23-26-31-33-36,31,26,23,15,36,33,86367392.0,0,valid,88,164,4,1.0
Lotto 6/42,2016-07-28,36-42-24-04-15-12,04-12-15-24-36-42,36,42,24,4,15,12,92078724.0,0,valid,89,133,1,2.0
Lotto 6/42,2016-07-30,16-33-21-39-40-20,16-20-21-33-39-40,16,33,21,39,40,20,97587600.0,0,valid,90,169,3,0.0
Lotto 6/42,2016-08-02,35-17-39-18-06-22,06-17-18-22-35-39,35,17,39,18,6,22,104799728.0,0,valid,91,137,3,1.0
Lotto 6/42,2016-08-04,33-35-13-27-05-12,05-12-13-27-33-35,33,35,13,27,5,12,111998556.0,1,valid,92,125,5,1.0
Lotto 6/42,2016-08-06,31-01-10-34-12-11,01-10-11-12-31-34,31,1,10,34,12,11,6000000.0,0,valid,93,99,3,1.0
Lotto 6/42,2016-08-09,15-37-12-02-40-14,02-12-14-15-37-40,15,37,12,2,40,14,6000000.0,0,valid,94,120,2,1.0
Lotto 6/42,2016-08-11,08-23-28-27-07-09,07-08-09-23-27-28,8,23,28,27,7,9,7983104.0,0,valid,95,102,4,0.0
Lotto 6/42,2016-08-13,28-26-14-03-15-05,03-05-14-15-26-28,28,26,14,3,15,5,10611424.0,0,valid,96,91,3,1.0
Lotto 6/42,2016-08-16,34-18-35-41-21-33,18-21-33-34-35-41,34,18,35,41,21,33,13203928.0,0,valid,97,182,4,0.0
Lotto 6/42,2016-08-18,40-03-37-19-14-01,01-03-14-19-37-40,40,3,37,19,14,1,16209776.0,0,valid,98,114,4,0.0
Lotto 6/42,2016-08-20,31-01-32-06-12-07,01-06-07-12-31-32,31,1,32,6,12,7,19115448.0,0,valid,99,89,3,1.0
Lotto 6/42,2016-08-23,33-34-02-30-37-20,02-20-30-33-34-37,33,34,2,30,37,20,22617156.0,1,valid,100,156,2,0.0
Lotto 6/42,2016-08-25,40-39-11-16-32-35,11-16-32-35-39-40,40,39,11,16,32,35,6000000.0,0,valid,101,173,3,0.0
Lotto 6/42,2016-08-27,37-20-03-41-13-17,03-13-17-20-37-41,37,20,3,41,13,17,6000000.0,0,valid,102,131,5,0.0
Lotto 6/42,2016-08-30,19-08-15-26-32-36,08-15-19-26-32-36,19,8,15,26,32,36,7656700.0,0,valid,103,136,2,0.0
Lotto 6/42,2016-09-01,13-23-29-30-17-34,13-17-23-29-30-34,13,23,29,30,17,34,10169960.0,0,valid,104,146,4,0.0
Lotto 6/42,2016-09-03,17-06-13-21-22-16,06-13-16-17-21-22,17,6,13,21,22,16,12946356.0,0,valid,105,95,3,2.0
Lotto 6/42,2016-09-06,41-40-04-17-19-25,04-17-19-25-40-41,41,40,4,17,19,25,15776364.0,0,valid,106,146,4,1.0
Lotto 6/42,2016-09-08,22-04-02-26-31-20,02-04-20-22-26-31,22,4,2,26,31,20,18515892.0,0,valid,107,105,1,1.0
Lotto 6/42,2016-09-10,08-23-35-25-33-34,08-23-25-33-34-35,8,23,35,25,33,34,21574832.0,0,valid,108,158,4,0.0
Lotto 6/42,2016-09-13,38-17-34-37-09-16,09-16-17-34-37-38,38,17,34,37,9,16,24683652.0,0,valid,109,151,3,1.0
Lotto 6/42,2016-09-15,33-07-38-02-42-18,02-07-18-33-38-42,33,7,38,2,42,18,27711864.0,0,valid,110,140,2,1.0
Lotto 6/42,2016-09-17,10-31-32-19-25-14,10-14-19-25-31-32,10,31,32,19,25,14,31272756.0,1,valid,111,131,3,0.0
Lotto 6/42,2016-09-20,14-15-36-10-05-04,04-05-10-14-15-36,14,15,36,10,5,4,6000000.0,0,valid,112,84,2,2.0
Lotto 6/42,2016-09-22,40-31-18-15-14-41,14-15-18-31-40-41,40,31,18,15,14,41,6000000.0,0,valid,113,159,3,2.0
Lotto 6/42,2016-09-24,16-05-27-07-01-25,01-05-07-16-25-27,16,5,27,7,1,25,7143620.0,1,valid,114,81,5,0.0
Lotto 6/42,2016-09-27,39-27-24-30-04-17,04-17-24-27-30-39,39,27,24,30,4,17,6000000.0,0,valid,115,141,3,1.0
Lotto 6/42,2016-09-29,36-42-27-40-34-32,27-32-34-36-40-42,36,42,27,40,34,32,6000000.0,1,valid,116,211,1,1.0
Lotto 6/42,2016-10-01,02-31-38-03-20-19,02-03-19-20-31-38,2,31,38,3,20,19,6000000.0,0,valid,117,113,3,0.0
Lotto 6/42,2016-10-04,01-42-10-22-24-06,01-06-10-22-24-42,1,42,10,22,24,6,6000000.0,0,valid,118,105,1,0.0
Lotto 6/42,2016-10-06,20-17-16-24-29-19,16-17-19-20-24-29,20,17,16,24,29,19,7117256.0,0,valid,119,125,3,1.0
Lotto 6/42,2016-10-08,38-30-29-22-09-05,05-09-22-29-30-38,38,30,29,22,9,5,9804548.0,0,valid,120,133,3,1.0
Lotto 6/42,2016-10-11,21-25-10-13-30-29,10-13-21-25-29-30,21,25,10,13,30,29,12325644.0,0,valid,121,128,4,2.0
Lotto 6/42,2016-10-13,06-03-11-30-32-01,01-03-06-11-30-32,6,3,11,30,32,1,15113756.0,0,valid,122,83,3,1.0
Lotto 6/42,2016-10-15,31-18-15-02-23-17,02-15-17-18-23-31,31,18,15,2,23,17,18027980.0,0,valid,123,106,4,0.0
Lotto 6/42,2016-10-18,16-02-22-35-13-05,02-05-13-16-22-35,16,2,22,35,13,5,21337260.0,0,valid,124,93,3,1.0
Lotto 6/42,2016-10-20,34-25-24-18-30-12,12-18-24-25-30-34,34,25,24,18,30,12,24349680.0,0,valid,125,143,1,0.0
Lotto 6/42,2016-10-22,09-10-21-31-41-02,02-09-10-21-31-41,9,10,21,31,41,2,27592968.0,1,valid,126,114,4,0.0
Lotto 6/42,2016-10-25,40-02-16-38-12-06,02-06-12-16-38-40,40,2,16,38,12,6,6000000.0,0,valid,127,114,0,1.0
Lotto 6/42,2016-10-27,07-31-16-06-01-42,01-06-07-16-31-42,7,31,16,6,1,42,6000000.0,0,valid,128,103,3,2.0
Lotto 6/42,2016-10-29,32-33-08-14-12-22,08-12-14-22-32-33,32,33,8,14,12,22,7191900.0,0,valid,129,121,1,0.0
Lotto 6/42,2016-11-01,14-30-35-02-34-10,02-10-14-30-34-35,14,30,35,2,34,10,8766804.0,0,valid,130,125,1,1.0
Lotto 6/42,2016-11-03,15-28-18-01-24-19,01-15-18-19-24-28,15,28,18,1,24,19,11260500.0,0,valid,131,105,3,0.0
Lotto 6/42,2016-11-05,39-34-04-35-03-19,03-04-19-34-35-39,39,34,4,35,3,19,14044936.0,0,valid,132,134,4,1.0
Lotto 6/42,2016-11-08,33-29-12-38-15-31,12-15-29-31-33-38,33,29,12,38,15,31,17198076.0,0,valid,133,158,4,0.0
Lotto 6/42,2016-11-10,36-21-18-30-03-16,03-16-18-21-30-36,36,21,18,30,3,16,20463992.0,0,valid,134,124,2,0.0
Lotto 6/42,2016-11-12,15-04-14-05-12-39,04-05-12-14-15-39,15,4,14,5,12,39,23878924.0,0,valid,135,89,3,0.0
Lotto 6/42,2016-11-15,25-20-22-16-40-11,11-16-20-22-25-40,25,20,22,16,40,11,27678928.0,0,valid,136,134,2,0.0
Lotto 6/42,2016-11-17,35-27-08-36-37-06,06-08-27-35-36-37,35,27,8,36,37,6,31630072.0,0,valid,137,149,3,0.0
Lotto 6/42,2016-11-19,15-32-05-20-31-01,01-05-15-20-31-32,15,32,5,20,31,1,35573008.0,0,valid,138,104,4,0.0
Lotto 6/42,2016-11-22,05-25-26-33-41-29,05-25-26-29-33-41,5,25,26,33,41,29,39946724.0,0,valid,139,159,5,1.0
Lotto 6/42,2016-11-24,06-12-22-05-24-15,05-06-12-15-22-24,6,12,22,5,24,15,44127524.0,2,valid,140,84,2,1.0
Lotto 6/42,2016-11-26,40-29-41-25-30-05,05-25-29-30-40-41,40,29,41,25,30,5,6000000.0,0,valid,141,170,4,1.0
Lotto 6/42,2016-11-29,11-07-12-36-06-42,06-07-11-12-36-42,11,7,12,36,6,42,6000000.0,1,valid,142,114,2,0.0
Lotto 6/42,2016-12-01,23-33-26-32-12-05,05-12-23-26-32-33,23,33,26,32,12,5,6000000.0,1,valid,143,131,3,1.0
Lotto 6/42,2016-12-03,02-27-07-39-32-19,02-07-19-27-32-39,2,27,7,39,32,19,6000000.0,1,valid,144,126,4,1.0
Lotto 6/42,2016-12-06,42-20-08-21-29-23,08-20-21-23-29-42,42,20,8,21,29,23,6000000.0,0,valid,145,143,3,0.0
Lotto 6/42,2016-12-08,36-05-42-32-02-16,02-05-16-32-36-42,36,5,42,32,2,16,6000000.0,0,valid,146,133,1,1.0
Lotto 6/42,2016-12-10,28-15-03-20-18-22,03-15-18-20-22-28,28,15,3,20,18,22,7297692.0,0,valid,147,106,2,0.0
Lotto 6/42,2016-12-13,41-01-20-28-24-35,01-20-24-28-35-41,41,1,20,28,24,35,9813180.0,0,valid,148,149,3,2.0
Lotto 6/42,2016-12-15,12-31-26-40-18-14,12-14-18-26-31-40,12,31,26,40,18,14,12369120.0,0,valid,149,141,1,0.0
Lotto 6/42,2016-12-17,25-03-01-37-23-17,01-03-17-23-25-37,25,3,1,37,23,17,15333848.0,0,valid,150,106,6,0.0
Lotto 6/42,2016-12-20,39-25-13-09-01-29,01-09-13-25-29-39,39,25,13,9,1,29,18298908.0,1,valid,151,116,6,2.0
Lotto 6/42,2016-12-22,40-35-31-36-04-02,02-04-31-35-36-40,40,35,31,36,4,2,6000000.0,0,valid,152,148,2,0.0
Lotto 6/42,2016-12-24,01-02-08-28-09-06,01-02-06-08-09-28,1,2,8,28,9,6,6000000.0,0,valid,153,54,2,1.0
Lotto 6/42,2016-12-27,40-37-33-14-11-30,11-14-30-33-37-40,40,37,33,14,11,30,6585276.0,0,valid,154,165,3,0.0
Lotto 6/42,2016-12-29,04-21-06-13-08-34,04-06-08-13-21-34,4,21,6,13,8,34,9108240.0,0,valid,155,86,2,0.0
Lotto 6/42,2016-12-31,29-15-06-24-33-17,06-15-17-24-29-33,29,15,6,24,33,17,11017216.0,0,valid,156,124,4,1.0
Lotto 6/42,2017-01-03,15-11-16-17-33-32,11-15-16-17-32-33,15,11,16,17,33,32,13804416.0,1,valid,157,124,4,3.0
Lotto 6/42,2017-01-05,32-02-39-06-41-09,02-06-09-32-39-41,32,2,39,6,41,9,6000000.0,0,valid,158,129,3,1.0
Lotto 6/42,2017-01-07,12-06-04-17-31-15,04-06-12-15-17-31,12,6,4,17,31,15,6000000.0,0,valid,159,85,3,1.0
Lotto 6/42,2017-01-10,13-32-12-29-11-22,11-12-13-22-29-32,13,32,12,29,11,22,7513104.0,0,valid,160,119,3,1.0
Lotto 6/42,2017-01-12,07-28-15-17-30-16,07-15-16-17-28-30,7,28,15,17,30,16,10076160.0,0,valid,161,113,3,0.0
Lotto 6/42,2017-01-14,14-22-09-18-37-01,01-09-14-18-22-37,14,22,9,18,37,1,12879656.0,0,valid,162,101,3,0.0
Lotto 6/42,2017-01-17,27-01-36-15-31-37,01-15-27-31-36-37,27,1,36,15,31,37,15917604.0,0,valid,163,147,5,2.0
Lotto 6/42,2017-01-19,40-04-02-31-23-30,02-04-23-30-31-40,40,4,2,31,23,30,18869208.0,0,valid,164,130,2,1.0
Lotto 6/42,2017-01-21,01-38-17-28-34-39,01-17-28-34-38-39,1,38,17,28,34,39,21877988.0,0,valid,165,157,3,0.0
Lotto 6/42,2017-01-24,08-32-31-29-06-03,03-06-08-29-31-32,8,32,31,29,6,3,25207964.0,0,valid,166,109,3,0.0
Lotto 6/42,2017-01-26,09-06-03-39-04-32,03-04-06-09-32-39,9,6,3,39,4,32,28802704.0,0,valid,167,93,3,3.0
Lotto 6/42,2017-01-28,17-35-13-08-14-25,08-13-14-17-25-35,17,35,13,8,14,25,32458224.0,0,valid,168,112,4,0.0
Lotto 6/42,2017-01-31,36-10-31-29-15-02,02-10-15-29-31-36,36,10,31,29,15,2,36661564.0,0,valid,169,123,3,0.0
Lotto 6/42,2017-02-02,15-07-27-37-30-20,07-15-20-27-30-37,15,7,27,37,30,20,40756660.0,0,valid,170,136,4,1.0
Lotto 6/42,2017-02-04,10-23-03-04-18-01,01-03-04-10-18-23,10,23,3,4,18,1,45150100.0,0,valid,171,59,3,0.0
Lotto 6/42,2017-02-07,40-07-31-12-03-18,03-07-12-18-31-40,40,7,31,12,3,18,49893836.0,0,valid,172,111,3,2.0
Lotto 6/42,2017-02-09,08-11-34-25-22-07,07-08-11-22-25-34,8,11,34,25,22,7,54551092.0,0,valid,173,107,3,1.0
Lotto 6/42,2017-02-11,08-20-18-15-10-32,08-10-15-18-20-32,8,20,18,15,10,32,59357984.0,0,valid,174,103,1,1.0
Lotto 6/42,2017-02-14,40-27-31-24-26-21,21-24-26-27-31-40,40,27,31,24,26,21,64172392.0,0,valid,175,169,3,0.0
Lotto 6/42,2017-02-16,37-29-22-30-28-41,22-28-29-30-37-41,37,29,22,30,28,41,69378772.0,0,valid,176,187,3,0.0
Lotto 6/42,2017-02-18,17-11-29-10-21-16,10-11-16-17-21-29,17,11,29,10,21,16,74537248.0,0,valid,177,104,4,1.0
Lotto 6/42,2017-02-21,23-34-25-08-21-03,03-08-21-23-25-34,23,34,25,8,21,3,79806976.0,1,valid,178,114,4,1.0
Lotto 6/42,2017-02-23,04-17-11-05-33-16,04-05-11-16-17-33,4,17,11,5,33,16,6000000.0,0,valid,179,86,4,0.0
Lotto 6/42,2017-02-25,27-19-28-35-42-03,03-19-27-28-35-42,27,19,28,35,42,3,6000000.0,0,valid,180,154,4,0.0
Lotto 6/42,2017-02-28,29-25-02-37-20-33,02-20-25-29-33-37,29,25,2,37,20,33,7894572.0,0,valid,181,146,4,0.0
Lotto 6/42,2017-03-02,08-36-06-22-10-01,01-06-08-10-22-36,8,36,6,22,10,1,10592616.0,0,valid,182,83,1,0.0
Lotto 6/42,2017-03-04,25-41-16-37-08-35,08-16-25-35-37-41,25,41,16,37,8,35,13705172.0,0,valid,183,162,4,1.0
Lotto 6/42,2017-03-07,22-03-18-34-39-31,03-18-22-31-34-39,22,3,18,34,39,31,16471380.0,0,valid,184,147,3,0.0
Lotto 6/42,2017-03-09,07-28-08-10-36-20,07-08-10-20-28-36,7,28,8,10,36,20,19513016.0,0,valid,185,109,1,0.0
Lotto 6/42,2017-03-11,03-05-18-16-09-31,03-05-09-16-18-31,3,5,18,16,9,31,22925660.0,0,valid,186,82,4,0.0
Lotto 6/42,2017-03-14,20-31-41-14-19-34,14-19-20-31-34-41,20,31,41,14,19,34,26023528.0,0,valid,187,159,3,1.0
Lotto 6/42,2017-03-16,17-29-23-28-06-21,06-17-21-23-28-29,17,29,23,28,6,21,29515572.0,1,valid,188,124,4,0.0
Lotto 6/42,2017-03-18,21-24-18-40-36-04,04-18-21-24-36-40,21,24,18,40,36,4,6000000.0,0,valid,189,143,1,1.0
Lotto 6/42,2017-03-21,03-21-12-07-38-15,03-07-12-15-21-38,3,21,12,7,38,15,6000000.0,0,valid,190,96,4,1.0
Lotto 6/42,2017-03-23,04-31-41-20-24-12,04-12-20-24-31-41,4,31,41,20,24,12,7687916.0,0,valid,191,132,2,1.0
Lotto 6/42,2017-03-25,08-04-01-14-06-41,01-04-06-08-14-41,8,4,1,14,6,41,10291784.0,1,valid,192,74,2,2.0
Lotto 6/42,2017-03-28,25-03-23-33-26-38,03-23-25-26-33-38,25,3,23,33,26,38,6000000.0,0,valid,193,148,4,0.0
Lotto 6/42,2017-03-30,13-03-23-18-34-24,03-13-18-23-24-34,13,3,23,18,34,24,6000000.0,0,valid,194,115,3,2.0
Lotto 6/42,2017-04-01,08-41-10-38-16-34,08-10-16-34-38-41,8,41,10,38,16,34,7443476.0,0,valid,195,147,1,1.0
Lotto 6/42,2017-04-04,08-33-27-31-04-19,04-08-19-27-31-33,8,33,27,31,4,19,10079788.0,0,valid,196,122,4,1.0
Lotto 6/42,2017-04-06,26-20-12-32-05-28,05-12-20-26-28-32,26,20,12,32,5,28,13022784.0,0,valid,197,123,1,0.0
Lotto 6/42,2017-04-08,16-05-15-08-04-20,04-05-08-15-16-20,16,5,15,8,4,20,15971504.0,1,valid,198,68,2,2.0
Lotto 6/42,2017-04-11,32-28-11-12-27-10,10-11-12-27-28-32,32,28,11,12,27,10,6000000.0,0,valid,199,120,2,0.0
Lotto 6/42,2017-04-18,14-38-35-07-21-32,07-14-21-32-35-38,14,38,35,7,21,32,6000000.0,0,valid,200,147,3,1.0
Lotto 6/42,2017-04-20,26-05-33-07-36-24,05-07-24-26-33-36,26,5,33,7,36,24,7272936.0,0,valid,201,131,3,1.0
Lotto 6/42,2017-04-22,41-10-04-20-28-02,02-04-10-20-28-41,41,10,4,20,28,2,9898988.0,0,valid,202,105,1,0.0
Lotto 6/42,2017-04-25,37-20-07-28-09-08,07-08-09-20-28-37,37,20,7,28,9,8,12426020.0,0,valid,203,109,3,2.0
Lotto 6/42,2017-04-27,10-35-39-23-19-32,10-19-23-32-35-39,10,35,39,23,19,32,15202136.0,0,valid,204,158,4,0.0
Lotto 6/42,2017-04-29,23-15-42-40-39-07,07-15-23-39-40-42,23,15,42,40,39,7,18359020.0,0,valid,205,166,4,2.0
Lotto 6/42,2017-05-02,33-41-27-06-05-14,05-06-14-27-33-41,33,41,27,6,5,14,21290696.0,0,valid,206,126,4,0.0
Lotto 6/42,2017-05-04,34-30-31-15-40-41,15-30-31-34-40-41,34,30,31,15,40,41,24519100.0,0,valid,207,191,3,1.0
Lotto 6/42,2017-05-06,18-42-29-13-36-38,13-18-29-36-38-42,18,42,29,13,36,38,28170692.0,1,valid,208,176,2,0.0
Lotto 6/42,2017-05-09,02-20-01-38-37-39,01-02-20-37-38-39,2,20,1,38,37,39,6000000.0,0,valid,209,137,3,1.0
Lotto 6/42,2017-05-11,15-37-21-17-36-06,06-15-17-21-36-37,15,37,21,17,36,6,6000000.0,1,valid,210,132,4,1.0
Lotto 6/42,2017-05-13,19-22-14-20-32-18,14-18-19-20-22-32,19,22,14,20,32,18,6000000.0,1,valid,211,125,1,0.0
Lotto 6/42,2017-05-16,05-39-01-31-04-16,01-04-05-16-31-39,5,39,1,31,4,16,6000000.0,0,valid,212,96,4,0.0
Lotto 6/42,2017-05-18,12-06-01-25-31-35,01-06-12-25-31-35,12,6,1,25,31,35,6000000.0,0,valid,213,110,4,2.0
Lotto 6/42,2017-05-20,38-41-08-22-04-17,04-08-17-22-38-41,38,41,8,22,4,17,7599580.0,0,valid,214,130,2,0.0
Lotto 6/42,2017-05-23,16-35-21-01-30-13,01-13-16-21-30-35,16,35,21,1,30,13,10062716.0,0,valid,215,116,4,0.0
Lotto 6/42,2017-05-25,24-20-11-12-16-02,02-11-12-16-20-24,24,20,11,12,16,2,12825736.0,0,valid,216,85,1,1.0
Lotto 6/42,2017-05-27,15-40-12-18-23-27,12-15-18-23-27-40,15,40,12,18,23,27,15776816.0,0,valid,217,135,3,1.0
Lotto 6/42,2017-05-30,05-25-04-02-15-22,02-04-05-15-22-25,5,25,4,2,15,22,18468612.0,0,valid,218,73,3,1.0
Lotto 6/42,2017-06-01,09-31-35-30-19-06,06-09-19-30-31-35,9,31,35,30,19,6,21664680.0,1,valid,219,130,4,0.0
Lotto 6/42,2017-06-03,28-22-31-40-24-20,20-22-24-28-31-40,28,22,31,40,24,20,6000000.0,0,valid,220,165,1,1.0
Lotto 6/42,2017-06-06,05-13-25-01-37-30,01-05-13-25-30-37,5,13,25,1,37,30,6000000.0,0,valid,221,111,5,0.0
Lotto 6/42,2017-06-08,03-40-27-35-42-09,03-09-27-35-40-42,3,40,27,35,42,9,7382344.0,0,valid,222,156,4,0.0
Lotto 6/42,2017-06-10,23-42-02-06-13-19,02-06-13-19-23-42,23,42,2,6,13,19,10042912.0,1,valid,223,105,3,1.0
Lotto 6/42,2017-06-13,13-36-05-06-25-08,05-06-08-13-25-36,13,36,5,6,25,8,6000000.0,0,valid,224,93,3,2.0
Lotto 6/42,2017-06-15,07-37-20-02-18-40,02-07-18-20-37-40,7,37,20,2,18,40,6000000.0,0,valid,225,124,2,0.0
Lotto 6/42,2017-06-17,33-16-29-18-32-39,16-18-29-32-33-39,33,16,29,18,32,39,6982052.0,0,valid,226,167,3,1.0
Lotto 6/42,2017-06-20,14-24-13-12-11-25,11-12-13-14-24-25,14,24,13,12,11,25,9188924.0,0,valid,227,99,3,0.0
Lotto 6/42,2017-06-22,13-16-27-12-06-21,06-12-13-16-21-27,13,16,27,12,6,21,11579648.0,0,valid,228,95,3,2.0
Lotto 6/42,2017-06-24,13-40-02-41-07-21,02-07-13-21-40-41,13,40,2,41,7,21,14334428.0,0,valid,229,124,4,2.0
Lotto 6/42,2017-06-27,10-20-34-35-30-06,06-10-20-30-34-35,10,20,34,35,30,6,16784672.0,0,valid,230,135,1,0.0
Lotto 6/42,2017-06-29,04-40-14-38-08-21,04-08-14-21-38-40,4,40,14,38,8,21,19461548.0,0,valid,231,125,1,0.0
Lotto 6/42,2017-07-01,11-32-40-31-41-21,11-21-31-32-40-41,11,32,40,31,41,21,22508500.0,0,valid,232,176,4,2.0
Lotto 6/42,2017-07-04,34-05-32-36-10-29,05-10-29-32-34-36,34,5,32,36,10,29,25280804.0,0,valid,233,146,2,1.0
Lotto 6/42,2017-07-06,05-36-01-04-27-41,01-04-05-27-36-41,5,36,1,4,27,41,28262908.0,1,valid,234,114,4,2.0
Lotto 6/42,2017-07-08,10-07-37-33-40-04,04-07-10-33-37-40,10,7,37,33,40,4,6000000.0,0,valid,235,131,3,1.0
Lotto 6/42,2017-07-11,23-31-01-08-07-18,01-07-08-18-23-31,23,31,1,8,7,18,6000000.0,0,valid,236,88,4,1.0
Lotto 6/42,2017-07-13,36-28-14-17-34-11,11-14-17-28-34-36,36,28,14,17,34,11,6896840.0,1,valid,237,140,2,0.0
Lotto 6/42,2017-07-15,19-18-12-42-01-28,01-12-18-19-28-42,19,18,12,42,1,28,6000000.0,0,valid,238,120,2,1.0
Lotto 6/42,2017-07-18,31-13-27-36-04-05,04-05-13-27-31-36,31,13,27,36,4,5,6000000.0,0,valid,239,116,4,0.0
Lotto 6/42,2017-07-20,29-02-10-09-04-24,02-04-09-10-24-29,29,2,10,9,4,24,6947328.0,1,valid,240,78,2,1.0
Lotto 6/42,2017-07-22,37-17-29-21-03-14,03-14-17-21-29-37,37,17,29,21,3,14,6000000.0,0,valid,241,121,5,1.0
Lotto 6/42,2017-07-25,25-06-33-38-28-31,06-25-28-31-33-38,25,6,33,38,28,31,6000000.0,0,valid,242,161,3,0.0
Lotto 6/42,2017-07-27,34-39-25-15-23-03,03-15-23-25-34-39,34,39,25,15,23,3,6663120.0,0,valid,243,139,5,1.0
Lotto 6/42,2017-07-29,02-42-05-13-26-10,02-05-10-13-26-42,2,42,5,13,26,10,9229132.0,0,valid,244,98,2,0.0
Lotto 6/42,2017-08-01,42-35-07-29-09-10,07-09-10-29-35-42,42,35,7,29,9,10,11532264.0,1,valid,245,132,4,2.0
Lotto 6/42,2017-08-03,30-42-20-24-10-22,10-20-22-24-30-42,30,42,20,24,10,22,6000000.0,0,valid,246,148,0,2.0
Lotto 6/42,2017-08-05,12-24-42-35-19-38,12-19-24-35-38-42,12,24,42,35,19,38,6000000.0,0,valid,247,170,2,2.0
Lotto 6/42,2017-08-08,30-07-19-01-31-25,01-07-19-25-30-31,30,7,19,1,31,25,7131988.0,0,valid,248,113,5,1.0
Lotto 6/42,2017-08-10,28-08-12-18-40-29,08-12-18-28-29-40,28,8,12,18,40,29,9537240.0,0,valid,249,135,1,0.0
Lotto 6/42,2017-08-12,17-18-04-30-33-14,04-14-17-18-30-33,17,18,4,30,33,14,12393356.0,0,valid,250,116,2,1.0
Lotto 6/42,2017-08-15,10-35-38-15-08-30,08-10-15-30-35-38,10,35,38,15,8,30,14823428.0,0,valid,251,136,2,1.0
Lotto 6/42,2017-08-17,32-13-33-37-09-11,09-11-13-32-33-37,32,13,33,37,9,11,17562840.0,0,valid,252,135,5,0.0
Lotto 6/42,2017-08-19,35-37-29-16-11-06,06-11-16-29-35-37,35,37,29,16,11,6,20727800.0,0,valid,253,134,4,2.0
Lotto 6/42,2017-08-22,17-30-02-42-23-29,02-17-23-29-30-42,17,30,2,42,23,29,23377040.0,0,valid,254,143,3,1.0
Lotto 6/42,2017-08-24,13-25-34-36-32-33,13-25-32-33-34-36,13,25,34,36,32,33,26481476.0,0,valid,255,173,3,0.0
Lotto 6/42,2017-08-26,24-37-38-41-22-36,22-24-36-37-38-41,24,37,38,41,22,36,30144020.0,0,valid,256,198,2,1.0
Lotto 6/42,2017-08-29,05-28-22-01-41-21,01-05-21-22-28-41,5,28,22,1,41,21,33130604.0,0,valid,257,118,4,2.0
Lotto 6/42,2017-08-31,27-14-17-02-25-04,02-04-14-17-25-27,27,14,17,2,25,4,36616084.0,0,valid,258,89,3,0.0
Lotto 6/42,2017-09-02,32-36-03-04-28-41,03-04-28-32-36-41,32,36,3,4,28,41,40826576.0,0,valid,259,144,2,1.0
Lotto 6/42,2017-09-05,42-39-05-29-06-12,05-06-12-29-39-42,42,39,5,29,6,12,44419960.0,1,valid,260,133,3,0.0
Lotto 6/42,2017-09-07,42-41-26-30-27-28,26-27-28-30-41-42,42,41,26,30,27,28,6000000.0,0,valid,261,194,2,1.0
Lotto 6/42,2017-09-09,10-41-21-11-29-37,10-11-21-29-37-41,10,41,21,11,29,37,6000000.0,1,valid,262,149,5,1.0
Lotto 6/42,2017-09-12,19-24-26-38-01-12,01-12-19-24-26-38,19,24,26,38,1,12,6000000.0,0,valid,263,120,2,0.0
Lotto 6/42,2017-09-14,12-20-11-16-38-31,11-12-16-20-31-38,12,20,11,16,38,31,6000000.0,0,valid,264,128,2,2.0
Lotto 6/42,2017-09-16,38-27-05-22-01-34,01-05-22-27-34-38,38,27,5,22,1,34,7398040.0,0,valid,265,127,3,1.0
Lotto 6/42,2017-09-19,24-27-25-06-35-42,06-24-25-27-35-42,24,27,25,6,35,42,9696960.0,0,valid,266,159,3,1.0
Lotto 6/42,2017-09-21,07-16-39-05-04-23,04-05-07-16-23-39,7,16,39,5,4,23,12319884.0,0,valid,267,94,4,0.0
Lotto 6/42,2017-09-23,22-19-11-21-13-31,11-13-19-21-22-31,22,19,11,21,13,31,15312292.0,0,valid,268,117,5,0.0
Lotto 6/42,2017-09-26,23-07-19-24-06-41,06-07-19-23-24-41,23,7,19,24,6,41,18049196.0,0,valid,269,120,4,1.0
Lotto 6/42,2017-09-28,20-18-30-08-02-25,02-08-18-20-25-30,20,18,30,8,2,25,21398828.0,0,valid,270,103,1,0.0
Lotto 6/42,2017-09-30,09-39-08-36-12-27,08-09-12-27-36-39,9,39,8,36,12,27,24863752.0,0,valid,271,131,3,1.0
Lotto 6/42,2017-10-03,31-28-07-12-01-17,01-07-12-17-28-31,31,28,7,12,1,17,28490288.0,0,valid,272,96,4,1.0
Lotto 6/42,2017-10-05,09-12-07-21-11-03,03-07-09-11-12-21,9,12,7,21,11,3,32359000.0,1,valid,273,63,5,2.0
Lotto 6/42,2017-10-07,40-09-21-30-23-02,02-09-21-23-30-40,40,9,21,30,23,2,6000000.0,0,valid,274,125,3,2.0
Lotto 6/42,2017-10-10,08-07-27-19-05-36,05-07-08-19-27-36,8,7,27,19,5,36,6000000.0,0,valid,275,102,4,0.0
Lotto 6/42,2017-10-12,33-39-21-16-37-06,06-16-21-33-37-39,33,39,21,16,37,6,7543144.0,0,valid,276,152,4,0.0
Lotto 6/42,2017-10-14,01-11-04-13-19-36,01-04-11-13-19-36,1,11,4,13,19,36,10171332.0,2,valid,277,84,4,0.0
Lotto 6/42,2017-10-17,24-16-20-28-09-07,07-09-16-20-24-28,24,16,20,28,9,7,5940000.0,0,valid,278,104,2,0.0
Lotto 6/42,2017-10-19,11-38-28-32-15-16,11-15-16-28-32-38,11,38,28,32,15,16,5940000.0,0,valid,279,140,2,2.0
Lotto 6/42,2017-10-21,34-19-07-31-03-26,03-07-19-26-31-34,34,19,7,31,3,26,7308533.0,0,valid,280,120,4,0.0
Lotto 6/42,2017-10-24,07-30-23-01-12-28,01-07-12-23-28-30,7,30,23,1,12,28,9682208.0,1,valid,281,101,3,1.0
Lotto 6/42,2017-10-26,13-36-16-30-37-11,11-13-16-30-36-37,13,36,16,30,37,11,5940000.0,0,valid,282,143,3,1.0
Lotto 6/42,2017-10-28,22-02-15-11-20-31,02-11-15-20-22-31,22,2,15,11,20,31,5940000.0,0,valid,283,101,3,1.0
Lotto 6/42,2017-10-31,20-42-08-14-25-15,08-14-15-20-25-42,20,42,8,14,25,15,7104985.0,0,valid,284,124,2,2.0
Lotto 6/42,2017-11-02,18-31-11-19-03-42,03-11-18-19-31-42,18,31,11,19,3,42,9479092.0,0,valid,285,124,4,1.0
Lotto 6/42,2017-11-04,10-08-19-25-42-26,08-10-19-25-26-42,10,8,19,25,42,26,12293266.0,0,valid,286,130,2,2.0
Lotto 6/42,2017-11-07,33-15-30-36-09-34,09-15-30-33-34-36,33,15,30,36,9,34,14904185.0,1,valid,287,157,3,0.0
Lotto 6/42,2017-11-09,27-17-37-07-12-06,06-07-12-17-27-37,27,17,37,7,12,6,5940000.0,0,valid,288,106,4,0.0
Lotto 6/42,2017-11-11,23-30-03-06-09-25,03-06-09-23-25-30,23,30,3,6,9,25,5940000.0,2,valid,289,96,4,1.0
Lotto 6/42,2017-11-14,28-21-04-23-27-10,04-10-21-23-27-28,28,21,4,23,27,10,5940000.0,0,valid,290,113,3,1.0
Lotto 6/42,2017-11-16,08-38-28-42-17-30,08-17-28-30-38-42,8,38,28,42,17,30,5940000.0,0,valid,291,163,1,1.0
Lotto 6/42,2017-11-18,02-15-37-20-12-38,02-12-15-20-37-38,2,15,37,20,12,38,7274936.0,0,valid,292,124,2,1.0
Lotto 6/42,2017-11-21,32-26-38-07-24-31,07-24-26-31-32-38,32,26,38,7,24,31,9578837.0,0,valid,293,158,2,1.0
Lotto 6/42,2017-11-23,34-24-40-01-16-28,01-16-24-28-34-40,34,24,40,1,16,28,12075058.0,0,valid,294,143,1,1.0
Lotto 6/42,2017-11-25,01-11-35-22-29-07,01-07-11-22-29-35,1,11,35,22,29,7,14992766.0,0,valid,295,105,5,1.0
Lotto 6/42,2017-11-28,01-16-28-39-17-07,01-07-16-17-28-39,1,16,28,39,17,7,17517706.0,0,valid,296,108,4,2.0
Lotto 6/42,2017-11-30,27-03-33-31-26-09,03-09-26-27-31-33,27,3,33,31,26,9,20246526.0,0,valid,297,129,5,0.0
Lotto 6/42,2017-12-02,27-04-33-30-39-21,04-21-27-30-33-39,27,4,33,30,39,21,23643062.0,0,valid,298,154,4,2.0
Lotto 6/42,2017-12-05,30-11-23-15-14-21,11-14-15-21-23-30,30,11,23,15,14,21,26855390.0,1,valid,299,114,4,2.0
Lotto 6/42,2017-12-07,21-24-10-37-27-09,09-10-21-24-27-37,21,24,10,37,27,9,5940000.0,0,valid,300,128,4,1.0
Lotto 6/42,2017-12-09,25-04-12-27-30-11,04-11-12-25-27-30,25,4,12,27,30,11,5940000.0,0,valid,301,109,3,1.0
Lotto 6/42,2017-12-12,40-17-20-18-24-15,15-17-18-20-24-40,40,17,20,18,24,15,7902953.0,1,valid,302,134,2,0.0
Lotto 6/42,2017-12-14,14-05-16-28-23-01,01-05-14-16-23-28,14,5,16,28,23,1,5940000.0,0,valid,303,87,3,0.0
Lotto 6/42,2017-12-16,08-03-13-22-26-19,03-08-13-19-22-26,8,3,13,22,26,19,5940000.0,0,valid,304,91,3,0.0
Lotto 6/42,2017-12-19,17-02-34-28-18-04,02-04-17-18-28-34,17,2,34,28,18,4,7324428.0,0,valid,305,103,1,0.0
Lotto 6/42,2017-12-21,03-36-26-39-27-19,03-19-26-27-36-39,3,36,26,39,27,19,9929364.0,0,valid,306,150,4,0.0
Lotto 6/42,2017-12-23,31-39-18-16-29-41,16-18-29-31-39-41,31,39,18,16,29,41,13012450.0,0,valid,307,174,4,1.0
Lotto 6/42,2017-12-26,39-34-33-14-41-02,02-14-33-34-39-41,39,34,33,14,41,2,15374463.0,0,valid,308,163,3,2.0
Lotto 6/42,2017-12-28,38-17-10-30-06-16,06-10-16-17-30-38,38,17,10,30,6,16,18426082.0,0,valid,309,117,1,0.0
Lotto 6/42,2017-12-30,41-11-05-10-38-28,05-10-11-28-38-41,41,11,5,10,38,28,22088168.0,0,valid,310,133,3,2.0
Lotto 6/42,2018-01-02,17-16-19-29-04-14,04-14-16-17-19-29,17,16,19,29,4,14,24824813.0,1,valid,311,99,3,0.0
Lotto 6/42,2018-01-04,26-16-30-19-05-11,05-11-16-19-26-30,26,16,30,19,5,11,5940000.0,0,valid,312,107,3,2.0
Lotto 6/42,2018-01-06,40-28-15-13-11-24,11-13-15-24-28-40,40,28,15,13,11,24,5940000.0,0,valid,313,131,3,1.0
Lotto 6/42,2018-01-09,07-11-27-28-42-34,07-11-27-28-34-42,7,11,27,28,42,34,7893045.0,1,valid,314,149,3,2.0
Lotto 6/42,2018-01-11,01-38-41-24-03-11,01-03-11-24-38-41,1,38,41,24,3,11,5940000.0,0,valid,315,118,4,1.0
Lotto 6/42,2018-01-13,02-25-32-12-08-31,02-08-12-25-31-32,2,25,32,12,8,31,5940000.0,0,valid,316,110,2,0.0
Lotto 6/42,2018-01-16,04-38-12-08-32-07,04-07-08-12-32-38,4,38,12,8,32,7,7438457.0,0,valid,317,101,1,3.0
Lotto 6/42,2018-01-18,01-40-35-37-17-05,01-05-17-35-37-40,1,40,35,37,17,5,9968299.0,0,valid,318,135,5,0.0
Lotto 6/42,2018-01-20,06-25-29-30-38-16,06-16-25-29-30-38,6,25,29,30,38,16,12816247.0,0,valid,319,144,2,0.0
Lotto 6/42,2018-01-23,05-11-31-42-24-33,05-11-24-31-33-42,5,11,31,42,24,33,15392948.0,0,valid,320,146,4,0.0
Lotto 6/42,2018-01-25,24-10-05-02-16-26,02-05-10-16-24-26,24,10,5,2,16,26,18616103.0,0,valid,321,83,1,2.0
Lotto 6/42,2018-01-27,07-12-06-30-04-24,04-06-07-12-24-30,7,12,6,30,4,24,21791029.0,0,valid,322,83,1,1.0
Lotto 6/42,2018-01-30,02-06-11-20-12-35,02-06-11-12-20-35,2,6,11,20,12,35,25066080.0,0,valid,323,86,2,2.0
Lotto 6/42,2018-02-01,13-30-34-06-18-14,06-13-14-18-30-34,13,30,34,6,18,14,29049008.0,0,valid,324,115,1,1.0
Lotto 6/42,2018-02-03,22-14-19-03-21-29,03-14-19-21-22-29,22,14,19,3,21,29,32800352.0,0,valid,325,108,4,1.0
Lotto 6/42,2018-02-06,29-09-01-04-36-21,01-04-09-21-29-36,29,9,1,4,36,21,36628789.0,0,valid,326,100,4,2.0
Lotto 6/42,2018-02-08,07-32-08-30-11-19,07-08-11-19-30-32,7,32,8,30,11,19,41154966.0,0,valid,327,107,3,0.0
Lotto 6/42,2018-02-10,30-23-41-06-08-18,06-08-18-23-30-41,30,23,41,6,8,18,45379007.0,0,valid,328,126,2,2.0
Lotto 6/42,2018-02-13,19-31-21-22-07-35,07-19-21-22-31-35,19,31,21,22,7,35,49659101.0,1,valid,329,135,5,0.0
Lotto 6/42,2018-02-15,24-21-01-39-22-28,01-21-22-24-28-39,24,21,1,39,22,28,5940000.0,0,valid,330,135,3,2.0
Lotto 6/42,2018-02-17,22-40-41-33-19-05,05-19-22-33-40-41,22,40,41,33,19,5,5940000.0,0,valid,331,160,4,1.0
Lotto 6/42,2018-02-20,40-02-35-21-25-34,02-21-25-34-35-40,40,2,35,21,25,34,8331793.0,0,valid,332,157,3,1.0
Lotto 6/42,2018-02-22,18-30-41-27-35-25,18-25-27-30-35-41,18,30,41,27,35,25,10947436.0,0,valid,333,176,4,2.0
Lotto 6/42,2018-02-24,12-25-09-34-17-32,09-12-17-25-32-34,12,25,9,34,17,32,13982931.0,0,valid,334,129,3,1.0
Lotto 6/42,2018-02-27,19-12-36-26-10-28,10-12-19-26-28-36,19,12,36,26,10,28,16665447.0,0,valid,335,131,1,1.0
Lotto 6/42,2018-03-01,14-42-40-07-34-25,07-14-25-34-40-42,14,42,40,7,34,25,19610051.0,0,valid,336,162,2,0.0
Lotto 6/42,2018-03-03,35-24-08-30-19-39,08-19-24-30-35-39,35,24,8,30,19,39,23084523.0,0,valid,337,155,3,0.0
Lotto 6/42,2018-03-06,05-39-37-30-04-23,04-05-23-30-37-39,5,39,37,30,4,23,26070597.0,1,valid,338,138,4,2.0
Lotto 6/42,2018-03-08,38-25-27-14-24-36,14-24-25-27-36-38,38,25,27,14,24,36,5940000.0,0,valid,339,164,2,0.0
Lotto 6/42,2018-03-10,26-41-42-03-39-38,03-26-38-39-41-42,26,41,42,3,39,38,5940000.0,0,valid,340,189,3,1.0
Lotto 6/42,2018-03-13,41-02-36-32-03-28,02-03-28-32-36-41,41,2,36,32,3,28,7722606.0,0,valid,341,142,2,2.0
Lotto 6/42,2018-03-15,27-17-02-37-42-09,02-09-17-27-37-42,27,17,2,37,42,9,10203847.0,1,valid,342,134,4,1.0
Lotto 6/42,2018-03-17,24-23-12-31-08-09,08-09-12-23-24-31,24,23,12,31,8,9,5940000.0,0,valid,343,107,3,1.0
Lotto 6/42,2018-03-20,34-11-30-26-38-05,05-11-26-30-34-38,34,11,30,26,38,5,5940000.0,0,valid,344,144,2,0.0
Lotto 6/42,2018-03-22,42-20-39-06-04-15,04-06-15-20-39-42,42,20,39,6,4,15,7205379.0,0,valid,345,126,2,0.0
Lotto 6/42,2018-03-24,17-08-04-21-32-31,04-08-17-21-31-32,17,8,4,21,32,31,9869227.0,0,valid,346,113,3,1.0
Lotto 6/42,2018-03-27,38-08-01-05-34-22,01-05-08-22-34-38,38,8,1,5,34,22,12433949.0,1,valid,347,108,2,1.0
Lotto 6/42,2018-04-03,27-38-36-29-07-19,07-19-27-29-36-38,27,38,36,29,7,19,5940000.0,0,valid,348,156,4,1.0
Lotto 6/42,2018-04-05,08-40-22-20-31-03,03-08-20-22-31-40,8,40,22,20,31,3,5940000.0,0,valid,349,124,2,0.0
Lotto 6/42,2018-04-07,36-26-30-11-18-16,11-16-18-26-30-36,36,26,30,11,18,16,7229978.0,0,valid,350,137,1,0.0
Lotto 6/42,2018-04-10,31-39-02-25-34-11,02-11-25-31-34-39,31,39,2,25,34,11,9492326.0,0,valid,351,142,4,1.0
Lotto 6/42,2018-04-12,33-09-12-32-29-27,09-12-27-29-32-33,33,9,12,32,29,27,12035229.0,0,valid,352,142,4,0.0
Lotto 6/42,2018-04-14,18-41-29-10-35-03,03-10-18-29-35-41,18,41,29,10,35,3,14841578.0,0,valid,353,136,4,1.0
Lotto 6/42,2018-04-17,06-41-42-04-30-39,04-06-30-39-41-42,6,41,42,4,30,39,17417300.0,0,valid,354,162,2,1.0
Lotto 6/42,2018-04-19,31-29-11-14-23-16,11-14-16-23-29-31,31,29,11,14,23,16,20206095.0,0,valid,355,124,4,0.0
Lotto 6/42,2018-04-21,04-11-33-14-12-39,04-11-12-14-33-39,4,11,33,14,12,39,23421607.0,0,valid,356,113,3,2.0
Lotto 6/42,2018-04-24,03-23-41-12-08-25,03-08-12-23-25-41,3,23,41,12,8,25,26172092.0,0,valid,357,112,4,1.0
Lotto 6/42,2018-04-26,32-04-13-22-23-41,04-13-22-23-32-41,32,4,13,22,23,41,29185264.0,0,valid,358,135,3,2.0
Lotto 6/42,2018-04-28,37-42-03-22-35-02,02-03-22-35-37-42,37,42,3,22,35,2,32304512.0,0,valid,359,141,3,1.0
Lotto 6/42,2018-05-01,31-14-12-17-36-28,12-14-17-28-31-36,31,14,12,17,36,28,35114651.0,0,valid,360,138,2,0.0
Lotto 6/42,2018-05-03,23-22-25-26-12-01,01-12-22-23-25-26,23,22,25,26,12,1,38357000.0,0,valid,361,109,3,1.0
Lotto 6/42,2018-05-05,15-05-39-24-01-12,01-05-12-15-24-39,15,5,39,24,1,12,41751734.0,0,valid,362,96,4,2.0
Lotto 6/42,2018-05-08,04-26-23-38-17-07,04-07-17-23-26-38,4,26,23,38,17,7,45042129.0,0,valid,363,115,3,0.0
Lotto 6/42,2018-05-10,03-09-18-37-10-41,03-09-10-18-37-41,3,9,18,37,10,41,48921540.0,1,valid,364,118,4,0.0
Lotto 6/42,2018-05-12,15-40-24-25-16-39,15-16-24-25-39-40,15,40,24,25,16,39,5940000.0,0,valid,365,159,3,0.0
Lotto 6/42,2018-05-15,42-38-10-13-40-03,03-10-13-38-40-42,42,38,10,13,40,3,5940000.0,0,valid,366,146,2,1.0
Lotto 6/42,2018-05-17,18-05-33-14-30-06,05-06-14-18-30-33,18,5,33,14,30,6,7004765.0,0,valid,367,106,2,0.0
Lotto 6/42,2018-05-19,16-38-18-08-04-29,04-08-16-18-29-38,16,38,18,8,4,29,9451202.0,0,valid,368,113,1,1.0
Lotto 6/42,2018-05-22,11-30-26-33-29-08,08-11-26-29-30-33,11,30,26,33,29,8,11772839.0,0,valid,369,137,3,2.0
Lotto 6/42,2018-05-24,30-29-15-02-37-27,02-15-27-29-30-37,30,29,15,2,37,27,14420602.0,0,valid,370,140,4,2.0
Lotto 6/42,2018-05-26,16-13-38-34-21-23,13-16-21-23-34-38,16,13,38,34,21,23,17308376.0,0,valid,371,145,3,0.0
Lotto 6/42,2018-05-29,14-33-01-13-28-40,01-13-14-28-33-40,14,33,1,13,28,40,19845521.0,1,valid,372,129,3,1.0
Lotto 6/42,2018-05-31,31-03-36-15-24-30,03-15-24-30-31-36,31,3,36,15,24,30,5940000.0,0,valid,373,139,3,0.0
Lotto 6/42,2018-06-02,23-35-24-25-29-17,17-23-24-25-29-35,23,35,24,25,29,17,5940000.0,0,valid,374,153,5,1.0
Lotto 6/42,2018-06-05,26-24-01-17-41-30,01-17-24-26-30-41,26,24,1,17,41,30,6943916.0,0,valid,375,139,3,2.0
Lotto 6/42,2018-06-07,11-29-36-33-35-27,11-27-29-33-35-36,11,29,36,33,35,27,9270020.0,0,valid,376,171,5,0.0
Lotto 6/42,2018-06-09,21-22-30-37-40-12,12-21-22-30-37-40,21,22,30,37,40,12,11671427.0,0,valid,377,162,2,0.0
Lotto 6/42,2018-06-12,36-20-35-30-05-14,05-14-20-30-35-36,36,20,35,30,5,14,13911366.0,0,valid,378,140,2,1.0
Lotto 6/42,2018-06-14,03-02-21-10-36-24,02-03-10-21-24-36,3,2,21,10,36,24,16562542.0,0,valid,379,96,2,1.0
Lotto 6/42,2018-06-16,08-41-23-38-02-29,02-08-23-29-38-41,8,41,23,38,2,29,19553914.0,0,valid,380,141,3,1.0
Lotto 6/42,2018-06-19,30-32-34-24-39-11,11-24-30-32-34-39,30,32,34,24,39,11,22363847.0,0,valid,381,170,2,0.0
Lotto 6/42,2018-06-21,30-01-23-39-16-08,01-08-16-23-30-39,30,1,23,39,16,8,25485111.0,0,valid,382,117,3,2.0
Lotto 6/42,2018-06-23,08-27-32-20-40-42,08-20-27-32-40-42,8,27,32,20,40,42,28804106.0,0,valid,383,169,1,1.0
Lotto 6/42,2018-06-26,27-15-07-39-26-19,07-15-19-26-27-39,27,15,7,39,26,19,31885774.0,1,valid,384,133,5,1.0
Lotto 6/42,2018-06-28,30-16-35-01-23-34,01-16-23-30-34-35,30,16,35,1,23,34,5940000.0,0,valid,385,139,3,0.0
Lotto 6/42,2018-06-30,06-38-42-39-20-27,06-20-27-38-39-42,6,38,42,39,20,27,5940000.0,0,valid,386,172,2,0.0
Lotto 6/42,2018-07-03,21-32-19-13-42-41,13-19-21-32-41-42,21,32,19,13,42,41,7504509.0,0,valid,387,168,4,1.0
Lotto 6/42,2018-07-05,04-15-34-27-29-30,04-15-27-29-30-34,4,15,34,27,29,30,10034668.0,0,valid,388,139,3,0.0
Lotto 6/42,2018-07-07,36-02-11-07-39-33,02-07-11-33-36-39,36,2,11,7,39,33,12745288.0,0,valid,389,128,4,0.0
Lotto 6/42,2018-07-10,16-32-27-40-31-24,16-24-27-31-32-40,16,32,27,40,31,24,15218205.0,0,valid,390,170,2,0.0
Lotto 6/42,2018-07-12,39-22-13-30-12-35,12-13-22-30-35-39,39,22,13,30,12,35,18254444.0,0,valid,391,151,3,0.0
Lotto 6/42,2018-07-14,08-33-35-26-12-31,08-12-26-31-33-35,8,33,35,26,12,31,21416964.0,0,valid,392,145,3,2.0
Lotto 6/42,2018-07-17,31-30-12-37-34-28,12-28-30-31-34-37,31,30,12,37,34,28,24106611.0,0,valid,393,172,2,2.0
Lotto 6/42,2018-07-19,41-09-13-36-39-30,09-13-30-36-39-41,41,9,13,36,39,30,27589764.0,0,valid,394,168,4,1.0
Lotto 6/42,2018-07-21,31-33-29-17-06-39,06-17-29-31-33-39,31,33,29,17,6,39,30870489.0,0,valid,395,155,5,1.0
Lotto 6/42,2018-07-24,34-07-01-04-32-14,01-04-07-14-32-34,34,7,1,4,32,14,33955630.0,1,valid,396,92,2,0.0
Lotto 6/42,2018-07-26,08-22-02-35-33-12,02-08-12-22-33-35,8,22,2,35,33,12,5940000.0,0,valid,397,112,2,0.0
Lotto 6/42,2018-07-28,28-13-09-33-37-42,09-13-28-33-37-42,28,13,9,33,37,42,5940000.0,0,valid,398,162,4,1.0
Lotto 6/42,2018-07-31,38-40-05-23-32-02,02-05-23-32-38-40,38,40,5,23,32,2,6687993.0,0,valid,399,140,2,0.0
Lotto 6/42,2018-08-02,14-39-08-36-26-16,08-14-16-26-36-39,14,39,8,36,26,16,8814671.0,0,valid,400,139,1,0.0
Lotto 6/42,2018-08-04,40-01-11-28-05-22,01-05-11-22-28-40,40,1,11,28,5,22,11101211.0,0,valid,401,107,3,0.0
Lotto 6/42,2018-08-07,19-22-01-32-13-24,01-13-19-22-24-32,19,22,1,32,13,24,13242688.0,0,valid,402,111,3,2.0
Lotto 6/42,2018-08-09,02-16-18-41-29-35,02-16-18-29-35-41,2,16,18,41,29,35,15646337.0,0,valid,403,141,3,0.0
Lotto 6/42,2018-08-11,27-29-39-37-07-20,07-20-27-29-37-39,27,29,39,37,7,20,17830368.0,0,valid,404,159,5,1.0
Lotto 6/42,2018-08-14,36-08-39-26-30-32,08-26-30-32-36-39,36,8,39,26,30,32,20124819.0,0,valid,405,171,1,1.0
Lotto 6/42,2018-08-16,23-30-10-36-18-15,10-15-18-23-30-36,23,30,10,36,18,15,22741821.0,2,valid,406,132,2,2.0
Lotto 6/42,2018-08-18,34-06-25-38-14-01,01-06-14-25-34-38,34,6,25,38,14,1,5940000.0,0,valid,407,118,2,0.0
Lotto 6/42,2018-08-21,16-08-09-20-38-28,08-09-16-20-28-38,16,8,9,20,38,28,5940000.0,0,valid,408,119,1,1.0
Lotto 6/42,2018-08-23,15-13-16-01-36-22,01-13-15-16-22-36,15,13,16,1,36,22,6438172.0,1,valid,409,103,3,1.0
Lotto 6/42,2018-08-25,26-35-28-22-23-30,22-23-26-28-30-35,26,35,28,22,23,30,5940000.0,0,valid,410,164,2,1.0
Lotto 6/42,2018-08-28,22-04-07-13-24-18,04-07-13-18-22-24,22,4,7,13,24,18,5940000.0,0,valid,411,88,2,1.0
Lotto 6/42,2018-08-30,09-14-29-38-16-34,09-14-16-29-34-38,9,14,29,38,16,34,6839027.0,1,valid,412,140,2,0.0
Lotto 6/42,2018-09-01,36-13-10-06-03-14,03-06-10-13-14-36,36,13,10,6,3,14,5940000.0,0,valid,413,82,2,1.0
Lotto 6/42,2018-09-04,15-36-02-30-24-42,02-15-24-30-36-42,15,36,2,30,24,42,5940000.0,0,valid,414,149,1,1.0
Lotto 6/42,2018-09-06,37-15-13-01-06-04,01-04-06-13-15-37,37,15,13,1,6,4,7459619.0,0,valid,415,76,4,1.0
Lotto 6/42,2018-09-08,13-21-23-26-10-35,10-13-21-23-26-35,13,21,23,26,10,35,10399883.0,0,valid,416,128,4,1.0
Lotto 6/42,2018-09-11,17-31-14-02-38-21,02-14-17-21-31-38,17,31,14,2,38,21,13193719.0,0,valid,417,123,3,1.0
Lotto 6/42,2018-09-13,30-14-05-35-03-09,03-05-09-14-30-35,30,14,5,35,3,9,16361271.0,0,valid,418,96,4,1.0
Lotto 6/42,2018-09-15,17-38-39-37-42-24,17-24-37-38-39-42,17,38,39,37,42,24,19073835.0,0,valid,419,197,3,0.0
Lotto 6/42,2018-09-18,05-41-16-07-35-11,05-07-11-16-35-41,5,41,16,7,35,11,22309033.0,0,valid,420,115,5,0.0
Lotto 6/42,2018-09-20,15-32-16-07-09-24,07-09-15-16-24-32,15,32,16,7,9,24,25703869.0,0,valid,421,103,3,2.0
Lotto 6/42,2018-09-22,11-01-28-34-33-22,01-11-22-28-33-34,11,1,28,34,33,22,29101344.0,0,valid,422,129,3,0.0
Lotto 6/42,2018-09-25,19-42-14-08-22-09,08-09-14-19-22-42,19,42,14,8,22,9,32714804.0,0,valid,423,114,2,1.0
Lotto 6/42,2018-09-27,20-25-10-17-42-18,10-17-18-20-25-42,20,25,10,17,42,18,36922993.0,0,valid,424,132,2,1.0
Lotto 6/42,2018-09-29,37-03-24-09-02-12,02-03-09-12-24-37,37,3,24,9,2,12,41754431.0,0,valid,425,87,3,0.0
Lotto 6/42,2018-10-02,21-34-19-22-04-32,04-19-21-22-32-34,21,34,19,22,4,32,46598259.0,0,valid,426,132,2,0.0
Lotto 6/42,2018-10-04,26-28-02-29-35-27,02-26-27-28-29-35,26,28,2,29,35,27,52052082.0,0,valid,427,147,3,0.0
Lotto 6/42,2018-10-06,31-17-21-11-29-01,01-11-17-21-29-31,31,17,21,11,29,1,58521550.0,0,valid,428,110,6,1.0
Lotto 6/42,2018-10-09,33-11-32-29-12-18,11-12-18-29-32-33,33,11,32,29,12,18,65017023.0,0,valid,429,135,3,2.0
Lotto 6/42,2018-10-11,20-33-22-07-14-11,07-11-14-20-22-33,20,33,22,7,14,11,74387638.0,0,valid,430,107,3,2.0
Lotto 6/42,2018-10-13,06-34-40-10-32-02,02-06-10-32-34-40,6,34,40,10,32,2,83564210.0,1,valid,431,124,0,0.0
Lotto 6/42,2018-10-16,14-04-25-10-29-32,04-10-14-25-29-32,14,4,25,10,29,32,5940000.0,0,valid,432,114,2,2.0
Lotto 6/42,2018-10-18,39-18-08-16-17-01,01-08-16-17-18-39,39,18,8,16,17,1,7576391.0,0,valid,433,99,3,0.0
Lotto 6/42,2018-10-20,39-14-37-02-32-04,02-04-14-32-37-39,39,14,37,2,32,4,10928187.0,0,valid,434,128,2,1.0
Lotto 6/42,2018-10-23,20-29-27-31-03-19,03-19-20-27-29-31,20,29,27,31,3,19,14031991.0,0,valid,435,129,5,0.0
Lotto 6/42,2018-10-25,35-31-03-41-30-05,03-05-30-31-35-41,35,31,3,41,30,5,17361135.0,0,valid,436,145,5,2.0
Lotto 6/42,2018-10-27,03-21-41-05-15-01,01-03-05-15-21-41,3,21,41,5,15,1,20815737.0,0,valid,437,86,6,3.0
Lotto 6/42,2018-10-30,31-14-06-08-01-19,01-06-08-14-19-31,31,14,6,8,1,19,23414708.0,0,valid,438,79,3,1.0
Lotto 6/42,2018-11-01,39-12-26-30-16-10,10-12-16-26-30-39,39,12,26,30,16,10,25469275.0,0,valid,439,133,1,0.0
Lotto 6/42,2018-11-03,19-41-08-07-29-25,07-08-19-25-29-41,19,41,8,7,29,25,28706100.0,0,valid,440,129,5,0.0
Lotto 6/42,2018-11-06,19-02-31-10-08-22,02-08-10-19-22-31,19,2,31,10,8,22,31846491.0,1,valid,441,92,2,2.0
Lotto 6/42,2018-11-08,10-18-27-37-26-14,10-14-18-26-27-37,10,18,27,37,26,14,5940000.0,0,valid,442,132,2,1.0
Lotto 6/42,2018-11-10,12-02-32-28-22-42,02-12-22-28-32-42,12,2,32,28,22,42,5940000.0,4,valid,443,138,0,0.0
Lotto 6/42,2018-11-13,38-09-18-25-03-39,03-09-18-25-38-39,38,9,18,25,3,39,5940000.0,0,valid,444,132,4,0.0
Lotto 6/42,2018-11-15,18-33-10-38-32-25,10-18-25-32-33-38,18,33,10,38,32,25,5940000.0,0,valid,445,156,2,3.0
Lotto 6/42,2018-11-17,41-05-32-29-24-27,05-24-27-29-32-41,41,5,32,29,24,27,6673024.0,0,valid,446,158,4,1.0
Lotto 6/42,2018-11-20,20-28-30-23-16-29,16-20-23-28-29-30,20,28,30,23,16,29,8732244.0,0,valid,447,146,2,1.0
Lotto 6/42,2018-11-22,16-20-34-01-40-41,01-16-20-34-40-41,16,20,34,1,40,41,11148941.0,0,valid,448,152,2,2.0
Lotto 6/42,2018-11-24,25-32-19-29-17-28,17-19-25-28-29-32,25,32,19,29,17,28,13674981.0,0,valid,449,150,4,0.0
Lotto 6/42,2018-11-27,06-39-20-10-01-26,01-06-10-20-26-39,6,39,20,10,1,26,16212549.0,0,valid,450,102,2,0.0
Lotto 6/42,2018-11-29,19-41-04-13-05-38,04-05-13-19-38-41,19,41,4,13,5,38,19189361.0,0,valid,451,120,4,0.0
Lotto 6/42,2018-12-01,15-26-11-23-24-01,01-11-15-23-24-26,15,26,11,23,24,1,22018008.0,1,valid,452,100,4,0.0
Lotto 6/42,2018-12-04,23-15-26-32-08-17,08-15-17-23-26-32,23,15,26,32,8,17,5940000.0,0,valid,453,121,3,3.0
Lotto 6/42,2018-12-06,24-20-05-41-16-34,05-16-20-24-34-41,24,20,5,41,16,34,5940000.0,0,valid,454,140,2,0.0
Lotto 6/42,2018-12-08,08-15-13-29-07-40,07-08-13-15-29-40,8,15,13,29,7,40,6767233.0,0,valid,455,112,4,0.0
Lotto 6/42,2018-12-11,27-02-22-13-03-09,02-03-09-13-22-27,27,2,22,13,3,9,8862381.0,0,valid,456,76,4,1.0
Lotto 6/42,2018-12-13,38-11-36-08-14-19,08-11-14-19-36-38,38,11,36,8,14,19,11131335.0,0,valid,457,126,2,0.0
Lotto 6/42,2018-12-15,41-15-10-18-23-11,10-11-15-18-23-41,41,15,10,18,23,11,13582559.0,0,valid,458,118,4,1.0
Lotto 6/42,2018-12-18,40-41-32-29-04-33,04-29-32-33-40-41,40,41,32,29,4,33,16082887.0,0,valid,459,179,3,1.0
Lotto 6/42,2018-12-20,31-34-26-27-41-32,26-27-31-32-34-41,31,34,26,27,41,32,18897437.0,0,valid,460,191,3,2.0
Lotto 6/42,2018-12-22,22-09-07-08-35-26,07-08-09-22-26-35,22,9,7,8,35,26,21655177.0,0,valid,461,107,3,1.0
Lotto 6/42,2018-12-27,09-13-36-02-20-27,02-09-13-20-27-36,9,13,36,2,20,27,25042284.0,0,valid,462,107,3,1.0
Lotto 6/42,2018-12-29,36-04-19-12-15-21,04-12-15-19-21-36,36,4,19,12,15,21,27878860.0,0,valid,463,107,3,1.0
Lotto 6/42,2019-01-03,39-22-04-16-35-05,04-05-16-22-35-39,39,22,4,16,35,5,31398207.0,0,valid,464,121,3,1.0
Lotto 6/42,2019-01-05,12-42-08-23-01-19,01-08-12-19-23-42,12,42,8,23,1,19,34583013.0,0,valid,465,105,3,0.0
Lotto 6/42,2019-01-08,17-32-16-27-12-22,12-16-17-22-27-32,17,32,16,27,12,22,37870562.0,0,valid,466,126,2,1.0
Lotto 6/42,2019-01-10,30-28-12-41-14-04,04-12-14-28-30-41,30,28,12,41,14,4,41432269.0,0,valid,467,129,1,1.0
Lotto 6/42,2019-01-12,23-29-31-32-42-25,23-25-29-31-32-42,23,29,31,32,42,25,44683381.0,0,valid,468,182,4,0.0
Lotto 6/42,2019-01-15,04-31-19-20-24-08,04-08-19-20-24-31,4,31,19,20,24,8,48204764.0,1,valid,469,106,2,1.0
Lotto 6/42,2019-01-17,19-29-42-40-23-04,04-19-23-29-40-42,19,29,42,40,23,4,5940000.0,0,valid,470,157,3,2.0
Lotto 6/42,2019-01-19,42-13-04-07-19-22,04-07-13-19-22-42,42,13,4,7,19,22,5940000.0,1,valid,471,107,3,3.0
Lotto 6/42,2019-01-22,26-15-03-13-36-10,03-10-13-15-26-36,26,15,3,13,36,10,5940000.0,0,valid,472,103,3,1.0
Lotto 6/42,2019-01-24,19-29-11-01-04-12,01-04-11-12-19-29,19,29,11,1,4,12,5940000.0,0,valid,473,76,4,0.0
Lotto 6/42,2019-01-26,42-36-12-01-41-35,01-12-35-36-41-42,42,36,12,1,41,35,6313599.0,0,valid,474,167,3,2.0
Lotto 6/42,2019-01-29,27-37-08-20-14-06,06-08-14-20-27-37,27,37,8,20,14,6,8339962.0,0,valid,475,112,2,0.0
Lotto 6/42,2019-01-31,06-36-28-09-03-13,03-06-09-13-28-36,6,36,28,9,3,13,10733141.0,0,valid,476,95,3,1.0
Lotto 6/42,2019-02-02,19-36-04-31-30-05,04-05-19-30-31-36,19,36,4,31,30,5,13356328.0,0,valid,477,125,3,1.0
Lotto 6/42,2019-02-05,28-31-15-24-11-36,11-15-24-28-31-36,28,31,15,24,11,36,15883743.0,0,valid,478,145,3,2.0
Lotto 6/42,2019-02-07,14-23-18-27-07-40,07-14-18-23-27-40,14,23,18,27,7,40,18836826.0,1,valid,479,129,3,0.0
Lotto 6/42,2019-02-09,12-21-03-05-15-20,03-05-12-15-20-21,12,21,3,5,15,20,5940000.0,1,valid,480,76,4,0.0
Lotto 6/42,2019-02-12,37-05-36-04-06-40,04-05-06-36-37-40,37,5,36,4,6,40,5940000.0,0,valid,481,128,2,1.0
Lotto 6/42,2019-02-14,41-15-01-38-39-14,01-14-15-38-39-41,41,15,1,38,39,14,5940000.0,0,valid,482,148,4,0.0
Lotto 6/42,2019-02-16,39-16-42-33-03-23,03-16-23-33-39-42,39,16,42,33,3,23,6340895.0,0,valid,483,156,4,1.0
Lotto 6/42,2019-02-19,01-15-24-08-06-03,01-03-06-08-15-24,1,15,24,8,6,3,8300240.0,0,valid,484,57,3,1.0
Lotto 6/42,2019-02-21,41-24-33-13-11-14,11-13-14-24-33-41,41,24,33,13,11,14,10478517.0,0,valid,485,136,4,1.0
Lotto 6/42,2019-02-23,22-21-33-31-23-40,21-22-23-31-33-40,22,21,33,31,23,40,12881164.0,0,valid,486,170,4,1.0
Lotto 6/42,2019-02-26,33-22-16-17-10-26,10-16-17-22-26-33,33,22,16,17,10,26,15062918.0,0,valid,487,124,2,2.0
Lotto 6/42,2019-02-28,21-31-11-19-01-13,01-11-13-19-21-31,21,31,11,19,1,13,17515528.0,1,valid,488,96,6,0.0
Lotto 6/42,2019-03-02,14-32-37-22-20-27,14-20-22-27-32-37,14,32,37,22,20,27,5940000.0,0,valid,489,152,2,0.0
Lotto 6/42,2019-03-05,01-42-11-25-26-35,01-11-25-26-35-42,1,42,11,25,26,35,5940000.0,0,valid,490,140,4,0.0
Lotto 6/42,2019-03-07,14-24-29-33-34-35,14-24-29-33-34-35,14,24,29,33,34,35,6793112.6,0,valid,491,169,3,1.0
Lotto 6/42,2019-03-09,23-36-07-10-41-15,07-10-15-23-36-41,23,36,7,10,41,15,9156800.8,0,valid,492,132,4,0.0
Lotto 6/42,2019-03-12,20-29-19-31-40-39,19-20-29-31-39-40,20,29,19,31,40,39,11307575.8,0,valid,493,178,4,0.0
Lotto 6/42,2019-03-14,14-27-05-42-26-25,05-14-25-26-27-42,14,27,5,42,26,25,13644848.4,0,valid,494,139,3,0.0
Lotto 6/42,2019-03-16,41-32-07-27-22-06,06-07-22-27-32-41,41,32,7,27,22,6,16291719.6,0,valid,495,135,3,1.0
Lotto 6/42,2019-03-19,19-33-29-36-13-37,13-19-29-33-36-37,19,33,29,36,13,37,18651233.6,0,valid,496,167,5,0.0
Lotto 6/42,2019-03-21,27-39-23-18-40-25,18-23-25-27-39-40,27,39,23,18,40,25,21241555.0,0,valid,497,172,4,0.0
Lotto 6/42,2019-03-23,10-01-09-35-16-19,01-09-10-16-19-35,10,1,9,35,16,19,24098464.4,0,valid,498,90,4,0.0
Lotto 6/42,2019-03-26,26-38-42-41-31-40,26-31-38-40-41-42,26,38,42,41,31,40,26757689.0,0,valid,499,218,2,0.0
Lotto 6/42,2019-03-28,15-20-35-36-13-38,13-15-20-35-36-38,15,20,35,36,13,38,29519462.4,0,valid,500,157,3,1.0
Lotto 6/42,2019-03-30,02-06-35-13-15-21,02-06-13-15-21-35,2,6,35,13,15,21,32549225.6,0,valid,501,92,4,3.0
Lotto 6/42,2019-04-02,36-08-34-20-37-05,05-08-20-34-36-37,36,8,34,20,37,5,35355662.2,0,valid,502,140,2,0.0
Lotto 6/42,2019-04-04,32-25-19-37-03-16,03-16-19-25-32-37,32,25,19,37,3,16,38265295.2,0,valid,503,132,4,1.0
Lotto 6/42,2019-04-06,03-09-15-12-18-42,03-09-12-15-18-42,3,9,15,12,18,42,41374360.4,0,valid,504,99,3,1.0
Lotto 6/42,2019-04-09,38-35-16-04-03-31,03-04-16-31-35-38,38,35,16,4,3,31,44248967.0,0,valid,505,127,3,1.0
Lotto 6/42,2019-04-11,09-20-17-27-18-39,09-17-18-20-27-39,9,20,17,27,18,39,47329992.4,0,valid,506,130,4,0.0
Lotto 6/42,2019-04-13,16-35-07-41-12-26,07-12-16-26-35-41,16,35,7,41,12,26,50689875.6,0,valid,507,137,3,0.0
Lotto 6/42,2019-04-16,23-27-09-34-02-41,02-09-23-27-34-41,23,27,9,34,2,41,53944347.2,0,valid,508,136,4,1.0
Lotto 6/42,2019-04-23,31-18-37-20-22-16,16-18-20-22-31-37,31,18,37,20,22,16,57196898.4,0,valid,509,144,2,0.0
Lotto 6/42,2019-04-25,24-38-36-27-09-05,05-09-24-27-36-38,24,38,36,27,9,5,60476883.8,0,valid,510,139,3,0.0
Lotto 6/42,2019-04-27,08-21-20-31-12-38,08-12-20-21-31-38,8,21,20,31,12,38,63959523.4,0,valid,511,130,2,1.0
Lotto 6/42,2019-04-30,18-33-19-17-26-25,17-18-19-25-26-33,18,33,19,17,26,25,67318796.6,0,valid,512,138,4,0.0
Lotto 6/42,2019-05-02,34-13-28-20-18-23,13-18-20-23-28-34,34,13,28,20,18,23,70815740.8,0,valid,513,136,2,1.0
Lotto 6/42,2019-05-04,16-14-40-05-09-22,05-09-14-16-22-40,16,14,40,5,9,22,74674067.8,0,valid,514,106,2,0.0
Lotto 6/42,2019-05-07,27-41-02-30-06-17,02-06-17-27-30-41,27,41,2,30,6,17,78440578.6,0,valid,515,123,3,0.0
Lotto 6/42,2019-05-09,42-08-07-35-17-28,07-08-17-28-35-42,42,8,7,35,17,28,82179390.8,0,valid,516,137,3,1.0
Lotto 6/42,2019-05-11,37-38-07-18-21-23,07-18-21-23-37-38,37,38,7,18,21,23,86305532.6,0,valid,517,144,4,1.0
Lotto 6/42,2019-05-14,05-22-32-08-06-09,05-06-08-09-22-32,5,22,32,8,6,9,90784206.4,0,valid,518,82,2,0.0
Lotto 6/42,2019-05-16,08-09-30-18-22-38,08-09-18-22-30-38,8,9,30,18,22,38,96006606.6,0,valid,519,125,1,3.0
Lotto 6/42,2019-05-18,24-23-34-35-06-37,06-23-24-34-35-37,24,23,34,35,6,37,101012565.6,0,valid,520,159,3,0.0
Lotto 6/42,2019-05-21,19-34-25-01-04-13,01-04-13-19-25-34,19,34,25,1,4,13,107289200.8,1,valid,521,96,4,1.0
Lotto 6/42,2019-05-23,37-28-09-21-33-13,09-13-21-28-33-37,37,28,9,21,33,13,5940000.0,0,valid,522,141,5,1.0
Lotto 6/42,2019-05-25,04-02-09-19-34-07,02-04-07-09-19-34,4,2,9,19,34,7,5940000.0,0,valid,523,75,3,1.0
Lotto 6/42,2019-05-28,15-18-32-30-08-06,06-08-15-18-30-32,15,18,32,30,8,6,6897700.6,0,valid,524,109,1,0.0
Lotto 6/42,2019-05-30,16-04-26-09-30-32,04-09-16-26-30-32,16,4,26,9,30,32,9161025.8,0,valid,525,117,1,2.0
Lotto 6/42,2019-06-01,19-32-25-06-09-40,06-09-19-25-32-40,19,32,25,6,9,40,11760700.0,0,valid,526,131,3,2.0
Lotto 6/42,2019-06-04,37-04-09-41-21-14,04-09-14-21-37-41,37,4,9,41,21,14,14071088.6,0,valid,527,126,4,1.0
Lotto 6/42,2019-06-06,37-20-17-36-34-12,12-17-20-34-36-37,37,20,17,36,34,12,16623847.0,0,valid,528,156,2,1.0
Lotto 6/42,2019-06-08,08-25-40-05-07-11,05-07-08-11-25-40,8,25,40,5,7,11,19467360.4,0,valid,529,96,4,0.0
Lotto 6/42,2019-06-11,07-36-35-27-19-08,07-08-19-27-35-36,7,36,35,27,19,8,22160793.2,0,valid,530,132,4,2.0
Lotto 6/42,2019-06-13,17-32-12-02-19-01,01-02-12-17-19-32,17,32,12,2,19,1,25083695.6,0,valid,531,83,3,1.0
Lotto 6/42,2019-06-15,25-40-42-31-37-03,03-25-31-37-40-42,25,40,42,31,37,3,28453993.2,0,valid,532,178,4,0.0
Lotto 6/42,2019-06-18,09-02-42-01-20-04,01-02-04-09-20-42,9,2,42,1,20,4,31424598.0,0,valid,533,78,2,1.0
Lotto 6/42,2019-06-20,08-29-42-06-25-36,06-08-25-29-36-42,8,29,42,6,25,36,34375805.6,0,valid,534,146,2,1.0
Lotto 6/42,2019-06-22,39-27-01-09-21-23,01-09-21-23-27-39,39,27,1,9,21,23,38006967.6,0,valid,535,120,6,0.0
Lotto 6/42,2019-06-25,40-17-20-26-21-28,17-20-21-26-28-40,40,17,20,26,21,28,41110643.0,0,valid,536,152,2,1.0
Lotto 6/42,2019-06-27,19-31-28-20-16-03,03-16-19-20-28-31,19,31,28,20,16,3,44415837.2,1,valid,537,117,3,2.0
Lotto 6/42,2019-06-29,26-28-07-18-13-10,07-10-13-18-26-28,26,28,7,18,13,10,5940000.0,0,valid,538,102,2,1.0
Lotto 6/42,2019-07-02,18-08-31-16-28-37,08-16-18-28-31-37,18,8,31,16,28,37,5940000.0,0,valid,539,138,2,2.0
Lotto 6/42,2019-07-04,25-01-05-19-22-38,01-05-19-22-25-38,25,1,5,19,22,38,6982110.8,0,valid,540,110,4,0.0
Lotto 6/42,2019-07-06,29-12-35-11-10-17,10-11-12-17-29-35,29,12,35,11,10,17,9327939.0,0,valid,541,114,4,0.0
Lotto 6/42,2019-07-09,04-22-12-38-03-01,01-03-04-12-22-38,4,22,12,38,3,1,11697977.4,0,valid,542,80,2,1.0
Lotto 6/42,2019-07-11,10-07-05-24-34-25,05-07-10-24-25-34,10,7,5,24,34,25,14385860.6,0,valid,543,105,3,0.0
Lotto 6/42,2019-07-13,34-28-07-02-08-15,02-07-08-15-28-34,34,28,7,2,8,15,17253136.0,0,valid,544,94,2,2.0
Lotto 6/42,2019-07-16,36-25-39-19-18-38,18-19-25-36-38-39,36,25,39,19,18,38,20016913.4,0,valid,545,175,3,0.0
Lotto 6/42,2019-07-18,29-16-14-25-19-38,14-16-19-25-29-38,29,16,14,25,19,38,23294059.0,0,valid,546,141,3,3.0
Lotto 6/42,2019-07-20,23-38-08-01-05-24,01-05-08-23-24-38,23,38,8,1,5,24,26561586.4,0,valid,547,99,3,1.0
Lotto 6/42,2019-07-23,07-22-01-30-04-32,01-04-07-22-30-32,7,22,1,30,4,32,29779054.0,0,valid,548,96,2,1.0
Lotto 6/42,2019-07-25,03-22-27-13-10-32,03-10-13-22-27-32,3,22,27,13,10,32,33487539.4,0,valid,549,107,3,2.0
Lotto 6/42,2019-07-27,31-17-16-05-09-32,05-09-16-17-31-32,31,17,16,5,9,32,33928701.2,0,valid,550,110,4,1.0
Lotto 6/42,2019-07-30,30-09-22-41-35-11,09-11-22-30-35-41,30,9,22,41,35,11,33986540.4,0,valid,551,148,4,1.0
Lotto 6/42,2019-08-01,01-02-39-14-18-31,01-02-14-18-31-39,1,2,39,14,18,31,37543668.0,0,valid,552,105,3,0.0
Lotto 6/42,2019-08-03,19-26-14-16-20-24,14-16-19-20-24-26,19,26,14,16,20,24,40978142.8,0,valid,553,119,1,1.0
Lotto 6/42,2019-08-06,27-23-41-38-03-07,03-07-23-27-38-41,27,23,41,38,3,7,44776239.0,0,valid,554,139,5,0.0
Lotto 6/42,2019-08-08,13-31-26-37-14-18,13-14-18-26-31-37,13,31,26,37,14,18,48887998.0,0,valid,555,139,3,0.0
Lotto 6/42,2019-08-10,18-23-29-34-21-39,18-21-23-29-34-39,18,23,29,34,21,39,53004179.0,0,valid,556,164,4,1.0
Lotto 6/42,2019-08-13,13-26-25-03-39-12,03-12-13-25-26-39,13,26,25,3,39,12,57172056.2,0,valid,557,118,4,1.0
Lotto 6/42,2019-08-15,16-06-33-37-27-21,06-16-21-27-33-37,16,6,33,37,27,21,62009594.6,2,valid,558,140,4,0.0
Lotto 6/42,2019-08-17,10-22-38-13-30-40,10-13-22-30-38-40,10,22,38,13,30,40,5940000.0,0,valid,559,153,1,0.0
Lotto 6/42,2019-08-20,19-16-15-07-08-23,07-08-15-16-19-23,19,16,15,7,8,23,5940000.0,0,valid,560,88,4,0.0
Lotto 6/42,2019-08-22,26-35-21-19-29-28,19-21-26-28-29-35,26,35,21,19,29,28,7246650.8,0,valid,561,158,4,1.0
Lotto 6/42,2019-08-24,14-36-17-13-10-02,02-10-13-14-17-36,14,36,17,13,10,2,9702089.2,0,valid,562,92,2,0.0
Lotto 6/42,2019-08-27,06-03-41-24-19-18,03-06-18-19-24-41,6,3,41,24,19,18,11874809.4,0,valid,563,111,3,0.0
Lotto 6/42,2019-08-29,08-07-40-11-05-42,05-07-08-11-40-42,8,7,40,11,5,42,14394232.4,1,valid,564,113,3,0.0
Lotto 6/42,2019-08-31,36-33-21-41-22-35,21-22-33-35-36-41,36,33,21,41,22,35,5940000.0,0,valid,565,188,4,0.0
Lotto 6/42,2019-09-03,32-06-09-24-18-04,04-06-09-18-24-32,32,6,9,24,18,4,5940000.0,0,valid,566,93,1,0.0
Lotto 6/42,2019-09-05,16-15-40-20-39-19,15-16-19-20-39-40,16,15,40,20,39,19,6564745.2,0,valid,567,149,3,0.0
Lotto 6/42,2019-09-07,40-28-31-17-34-10,10-17-28-31-34-40,40,28,31,17,34,10,8920800.6,0,valid,568,160,2,1.0
Lotto 6/42,2019-09-10,24-07-09-36-23-06,06-07-09-23-24-36,24,7,9,36,23,6,11030189.2,0,valid,569,105,3,0.0
Lotto 6/42,2019-09-12,37-03-17-25-30-31,03-17-25-30-31-37,37,3,17,25,30,31,13499470.8,0,valid,570,143,5,0.0
Lotto 6/42,2019-09-14,42-33-26-38-34-03,03-26-33-34-38-42,42,33,26,38,34,3,16079534.2,0,valid,571,176,2,1.0
Lotto 6/42,2019-09-17,18-42-37-03-05-04,03-04-05-18-37-42,18,42,37,3,5,4,18476497.0,0,valid,573,109,3,2.0
Lotto 6/42,2019-09-19,23-21-07-33-34-39,07-21-23-33-34-39,23,21,7,33,34,39,21218389.8,0,valid,574,157,5,0.0
Lotto 6/42,2019-09-21,26-32-42-31-06-03,03-06-26-31-32-42,26,32,42,31,6,3,24060701.8,0,valid,575,140,2,0.0
Lotto 6/42,2019-09-24,35-34-06-33-16-25,06-16-25-33-34-35,35,34,6,33,16,25,26640551.6,0,valid,576,149,3,1.0
Lotto 6/42,2019-09-26,06-19-21-17-36-04,04-06-17-19-21-36,6,19,21,17,36,4,29680364.6,0,valid,577,103,3,1.0
Lotto 6/42,2019-09-28,26-27-37-07-24-25,07-24-25-26-27-37,26,27,37,7,24,25,32566319.2,0,valid,578,146,4,0.0
Lotto 6/42,2019-10-01,22-27-11-23-21-36,11-21-22-23-27-36,22,27,11,23,21,36,35402723.8,1,valid,579,140,4,1.0
Lotto 6/42,2019-10-03,16-35-31-33-06-27,06-16-27-31-33-35,16,35,31,33,6,27,5940000.0,0,valid,580,148,4,1.0
Lotto 6/42,2019-10-05,30-17-04-37-26-32,04-17-26-30-32-37,30,17,4,37,26,32,5940000.0,0,valid,581,146,2,0.0
Lotto 6/42,2019-10-08,20-24-18-30-26-34,18-20-24-26-30-34,20,24,18,30,26,34,6334826.4,0,valid,582,152,0,2.0
Lotto 6/42,2019-10-10,09-18-13-10-27-42,09-10-13-18-27-42,9,18,13,10,27,42,8419626.0,0,valid,583,119,3,1.0
Lotto 6/42,2019-10-12,19-14-09-07-15-28,07-09-14-15-19-28,19,14,9,7,15,28,10602212.2,1,valid,584,92,4,1.0
Lotto 6/42,2019-10-15,21-27-39-23-38-10,10-21-23-27-38-39,21,27,39,23,38,10,5940000.0,0,valid,585,158,4,0.0
Lotto 6/42,2019-10-17,26-17-07-13-10-40,07-10-13-17-26-40,26,17,7,13,10,40,5940000.0,0,valid,586,113,3,1.0
Lotto 6/42,2019-10-19,25-42-26-10-03-38,03-10-25-26-38-42,25,42,26,10,3,38,6227974.4,0,valid,587,144,2,2.0
Lotto 6/42,2019-10-22,07-05-23-16-31-41,05-07-16-23-31-41,7,5,23,16,31,41,8178499.0,0,valid,588,123,5,0.0
Lotto 6/42,2019-10-24,38-14-31-15-42-11,11-14-15-31-38-42,38,14,31,15,42,11,10333800.6,0,valid,589,151,3,1.0
Lotto 6/42,2019-10-26,23-39-34-16-18-42,16-18-23-34-39-42,23,39,34,16,18,42,12662905.2,0,valid,590,172,2,1.0
Lotto 6/42,2019-10-29,38-28-42-26-05-25,05-25-26-28-38-42,38,28,42,26,5,25,15031236.8,0,valid,591,164,2,1.0
Lotto 6/42,2019-10-31,39-06-12-05-14-42,05-06-12-14-39-42,39,6,12,5,14,42,17776309.6,0,valid,592,118,2,2.0
Lotto 6/42,2019-11-02,04-36-38-08-29-34,04-08-29-34-36-38,4,36,38,8,29,34,20281811.2,0,valid,593,149,1,0.0
Lotto 6/42,2019-11-05,35-18-28-32-38-23,18-23-28-32-35-38,35,18,28,32,38,23,23182929.2,0,valid,594,174,2,1.0
Lotto 6/42,2019-11-07,05-13-24-42-33-36,05-13-24-33-36-42,5,13,24,42,33,36,26432134.2,0,valid,595,153,3,0.0
Lotto 6/42,2019-11-09,27-14-15-26-11-10,10-11-14-15-26-27,27,14,15,26,11,10,29718906.8,0,valid,596,103,3,0.0
Lotto 6/42,2019-11-12,16-24-07-10-27-17,07-10-16-17-24-27,16,24,7,10,27,17,32984900.4,0,valid,597,101,3,2.0
Lotto 6/42,2019-11-14,14-25-34-30-05-18,05-14-18-25-30-34,14,25,34,30,5,18,36599717.6,0,valid,598,126,2,0.0
Lotto 6/42,2019-11-16,08-20-34-09-26-31,08-09-20-26-31-34,8,20,34,9,26,31,40552849.2,0,valid,599,128,2,1.0
Lotto 6/42,2019-11-19,03-02-40-41-05-09,02-03-05-09-40-41,3,2,40,41,5,9,44451195.0,0,valid,600,100,4,1.0
Lotto 6/42,2019-11-21,07-22-16-19-15-21,07-15-16-19-21-22,7,22,16,19,15,21,48666822.0,0,valid,601,100,4,0.0
Lotto 6/42,2019-11-23,03-22-05-28-23-01,01-03-05-22-23-28,3,22,5,28,23,1,53126673.4,0,valid,602,82,4,1.0
Lotto 6/42,2019-11-26,38-40-06-35-07-15,06-07-15-35-38-40,38,40,6,35,7,15,57845506.4,0,valid,603,141,3,0.0
Lotto 6/42,2019-11-28,10-34-02-04-38-40,02-04-10-34-38-40,10,34,2,4,38,40,62603204.2,0,valid,604,128,0,2.0
Lotto 6/42,2019-11-30,13-40-01-11-14-37,01-11-13-14-37-40,13,40,1,11,14,37,67610504.4,0,valid,605,116,4,1.0
Lotto 6/42,2019-12-03,26-23-12-01-34-17,01-12-17-23-26-34,26,23,12,1,34,17,71768302.0,1,valid,606,113,3,1.0
Lotto 6/42,2019-12-05,30-40-35-02-01-12,01-02-12-30-35-40,30,40,35,2,1,12,5940000.0,0,valid,607,120,2,2.0
Lotto 6/42,2019-12-07,09-17-20-34-06-31,06-09-17-20-31-34,9,17,20,34,6,31,5940000.0,0,valid,608,117,3,0.0
Lotto 6/42,2019-12-10,35-10-33-01-30-05,01-05-10-30-33-35,35,10,33,1,30,5,6795831.2,0,valid,609,114,4,0.0
Lotto 6/42,2019-12-12,10-14-04-03-31-37,03-04-10-14-31-37,10,14,4,3,31,37,9014346.6,0,valid,610,99,3,1.0
Lotto 6/42,2019-12-14,37-10-42-19-01-25,01-10-19-25-37-42,37,10,42,19,1,25,11432697.4,1,valid,611,134,4,2.0
Lotto 6/42,2019-12-17,02-33-30-42-06-20,02-06-20-30-33-42,2,33,30,42,6,20,5940000.0,0,valid,612,133,1,1.0
Lotto 6/42,2019-12-19,11-02-06-26-22-33,02-06-11-22-26-33,11,2,6,26,22,33,5940000.0,0,valid,613,100,2,3.0
Lotto 6/42,2019-12-21,24-32-18-39-12-28,12-18-24-28-32-39,24,32,18,39,12,28,6525392.6,0,valid,614,153,1,0.0
Lotto 6/42,2019-12-24,17-19-38-14-15-31,14-15-17-19-31-38,17,19,38,14,15,31,7759025.8,0,valid,615,134,4,0.0
Lotto 6/42,2019-12-26,05-17-19-04-20-25,04-05-17-19-20-25,5,17,19,4,20,25,9988613.0,0,valid,616,90,4,2.0
Lotto 6/42,2019-12-28,05-37-23-38-04-31,04-05-23-31-37-38,5,37,23,38,4,31,12625670.0,0,valid,617,138,4,2.0
Lotto 6/42,2019-12-31,22-16-38-40-20-25,16-20-22-25-38-40,22,16,38,40,20,25,14179129.0,0,valid,618,161,1,1.0
Lotto 6/42,2020-01-02,42-31-01-17-16-20,01-16-17-20-31-42,42,31,1,17,16,20,16767512.4,0,valid,619,127,3,2.0
Lotto 6/42,2020-01-04,39-27-05-14-09-08,05-08-09-14-27-39,39,27,5,14,9,8,19571534.4,0,valid,620,102,4,0.0
Lotto 6/42,2020-01-07,02-35-12-14-31-27,02-12-14-27-31-35,2,35,12,14,31,27,22182430.0,0,valid,621,121,3,2.0
Lotto 6/42,2020-01-09,11-40-31-30-28-18,11-18-28-30-31-40,11,40,31,30,28,18,25171560.0,0,valid,622,158,2,1.0
Lotto 6/42,2020-01-11,16-17-05-30-29-21,05-16-17-21-29-30,16,17,5,30,29,21,28481693.8,1,valid,623,118,4,1.0
Lotto 6/42,2020-01-14,40-39-20-33-13-34,13-20-33-34-39-40,40,39,20,33,13,34,5940000.0,0,valid,624,179,3,0.0
Lotto 6/42,2020-01-16,20-15-14-13-21-11,11-13-14-15-20-21,20,15,14,13,21,11,5940000.0,0,valid,625,94,4,2.0
Lotto 6/42,2020-01-18,12-18-35-10-42-05,05-10-12-18-35-42,12,18,35,10,42,5,6451816.2,0,valid,626,122,2,0.0
Lotto 6/42,2020-01-21,07-09-11-37-19-36,07-09-11-19-36-37,7,9,11,37,19,36,8478933.0,0,valid,627,119,5,0.0
Lotto 6/42,2020-01-23,25-40-09-04-02-22,02-04-09-22-25-40,25,40,9,4,2,22,10728907.2,0,valid,628,102,2,1.0
Lotto 6/42,2020-01-25,20-10-34-38-41-31,10-20-31-34-38-41,20,10,34,38,41,31,13289868.6,0,valid,629,174,2,0.0
Lotto 6/42,2020-01-28,11-14-24-38-20-16,11-14-16-20-24-38,11,14,24,38,20,16,15564428.4,0,valid,630,123,1,2.0
Lotto 6/42,2020-01-30,31-30-16-40-37-38,16-30-31-37-38-40,31,30,16,40,37,38,18170474.8,0,valid,631,192,2,2.0
Lotto 6/42,2020-02-01,05-17-29-10-09-18,05-09-10-17-18-29,5,17,29,10,9,18,21145043.6,0,valid,632,88,4,0.0
Lotto 6/42,2020-02-04,20-24-25-31-03-08,03-08-20-24-25-31,20,24,25,31,3,8,23740771.4,0,valid,633,111,3,0.0
Lotto 6/42,2020-02-06,05-19-09-30-25-35,05-09-19-25-30-35,5,19,9,30,25,35,26612882.8,0,valid,634,123,5,1.0
Lotto 6/42,2020-02-08,20-37-22-35-14-24,14-20-22-24-35-37,20,37,22,35,14,24,29826678.2,0,valid,635,152,2,1.0
Lotto 6/42,2020-02-11,23-15-03-11-22-40,03-11-15-22-23-40,23,15,3,11,22,40,32870363.8,0,valid,636,114,4,1.0
Lotto 6/42,2020-02-13,15-27-36-08-41-11,08-11-15-27-36-41,15,27,36,8,41,11,36632592.4,1,valid,637,138,4,2.0
Lotto 6/42,2020-02-15,38-18-28-15-25-27,15-18-25-27-28-38,38,18,28,15,25,27,5940000.0,0,valid,638,151,3,2.0
Lotto 6/42,2020-02-18,32-18-06-14-05-10,05-06-10-14-18-32,32,18,6,14,5,10,5940000.0,0,valid,639,85,1,1.0
Lotto 6/42,2020-02-20,41-37-23-17-05-08,05-08-17-23-37-41,41,37,23,17,5,8,7047795.4,0,valid,640,131,5,1.0
Lotto 6/42,2020-02-22,16-04-38-39-05-37,04-05-16-37-38-39,16,4,38,39,5,37,9517264.2,0,valid,641,139,3,2.0
Lotto 6/42,2020-02-25,22-16-42-03-05-38,03-05-16-22-38-42,22,16,42,3,5,38,11700595.8,0,valid,642,126,2,3.0
Lotto 6/42,2020-02-27,34-32-16-07-29-05,05-07-16-29-32-34,34,32,16,7,29,5,14410707.2,0,valid,643,123,3,2.0
Lotto 6/42,2020-02-29,24-39-23-10-42-08,08-10-23-24-39-42,24,39,23,10,42,8,17228376.4,0,valid,644,146,2,0.0
Lotto 6/42,2020-03-03,25-39-40-07-05-09,05-07-09-25-39-40,25,39,40,7,5,9,19860769.0,0,valid,645,125,5,1.0
Lotto 6/42,2020-03-05,17-24-14-39-15-20,14-15-17-20-24-39,17,24,14,39,15,20,22901387.0,0,valid,646,129,3,1.0
Lotto 6/42,2020-03-07,14-17-11-05-03-09,03-05-09-11-14-17,14,17,11,5,3,9,25925143.6,0,valid,648,59,5,2.0
Lotto 6/42,2020-03-10,10-28-32-33-36-21,10-21-28-32-33-36,10,28,32,33,36,21,28740366.0,0,valid,649,160,2,0.0
Lotto 6/42,2020-03-12,17-30-13-41-27-25,13-17-25-27-30-41,17,30,13,41,27,25,31769824.2,0,valid,650,153,5,0.0
Lotto 6/42,2020-03-14,38-08-32-24-21-27,08-21-24-27-32-38,38,8,32,24,21,27,34587812.6,0,valid,651,150,2,1.0
Lotto 6/42,2020-03-17,38-09-42-30-08-34,08-09-30-34-38-42,38,9,42,30,8,34,35306486.6,0,valid,652,161,1,2.0
Lotto 6/42,2020-03-19,01-14-41-29-07-36,01-07-14-29-36-41,1,14,41,29,7,36,35396695.2,0,valid,653,128,4,0.0
Lotto 6/42,2020-03-21,12-36-38-21-31-23,12-21-23-31-36-38,12,36,38,21,31,23,35453702.0,0,valid,654,161,3,1.0
Lotto 6/42,2020-03-24,33-16-07-05-17-32,05-07-16-17-32-33,33,16,7,5,17,32,35468526.2,0,valid,655,110,4,0.0
Lotto 6/42,2020-03-26,30-26-08-02-33-37,02-08-26-30-33-37,30,26,8,2,33,37,35477503.6,0,valid,656,136,2,1.0
Lotto 6/42,2020-03-28,35-03-07-34-08-22,03-07-08-22-34-35,35,3,7,34,8,22,35482120.6,0,valid,657,109,3,1.0
Lotto 6/42,2020-08-08,40-32-27-22-06-07,06-07-22-27-32-40,40,32,27,22,6,7,35756853.6,0,valid,658,134,2,2.0
Lotto 6/42,2020-08-11,10-34-16-12-24-20,10-12-16-20-24-34,10,34,16,12,24,20,36178449.6,0,valid,659,116,0,0.0
Lotto 6/42,2020-08-13,14-38-16-10-31-06,06-10-14-16-31-38,14,38,16,10,31,6,36749691.2,0,valid,660,115,1,2.0
Lotto 6/42,2020-08-15,04-24-38-06-39-18,04-06-18-24-38-39,4,24,38,6,39,18,37345181.6,0,valid,661,129,1,2.0
Lotto 6/42,2020-08-18,04-33-03-11-38-28,03-04-11-28-33-38,4,33,3,11,38,28,38009524.4,0,valid,662,117,3,2.0
Lotto 6/42,2020-08-20,27-10-07-37-14-25,07-10-14-25-27-37,27,10,7,37,14,25,39152573.6,0,valid,663,120,4,0.0
Lotto 6/42,2020-08-22,02-11-21-40-12-15,02-11-12-15-21-40,2,11,21,40,12,15,40496072.6,0,valid,664,101,3,0.0
Lotto 6/42,2020-08-25,25-38-37-39-15-17,15-17-25-37-38-39,25,38,37,39,15,17,41940164.8,0,valid,665,171,5,1.0
Lotto 6/42,2020-08-27,20-23-03-14-19-05,03-05-14-19-20-23,20,23,3,14,19,5,43700529.4,0,valid,666,84,4,0.0
Lotto 6/42,2020-08-29,21-39-12-16-42-31,12-16-21-31-39-42,21,39,12,16,42,31,45592536.4,0,valid,667,161,3,0.0
Lotto 6/42,2020-09-01,29-24-21-15-36-34,15-21-24-29-34-36,29,24,21,15,36,34,47469540.8,0,valid,668,159,3,1.0
Lotto 6/42,2020-09-03,03-11-06-19-33-10,03-06-10-11-19-33,3,11,6,19,33,10,49707326.8,1,valid,669,82,4,0.0
Lotto 6/42,2020-09-05,32-18-09-25-35-42,09-18-25-32-35-42,32,18,9,25,35,42,5940000.0,0,valid,670,161,3,0.0
Lotto 6/42,2020-09-08,05-16-39-41-25-11,05-11-16-25-39-41,5,16,39,41,25,11,5940000.0,0,valid,671,137,5,1.0
Lotto 6/42,2020-09-10,17-02-10-07-18-29,02-07-10-17-18-29,17,2,10,7,18,29,5940000.0,0,valid,672,83,3,0.0
Lotto 6/42,2020-09-12,32-21-07-39-19-29,07-19-21-29-32-39,32,21,7,39,19,29,6953761.6,0,valid,673,147,5,2.0
Lotto 6/42,2020-09-15,18-25-10-28-22-27,10-18-22-25-27-28,18,25,10,28,22,27,8597525.0,1,valid,674,130,2,0.0
Lotto 6/42,2020-09-17,29-02-05-12-41-14,02-05-12-14-29-41,29,2,5,12,41,14,5940000.0,0,valid,675,103,3,0.0
Lotto 6/42,2020-09-19,24-23-10-07-31-40,07-10-23-24-31-40,24,23,10,7,31,40,5940000.0,0,valid,676,135,3,0.0
Lotto 6/42,2020-09-22,40-16-09-35-05-10,05-09-10-16-35-40,40,16,9,35,5,10,5940000.0,0,valid,677,115,3,2.0
Lotto 6/42,2020-09-24,38-09-07-18-29-12,07-09-12-18-29-38,38,9,7,18,29,12,7501899.6,0,valid,678,113,3,1.0
Lotto 6/42,2020-09-26,06-17-23-22-39-13,06-13-17-22-23-39,6,17,23,22,39,13,9740922.2,0,valid,679,120,4,0.0
Lotto 6/42,2020-09-29,24-31-03-36-02-33,02-03-24-31-33-36,24,31,3,36,2,33,11606479.4,0,valid,680,129,3,0.0
Lotto 6/42,2020-10-01,22-33-23-05-16-14,05-14-16-22-23-33,22,33,23,5,16,14,13743150.2,0,valid,681,113,3,1.0
Lotto 6/42,2020-10-03,42-31-39-22-36-19,19-22-31-36-39-42,42,31,39,22,36,19,16160050.8,0,valid,682,189,3,1.0
Lotto 6/42,2020-10-06,22-41-35-42-34-14,14-22-34-35-41-42,22,41,35,42,34,14,18246383.2,0,valid,683,188,2,2.0
Lotto 6/42,2020-10-08,37-21-23-36-02-41,02-21-23-36-37-41,37,21,23,36,2,41,20490737.4,0,valid,684,160,4,1.0
Lotto 6/42,2020-10-10,10-30-33-29-41-16,10-16-29-30-33-41,10,30,33,29,41,16,23145990.2,0,valid,685,159,3,1.0
Lotto 6/42,2020-10-13,31-29-23-10-16-04,04-10-16-23-29-31,31,29,23,10,16,4,25403539.0,0,valid,686,113,3,3.0
Lotto 6/42,2020-10-15,17-37-04-18-35-19,04-17-18-19-35-37,17,37,4,18,35,19,27928847.4,0,valid,687,130,4,1.0
Lotto 6/42,2020-10-17,27-10-14-15-38-19,10-14-15-19-27-38,27,10,14,15,38,19,31041336.0,0,valid,688,123,3,1.0
Lotto 6/42,2020-10-20,31-12-38-03-28-29,03-12-28-29-31-38,31,12,38,3,28,29,33272383.2,0,valid,689,141,3,1.0
Lotto 6/42,2020-10-22,20-02-37-25-18-06,02-06-18-20-25-37,20,2,37,25,18,6,36027395.8,0,valid,690,108,2,0.0
Lotto 6/42,2020-10-24,07-36-11-31-35-14,07-11-14-31-35-36,7,36,11,31,35,14,39350615.2,0,valid,691,134,4,0.0
Lotto 6/42,2020-10-27,07-14-01-23-42-25,01-07-14-23-25-42,7,14,1,23,42,25,41984392.0,0,valid,692,112,4,2.0
Lotto 6/42,2020-10-29,04-40-07-01-12-27,01-04-07-12-27-40,4,40,7,1,12,27,44881166.2,0,valid,693,91,3,2.0
Lotto 6/42,2020-10-31,26-27-40-21-01-41,01-21-26-27-40-41,26,27,40,21,1,41,48709689.4,1,valid,694,156,4,3.0
Lotto 6/42,2020-11-03,24-02-23-15-31-39,02-15-23-24-31-39,24,2,23,15,31,39,5940000.0,0,valid,695,134,4,0.0
Lotto 6/42,2020-11-05,21-20-04-27-32-10,04-10-20-21-27-32,21,20,4,27,32,10,5940000.0,0,valid,696,114,2,0.0
Lotto 6/42,2020-11-07,04-39-36-20-01-28,01-04-20-28-36-39,4,39,36,20,1,28,6661038.6,0,valid,697,128,2,2.0
Lotto 6/42,2020-11-10,13-04-33-14-27-01,01-04-13-14-27-33,13,4,33,14,27,1,8668470.8,0,valid,698,92,4,2.0
Lotto 6/42,2020-11-12,13-10-30-05-07-41,05-07-10-13-30-41,13,10,30,5,7,41,9849661.4,0,valid,699,106,4,1.0
Lotto 6/42,2020-11-14,29-39-41-27-23-09,09-23-27-29-39-41,29,39,41,27,23,9,12457842.8,0,valid,700,168,6,1.0
Lotto 6/42,2020-11-17,18-02-07-05-26-30,02-05-07-18-26-30,18,2,7,5,26,30,14706374.6,0,valid,701,88,2,0.0
Lotto 6/42,2020-11-19,14-34-23-05-15-22,05-14-15-22-23-34,14,34,23,5,15,22,17258333.2,0,valid,702,113,3,1.0
Lotto 6/42,2020-11-21,13-42-03-31-02-22,02-03-13-22-31-42,13,42,3,31,2,22,20398839.6,1,valid,703,113,3,1.0
Lotto 6/42,2020-11-24,24-19-41-09-39-29,09-19-24-29-39-41,24,19,41,9,39,29,5940000.0,0,valid,704,161,5,0.0
Lotto 6/42,2020-11-26,22-27-36-14-21-29,14-21-22-27-29-36,22,27,36,14,21,29,5940000.0,0,valid,705,149,3,1.0
Lotto 6/42,2020-11-28,06-22-28-32-30-12,06-12-22-28-30-32,6,22,28,32,30,12,7146772.2,0,valid,706,130,0,1.0
Lotto 6/42,2020-12-01,13-28-09-34-25-19,09-13-19-25-28-34,13,28,9,34,25,19,9403768.2,1,valid,707,128,4,1.0
Lotto 6/42,2020-12-03,25-23-05-20-39-03,03-05-20-23-25-39,25,23,5,20,39,3,5940000.0,0,valid,708,115,5,1.0
Lotto 6/42,2020-12-05,39-02-18-13-12-06,02-06-12-13-18-39,39,2,18,13,12,6,5940000.0,0,valid,709,90,2,1.0
Lotto 6/42,2020-12-08,12-39-16-02-24-36,02-12-16-24-36-39,12,39,16,2,24,36,7690958.4,0,valid,710,129,1,3.0
Lotto 6/42,2020-12-10,01-21-15-32-24-41,01-15-21-24-32-41,1,21,15,32,24,41,10550933.4,0,valid,711,134,4,1.0
Lotto 6/42,2020-12-12,22-32-03-37-28-08,03-08-22-28-32-37,22,32,3,37,28,8,13768850.2,0,valid,712,130,2,1.0
Lotto 6/42,2020-12-15,18-36-17-37-35-11,11-17-18-35-36-37,18,36,17,37,35,11,16731326.6,0,valid,713,154,4,1.0
Lotto 6/42,2020-12-17,20-11-05-22-39-25,05-11-20-22-25-39,20,11,5,22,39,25,20422279.0,0,valid,714,122,4,1.0
Lotto 6/42,2020-12-19,11-34-06-42-15-33,06-11-15-33-34-42,11,34,6,42,15,33,23902883.8,1,valid,715,141,3,1.0
Lotto 6/42,2020-12-22,04-01-28-05-27-33,01-04-05-27-28-33,4,1,28,5,27,33,5940000.0,0,valid,716,98,4,1.0
Lotto 6/42,2020-12-24,16-41-09-14-33-28,09-14-16-28-33-41,16,41,9,14,33,28,5940000.0,0,valid,717,141,3,2.0
Lotto 6/42,2020-12-26,37-23-34-24-15-22,15-22-23-24-34-37,37,23,34,24,15,22,6914701.8,0,valid,718,155,3,0.0
Lotto 6/42,2020-12-29,11-25-23-09-31-39,09-11-23-25-31-39,11,25,23,9,31,39,9512794.8,0,valid,719,138,6,1.0
Lotto 6/42,2020-12-31,24-25-13-06-34-42,06-13-24-25-34-42,24,25,13,6,34,42,11576196.6,0,valid,720,144,2,1.0
Lotto 6/42,2021-01-02,35-23-07-08-09-39,07-08-09-23-35-39,35,23,7,8,9,39,14441600.0,0,valid,721,121,5,0.0
Lotto 6/42,2021-01-05,27-36-25-31-34-07,07-25-27-31-34-36,27,36,25,31,34,7,17492045.4,0,valid,722,160,4,1.0
Lotto 6/42,2021-01-07,16-03-11-26-25-09,03-09-11-16-25-26,16,3,11,26,25,9,21272518.2,1,valid,723,90,4,1.0
Lotto 6/42,2021-01-09,08-33-09-25-34-17,08-09-17-25-33-34,8,33,9,25,34,17,5940000.0,0,valid,724,126,4,2.0
Lotto 6/42,2021-01-12,38-33-01-40-27-06,01-06-27-33-38-40,38,33,1,40,27,6,5940000.0,0,valid,725,145,3,1.0
Lotto 6/42,2021-01-14,22-04-30-17-33-01,01-04-17-22-30-33,22,4,30,17,33,1,8268415.8,0,valid,726,107,3,2.0
Lotto 6/42,2021-01-16,28-09-21-40-29-32,09-21-28-29-32-40,28,9,21,40,29,32,11258074.2,0,valid,727,159,3,0.0
Lotto 6/42,2021-01-19,22-13-27-35-16-02,02-13-16-22-27-35,22,13,27,35,16,2,13936805.0,0,valid,728,115,3,0.0
Lotto 6/42,2021-01-21,32-01-10-06-41-35,01-06-10-32-35-41,32,1,10,6,41,35,17020138.4,0,valid,729,125,3,1.0
Lotto 6/42,2021-01-23,05-02-12-26-28-04,02-04-05-12-26-28,5,2,12,26,28,4,20130966.6,1,valid,730,77,1,0.0
Lotto 6/42,2021-01-26,03-09-23-41-19-24,03-09-19-23-24-41,3,9,23,41,19,24,5940000.0,0,valid,731,119,5,0.0
Lotto 6/42,2021-01-28,18-35-30-29-26-19,18-19-26-29-30-35,18,35,30,29,26,19,5940000.0,0,valid,732,157,3,1.0
Lotto 6/42,2021-01-30,22-18-16-20-13-30,13-16-18-20-22-30,22,18,16,20,13,30,7800424.4,1,valid,733,119,1,2.0
Lotto 6/42,2021-02-02,38-25-37-12-09-18,09-12-18-25-37-38,38,25,37,12,9,18,5940000.0,0,valid,734,139,3,1.0
Lotto 6/42,2021-02-04,27-13-03-19-37-10,03-10-13-19-27-37,27,13,3,19,37,10,5940000.0,0,valid,735,109,5,1.0
Lotto 6/42,2021-02-06,20-07-30-18-05-17,05-07-17-18-20-30,20,7,30,18,5,17,7852199.8,0,valid,736,97,3,0.0
Lotto 6/42,2021-02-09,13-17-20-02-05-26,02-05-13-17-20-26,13,17,20,2,5,26,10268421.0,1,valid,737,83,3,3.0
Lotto 6/42,2021-02-11,16-30-03-12-21-23,03-12-16-21-23-30,16,30,3,12,21,23,5940000.0,0,valid,738,105,3,0.0
Lotto 6/42,2021-02-13,30-41-04-08-27-33,04-08-27-30-33-41,30,41,4,8,27,33,5940000.0,0,valid,739,143,3,1.0
Lotto 6/42,2021-02-16,37-36-05-10-08-16,05-08-10-16-36-37,37,36,5,10,8,16,8064184.8,1,valid,740,112,2,1.0
Lotto 6/42,2021-02-18,30-01-17-38-42-18,01-17-18-30-38-42,30,1,17,38,42,18,5940000.0,0,valid,741,146,2,0.0
Lotto 6/42,2021-02-20,37-02-31-26-15-38,02-15-26-31-37-38,37,2,31,26,15,38,5940000.0,0,valid,742,149,3,1.0
Lotto 6/42,2021-02-23,01-39-40-37-24-04,01-04-24-37-39-40,1,39,40,37,24,4,8033880.0,0,valid,743,145,3,1.0
Lotto 6/42,2021-02-25,04-24-08-02-12-17,02-04-08-12-17-24,4,24,8,2,12,17,10829574.2,0,valid,744,67,1,2.0
Lotto 6/42,2021-02-27,26-18-35-37-23-29,18-23-26-29-35-37,26,18,35,37,23,29,13964308.6,0,valid,745,168,4,0.0
Lotto 6/42,2021-03-02,25-02-18-38-12-28,02-12-18-25-28-38,25,2,18,38,12,28,16957185.6,0,valid,746,123,1,1.0
Lotto 6/42,2021-03-04,19-04-30-25-24-14,04-14-19-24-25-30,19,4,30,25,24,14,20652893.8,0,valid,747,116,2,1.0
Lotto 6/42,2021-03-06,28-24-25-32-20-29,20-24-25-28-29-32,28,24,25,32,20,29,24179389.6,0,valid,748,158,2,2.0
Lotto 6/42,2021-03-09,15-28-38-04-36-42,04-15-28-36-38-42,15,28,38,4,36,42,27721458.4,0,valid,749,163,1,1.0
Lotto 6/42,2021-03-11,38-18-04-39-20-32,04-18-20-32-38-39,38,18,4,39,20,32,31716737.4,0,valid,750,151,1,2.0
Lotto 6/42,2021-03-13,28-25-15-04-38-17,04-15-17-25-28-38,28,25,15,4,38,17,35490819.4,0,valid,751,127,3,2.0
Lotto 6/42,2021-03-16,34-30-19-15-38-24,15-19-24-30-34-38,34,30,19,15,38,24,39341110.4,0,valid,752,160,2,2.0
Lotto 6/42,2021-03-18,20-01-19-23-29-33,01-19-20-23-29-33,20,1,19,23,29,33,43656446.4,0,valid,753,125,5,1.0
Lotto 6/42,2021-03-20,02-32-22-17-37-21,02-17-21-22-32-37,2,32,22,17,37,21,47646651.4,0,valid,754,131,3,0.0
Lotto 6/42,2021-03-23,22-21-25-12-31-15,12-15-21-22-25-31,22,21,25,12,31,15,51796665.2,0,valid,755,126,4,2.0
Lotto 6/42,2021-03-25,27-04-17-31-39-16,04-16-17-27-31-39,27,4,17,31,39,16,56483629.8,0,valid,756,134,4,1.0
Lotto 6/42,2021-03-27,38-25-32-09-10-04,04-09-10-25-32-38,38,25,32,9,10,4,60891247.8,0,valid,757,118,2,1.0
Lotto 6/42,2021-03-30,13-24-39-40-02-09,02-09-13-24-39-40,13,24,39,40,2,9,62337161.2,0,valid,758,127,3,1.0
Lotto 6/42,2021-04-06,21-33-23-18-03-12,03-12-18-21-23-33,21,33,23,18,3,12,64619457.4,0,valid,759,110,4,0.0
Lotto 6/42,2021-04-08,11-19-02-26-16-39,02-11-16-19-26-39,11,19,2,26,16,39,66982509.2,0,valid,760,113,3,0.0
Lotto 6/42,2021-04-10,12-16-06-14-37-36,06-12-14-16-36-37,12,16,6,14,37,36,69259812.0,0,valid,761,121,1,1.0
Lotto 6/42,2021-04-13,14-26-07-18-05-37,05-07-14-18-26-37,14,26,7,18,5,37,71593142.6,0,valid,762,107,3,2.0
Lotto 6/42,2021-04-15,42-10-21-33-22-41,10-21-22-33-41-42,42,10,21,33,22,41,74031292.4,0,valid,763,169,3,0.0
Lotto 6/42,2021-04-17,37-32-02-22-03-20,02-03-20-22-32-37,37,32,2,22,3,20,76554222.4,0,valid,764,116,2,1.0
Lotto 6/42,2021-04-20,35-30-10-09-05-25,05-09-10-25-30-35,35,30,10,9,5,25,79096039.8,0,valid,765,114,4,0.0
Lotto 6/42,2021-04-22,12-24-39-17-21-19,12-17-19-21-24-39,12,24,39,17,21,19,81655494.8,0,valid,766,132,4,0.0
Lotto 6/42,2021-04-24,19-18-35-09-37-01,01-09-18-19-35-37,19,18,35,9,37,1,84306965.4,0,valid,767,119,5,1.0
Lotto 6/42,2021-04-27,15-31-41-02-19-25,02-15-19-25-31-41,15,31,41,2,19,25,87011375.2,0,valid,768,133,5,1.0
Lotto 6/42,2021-04-29,19-32-27-05-13-40,05-13-19-27-32-40,19,32,27,5,13,40,89732938.2,0,valid,769,136,4,1.0
Lotto 6/42,2021-05-01,41-11-12-35-06-05,05-06-11-12-35-41,41,11,12,35,6,5,92494481.4,0,valid,770,110,4,1.0
Lotto 6/42,2021-05-04,08-14-29-22-02-06,02-06-08-14-22-29,8,14,29,22,2,6,95387880.6,0,valid,771,81,1,1.0
Lotto 6/42,2021-05-06,41-14-34-23-19-02,02-14-19-23-34-41,41,14,34,23,19,2,98318157.2,0,valid,772,133,3,2.0
Lotto 6/42,2021-05-08,15-36-03-24-06-08,03-06-08-15-24-36,15,36,3,24,6,8,101321872.4,2,valid,773,92,2,0.0
Lotto 6/42,2021-05-11,22-14-26-11-04-41,04-11-14-22-26-41,22,14,26,11,4,41,5940000.0,0,valid,774,118,2,0.0
Lotto 6/42,2021-05-13,32-40-20-12-05-42,05-12-20-32-40-42,32,40,20,12,5,42,5940000.0,0,valid,775,151,1,0.0
Lotto 6/42,2021-05-15,14-29-21-40-13-27,13-14-21-27-29-40,14,29,21,40,13,27,5940000.0,0,valid,776,144,4,1.0
Lotto 6/42,2021-05-18,02-26-20-07-22-32,02-07-20-22-26-32,2,26,20,7,22,32,6569841.2,0,valid,777,109,1,0.0
Lotto 6/42,2021-05-20,09-15-28-36-02-42,02-09-15-28-36-42,9,15,28,36,2,42,8912986.0,0,valid,778,132,2,1.0
Lotto 6/42,2021-05-22,35-36-33-14-04-37,04-14-33-35-36-37,35,36,33,14,4,37,11578601.4,0,valid,779,159,3,1.0
Lotto 6/42,2021-05-25,15-26-01-29-40-36,01-15-26-29-36-40,15,26,1,29,40,36,14017491.2,0,valid,780,147,3,1.0
Lotto 6/42,2021-05-27,05-39-31-11-21-25,05-11-21-25-31-39,5,39,31,11,21,25,16766666.8,1,valid,781,132,6,0.0
Lotto 6/42,2021-05-29,27-41-24-13-26-23,13-23-24-26-27-41,27,41,24,13,26,23,5940000.0,0,valid,782,154,4,0.0
Lotto 6/42,2021-06-01,20-24-11-37-26-31,11-20-24-26-31-37,20,24,11,37,26,31,5940000.0,0,valid,783,149,3,2.0
Lotto 6/42,2021-06-03,24-40-01-32-06-14,01-06-14-24-32-40,24,40,1,32,6,14,7312866.2,0,valid,784,117,1,1.0
Lotto 6/42,2021-06-05,21-05-09-03-01-12,01-03-05-09-12-21,21,5,9,3,1,12,10032090.4,1,valid,785,51,5,1.0
Lotto 6/42,2021-06-08,01-07-32-42-22-38,01-07-22-32-38-42,1,7,32,42,22,38,5940000.0,0,valid,786,142,2,1.0
Lotto 6/42,2021-06-10,35-15-42-27-13-17,13-15-17-27-35-42,35,15,42,27,13,17,5940000.0,0,valid,787,149,5,1.0
Lotto 6/42,2021-06-12,16-01-35-09-41-06,01-06-09-16-35-41,16,1,35,9,41,6,7229392.0,0,valid,788,108,4,1.0
Lotto 6/42,2021-06-15,38-26-05-21-39-33,05-21-26-33-38-39,38,26,5,21,39,33,9621664.0,0,valid,789,162,4,0.0
Lotto 6/42,2021-06-17,42-41-21-06-09-08,06-08-09-21-41-42,42,41,21,6,9,8,12312883.6,0,valid,790,127,3,1.0
Lotto 6/42,2021-06-19,23-02-31-20-06-28,02-06-20-23-28-31,23,2,31,20,6,28,15445170.2,1,valid,791,110,2,1.0
Lotto 6/42,2021-06-22,13-29-14-35-23-07,07-13-14-23-29-35,13,29,14,35,23,7,5940000.0,0,valid,792,121,5,1.0
Lotto 6/42,2021-06-24,06-04-34-32-01-36,01-04-06-32-34-36,6,4,34,32,1,36,5940000.0,0,valid,793,113,1,0.0
Lotto 6/42,2021-06-26,36-22-08-30-15-14,08-14-15-22-30-36,36,22,8,30,15,14,7514479.8,0,valid,794,125,1,1.0
Lotto 6/42,2021-06-29,07-04-32-24-41-02,02-04-07-24-32-41,7,4,32,24,41,2,9830516.4,0,valid,795,110,2,0.0
Lotto 6/42,2021-07-01,09-02-20-26-01-32,01-02-09-20-26-32,9,2,20,26,1,32,12515725.0,0,valid,796,90,2,2.0
Lotto 6/42,2021-07-03,15-03-35-25-39-27,03-15-25-27-35-39,15,3,35,25,39,27,15820975.4,0,valid,797,144,6,0.0
Lotto 6/42,2021-07-06,32-17-31-12-39-07,07-12-17-31-32-39,32,17,31,12,39,7,18818304.2,0,valid,798,138,4,1.0
Lotto 6/42,2021-07-08,18-14-32-17-25-34,14-17-18-25-32-34,18,14,32,17,25,34,22826272.4,0,valid,799,140,2,2.0
Lotto 6/42,2021-07-10,01-04-17-33-03-27,01-03-04-17-27-33,1,4,17,33,3,27,26693912.6,0,valid,800,85,5,1.0
Lotto 6/42,2021-07-13,06-25-36-21-39-28,06-21-25-28-36-39,6,25,36,21,39,28,30541523.6,0,valid,801,155,3,0.0
Lotto 6/42,2021-07-15,34-39-29-20-36-19,19-20-29-34-36-39,34,39,29,20,36,19,34977652.6,0,valid,802,177,3,2.0
Lotto 6/42,2021-07-17,32-27-08-34-09-21,08-09-21-27-32-34,32,27,8,34,9,21,39275103.2,0,valid,803,131,3,1.0
Lotto 6/42,2021-07-20,15-31-24-10-40-17,10-15-17-24-31-40,15,31,24,10,40,17,43368615.6,0,valid,804,137,3,0.0
Lotto 6/42,2021-07-22,04-09-41-33-20-29,04-09-20-29-33-41,4,9,41,33,20,29,47392983.8,0,valid,805,136,4,0.0
Lotto 6/42,2021-07-24,30-12-19-31-34-39,12-19-30-31-34-39,30,12,19,31,34,39,51608991.6,0,valid,806,165,3,0.0
Lotto 6/42,2021-07-27,38-04-08-42-41-18,04-08-18-38-41-42,38,4,8,42,41,18,56339973.2,0,valid,807,151,1,0.0
Lotto 6/42,2021-07-29,07-35-21-33-12-29,07-12-21-29-33-35,7,35,21,33,12,29,61475640.0,0,valid,808,137,5,0.0
Lotto 6/42,2021-07-31,06-11-39-28-07-29,06-07-11-28-29-39,6,11,39,28,7,29,66826921.0,0,valid,809,120,4,2.0
Lotto 6/42,2021-08-03,14-36-26-25-29-16,14-16-25-26-29-36,14,36,26,25,29,16,71928703.2,0,valid,810,146,2,1.0
Lotto 6/42,2021-08-05,11-33-08-29-07-19,07-08-11-19-29-33,11,33,8,29,7,19,77160882.4,1,valid,811,107,5,1.0
Lotto 6/42,2021-08-07,24-37-15-26-22-31,15-22-24-26-31-37,24,37,15,26,22,31,5940000.0,0,valid,812,155,3,0.0
Lotto 6/42,2021-08-10,15-10-12-41-02-29,02-10-12-15-29-41,15,10,12,41,2,29,5940000.0,0,valid,813,109,3,1.0
Lotto 6/42,2021-08-12,20-09-15-13-33-40,09-13-15-20-33-40,20,9,15,13,33,40,5940000.0,0,valid,814,130,4,1.0
Lotto 6/42,2021-08-14,32-14-02-22-17-42,02-14-17-22-32-42,32,14,2,22,17,42,6719409.6,0,valid,815,129,1,0.0
Lotto 6/42,2021-08-17,29-32-03-34-25-19,03-19-25-29-32-34,29,32,3,34,25,19,8291180.2,0,valid,816,142,4,1.0
Lotto 6/42,2021-08-19,20-33-26-15-04-11,04-11-15-20-26-33,20,33,26,15,4,11,10053409.0,0,valid,817,109,3,0.0
Lotto 6/42,2021-08-21,01-05-41-26-03-09,01-03-05-09-26-41,1,5,41,26,3,9,12381299.0,0,valid,818,85,5,1.0
Lotto 6/42,2021-08-24,17-09-34-05-42-08,05-08-09-17-34-42,17,9,34,5,42,8,14826147.0,0,valid,819,115,3,2.0
Lotto 6/42,2021-08-26,41-17-33-34-01-15,01-15-17-33-34-41,41,17,33,34,1,15,17926182.0,1,valid,820,141,5,2.0
Lotto 6/42,2021-08-28,21-25-41-02-17-29,02-17-21-25-29-41,21,25,41,2,17,29,5940000.0,1,valid,821,135,5,2.0
Lotto 6/42,2021-08-31,27-16-03-37-01-31,01-03-16-27-31-37,27,16,3,37,1,31,5940000.0,0,valid,822,115,5,0.0
Lotto 6/42,2021-09-02,15-07-40-35-23-14,07-14-15-23-35-40,15,7,40,35,23,14,5940000.0,0,valid,823,134,4,0.0
Lotto 6/42,2021-09-04,30-26-41-16-14-09,09-14-16-26-30-41,30,26,41,16,14,9,7587656.4,0,valid,824,136,2,1.0
Lotto 6/42,2021-09-07,40-01-07-25-30-02,01-02-07-25-30-40,40,1,7,25,30,2,9864620.0,0,valid,825,105,3,1.0
Lotto 6/42,2021-09-09,10-40-19-23-17-06,06-10-17-19-23-40,10,40,19,23,17,6,12494141.0,0,valid,826,115,3,1.0
Lotto 6/42,2021-09-11,15-19-41-34-07-35,07-15-19-34-35-41,15,19,41,34,7,35,15003188.2,0,valid,827,151,5,1.0
Lotto 6/42,2021-09-14,08-06-02-12-35-27,02-06-08-12-27-35,8,6,2,12,35,27,17521510.0,0,valid,828,90,2,1.0
Lotto 6/42,2021-09-16,02-28-33-31-13-12,02-12-13-28-31-33,2,28,33,31,13,12,20475226.0,0,valid,829,119,3,2.0
Lotto 6/42,2021-09-18,18-29-12-02-30-08,02-08-12-18-29-30,18,29,12,2,30,8,23853504.4,0,valid,830,99,1,2.0
Lotto 6/42,2021-09-21,24-42-36-40-34-20,20-24-34-36-40-42,24,42,36,40,34,20,26734624.0,0,valid,831,196,0,0.0
Lotto 6/42,2021-09-23,03-10-33-15-34-27,03-10-15-27-33-34,3,10,33,15,34,27,29947726.8,0,valid,832,122,4,1.0
Lotto 6/42,2021-09-25,35-07-15-17-09-34,07-09-15-17-34-35,35,7,15,17,9,34,33719984.2,0,valid,833,117,5,2.0
Lotto 6/42,2021-09-28,10-06-02-09-18-29,02-06-09-10-18-29,10,6,2,9,18,29,36829296.2,1,valid,834,74,2,1.0
Lotto 6/42,2021-09-30,28-23-40-11-07-08,07-08-11-23-28-40,28,23,40,11,7,8,5940000.0,0,valid,835,117,3,0.0
Lotto 6/42,2021-10-02,16-12-04-36-22-17,04-12-16-17-22-36,16,12,4,36,22,17,5940000.0,0,valid,836,107,1,0.0
Lotto 6/42,2021-10-05,18-10-24-36-15-27,10-15-18-24-27-36,18,10,24,36,15,27,7957175.4,0,valid,837,130,2,1.0
Lotto 6/42,2021-10-07,17-13-37-38-07-09,07-09-13-17-37-38,17,13,37,38,7,9,10747777.0,0,valid,838,121,5,0.0
Lotto 6/42,2021-10-09,28-33-19-18-30-12,12-18-19-28-30-33,28,33,19,18,30,12,13830357.2,0,valid,839,140,2,0.0
Lotto 6/42,2021-10-12,14-04-30-02-33-22,02-04-14-22-30-33,14,4,30,2,33,22,16453753.8,0,valid,840,105,1,2.0
Lotto 6/42,2021-10-14,23-25-15-03-16-32,03-15-16-23-25-32,23,25,15,3,16,32,19396737.2,0,valid,841,114,4,0.0
Lotto 6/42,2021-10-16,03-15-11-25-22-16,03-11-15-16-22-25,3,15,11,25,22,16,22834039.6,0,valid,843,92,4,4.0
Lotto 6/42,2021-10-19,26-25-28-39-16-32,16-25-26-28-32-39,26,25,28,39,16,32,25997244.4,0,valid,844,166,2,2.0
Lotto 6/42,2021-10-21,15-33-22-38-07-26,07-15-22-26-33-38,15,33,22,38,7,26,29475288.0,0,valid,845,141,3,1.0
Lotto 6/42,2021-10-23,42-03-41-19-01-07,01-03-07-19-41-42,42,3,41,19,1,7,32981785.4,1,valid,846,113,5,1.0
Lotto 6/42,2021-10-26,29-13-04-32-26-25,04-13-25-26-29-32,29,13,4,32,26,25,5940000.0,0,valid,847,129,3,0.0
Lotto 6/42,2021-10-28,37-09-25-14-28-04,04-09-14-25-28-37,37,9,25,14,28,4,5940000.0,1,valid,848,117,3,2.0
Lotto 6/42,2021-10-30,26-05-42-32-15-19,05-15-19-26-32-42,26,5,42,32,15,19,5940000.0,1,valid,849,139,3,0.0
Lotto 6/42,2021-11-02,30-15-36-20-04-29,04-15-20-29-30-36,30,15,36,20,4,29,5940000.0,0,valid,850,134,2,1.0
Lotto 6/42,2021-11-04,35-34-14-22-06-33,06-14-22-33-34-35,35,34,14,22,6,33,5940000.0,0,valid,851,144,2,0.0
Lotto 6/42,2021-11-06,24-27-29-08-22-04,04-08-22-24-27-29,24,27,29,8,22,4,8244527.2,1,valid,852,114,2,1.0
Lotto 6/42,2021-11-09,01-22-21-26-19-16,01-16-19-21-22-26,1,22,21,26,19,16,5940000.0,0,valid,853,105,3,1.0
Lotto 6/42,2021-11-11,38-15-35-25-21-16,15-16-21-25-35-38,38,15,35,25,21,16,5940000.0,0,valid,854,150,4,2.0
Lotto 6/42,2021-11-13,09-25-35-21-15-37,09-15-21-25-35-37,9,25,35,21,15,37,8489696.4,1,valid,855,142,6,4.0
Lotto 6/42,2021-11-16,35-27-04-34-31-17,04-17-27-31-34-35,35,27,4,34,31,17,5940000.0,0,valid,856,148,4,1.0
Lotto 6/42,2021-11-18,19-30-23-11-42-36,11-19-23-30-36-42,19,30,23,11,42,36,6045592.8,0,valid,857,161,3,0.0
Lotto 6/42,2021-11-20,15-12-10-38-17-01,01-10-12-15-17-38,15,12,10,38,17,1,9213202.0,0,valid,858,93,3,0.0
Lotto 6/42,2021-11-23,35-19-36-40-04-24,04-19-24-35-36-40,35,19,36,40,4,24,12323185.6,0,valid,859,158,2,0.0
Lotto 6/42,2021-11-25,38-41-21-28-02-13,02-13-21-28-38-41,38,41,21,28,2,13,16037716.2,1,valid,860,143,3,0.0
Lotto 6/42,2021-11-27,07-13-05-30-24-12,05-07-12-13-24-30,7,13,5,30,24,12,5940000.0,1,valid,861,91,3,1.0
Lotto 6/42,2021-11-30,10-14-31-09-01-33,01-09-10-14-31-33,10,14,31,9,1,33,5940000.0,0,valid,862,98,4,0.0
Lotto 6/42,2021-12-02,30-04-09-21-05-20,04-05-09-20-21-30,30,4,9,21,5,20,5975395.8,1,valid,863,89,3,1.0
Lotto 6/42,2021-12-04,21-11-19-08-42-04,04-08-11-19-21-42,21,11,19,8,42,4,5940000.0,1,valid,864,105,3,2.0
Lotto 6/42,2021-12-07,11-15-08-04-01-36,01-04-08-11-15-36,11,15,8,4,1,36,5940000.0,0,valid,865,75,3,3.0
Lotto 6/42,2021-12-09,18-39-38-11-28-03,03-11-18-28-38-39,18,39,38,11,28,3,6019007.6,0,valid,866,137,3,1.0
Lotto 6/42,2021-12-11,30-05-25-23-32-41,05-23-25-30-32-41,30,5,25,23,32,41,9544200.8,0,valid,867,156,4,0.0
Lotto 6/42,2021-12-14,06-02-23-28-05-17,02-05-06-17-23-28,6,2,23,28,5,17,12696647.6,0,valid,868,81,3,2.0
Lotto 6/42,2021-12-16,25-13-07-31-22-40,07-13-22-25-31-40,25,13,7,31,22,40,16056791.8,0,valid,869,138,4,0.0
Lotto 6/42,2021-12-18,29-35-08-39-17-10,08-10-17-29-35-39,29,35,8,39,17,10,19614132.0,0,valid,870,138,4,0.0
Lotto 6/42,2021-12-21,05-18-35-07-33-40,05-07-18-33-35-40,5,18,35,7,33,40,22950000.0,0,valid,871,138,4,1.0
Lotto 6/42,2021-12-23,13-03-08-27-15-12,03-08-12-13-15-27,13,3,8,27,15,12,26815771.6,0,valid,872,78,4,0.0
Lotto 6/42,2021-12-28,27-23-38-40-17-24,17-23-24-27-38-40,27,23,38,40,17,24,30637029.6,0,valid,873,169,3,1.0
Lotto 6/42,2021-12-30,14-41-29-13-32-02,02-13-14-29-32-41,14,41,29,13,32,2,34890087.8,0,valid,874,131,3,0.0
Lotto 6/42,2022-01-04,12-16-08-11-01-18,01-08-11-12-16-18,12,16,8,11,1,18,38829392.8,0,valid,876,66,2,0.0
Lotto 6/42,2022-01-06,23-01-09-24-12-07,01-07-09-12-23-24,23,1,9,24,12,7,42945708.2,4,valid,875,76,4,2.0
Lotto 6/42,2022-01-08,32-41-15-25-18-22,15-18-22-25-32-41,32,41,15,25,18,22,5940000.0,0,valid,877,153,3,0.0
Lotto 6/42,2022-01-11,35-28-25-36-31-03,03-25-28-31-35-36,35,28,25,36,31,3,5940000.0,0,valid,878,158,4,1.0
Lotto 6/42,2022-01-13,18-15-33-27-07-14,07-14-15-18-27-33,18,15,33,27,7,14,7068747.4,0,valid,879,114,4,0.0
Lotto 6/42,2022-01-15,18-28-16-32-29-10,10-16-18-28-29-32,18,28,16,32,29,10,10025465.0,0,valid,880,133,1,1.0
Lotto 6/42,2022-01-18,23-16-30-36-19-38,16-19-23-30-36-38,23,16,30,36,19,38,13172710.2,0,valid,881,162,2,1.0
Lotto 6/42,2022-01-20,15-05-17-07-20-33,05-07-15-17-20-33,15,5,17,7,20,33,16840457.8,0,valid,882,97,5,0.0
Lotto 6/42,2022-01-22,08-09-15-36-35-34,08-09-15-34-35-36,8,9,15,36,35,34,20720246.6,0,valid,883,137,3,1.0
Lotto 6/42,2022-01-25,24-26-06-39-20-35,06-20-24-26-35-39,24,26,6,39,20,35,24635223.6,0,valid,884,150,2,1.0
Lotto 6/42,2022-01-27,03-27-36-28-12-08,03-08-12-27-28-36,3,27,36,28,12,8,29164435.2,0,valid,885,114,2,0.0
Lotto 6/42,2022-01-29,33-27-19-35-42-14,14-19-27-33-35-42,33,27,19,35,42,14,33852288.4,0,valid,886,170,4,1.0
Lotto 6/42,2022-02-01,20-15-04-34-06-18,04-06-15-18-20-34,20,15,4,34,6,18,38674890.2,0,valid,887,97,1,0.0
Lotto 6/42,2022-02-03,32-17-18-24-30-33,17-18-24-30-32-33,32,17,18,24,30,33,44124019.4,0,valid,888,154,2,1.0
Lotto 6/42,2022-02-05,30-20-15-09-23-22,09-15-20-22-23-30,30,20,15,9,23,22,49813434.4,1,valid,889,119,3,1.0
Lotto 6/42,2022-02-08,08-28-18-23-19-39,08-18-19-23-28-39,8,28,18,23,19,39,5940000.0,0,valid,890,135,3,1.0
Lotto 6/42,2022-02-10,38-26-13-37-15-39,13-15-26-37-38-39,38,26,13,37,15,39,6500180.4,0,valid,891,168,4,1.0
Lotto 6/42,2022-02-12,07-24-25-12-15-32,07-12-15-24-25-32,7,24,25,12,15,32,9760454.8,0,valid,892,115,3,1.0
Lotto 6/42,2022-02-15,23-05-37-04-26-41,04-05-23-26-37-41,23,5,37,4,26,41,12870173.0,0,valid,893,136,4,0.0
Lotto 6/42,2022-02-17,02-01-39-14-38-24,01-02-14-24-38-39,2,1,39,14,38,24,16654165.0,0,valid,894,118,2,0.0
Lotto 6/42,2022-02-19,37-29-31-30-21-17,17-21-29-30-31-37,37,29,31,30,21,17,20522079.4,0,valid,895,165,5,0.0
Lotto 6/42,2022-02-22,13-03-06-30-21-19,03-06-13-19-21-30,13,3,6,30,21,19,24425273.4,0,valid,896,92,4,2.0
Lotto 6/42,2022-02-24,12-29-15-03-06-20,03-06-12-15-20-29,12,29,15,3,6,20,28851800.8,1,valid,897,85,3,2.0
Lotto 6/42,2022-02-26,02-16-28-10-37-15,02-10-15-16-28-37,2,16,28,10,37,15,5940000.0,0,valid,898,108,2,1.0
Lotto 6/42,2022-03-01,42-18-16-14-24-11,11-14-16-18-24-42,42,18,16,14,24,11,6082200.4,0,valid,899,125,1,1.0
Lotto 6/42,2022-03-03,10-28-31-30-33-40,10-28-30-31-33-40,10,28,31,30,33,40,9167960.6,0,valid,900,172,2,0.0
Lotto 6/42,2022-03-05,18-34-33-39-11-36,11-18-33-34-36-39,18,34,33,39,11,36,12537017.2,1,valid,901,171,3,1.0
Lotto 6/42,2022-03-08,36-32-42-15-28-12,12-15-28-32-36-42,36,32,42,15,28,12,5940000.0,0,valid,902,165,1,1.0
Lotto 6/42,2022-03-10,10-18-35-28-22-13,10-13-18-22-28-35,10,18,35,28,22,13,5940000.0,0,valid,903,126,2,1.0
Lotto 6/42,2022-03-12,25-24-18-03-41-19,03-18-19-24-25-41,25,24,18,3,41,19,8818322.2,0,valid,904,130,4,1.0
Lotto 6/42,2022-03-15,30-18-40-32-06-14,06-14-18-30-32-40,30,18,40,32,6,14,11687949.6,0,valid,905,140,0,1.0
Lotto 6/42,2022-03-17,22-05-20-01-25-07,01-05-07-20-22-25,22,5,20,1,25,7,15031175.2,0,valid,906,80,4,0.0
Lotto 6/42,2022-03-19,17-18-19-20-08-33,08-17-18-19-20-33,17,18,19,20,8,33,18726352.6,0,valid,907,115,3,1.0
Lotto 6/42,2022-03-22,34-36-07-41-40-17,07-17-34-36-40-41,34,36,7,41,40,17,22489187.8,0,valid,908,175,3,1.0
Lotto 6/42,2022-03-24,30-42-23-36-37-07,07-23-30-36-37-42,30,42,23,36,37,7,26888547.4,0,valid,909,175,3,2.0
Lotto 6/42,2022-03-26,25-41-35-39-14-26,14-25-26-35-39-41,25,41,35,39,14,26,31209194.0,1,valid,910,180,4,0.0
Lotto 6/42,2022-03-29,35-37-08-26-04-20,04-08-20-26-35-37,35,37,8,26,4,20,5940000.0,0,valid,911,130,2,2.0
Lotto 6/42,2022-03-31,27-17-19-16-33-36,16-17-19-27-33-36,27,17,19,16,33,36,6111716.8,0,valid,912,148,4,0.0
Lotto 6/42,2022-04-02,16-38-19-18-25-34,16-18-19-25-34-38,16,38,19,18,25,34,9452158.8,0,valid,913,150,2,2.0
Lotto 6/42,2022-04-05,31-22-37-04-34-05,04-05-22-31-34-37,31,22,37,4,34,5,12124273.0,0,valid,914,133,3,1.0
Lotto 6/42,2022-04-07,42-36-27-25-33-22,22-25-27-33-36-42,42,36,27,25,33,22,15547657.4,0,valid,915,185,3,1.0
Lotto 6/42,2022-04-09,16-27-09-31-07-14,07-09-14-16-27-31,16,27,9,31,7,14,19174546.0,0,valid,916,104,4,1.0
Lotto 6/42,2022-04-12,04-26-28-02-05-03,02-03-04-05-26-28,4,26,28,2,5,3,22509413.0,0,valid,917,68,2,0.0
Lotto 6/42,2022-04-19,10-11-08-30-29-26,08-10-11-26-29-30,10,11,8,30,29,26,26208227.4,0,valid,918,114,2,1.0
Lotto 6/42,2022-04-21,29-35-12-36-07-03,03-07-12-29-35-36,29,35,12,36,7,3,30084914.4,0,valid,919,122,4,1.0
Lotto 6/42,2022-04-23,21-37-28-22-39-02,02-21-22-28-37-39,21,37,28,22,39,2,34194443.6,0,valid,920,149,3,0.0
Lotto 6/42,2022-04-26,18-15-17-24-33-10,10-15-17-18-24-33,18,15,17,24,33,10,38170552.2,0,valid,921,117,3,0.0
Lotto 6/42,2022-04-28,39-24-33-06-42-25,06-24-25-33-39-42,39,24,33,6,42,25,42434650.0,0,valid,922,169,3,2.0
Lotto 6/42,2022-04-30,17-25-21-33-39-04,04-17-21-25-33-39,17,25,21,33,39,4,47018808.2,0,valid,923,139,5,3.0
Lotto 6/42,2022-05-03,07-22-19-20-40-10,07-10-19-20-22-40,7,22,19,20,40,10,51412148.0,1,valid,924,118,2,0.0
Lotto 6/42,2022-05-05,19-07-04-41-23-09,04-07-09-19-23-41,19,7,4,41,23,9,5940000.0,0,valid,925,103,5,2.0
Lotto 6/42,2022-05-07,14-24-08-16-22-37,08-14-16-22-24-37,14,24,8,16,22,37,6051682.0,0,valid,926,121,1,0.0
Lotto 6/42,2022-05-10,07-13-18-02-28-37,02-07-13-18-28-37,7,13,18,2,28,37,8509629.8,0,valid,927,105,3,1.0
Lotto 6/42,2022-05-12,15-20-33-37-10-02,02-10-15-20-33-37,15,20,33,37,10,2,11692275.8,0,valid,928,117,3,2.0
Lotto 6/42,2022-05-14,19-25-18-33-10-31,10-18-19-25-31-33,19,25,18,33,10,31,15020774.0,0,valid,929,136,4,2.0
Lotto 6/42,2022-05-17,13-08-15-33-37-22,08-13-15-22-33-37,13,8,15,33,37,22,18149335.6,0,valid,930,128,4,1.0
Lotto 6/42,2022-05-19,24-40-18-03-08-34,03-08-18-24-34-40,24,40,18,3,8,34,22290301.6,0,valid,931,127,1,1.0
Lotto 6/42,2022-05-21,37-34-32-35-08-36,08-32-34-35-36-37,37,34,32,35,8,36,26320485.8,0,valid,932,182,2,2.0
Lotto 6/42,2022-05-24,13-29-26-11-12-34,11-12-13-26-29-34,13,29,26,11,12,34,30265196.2,0,valid,933,125,3,1.0
Lotto 6/42,2022-05-26,34-41-04-29-19-18,04-18-19-29-34-41,34,41,4,29,19,18,34985545.4,0,valid,934,145,3,2.0
Lotto 6/42,2022-05-28,09-17-23-11-13-30,09-11-13-17-23-30,9,17,23,11,13,30,39311022.6,0,valid,935,103,5,0.0
Lotto 6/42,2022-05-31,25-20-29-07-21-02,02-07-20-21-25-29,25,20,29,7,21,2,43912343.8,3,valid,936,104,4,0.0
Lotto 6/42,2022-06-02,28-36-14-37-13-03,03-13-14-28-36-37,28,36,14,37,13,3,5940000.0,0,valid,937,131,3,0.0
Lotto 6/42,2022-06-04,24-35-04-07-22-02,02-04-07-22-24-35,24,35,4,7,22,2,6768840.8,0,valid,938,94,2,0.0
Lotto 6/42,2022-06-07,22-09-38-36-42-13,09-13-22-36-38-42,22,9,38,36,42,13,9696500.0,0,valid,939,160,2,1.0
Lotto 6/42,2022-06-09,39-33-18-01-24-36,01-18-24-33-36-39,39,33,18,1,24,36,12998501.0,1,valid,940,151,3,1.0
Lotto 6/42,2022-06-11,02-20-34-40-27-22,02-20-22-27-34-40,2,20,34,40,27,22,5940000.0,0,valid,941,145,1,0.0
Lotto 6/42,2022-06-14,42-38-21-06-01-41,01-06-21-38-41-42,42,38,21,6,1,41,6051521.2,0,valid,942,149,3,0.0
Lotto 6/42,2022-06-16,33-31-13-41-25-18,13-18-25-31-33-41,33,31,13,41,25,18,9423997.8,1,valid,943,161,5,1.0
Lotto 6/42,2022-06-18,08-15-11-23-36-33,08-11-15-23-33-36,8,15,11,23,36,33,5940000.0,1,valid,944,126,4,1.0
Lotto 6/42,2022-06-21,07-18-12-17-06-14,06-07-12-14-17-18,7,18,12,17,6,14,5940000.0,0,valid,945,74,2,0.0
Lotto 6/42,2022-06-23,24-05-13-39-06-40,05-06-13-24-39-40,24,5,13,39,6,40,6457370.2,0,valid,946,127,3,1.0
Lotto 6/42,2022-06-25,27-24-40-14-39-04,04-14-24-27-39-40,27,24,40,14,39,4,10518111.4,0,valid,947,148,2,3.0
Lotto 6/42,2022-06-28,18-31-26-08-23-29,08-18-23-26-29-31,18,31,26,8,23,29,13886702.2,0,valid,948,135,3,0.0
Lotto 6/42,2022-06-30,31-38-13-20-14-18,13-14-18-20-31-38,31,38,13,20,14,18,18353331.0,0,valid,949,134,2,2.0
Lotto 6/42,2022-07-02,17-10-15-09-35-01,01-09-10-15-17-35,17,10,15,9,35,1,23545622.4,0,valid,950,87,5,0.0
Lotto 6/42,2022-07-05,06-18-17-11-31-29,06-11-17-18-29-31,6,18,17,11,31,29,28572306.6,0,valid,951,112,4,1.0
Lotto 6/42,2022-07-07,09-10-42-08-13-41,08-09-10-13-41-42,9,10,42,8,13,41,34838186.8,2,valid,952,123,3,0.0
Lotto 6/42,2022-07-09,27-18-26-13-02-03,02-03-13-18-26-27,27,18,26,13,2,3,5940000.0,1,valid,953,89,3,1.0
Lotto 6/42,2022-07-12,09-33-35-12-31-08,08-09-12-31-33-35,9,33,35,12,31,8,5940000.0,0,valid,954,128,4,0.0
Lotto 6/42,2022-07-14,13-08-42-03-02-15,02-03-08-13-15-42,13,8,42,3,2,15,6848076.8,0,valid,955,83,3,1.0
Lotto 6/42,2022-07-16,41-32-31-04-08-38,04-08-31-32-38-41,41,32,31,4,8,38,10733280.8,0,valid,956,154,2,1.0
Lotto 6/42,2022-07-19,18-09-16-12-36-14,09-12-14-16-18-36,18,9,16,12,36,14,14283746.8,0,valid,957,105,1,0.0
Lotto 6/42,2022-07-21,40-19-16-07-10-21,07-10-16-19-21-40,40,19,16,7,10,21,18367924.0,0,valid,958,113,3,1.0
Lotto 6/42,2022-07-23,17-11-23-21-05-25,05-11-17-21-23-25,17,11,23,21,5,25,23061318.0,2,valid,959,102,6,1.0
Lotto 6/42,2022-07-26,24-30-32-37-02-05,02-05-24-30-32-37,24,30,32,37,2,5,5940000.0,0,valid,960,130,2,1.0
Lotto 6/42,2022-07-28,37-22-25-08-26-15,08-15-22-25-26-37,37,22,25,8,26,15,6627802.6,0,valid,961,133,3,1.0
Lotto 6/42,2022-07-30,14-33-32-11-12-15,11-12-14-15-32-33,14,33,32,11,12,15,10233856.0,0,valid,962,117,3,1.0
Lotto 6/42,2022-08-02,01-14-26-29-27-18,01-14-18-26-27-29,1,14,26,29,27,18,13796166.6,0,valid,963,115,3,1.0
Lotto 6/42,2022-08-04,29-32-12-23-01-21,01-12-21-23-29-32,29,32,12,23,1,21,18013724.8,0,valid,964,118,4,2.0
Lotto 6/42,2022-08-06,04-31-37-20-05-39,04-05-20-31-37-39,4,31,37,20,5,39,22414970.6,0,valid,965,136,4,0.0
Lotto 6/42,2022-08-09,42-19-15-40-03-33,03-15-19-33-40-42,42,19,15,40,3,33,26895199.2,0,valid,966,152,4,0.0
Lotto 6/42,2022-08-11,42-18-26-35-02-19,02-18-19-26-35-42,42,18,26,35,2,19,32075959.8,1,valid,967,142,2,2.0
Lotto 6/42,2022-08-13,26-12-20-24-39-41,12-20-24-26-39-41,26,12,20,24,39,41,5940000.0,1,valid,968,162,2,1.0
Lotto 6/42,2022-08-16,13-19-12-05-08-25,05-08-12-13-19-25,13,19,12,5,8,25,5940000.0,0,valid,969,82,4,1.0
Lotto 6/42,2022-08-18,25-33-12-07-05-18,05-07-12-18-25-33,25,33,12,7,5,18,6567885.6,0,valid,970,100,4,3.0
Lotto 6/42,2022-08-20,35-01-34-18-28-31,01-18-28-31-34-35,35,1,34,18,28,31,10196551.4,0,valid,971,147,3,1.0
Lotto 6/42,2022-08-23,36-14-28-12-23-33,12-14-23-28-33-36,36,14,28,12,23,33,13212554.0,0,valid,972,146,2,1.0
Lotto 6/42,2022-08-25,01-42-40-20-25-16,01-16-20-25-40-42,1,42,40,20,25,16,16934604.0,0,valid,973,144,2,0.0
Lotto 6/42,2022-08-27,21-25-33-32-18-23,18-21-23-25-32-33,21,25,33,32,18,23,21054373.6,0,valid,974,152,4,1.0
Lotto 6/42,2022-08-30,27-33-22-11-25-38,11-22-25-27-33-38,27,33,22,11,25,38,24881350.8,0,valid,975,156,4,2.0
Lotto 6/42,2022-09-01,15-36-07-10-18-06,06-07-10-15-18-36,15,36,7,10,18,6,29239676.4,0,valid,976,92,2,0.0
Lotto 6/42,2022-09-03,40-42-03-41-19-14,03-14-19-40-41-42,40,42,3,41,19,14,33433506.8,0,valid,977,159,3,0.0
Lotto 6/42,2022-09-06,04-36-13-42-30-21,04-13-21-30-36-42,4,36,13,42,30,21,37580623.6,0,valid,978,146,2,1.0
Lotto 6/42,2022-09-08,27-41-31-35-33-36,27-31-33-35-36-41,27,41,31,35,33,36,42150882.4,0,valid,979,203,5,1.0
Lotto 6/42,2022-09-10,31-11-02-23-19-34,02-11-19-23-31-34,31,11,2,23,19,34,46993787.6,0,valid,980,120,4,1.0
Lotto 6/42,2022-09-13,40-15-35-20-28-23,15-20-23-28-35-40,40,15,35,20,28,23,51634456.0,0,valid,981,161,3,1.0
Lotto 6/42,2022-09-15,32-23-41-04-25-21,04-21-23-25-32-41,32,23,41,4,25,21,56654977.2,1,valid,982,146,4,1.0
Lotto 6/42,2022-09-17,10-09-03-30-38-32,03-09-10-30-32-38,10,9,3,30,38,32,5940000.0,0,valid,983,122,2,1.0
Lotto 6/42,2022-09-20,31-27-17-21-18-09,09-17-18-21-27-31,31,27,17,21,18,9,6713559.4,0,valid,985,123,5,1.0
Lotto 6/42,2022-09-22,17-23-35-18-24-19,17-18-19-23-24-35,17,23,35,18,24,19,10004965.6,0,valid,986,136,4,2.0
Lotto 6/42,2022-09-24,14-05-27-15-24-13,05-13-14-15-24-27,14,5,27,15,24,13,13827534.0,0,valid,987,98,4,1.0
Lotto 6/42,2022-09-27,32-22-19-20-11-27,11-19-20-22-27-32,32,22,19,20,11,27,16857699.0,0,valid,988,131,3,1.0
Lotto 6/42,2022-09-29,26-40-37-38-34-17,17-26-34-37-38-40,26,40,37,38,34,17,20521016.8,0,valid,989,192,2,0.0
Lotto 6/42,2022-10-01,37-42-14-09-13-04,04-09-13-14-37-42,37,42,14,9,13,4,24908649.6,0,valid,990,119,3,1.0
Lotto 6/42,2022-10-04,40-38-35-32-29-06,06-29-32-35-38-40,40,38,35,32,29,6,28682317.6,0,valid,991,180,2,0.0
Lotto 6/42,2022-10-06,10-09-14-16-28-39,09-10-14-16-28-39,10,9,14,16,28,39,32944153.8,0,valid,992,116,2,0.0
Lotto 6/42,2022-10-08,39-42-23-33-32-12,12-23-32-33-39-42,39,42,23,33,32,12,38200752.4,1,valid,993,181,3,1.0
Lotto 6/42,2022-10-11,02-08-23-40-21-06,02-06-08-21-23-40,2,8,23,40,21,6,5940000.0,0,valid,994,100,2,1.0
Lotto 6/42,2022-10-13,20-39-06-19-35-31,06-19-20-31-35-39,20,39,6,19,35,31,6324328.4,0,valid,995,150,4,1.0
Lotto 6/42,2022-10-15,31-20-17-19-09-29,09-17-19-20-29-31,31,20,17,19,9,29,9986152.0,0,valid,996,125,5,3.0
Lotto 6/42,2022-10-18,42-35-04-27-05-37,04-05-27-35-37-42,42,35,4,27,5,37,13183447.2,0,valid,997,150,4,0.0
Lotto 6/42,2022-10-20,33-01-02-22-19-25,01-02-19-22-25-33,33,1,2,22,19,25,16856614.4,0,valid,998,102,4,0.0
Lotto 6/42,2022-10-22,34-20-31-39-22-03,03-20-22-31-34-39,34,20,31,39,22,3,21034188.0,0,valid,999,149,3,1.0
Lotto 6/42,2022-10-25,28-10-30-08-01-16,01-08-10-16-28-30,28,10,30,8,1,16,24684429.0,1,valid,1000,93,1,0.0
Lotto 6/42,2022-10-27,01-03-09-24-19-40,01-03-09-19-24-40,1,3,9,24,19,40,5940000.0,0,valid,1001,96,4,1.0
Lotto 6/42,2022-10-29,23-13-31-37-02-25,02-13-23-25-31-37,23,13,31,37,2,25,5940000.0,0,valid,1002,131,5,0.0
Lotto 6/42,2022-11-01,07-36-09-37-39-08,07-08-09-36-37-39,7,36,9,37,39,8,8000922.6,0,valid,1003,136,4,1.0
Lotto 6/42,2022-11-03,10-21-28-33-13-05,05-10-13-21-28-33,10,21,28,33,13,5,11502315.2,0,valid,1004,110,4,0.0
Lotto 6/42,2022-11-05,31-32-08-25-29-14,08-14-25-29-31-32,31,32,8,25,29,14,15395114.8,1,valid,1005,139,3,0.0
Lotto 6/42,2022-11-08,09-06-29-07-05-19,05-06-07-09-19-29,9,6,29,7,5,19,5940000.0,2,valid,1006,75,5,1.0
Lotto 6/42,2022-11-10,32-31-15-41-17-40,15-17-31-32-40-41,32,31,15,41,17,40,5940000.0,0,valid,1007,176,4,0.0
Lotto 6/42,2022-11-12,02-01-25-32-16-30,01-02-16-25-30-32,2,1,25,32,16,30,6669768.2,0,valid,1008,106,2,1.0
Lotto 6/42,2022-11-15,04-28-36-16-40-13,04-13-16-28-36-40,4,28,36,16,40,13,9754195.0,0,valid,1009,137,1,1.0
Lotto 6/42,2022-11-17,01-33-03-37-02-13,01-02-03-13-33-37,1,33,3,37,2,13,13460781.0,0,valid,1010,89,5,1.0
Lotto 6/42,2022-11-19,34-14-29-19-28-36,14-19-28-29-34-36,34,14,29,19,28,36,17259657.8,0,valid,1011,160,2,0.0
Lotto 6/42,2022-11-22,05-26-32-08-13-09,05-08-09-13-26-32,5,26,32,8,13,9,20909088.4,0,valid,1012,93,3,0.0
Lotto 6/42,2022-11-24,40-36-30-33-27-25,25-27-30-33-36-40,40,36,30,33,27,25,24981969.4,0,valid,1013,191,3,0.0
Lotto 6/42,2022-11-26,14-42-28-20-37-26,14-20-26-28-37-42,14,42,28,20,37,26,29348859.4,0,valid,1014,167,1,0.0
Lotto 6/42,2022-11-29,15-37-19-38-16-18,15-16-18-19-37-38,15,37,19,38,16,18,33823987.6,0,valid,1015,143,3,1.0
Lotto 6/42,2022-12-01,24-03-18-20-28-04,03-04-18-20-24-28,24,3,18,20,28,4,39292522.8,1,valid,1016,97,1,1.0
Lotto 6/42,2022-12-03,19-32-22-34-10-09,09-10-19-22-32-34,19,32,22,34,10,9,5940000.0,0,valid,1017,126,2,0.0
Lotto 6/42,2022-12-06,08-19-29-25-02-41,02-08-19-25-29-41,8,19,29,25,2,41,7176331.6,0,valid,1018,124,4,1.0
Lotto 6/42,2022-12-08,11-39-10-09-22-29,09-10-11-22-29-39,11,39,10,9,22,29,10897597.6,0,valid,1019,120,4,1.0
Lotto 6/42,2022-12-10,15-07-28-16-13-04,04-07-13-15-16-28,15,7,28,16,13,4,14741109.2,0,valid,1020,83,3,0.0
Lotto 6/42,2022-12-13,03-33-34-02-30-31,02-03-30-31-33-34,3,33,34,2,30,31,18785433.8,0,valid,1021,133,3,0.0
Lotto 6/42,2022-12-15,18-28-01-27-21-29,01-18-21-27-28-29,18,28,1,27,21,29,23965057.0,0,valid,1022,124,4,0.0
Lotto 6/42,2022-12-17,03-17-38-23-41-04,03-04-17-23-38-41,3,17,38,23,41,4,28599972.0,0,valid,1023,126,4,0.0
Lotto 6/42,2022-12-20,42-13-09-15-24-32,09-13-15-24-32-42,42,13,9,15,24,32,33742504.2,0,valid,1024,135,3,0.0
Lotto 6/42,2022-12-22,08-41-33-16-05-19,05-08-16-19-33-41,8,41,33,16,5,19,40430571.8,0,valid,1025,122,4,0.0
Lotto 6/42,2022-12-24,42-17-04-40-08-09,04-08-09-17-40-42,42,17,4,40,8,9,43809512.0,0,valid,1026,120,2,1.0
Lotto 6/42,2022-12-27,37-16-26-03-42-10,03-10-16-26-37-42,37,16,26,3,42,10,50129894.0,0,valid,1027,134,2,1.0
Lotto 6/42,2022-12-29,27-05-26-31-19-09,05-09-19-26-27-31,27,5,26,31,19,9,58430935.8,1,valid,1028,117,5,1.0
Lotto 6/42,2022-12-31,01-21-27-03-07-17,01-03-07-17-21-27,1,21,27,3,7,17,5940000.0,0,valid,1029,76,6,1.0
Lotto 6/42,2023-01-03,40-25-28-13-36-39,13-25-28-36-39-40,40,25,28,13,36,39,6890530.2,0,valid,1030,181,3,0.0
Lotto 6/42,2023-01-05,36-37-32-15-39-09,09-15-32-36-37-39,36,37,32,15,39,9,11006275.2,0,valid,1031,168,4,2.0
Lotto 6/42,2023-01-07,18-13-39-35-06-05,05-06-13-18-35-39,18,13,39,35,6,5,15660874.8,0,valid,1032,116,4,1.0
Lotto 6/42,2023-01-10,16-08-01-29-04-26,01-04-08-16-26-29,16,8,1,29,4,26,20045611.6,0,valid,1033,84,2,0.0
Lotto 6/42,2023-01-12,07-42-20-05-33-31,05-07-20-31-33-42,7,42,20,5,33,31,24919457.0,0,valid,1034,138,4,0.0
Lotto 6/42,2023-01-14,41-12-31-37-34-05,05-12-31-34-37-41,41,12,31,37,34,5,30382081.4,0,valid,1035,160,4,2.0
Lotto 6/42,2023-01-17,34-24-02-06-33-07,02-06-07-24-33-34,34,24,2,6,33,7,35314806.6,1,valid,1036,106,2,1.0
Lotto 6/42,2023-01-19,23-05-29-01-31-11,01-05-11-23-29-31,23,5,29,1,31,11,5940000.0,0,valid,1037,100,6,0.0
Lotto 6/42,2023-01-21,15-19-25-09-32-11,09-11-15-19-25-32,15,19,25,9,32,11,7947435.0,0,valid,1038,111,5,1.0
Lotto 6/42,2023-01-24,14-40-30-35-42-03,03-14-30-35-40-42,14,40,30,35,42,3,11660311.6,0,valid,1039,164,2,0.0
Lotto 6/42,2023-01-26,05-12-18-24-04-17,04-05-12-17-18-24,5,12,18,24,4,17,16101832.8,0,valid,1040,80,2,0.0
Lotto 6/42,2023-01-28,14-01-26-37-20-23,01-14-20-23-26-37,14,1,26,37,20,23,20815329.8,0,valid,1041,121,3,0.0
Lotto 6/42,2023-01-31,31-41-29-25-20-08,08-20-25-29-31-41,31,41,29,25,20,8,25490659.0,1,valid,1042,154,4,1.0
Lotto 6/42,2023-02-02,02-27-16-29-04-19,02-04-16-19-27-29,2,27,16,29,4,19,5940000.0,1,valid,1043,97,3,1.0
Lotto 6/42,2023-02-04,24-30-01-27-04-23,01-04-23-24-27-30,24,30,1,27,4,23,5940000.0,0,valid,1044,109,3,2.0
Lotto 6/42,2023-02-07,30-21-14-27-22-42,14-21-22-27-30-42,30,21,14,27,22,42,7356078.2,0,valid,1045,156,2,2.0
Lotto 6/42,2023-02-09,21-18-28-20-26-17,17-18-20-21-26-28,21,18,28,20,26,17,11233506.2,0,valid,1046,130,2,1.0
Lotto 6/42,2023-02-11,01-35-21-39-34-19,01-19-21-34-35-39,1,35,21,39,34,19,15611420.6,0,valid,1047,149,5,1.0
Lotto 6/42,2023-02-14,26-16-13-10-39-19,10-13-16-19-26-39,26,16,13,10,39,19,19433863.4,0,valid,1048,123,3,2.0
Lotto 6/42,2023-02-16,42-31-38-35-02-27,02-27-31-35-38-42,42,31,38,35,2,27,23957900.8,0,valid,1049,175,3,0.0
Lotto 6/42,2023-02-18,20-25-21-33-39-36,20-21-25-33-36-39,20,25,21,33,39,36,28649604.6,0,valid,1050,174,4,0.0
Lotto 6/42,2023-02-21,36-16-39-30-41-03,03-16-30-36-39-41,36,16,39,30,41,3,33547590.8,0,valid,1051,165,3,2.0
Lotto 6/42,2023-02-23,26-02-20-41-21-40,02-20-21-26-40-41,26,2,20,41,21,40,39442156.2,0,valid,1052,150,2,1.0
Lotto 6/42,2023-02-25,37-32-28-09-34-19,09-19-28-32-34-37,37,32,28,9,34,19,44794007.6,0,valid,1053,159,3,0.0
Lotto 6/42,2023-02-28,26-14-11-08-07-22,07-08-11-14-22-26,26,14,11,8,7,22,50796013.0,1,valid,1054,88,2,0.0
Lotto 6/42,2023-03-02,21-09-23-28-19-36,09-19-21-23-28-36,21,9,23,28,19,36,5940000.0,0,valid,1055,136,4,0.0
Lotto 6/42,2023-03-04,03-06-26-37-35-18,03-06-18-26-35-37,3,6,26,37,35,18,8149079.4,0,valid,1056,125,3,0.0
Lotto 6/42,2023-03-07,34-42-03-07-16-05,03-05-07-16-34-42,34,42,3,7,16,5,11828465.8,0,valid,1057,107,3,1.0
Lotto 6/42,2023-03-09,06-18-26-29-17-11,06-11-17-18-26-29,6,18,26,29,17,11,16319245.2,1,valid,1058,107,3,0.0
Lotto 6/42,2023-03-11,03-09-12-33-22-18,03-09-12-18-22-33,3,9,12,33,22,18,5940000.0,0,valid,1059,97,3,1.0
Lotto 6/42,2023-03-14,30-38-02-36-29-13,02-13-29-30-36-38,30,38,2,36,29,13,7444988.6,0,valid,1060,148,2,0.0
Lotto 6/42,2023-03-16,15-18-21-17-34-35,15-17-18-21-34-35,15,18,21,17,34,35,11515675.0,0,valid,1061,140,4,0.0
Lotto 6/42,2023-03-18,37-34-35-13-08-12,08-12-13-34-35-37,37,34,35,13,8,12,15912672.8,0,valid,1062,139,3,2.0
Lotto 6/42,2023-03-21,03-02-13-19-23-24,02-03-13-19-23-24,3,2,13,19,23,24,19990569.2,0,valid,1063,84,4,1.0
Lotto 6/42,2023-03-23,33-16-05-22-15-37,05-15-16-22-33-37,33,16,5,22,15,37,25115145.6,0,valid,1064,128,4,0.0
Lotto 6/42,2023-03-25,20-33-17-39-34-07,07-17-20-33-34-39,20,33,17,39,34,7,30199891.4,0,valid,1065,150,4,1.0
Lotto 6/42,2023-03-28,05-35-42-02-22-20,02-05-20-22-35-42,5,35,42,2,22,20,35308795.6,0,valid,1066,126,2,1.0
Lotto 6/42,2023-03-30,13-38-37-22-20-42,13-20-22-37-38-42,13,38,37,22,20,42,41254992.2,0,valid,1067,172,2,3.0
Lotto 6/42,2023-04-01,25-03-40-13-10-31,03-10-13-25-31-40,25,3,40,13,10,31,47492279.8,0,valid,1068,122,4,1.0
Lotto 6/42,2023-04-04,42-04-33-37-16-36,04-16-33-36-37-42,42,4,33,37,16,36,53799153.4,0,valid,1069,168,2,0.0
Lotto 6/42,2023-04-11,24-34-07-16-31-33,07-16-24-31-33-34,24,34,7,16,31,33,60503890.8,0,valid,1070,145,3,2.0
Lotto 6/42,2023-04-13,42-30-05-19-04-37,04-05-19-30-37-42,42,30,5,19,4,37,66941266.0,0,valid,1071,137,3,0.0
Lotto 6/42,2023-04-15,23-19-24-42-13-16,13-16-19-23-24-42,23,19,24,42,13,16,74355879.4,0,valid,1072,137,3,2.0
Lotto 6/42,2023-04-18,42-21-01-36-23-37,01-21-23-36-37-42,42,21,1,36,23,37,82139803.6,2,valid,1073,160,4,2.0
Lotto 6/42,2023-04-20,35-39-16-01-34-17,01-16-17-34-35-39,35,39,16,1,34,17,5940000.0,0,valid,1074,142,4,1.0
Lotto 6/42,2023-04-22,18-40-03-15-24-27,03-15-18-24-27-40,18,40,3,15,24,27,7432460.2,0,valid,1075,127,3,0.0
Lotto 6/42,2023-04-25,40-16-24-03-02-05,02-03-05-16-24-40,40,16,24,3,2,5,10747794.6,0,valid,1076,90,2,3.0
Lotto 6/42,2023-04-27,42-11-35-36-38-09,09-11-35-36-38-42,42,11,35,36,38,9,14634440.0,0,valid,1077,171,3,0.0
Lotto 6/42,2023-04-29,31-27-24-20-08-13,08-13-20-24-27-31,31,27,24,20,8,13,18825922.8,0,valid,1078,123,3,0.0
Lotto 6/42,2023-05-02,11-42-28-06-08-32,06-08-11-28-32-42,11,42,28,6,8,32,23020467.8,0,valid,1079,127,1,1.0
Lotto 6/42,2023-05-04,06-01-04-11-19-22,01-04-06-11-19-22,6,1,4,11,19,22,28224209.8,0,valid,1080,63,3,2.0
Lotto 6/42,2023-05-06,26-02-24-35-04-28,02-04-24-26-28-35,26,2,24,35,4,28,33195168.8,0,valid,1081,119,1,1.0
Lotto 6/42,2023-05-09,23-19-24-11-31-41,11-19-23-24-31-41,23,19,24,11,31,41,37982691.4,0,valid,1082,149,5,1.0
Lotto 6/42,2023-05-11,36-07-19-26-08-01,01-07-08-19-26-36,36,7,19,26,8,1,44070179.4,1,valid,1083,97,3,1.0
Lotto 6/42,2023-05-13,13-22-02-33-38-09,02-09-13-22-33-38,13,22,2,33,38,9,5940000.0,0,valid,1084,117,3,0.0
Lotto 6/42,2023-05-16,25-41-28-04-09-01,01-04-09-25-28-41,25,41,28,4,9,1,7323046.0,0,valid,1085,108,4,1.0
Lotto 6/42,2023-05-18,15-05-41-21-01-27,01-05-15-21-27-41,15,5,41,21,1,27,11141838.6,0,valid,1086,110,6,2.0
Lotto 6/42,2023-05-20,21-39-22-18-02-36,02-18-21-22-36-39,21,39,22,18,2,36,15393333.2,0,valid,1087,138,2,1.0
Lotto 6/42,2023-05-23,41-16-36-22-24-37,16-22-24-36-37-41,41,16,36,22,24,37,19162515.2,0,valid,1088,176,2,2.0
Lotto 6/42,2023-05-25,35-15-41-18-37-21,15-18-21-35-37-41,35,15,41,18,37,21,23234133.2,0,valid,1089,167,5,2.0
Lotto 6/42,2023-05-27,23-38-37-34-05-21,05-21-23-34-37-38,23,38,37,34,5,21,27965455.0,0,valid,1090,158,4,2.0
Lotto 6/42,2023-05-30,39-15-08-07-19-27,07-08-15-19-27-39,39,15,8,7,19,27,32169509.2,0,valid,1091,115,5,0.0
Lotto 6/42,2023-06-01,26-06-37-29-23-40,06-23-26-29-37-40,26,6,37,29,23,40,37029943.0,0,valid,1092,161,3,0.0
Lotto 6/42,2023-06-03,10-03-12-20-07-28,03-07-10-12-20-28,10,3,12,20,7,28,42751862.8,2,valid,1093,80,2,0.0
Lotto 6/42,2023-06-06,24-30-25-03-15-04,03-04-15-24-25-30,24,30,25,3,15,4,5940000.0,0,valid,1094,101,3,1.0
Lotto 6/42,2023-06-08,06-11-36-41-40-07,06-07-11-36-40-41,6,11,36,41,40,7,7275065.0,0,valid,1095,141,3,0.0
Lotto 6/42,2023-06-10,12-37-38-19-39-21,12-19-21-37-38-39,12,37,38,19,39,21,11161496.8,0,valid,1096,166,4,0.0
Lotto 6/42,2023-06-13,36-16-08-32-09-40,08-09-16-32-36-40,36,16,8,32,9,40,14897350.4,0,valid,1097,141,1,0.0
Lotto 6/42,2023-06-15,02-29-10-27-26-14,02-10-14-26-27-29,2,29,10,27,26,14,19503581.4,0,valid,1098,108,2,0.0
Lotto 6/42,2023-06-17,10-08-21-13-35-26,08-10-13-21-26-35,10,8,21,13,35,26,24296322.2,0,valid,1099,113,3,2.0
Lotto 6/42,2023-06-20,14-21-08-36-23-10,08-10-14-21-23-36,14,21,8,36,23,10,29046723.0,0,valid,1100,112,2,3.0
Lotto 6/42,2023-06-22,19-26-32-09-38-31,09-19-26-31-32-38,19,26,32,9,38,31,34824573.8,0,valid,1101,155,3,0.0
Lotto 6/42,2023-06-24,27-15-06-37-20-33,06-15-20-27-33-37,27,15,6,37,20,33,40498573.2,0,valid,1102,138,4,0.0
Lotto 6/42,2023-06-27,28-27-20-19-16-39,16-19-20-27-28-39,28,27,20,19,16,39,46545659.2,0,valid,1103,149,3,2.0
Lotto 6/42,2023-06-29,06-38-09-18-04-37,04-06-09-18-37-38,6,38,9,18,4,37,53962120.2,0,valid,1104,112,2,0.0
Lotto 6/42,2023-07-01,18-25-12-14-13-22,12-13-14-18-22-25,18,25,12,14,13,22,61234178.2,1,valid,1105,104,2,1.0
Lotto 6/42,2023-07-04,10-19-31-27-18-25,10-18-19-25-27-31,10,19,31,27,18,25,5940000.0,1,valid,1106,130,4,2.0
Lotto 6/42,2023-07-06,39-05-29-08-33-41,05-08-29-33-39-41,39,5,29,8,33,41,5940000.0,0,valid,1107,155,5,0.0
Lotto 6/42,2023-07-08,03-28-12-26-08-21,03-08-12-21-26-28,3,28,12,26,8,21,7656441.8,1,valid,1108,98,2,1.0
Lotto 6/42,2023-07-11,23-07-36-19-21-41,07-19-21-23-36-41,23,7,36,19,21,41,5940000.0,0,valid,1109,147,5,1.0
Lotto 6/42,2023-07-13,14-38-36-10-02-13,02-10-13-14-36-38,14,38,36,10,2,13,6389050.6,0,valid,1110,113,1,1.0
Lotto 6/42,2023-07-15,36-16-18-35-05-39,05-16-18-35-36-39,36,16,18,35,5,39,10393564.6,0,valid,1111,149,3,1.0
Lotto 6/42,2023-07-18,04-14-18-36-27-07,04-07-14-18-27-36,4,14,18,36,27,7,14002606.4,0,valid,1112,106,2,2.0
Lotto 6/42,2023-07-20,28-23-22-18-19-36,18-19-22-23-28-36,28,23,22,18,19,36,18132604.2,0,valid,1113,146,2,2.0
Lotto 6/42,2023-07-22,14-27-19-26-08-38,08-14-19-26-27-38,14,27,19,26,8,38,22821402.2,1,valid,1114,132,2,1.0
Lotto 6/42,2023-07-25,07-12-13-37-36-29,07-12-13-29-36-37,7,12,13,37,36,29,5940000.0,0,valid,1115,134,4,0.0
Lotto 6/42,2023-07-27,19-29-12-05-13-34,05-12-13-19-29-34,19,29,12,5,13,34,6446797.4,0,valid,1116,112,4,3.0
Lotto 6/42,2023-07-29,21-13-08-28-12-41,08-12-13-21-28-41,21,13,8,28,12,41,9965962.0,0,valid,1117,123,3,2.0
Lotto 6/42,2023-08-01,25-33-06-42-40-35,06-25-33-35-40-42,25,33,6,42,40,35,13690185.6,0,valid,1118,181,3,0.0
Lotto 6/42,2023-08-03,21-16-14-29-06-22,06-14-16-21-22-29,21,16,14,29,6,22,18307868.2,0,valid,1119,108,2,1.0
Lotto 6/42,2023-08-05,34-35-24-20-36-39,20-24-34-35-36-39,34,35,24,20,36,39,22896342.8,1,valid,1120,188,2,0.0
Lotto 6/42,2023-08-08,14-24-36-37-23-41,14-23-24-36-37-41,14,24,36,37,23,41,5940000.0,0,valid,1121,175,3,2.0
Lotto 6/42,2023-08-10,15-05-31-18-04-26,04-05-15-18-26-31,15,5,31,18,4,26,6746203.0,0,valid,1122,99,3,0.0
Lotto 6/42,2023-08-12,36-10-24-31-13-12,10-12-13-24-31-36,36,10,24,31,13,12,10518904.2,0,valid,1123,126,2,1.0
Lotto 6/42,2023-08-15,22-17-13-20-18-01,01-13-17-18-20-22,22,17,13,20,18,1,14070525.2,0,valid,1124,91,3,1.0
Lotto 6/42,2023-08-17,27-10-36-09-22-07,07-09-10-22-27-36,27,10,36,9,22,7,18611973.4,1,valid,1125,111,3,1.0
Lotto 6/42,2023-08-19,35-08-24-39-25-30,08-24-25-30-35-39,35,8,24,39,25,30,5940000.0,0,valid,1126,161,3,0.0
Lotto 6/42,2023-08-22,21-18-10-24-14-38,10-14-18-21-24-38,21,18,10,24,14,38,6796188.0,0,valid,1127,125,1,1.0
Lotto 6/42,2023-08-24,19-31-36-08-21-38,08-19-21-31-36-38,19,31,36,8,21,38,10410422.6,0,valid,1128,153,3,2.0
Lotto 6/42,2023-08-26,12-32-41-23-40-22,12-22-23-32-40-41,12,32,41,23,40,22,14187192.4,0,valid,1129,170,2,0.0
Lotto 6/42,2023-08-29,01-04-15-10-34-39,01-04-10-15-34-39,1,4,15,10,34,39,17785004.0,0,valid,1130,103,3,0.0
Lotto 6/42,2023-08-31,10-29-06-07-11-21,06-07-10-11-21-29,10,29,6,7,11,21,22056462.8,0,valid,1131,84,4,1.0
Lotto 6/42,2023-09-02,29-11-32-34-23-22,11-22-23-29-32-34,29,11,32,34,23,22,26517289.8,0,valid,1132,151,3,2.0
Lotto 6/42,2023-09-05,32-21-27-25-13-40,13-21-25-27-32-40,32,21,27,25,13,40,31058851.4,0,valid,1133,158,4,1.0
Lotto 6/42,2023-09-07,03-31-15-19-10-27,03-10-15-19-27-31,3,31,15,19,10,27,36257127.4,1,valid,1134,105,5,1.0
Lotto 6/42,2023-09-09,19-11-09-03-41-35,03-09-11-19-35-41,19,11,9,3,41,35,5940000.0,0,valid,1135,118,6,2.0
Lotto 6/42,2023-09-12,17-14-03-26-33-05,03-05-14-17-26-33,17,14,3,26,33,5,7058280.2,0,valid,1136,98,4,1.0
Lotto 6/42,2023-09-14,06-27-03-13-35-04,03-04-06-13-27-35,6,27,3,13,35,4,10586627.0,0,valid,1137,88,4,1.0
Lotto 6/42,2023-09-16,30-39-04-32-42-29,04-29-30-32-39-42,30,39,4,32,42,29,14713518.6,0,valid,1138,176,2,1.0
Lotto 6/42,2023-09-19,33-34-24-04-11-05,04-05-11-24-33-34,33,34,24,4,11,5,18121104.2,0,valid,1139,111,3,1.0
Lotto 6/42,2023-09-21,25-10-14-17-19-42,10-14-17-19-25-42,25,10,14,17,19,42,21966450.2,1,valid,1140,127,3,0.0
Lotto 6/42,2023-09-23,13-36-27-38-15-22,13-15-22-27-36-38,13,36,27,38,15,22,5940000.0,0,valid,1141,151,3,0.0
Lotto 6/42,2023-09-26,08-32-34-28-10-35,08-10-28-32-34-35,8,32,34,28,10,35,6657027.2,0,valid,1142,147,1,0.0
Lotto 6/42,2023-09-28,42-11-20-28-22-05,05-11-20-22-28-42,42,11,20,28,22,5,9823403.2,0,valid,1143,128,2,1.0
Lotto 6/42,2023-09-30,38-10-29-32-39-42,10-29-32-38-39-42,38,10,29,32,39,42,14014890.4,0,valid,1144,190,2,1.0
Lotto 6/42,2023-10-03,05-10-42-08-13-20,05-08-10-13-20-42,5,10,42,8,13,20,17407569.2,0,valid,1145,98,2,2.0
Lotto 6/42,2023-10-05,25-24-26-35-21-42,21-24-25-26-35-42,25,24,26,35,21,42,21249596.4,0,valid,1146,173,3,1.0
Lotto 6/42,2023-10-07,42-28-21-38-08-17,08-17-21-28-38-42,42,28,21,38,8,17,25911745.2,0,valid,1147,154,2,2.0
Lotto 6/42,2023-10-10,39-13-41-04-01-03,01-03-04-13-39-41,39,13,41,4,1,3,29940313.0,0,valid,1148,101,5,0.0
Lotto 6/42,2023-10-12,13-41-06-25-34-42,06-13-25-34-41-42,13,41,6,25,34,42,34562804.2,1,valid,1149,161,3,2.0
Lotto 6/42,2023-10-14,23-16-26-37-25-41,16-23-25-26-37-41,23,16,26,37,25,41,5940000.0,0,valid,1150,168,4,2.0
Lotto 6/42,2023-10-17,38-14-22-21-40-30,14-21-22-30-38-40,38,14,22,21,40,30,7176994.4,0,valid,1151,165,1,0.0
Lotto 6/42,2023-10-19,11-08-25-05-34-16,05-08-11-16-25-34,11,8,25,5,34,16,10911401.2,0,valid,1152,99,3,0.0
Lotto 6/42,2023-10-21,03-22-02-17-14-39,02-03-14-17-22-39,3,22,2,17,14,39,15027455.6,0,valid,1153,97,3,0.0
Lotto 6/42,2023-10-24,31-05-34-11-36-20,05-11-20-31-34-36,31,5,34,11,36,20,18957242.6,0,valid,1154,137,3,0.0
Lotto 6/42,2023-10-26,33-04-37-27-16-35,04-16-27-33-35-37,33,4,37,27,16,35,23994560.2,0,valid,1155,152,4,0.0
Lotto 6/42,2023-10-28,05-32-24-04-18-22,04-05-18-22-24-32,5,32,24,4,18,22,28824637.4,0,valid,1156,105,1,1.0
Lotto 6/42,2023-10-31,03-09-36-40-29-41,03-09-29-36-40-41,3,9,36,40,29,41,89000000.0,0,valid,1157,158,4,0.0
Lotto 6/42,2023-11-02,29-05-38-01-33-27,01-05-27-29-33-38,29,5,38,1,33,27,94859856.2,0,valid,1158,133,5,1.0
Lotto 6/42,2023-11-04,07-34-11-26-05-06,05-06-07-11-26-34,7,34,11,26,5,6,102254379.4,1,valid,1159,89,3,1.0
Lotto 6/42,2023-11-07,29-37-26-21-17-08,08-17-21-26-29-37,29,37,26,21,17,8,5940000.0,0,valid,1160,138,4,1.0
Lotto 6/42,2023-11-09,39-07-38-16-05-03,03-05-07-16-38-39,39,7,38,16,5,3,6991276.4,0,valid,1161,108,4,0.0
Lotto 6/42,2023-11-11,03-28-17-11-26-16,03-11-16-17-26-28,3,28,17,11,26,16,10874702.2,1,valid,1162,101,3,2.0
Lotto 6/42,2023-11-14,01-12-21-28-08-18,01-08-12-18-21-28,1,12,21,28,8,18,5940000.0,1,valid,1163,88,2,1.0
Lotto 6/42,2023-11-16,31-14-38-10-22-13,10-13-14-22-31-38,31,14,38,10,22,13,5940000.0,0,valid,1164,128,2,0.0
Lotto 6/42,2023-11-18,18-21-20-36-35-07,07-18-20-21-35-36,18,21,20,36,35,7,7688392.8,0,valid,1165,137,3,0.0
Lotto 6/42,2023-11-21,25-03-39-27-08-35,03-08-25-27-35-39,25,3,39,27,8,35,11191065.0,0,valid,1166,137,5,1.0
Lotto 6/42,2023-11-23,06-18-32-31-26-14,06-14-18-26-31-32,6,18,32,31,26,14,15274031.0,0,valid,1167,127,1,0.0
Lotto 6/42,2023-11-25,32-33-39-07-25-08,07-08-25-32-33-39,32,33,39,7,25,8,19634578.6,0,valid,1168,144,4,1.0
Lotto 6/42,2023-11-28,37-35-41-05-23-07,05-07-23-35-37-41,37,35,41,5,23,7,23680623.2,0,valid,1169,148,6,1.0
Lotto 6/42,2023-11-30,36-38-29-37-41-30,29-30-36-37-38-41,36,38,29,37,41,30,28612882.6,1,valid,1170,211,3,2.0
Lotto 6/42,2023-12-02,29-26-30-22-31-15,15-22-26-29-30-31,29,26,30,22,31,15,5940000.0,0,valid,1171,153,3,2.0
Lotto 6/42,2023-12-05,16-10-40-25-41-19,10-16-19-25-40-41,16,10,40,25,41,19,7704008.8,0,valid,1172,151,3,0.0
Lotto 6/42,2023-12-07,33-16-18-12-11-02,02-11-12-16-18-33,33,16,18,12,11,2,12033071.2,0,valid,1173,92,2,1.0
Lotto 6/42,2023-12-09,25-12-02-15-26-01,01-02-12-15-25-26,25,12,2,15,26,1,16640656.6,1,valid,1174,81,3,2.0
Lotto 6/42,2023-12-12,04-17-05-02-22-42,02-04-05-17-22-42,4,17,5,2,22,42,5940000.0,0,valid,1175,92,2,1.0
Lotto 6/42,2023-12-14,03-05-10-13-11-18,03-05-10-11-13-18,3,5,10,13,11,18,7748575.2,0,valid,1176,60,4,1.0
Lotto 6/42,2023-12-16,38-42-14-34-27-31,14-27-31-34-38-42,38,42,14,34,27,31,12277242.8,0,valid,1177,186,2,0.0
Lotto 6/42,2023-12-19,32-05-23-31-21-06,05-06-21-23-31-32,32,5,23,31,21,6,16945607.4,0,valid,1178,118,4,1.0
Lotto 6/42,2023-12-21,41-07-23-30-13-20,07-13-20-23-30-41,41,7,23,30,13,20,23618598.6,0,valid,1179,134,4,1.0
Lotto 6/42,2023-12-23,33-11-38-37-32-06,06-11-32-33-37-38,33,11,38,37,32,6,30012060.4,0,valid,1180,157,3,0.0
Lotto 6/42,2023-12-26,07-32-17-01-08-09,01-07-08-09-17-32,7,32,17,1,8,9,35642417.2,0,valid,1181,74,4,1.0
Lotto 6/42,2023-12-28,18-34-01-11-28-04,01-04-11-18-28-34,18,34,1,11,28,4,43882361.6,1,valid,1182,96,2,1.0
Lotto 6/42,2023-12-30,12-09-18-11-05-35,05-09-11-12-18-35,12,9,18,11,5,35,100000000.0,0,valid,1183,90,4,2.0
Lotto 6/42,2024-01-02,04-22-07-10-29-14,04-07-10-14-22-29,4,22,7,10,29,14,108072834.0,3,valid,1184,86,2,0.0
Lotto 6/42,2024-01-04,22-16-09-01-42-10,01-09-10-16-22-42,22,16,9,1,42,10,5940000.0,0,valid,1185,100,2,2.0
Lotto 6/42,2024-01-06,10-30-34-09-14-21,09-10-14-21-30-34,10,30,34,9,14,21,11505024.0,0,valid,1186,118,2,2.0
Lotto 6/42,2024-01-09,04-39-23-19-17-36,04-17-19-23-36-39,4,39,23,19,17,36,16813380.4,1,valid,1187,138,4,0.0
Lotto 6/42,2024-01-11,20-05-34-09-26-19,05-09-19-20-26-34,20,5,34,9,26,19,5940000.0,0,valid,1188,113,3,1.0
Lotto 6/42,2024-01-13,42-30-17-04-15-14,04-14-15-17-30-42,42,30,17,4,15,14,11275227.4,0,valid,1189,122,2,0.0
Lotto 6/42,2024-01-16,03-29-18-30-07-22,03-07-18-22-29-30,3,29,18,30,7,22,16483126.0,0,valid,1190,109,3,1.0
Lotto 6/42,2024-01-18,41-08-06-03-10-04,03-04-06-08-10-41,41,8,6,3,10,4,23352786.8,0,valid,1191,72,2,1.0
Lotto 6/42,2024-01-20,10-04-42-28-33-24,04-10-24-28-33-42,10,4,42,28,33,24,29725174.4,0,valid,1192,141,1,2.0
Lotto 6/42,2024-01-23,06-20-24-13-15-37,06-13-15-20-24-37,6,20,24,13,15,37,35671619.8,0,valid,1193,115,3,1.0
Lotto 6/42,2024-01-25,31-28-05-26-10-40,05-10-26-28-31-40,31,28,5,26,10,40,42814945.6,0,valid,1194,140,2,0.0
Lotto 6/42,2024-01-27,42-14-25-36-31-40,14-25-31-36-40-42,42,14,25,36,31,40,49942011.2,0,valid,1195,188,2,2.0
Lotto 6/42,2024-01-30,38-20-19-04-16-40,04-16-19-20-38-40,38,20,19,4,16,40,56638411.0,1,valid,1196,137,1,1.0
Lotto 6/42,2024-02-01,03-31-14-19-35-13,03-13-14-19-31-35,3,31,14,19,35,13,5940000.0,1,valid,1197,115,5,1.0
Lotto 6/42,2024-02-03,09-18-33-26-23-04,04-09-18-23-26-33,9,18,33,26,23,4,5940000.0,0,valid,1198,113,3,0.0
Lotto 6/42,2024-02-06,27-23-31-20-14-28,14-20-23-27-28-31,27,23,31,20,14,28,7341411.4,1,valid,1199,143,3,1.0
Lotto 6/42,2024-02-08,27-02-20-22-23-10,02-10-20-22-23-27,27,2,20,22,23,10,5940000.0,2,valid,1200,104,2,3.0
Lotto 6/42,2024-02-10,13-11-37-07-16-27,07-11-13-16-27-37,13,11,37,7,16,27,5940000.0,0,valid,1201,111,5,1.0
Lotto 6/42,2024-02-13,19-31-11-23-13-17,11-13-17-19-23-31,19,31,11,23,13,17,7083788.6,1,valid,1202,114,6,2.0
Lotto 6/42,2024-02-15,09-38-28-22-04-20,04-09-20-22-28-38,9,38,28,22,4,20,5940000.0,0,valid,1203,121,1,0.0
Lotto 6/42,2024-02-17,29-14-13-05-09-18,05-09-13-14-18-29,29,14,13,5,9,18,7488195.2,0,valid,1204,88,4,1.0
Lotto 6/42,2024-02-20,22-17-01-29-11-16,01-11-16-17-22-29,22,17,1,29,11,16,10990641.6,1,valid,1205,96,4,1.0
Lotto 6/42,2024-02-22,05-21-17-36-22-07,05-07-17-21-22-36,5,21,17,36,22,7,5940000.0,0,valid,1206,108,4,2.0
Lotto 6/42,2024-02-24,32-12-27-40-01-19,01-12-19-27-32-40,32,12,27,40,1,19,7433279.4,0,valid,1207,131,3,0.0
Lotto 6/42,2024-02-27,41-26-32-40-31-39,26-31-32-39-40-41,41,26,32,40,31,39,10877076.2,0,valid,1208,209,3,2.0
Lotto 6/42,2024-02-29,05-21-03-33-30-41,03-05-21-30-33-41,5,21,3,33,30,41,15019736.8,1,valid,1209,133,5,1.0
Lotto 6/42,2024-03-02,17-02-04-03-36-35,02-03-04-17-35-36,17,2,4,3,36,35,5940000.0,0,valid,1210,97,3,1.0
Lotto 6/42,2024-03-05,03-24-40-18-35-41,03-18-24-35-40-41,3,24,40,18,35,41,6911094.6,0,valid,1211,161,3,2.0
Lotto 6/42,2024-03-07,12-29-28-37-03-10,03-10-12-28-29-37,12,29,28,37,3,10,10592207.4,0,valid,1212,119,3,1.0
Lotto 6/42,2024-03-09,17-21-12-24-30-02,02-12-17-21-24-30,17,21,12,24,30,2,14652151.4,1,valid,1213,106,2,1.0
Lotto 6/42,2024-03-12,08-05-23-34-20-28,05-08-20-23-28-34,8,5,23,34,20,28,5940000.0,0,valid,1214,118,2,0.0
Lotto 6/42,2024-03-14,30-09-07-41-33-32,07-09-30-32-33-41,30,9,7,41,33,32,6235745.0,0,valid,1215,152,4,0.0
Lotto 6/42,2024-03-16,30-15-22-31-17-28,15-17-22-28-30-31,30,15,22,31,17,28,9756455.6,0,valid,1216,143,3,1.0
Lotto 6/42,2024-03-19,18-27-07-14-11-09,07-09-11-14-18-27,18,27,7,14,11,9,12938209.6,1,valid,1217,86,4,0.0
Lotto 6/42,2024-03-21,09-07-12-13-10-14,07-09-10-12-13-14,9,7,12,13,10,14,5940000.0,0,valid,1218,65,3,3.0
Lotto 6/42,2024-03-23,31-39-22-04-37-35,04-22-31-35-37-39,31,39,22,4,37,35,6533007.8,0,valid,1219,168,4,0.0
Lotto 6/42,2024-03-26,17-23-30-27-40-12,12-17-23-27-30-40,17,23,30,27,40,12,9522382.2,0,valid,1220,149,3,0.0
Lotto 6/42,2024-04-02,01-24-33-21-42-09,01-09-21-24-33-42,1,24,33,21,42,9,12810391.4,0,valid,1221,130,4,0.0
Lotto 6/42,2024-04-04,26-36-31-40-39-06,06-26-31-36-39-40,26,36,31,40,39,6,16401481.8,0,valid,1222,178,2,0.0
Lotto 6/42,2024-04-06,28-06-08-33-03-25,03-06-08-25-28-33,28,6,8,33,3,25,20376806.4,0,valid,1223,103,3,1.0
Lotto 6/42,2024-04-09,28-37-06-05-12-18,05-06-12-18-28-37,28,37,6,5,12,18,24266104.4,1,valid,1224,106,2,2.0
Lotto 6/42,2024-04-11,08-12-42-02-37-41,02-08-12-37-41-42,8,12,42,2,37,41,5940000.0,0,valid,1225,142,2,2.0
Lotto 6/42,2024-04-13,26-42-40-33-13-39,13-26-33-39-40-42,26,42,40,33,13,39,6656665.0,0,valid,1226,193,3,1.0
Lotto 6/42,2024-04-16,31-35-18-26-34-41,18-26-31-34-35-41,31,35,18,26,34,41,9781677.6,0,valid,1227,185,3,1.0
Lotto 6/42,2024-04-18,04-28-35-15-10-18,04-10-15-18-28-35,4,28,35,15,10,18,13359290.4,0,valid,1228,110,2,2.0
Lotto 6/42,2024-04-20,26-39-40-31-29-14,14-26-29-31-39-40,26,39,40,31,29,14,17325372.2,0,valid,1229,179,3,0.0
Lotto 6/42,2024-04-23,36-34-14-08-23-31,08-14-23-31-34-36,36,34,14,8,23,31,20833838.4,0,valid,1230,146,2,2.0
Lotto 6/42,2024-04-25,08-14-41-37-31-35,08-14-31-35-37-41,8,14,41,37,31,35,24852065.6,0,valid,1231,166,4,3.0
Lotto 6/42,2024-04-27,19-13-06-10-02-30,02-06-10-13-19-30,19,13,6,10,2,30,29251276.6,0,valid,1232,80,2,0.0
Lotto 6/42,2024-04-30,41-37-10-05-24-08,05-08-10-24-37-41,41,37,10,5,24,8,33277262.2,0,valid,1233,125,3,1.0
Lotto 6/42,2024-05-02,02-39-04-23-01-25,01-02-04-23-25-39,2,39,4,23,1,25,38018083.4,0,valid,1234,94,4,0.0
Lotto 6/42,2024-05-04,05-37-41-30-38-16,05-16-30-37-38-41,5,37,41,30,38,16,43423295.8,0,valid,1235,167,3,0.0
Lotto 6/42,2024-05-07,25-07-05-04-09-02,02-04-05-07-09-25,25,7,5,4,9,2,48422215.4,0,valid,1236,52,4,1.0
Lotto 6/42,2024-05-09,15-06-33-18-16-13,06-13-15-16-18-33,15,6,33,18,16,13,54456731.0,0,valid,1237,101,3,0.0
Lotto 6/42,2024-05-11,10-22-14-24-17-36,10-14-17-22-24-36,10,22,14,24,17,36,60816651.8,0,valid,1238,123,1,0.0
Lotto 6/42,2024-05-14,26-36-39-17-19-15,15-17-19-26-36-39,26,36,39,17,19,15,67515447.6,0,valid,1239,152,4,2.0
Lotto 6/42,2024-05-16,11-23-05-22-24-03,03-05-11-22-23-24,11,23,5,22,24,3,74759118.8,1,valid,1240,88,4,0.0
Lotto 6/42,2024-05-18,36-25-39-08-24-10,08-10-24-25-36-39,36,25,39,8,24,10,5940000.0,0,valid,1241,142,2,1.0
Lotto 6/42,2024-05-21,34-39-11-10-36-09,09-10-11-34-36-39,34,39,11,10,36,9,6519974.0,0,valid,1242,139,3,3.0
Lotto 6/42,2024-05-23,21-24-26-29-38-37,21-24-26-29-37-38,21,24,26,29,38,37,9822688.6,0,valid,1243,175,3,0.0
Lotto 6/42,2024-05-25,03-39-20-36-17-35,03-17-20-35-36-39,3,39,20,36,17,35,13279937.6,0,valid,1244,150,4,0.0
Lotto 6/42,2024-05-28,33-07-12-38-09-01,01-07-09-12-33-38,33,7,12,38,9,1,16703853.8,0,valid,1245,100,4,0.0
Lotto 6/42,2024-05-30,33-22-21-04-34-32,04-21-22-32-33-34,33,22,21,4,34,32,20514547.8,0,valid,1246,146,2,1.0
Lotto 6/42,2024-06-01,22-25-36-16-06-02,02-06-16-22-25-36,22,25,36,16,6,2,24919744.4,0,valid,1247,107,1,1.0
Lotto 6/42,2024-06-04,16-42-41-11-38-33,11-16-33-38-41-42,16,42,41,11,38,33,29076192.0,0,valid,1248,181,3,1.0
Lotto 6/42,2024-06-06,05-17-23-22-25-13,05-13-17-22-23-25,5,17,23,22,25,13,33299521.2,0,valid,1249,105,5,0.0
Lotto 6/42,2024-06-08,27-22-35-33-21-36,21-22-27-33-35-36,27,22,35,33,21,36,38497748.8,0,valid,1250,174,4,1.0
Lotto 6/42,2024-06-11,31-24-07-27-26-08,07-08-24-26-27-31,31,24,7,27,26,8,43122562.2,0,valid,1251,123,3,1.0
Lotto 6/42,2024-06-13,09-37-28-06-11-30,06-09-11-28-30-37,9,37,28,6,11,30,48048418.6,0,valid,1252,121,3,0.0
Lotto 6/42,2024-06-15,14-36-22-16-07-13,07-13-14-16-22-36,14,36,22,16,7,13,53699200.0,0,valid,1253,108,2,0.0
Lotto 6/42,2024-06-18,06-37-29-03-38-19,03-06-19-29-37-38,6,37,29,3,38,19,58728259.2,0,valid,1254,132,4,0.0
Lotto 6/42,2024-06-20,07-16-15-12-18-35,07-12-15-16-18-35,7,16,15,12,18,35,64304470.0,0,valid,1255,103,3,0.0
Lotto 6/42,2024-06-22,40-11-25-07-27-30,07-11-25-27-30-40,40,11,25,7,27,30,70440258.2,1,valid,1256,140,4,1.0
Lotto 6/42,2024-06-25,29-40-01-11-31-06,01-06-11-29-31-40,29,40,1,11,31,6,5940000.0,0,valid,1257,118,4,2.0
Lotto 6/42,2024-06-27,27-20-33-21-25-18,18-20-21-25-27-33,27,20,33,21,25,18,6094640.8,0,valid,1258,144,4,0.0
Lotto 6/42,2024-06-29,42-34-19-04-40-28,04-19-28-34-40-42,42,34,19,4,40,28,9515634.6,0,valid,1259,167,1,0.0
Lotto 6/42,2024-07-02,21-02-30-20-41-03,02-03-20-21-30-41,21,2,30,20,41,3,12588144.0,0,valid,1260,117,3,0.0
Lotto 6/42,2024-07-04,35-12-16-30-17-03,03-12-16-17-30-35,35,12,16,30,17,3,16035120.8,0,valid,1261,113,3,2.0
Lotto 6/42,2024-07-06,08-32-03-12-33-29,03-08-12-29-32-33,8,32,3,12,33,29,19961858.8,0,valid,1262,117,3,2.0
Lotto 6/42,2024-07-09,12-40-35-32-41-16,12-16-32-35-40-41,12,40,35,32,41,16,23514246.2,0,valid,1263,176,2,2.0
Lotto 6/42,2024-07-11,41-36-08-07-11-23,07-08-11-23-36-41,41,36,8,7,11,23,27450306.2,1,valid,1264,126,4,1.0
Lotto 6/42,2024-07-13,08-20-41-30-12-23,08-12-20-23-30-41,8,20,41,30,12,23,5940000.0,0,valid,1265,134,2,3.0
Lotto 6/42,2024-07-16,34-19-32-17-03-06,03-06-17-19-32-34,34,19,32,17,3,6,6122620.0,0,valid,1266,111,3,0.0
Lotto 6/42,2024-07-18,27-25-11-40-18-19,11-18-19-25-27-40,27,25,11,40,18,19,9232098.2,0,valid,1267,140,4,1.0
Lotto 6/42,2024-07-20,27-23-17-41-15-29,15-17-23-27-29-41,27,23,17,41,15,29,12725157.6,1,valid,1268,152,6,1.0
Lotto 6/42,2024-07-23,25-07-19-13-20-41,07-13-19-20-25-41,25,7,19,13,20,41,5940000.0,0,valid,1269,125,5,1.0
Lotto 6/42,2024-07-25,33-16-31-18-29-12,12-16-18-29-31-33,33,16,31,18,29,12,5940000.0,0,valid,1270,139,3,0.0
Lotto 6/42,2024-07-27,21-35-40-08-28-42,08-21-28-35-40-42,21,35,40,8,28,42,8312777.4,0,valid,1271,174,2,0.0
Lotto 6/42,2024-07-30,33-38-03-34-05-42,03-05-33-34-38-42,33,38,3,34,5,42,11274120.8,0,valid,1272,155,3,1.0
Lotto 6/42,2024-08-01,03-15-11-17-19-13,03-11-13-15-17-19,3,15,11,17,19,13,14733011.6,1,valid,1273,78,6,1.0
Lotto 6/42,2024-08-03,35-32-07-05-11-23,05-07-11-23-32-35,35,32,7,5,11,23,5940000.0,0,valid,1274,113,5,1.0
Lotto 6/42,2024-08-06,29-11-04-31-16-14,04-11-14-16-29-31,29,11,4,31,16,14,5940000.0,0,valid,1275,105,3,1.0
Lotto 6/42,2024-08-08,12-11-08-17-37-41,08-11-12-17-37-41,12,11,8,17,37,41,8972245.6,0,valid,1276,126,4,1.0
Lotto 6/42,2024-08-10,23-31-41-08-40-06,06-08-23-31-40-41,23,31,41,8,40,6,12349317.2,0,valid,1277,149,3,2.0
Lotto 6/42,2024-08-13,21-03-13-32-33-19,03-13-19-21-32-33,21,3,13,32,33,19,15597394.6,0,valid,1278,121,5,0.0
Lotto 6/42,2024-08-15,21-11-30-16-19-03,03-11-16-19-21-30,21,11,30,16,19,3,19630380.0,1,valid,1279,100,4,3.0
Lotto 6/42,2024-08-17,11-41-07-06-42-24,06-07-11-24-41-42,11,41,7,6,42,24,5940000.0,0,valid,1280,131,3,1.0
Lotto 6/42,2024-08-20,40-24-30-03-26-41,03-24-26-30-40-41,40,24,30,3,26,41,5972481.2,0,valid,1281,164,2,2.0
Lotto 6/42,2024-08-22,06-24-25-28-02-16,02-06-16-24-25-28,6,24,25,28,2,16,9045796.6,1,valid,1282,101,1,1.0
Lotto 6/42,2024-08-24,26-40-17-32-20-19,17-19-20-26-32-40,26,40,17,32,20,19,5940000.0,0,valid,1283,154,2,0.0
Lotto 6/42,2024-08-27,09-03-31-12-41-23,03-09-12-23-31-41,9,3,31,12,41,23,5940000.0,0,valid,1284,119,5,0.0
Lotto 6/42,2024-08-29,28-21-36-09-04-17,04-09-17-21-28-36,28,21,36,9,4,17,8737975.2,0,valid,1285,115,3,1.0
Lotto 6/42,2024-08-31,27-22-24-08-28-09,08-09-22-24-27-28,27,22,24,8,28,9,12318333.0,0,valid,1286,118,2,2.0
Lotto 6/42,2024-09-03,11-27-37-20-39-19,11-19-20-27-37-39,11,27,37,20,39,19,15343853.6,0,valid,1287,153,5,1.0
Lotto 6/42,2024-09-05,13-11-30-23-21-07,07-11-13-21-23-30,13,11,30,23,21,7,18683725.2,1,valid,1288,105,5,1.0
Lotto 6/42,2024-09-07,36-29-10-40-30-05,05-10-29-30-36-40,36,29,10,40,30,5,5940000.0,0,valid,1289,150,2,1.0
Lotto 6/42,2024-09-10,33-32-42-26-18-14,14-18-26-32-33-42,33,32,42,26,18,14,6018158.6,0,valid,1290,165,1,0.0
Lotto 6/42,2024-09-12,07-42-38-28-17-41,07-17-28-38-41-42,7,42,38,28,17,41,8976466.2,0,valid,1291,173,3,1.0
Lotto 6/42,2024-09-14,26-15-29-09-38-25,09-15-25-26-29-38,26,15,29,9,38,25,12530792.6,0,valid,1292,142,4,1.0
Lotto 6/42,2024-09-17,23-42-03-16-25-40,03-16-23-25-40-42,23,42,3,16,25,40,15628343.6,0,valid,1293,149,3,1.0
Lotto 6/42,2024-09-19,05-26-02-21-08-27,02-05-08-21-26-27,5,26,2,21,8,27,19033913.0,1,valid,1294,89,3,0.0
Lotto 6/42,2024-09-21,20-10-14-23-03-38,03-10-14-20-23-38,20,10,14,23,3,38,5940000.0,0,valid,1295,108,2,0.0
Lotto 6/42,2024-09-24,08-16-19-34-04-38,04-08-16-19-34-38,8,16,19,34,4,38,5940000.0,0,valid,1296,119,1,1.0
Lotto 6/42,2024-09-26,34-11-32-41-13-39,11-13-32-34-39-41,34,11,32,41,13,39,8807065.6,0,valid,1297,170,4,1.0
Lotto 6/42,2024-09-28,12-33-42-30-18-37,12-18-30-33-37-42,12,33,42,30,18,37,12309643.0,0,valid,1298,172,2,0.0
Lotto 6/42,2024-10-01,23-25-29-39-41-34,23-25-29-34-39-41,23,25,29,39,41,34,15543772.6,0,valid,1299,191,5,0.0
Lotto 6/42,2024-10-03,28-19-35-41-25-03,03-19-25-28-35-41,28,19,35,41,25,3,19593915.6,0,valid,1300,151,5,2.0
Lotto 6/42,2024-10-05,20-39-22-07-09-01,01-07-09-20-22-39,20,39,22,7,9,1,23586438.4,0,valid,1301,98,4,0.0
Lotto 6/42,2024-10-08,38-18-17-41-40-08,08-17-18-38-40-41,38,18,17,41,40,8,27484056.4,0,valid,1302,162,2,0.0
Lotto 6/42,2024-10-10,25-02-42-05-38-06,02-05-06-25-38-42,25,2,42,5,38,6,32189447.0,0,valid,1303,118,2,1.0
Lotto 6/42,2024-10-12,28-36-12-14-21-22,12-14-21-22-28-36,28,36,12,14,21,22,36652844.0,0,valid,1304,133,1,0.0
Lotto 6/42,2024-10-15,14-06-24-23-18-20,06-14-18-20-23-24,14,6,24,23,18,20,41100807.8,0,valid,1305,105,1,1.0
Lotto 6/42,2024-10-17,20-04-30-01-09-07,01-04-07-09-20-30,20,4,30,1,9,7,46546547.8,1,valid,1306,71,3,1.0
Lotto 6/42,2024-10-19,04-19-29-11-10-03,03-04-10-11-19-29,4,19,29,11,10,3,5940000.0,1,valid,1307,76,4,1.0
Lotto 6/42,2024-10-22,29-04-11-09-10-25,04-09-10-11-25-29,29,4,11,9,10,25,5940000.0,0,valid,1308,88,4,4.0
Lotto 6/42,2024-10-24,33-06-18-02-25-31,02-06-18-25-31-33,33,6,18,2,25,31,5940000.0,0,valid,1309,115,3,1.0
Lotto 6/42,2024-10-26,31-33-01-40-14-22,01-14-22-31-33-40,31,33,1,40,14,22,7828321.0,0,valid,1310,141,3,2.0
Lotto 6/42,2024-10-29,18-35-23-24-37-40,18-23-24-35-37-40,18,35,23,24,37,40,90000000.0,0,valid,1311,177,3,1.0
Lotto 6/42,2024-10-31,25-35-23-40-39-24,23-24-25-35-39-40,25,35,23,40,39,24,95568954.4,0,valid,1312,186,4,4.0
Lotto 6/42,2024-11-02,22-15-14-10-02-21,02-10-14-15-21-22,22,15,14,10,2,21,101249078.0,0,valid,1313,84,2,0.0
Lotto 6/42,2024-11-05,22-24-10-34-02-35,02-10-22-24-34-35,22,24,10,34,2,35,107852598.0,1,valid,1314,127,1,3.0
Lotto 6/42,2024-11-07,40-02-33-21-14-36,02-14-21-33-36-40,40,2,33,21,14,36,5940000.0,0,valid,1315,146,2,1.0
Lotto 6/42,2024-11-09,37-06-07-18-09-27,06-07-09-18-27-37,37,6,7,18,9,27,6627798.2,0,valid,1316,104,4,0.0
Lotto 6/42,2024-11-12,27-17-29-09-08-32,08-09-17-27-29-32,27,17,29,9,8,32,9508486.2,0,valid,1317,122,4,2.0
Lotto 6/42,2024-11-14,05-07-37-19-12-10,05-07-10-12-19-37,5,7,37,19,12,10,12825306.0,2,valid,1318,90,4,0.0
Lotto 6/42,2024-11-16,41-25-15-16-34-02,02-15-16-25-34-41,41,25,15,16,34,2,5940000.0,0,valid,1319,133,3,0.0
Lotto 6/42,2024-11-19,21-06-07-02-09-12,02-06-07-09-12-21,21,6,7,2,9,12,6240641.6,0,valid,1320,57,3,1.0
Lotto 6/42,2024-11-21,03-30-27-17-29-20,03-17-20-27-29-30,3,30,27,17,29,20,9591316.2,0,valid,1321,126,4,0.0
Lotto 6/42,2024-11-23,18-02-40-42-26-14,02-14-18-26-40-42,18,2,40,42,26,14,13275319.6,0,valid,1322,142,0,0.0
Lotto 6/42,2024-11-26,19-06-28-31-32-20,06-19-20-28-31-32,19,6,28,31,32,20,16687823.8,1,valid,1323,136,2,0.0
Lotto 6/42,2024-11-28,39-26-15-24-21-08,08-15-21-24-26-39,39,26,15,24,21,8,5940000.0,0,valid,1324,133,3,0.0
Lotto 6/42,2024-11-30,33-03-35-24-39-01,01-03-24-33-35-39,33,3,35,24,39,1,6425379.6,0,valid,1325,135,5,2.0
Lotto 6/42,2024-12-03,27-38-26-04-39-19,04-19-26-27-38-39,27,38,26,4,39,19,9445172.2,0,valid,1326,153,3,1.0
Lotto 6/42,2024-12-05,17-21-13-35-41-26,13-17-21-26-35-41,17,21,13,35,41,26,12948567.8,0,valid,1327,153,5,1.0
Lotto 6/42,2024-12-07,28-29-06-05-37-13,05-06-13-28-29-37,28,29,6,5,37,13,16730482.0,0,valid,1328,118,4,1.0
Lotto 6/42,2024-12-10,10-05-33-04-24-29,04-05-10-24-29-33,10,5,33,4,24,29,20261390.0,0,valid,1329,105,3,2.0
Lotto 6/42,2024-12-12,31-24-33-18-36-40,18-24-31-33-36-40,31,24,33,18,36,40,24300072.6,0,valid,1330,182,2,2.0
Lotto 6/42,2024-12-14,33-25-19-05-24-22,05-19-22-24-25-33,33,25,19,5,24,22,28581049.4,1,valid,1331,128,4,2.0
Lotto 6/42,2024-12-17,37-33-20-14-41-21,14-20-21-33-37-41,37,33,20,14,41,21,5940000.0,0,valid,1332,166,4,1.0
Lotto 6/42,2024-12-19,33-04-31-38-39-16,04-16-31-33-38-39,33,4,31,38,39,16,6260269.0,0,valid,1333,161,3,1.0
Lotto 6/42,2024-12-21,42-27-12-08-38-18,08-12-18-27-38-42,42,27,12,8,38,18,9805761.2,0,valid,1334,145,1,1.0
Lotto 6/42,2024-12-24,29-32-31-07-16-19,07-16-19-29-31-32,29,32,31,7,16,19,12799653.4,0,valid,1335,134,4,0.0
Lotto 6/42,2024-12-26,05-12-23-19-34-25,05-12-19-23-25-34,5,12,23,19,34,25,16891422.8,0,valid,1336,118,4,1.0
Lotto 6/42,2024-12-28,13-15-41-16-12-23,12-13-15-16-23-41,13,15,41,16,12,23,21394368.4,0,valid,1337,120,4,2.0
Lotto 6/42,2024-12-31,27-26-09-41-19-20,09-19-20-26-27-41,27,26,9,41,19,20,25351115.0,2,valid,1338,142,4,1.0
Lotto 6/42,2025-01-02,37-41-05-33-42-40,05-33-37-40-41-42,37,41,5,33,42,40,5940000.0,0,valid,1339,198,4,1.0
Lotto 6/42,2025-01-04,24-41-02-36-06-05,02-05-06-24-36-41,24,41,2,36,6,5,7329497.4,0,valid,1340,114,2,2.0
Lotto 6/42,2025-01-07,25-37-09-41-20-34,09-20-25-34-37-41,25,37,9,41,20,34,10862997.4,0,valid,1341,166,4,1.0
Lotto 6/42,2025-01-09,25-04-16-32-22-34,04-16-22-25-32-34,25,4,16,32,22,34,15000326.4,0,valid,1342,133,1,2.0
Lotto 6/42,2025-01-11,09-38-23-12-32-29,09-12-23-29-32-38,9,38,23,12,32,29,19489253.8,1,valid,1343,143,3,1.0
Lotto 6/42,2025-01-14,16-12-31-34-03-37,03-12-16-31-34-37,16,12,31,34,3,37,5940000.0,0,valid,1344,133,3,1.0
Lotto 6/42,2025-01-16,32-25-38-42-40-34,25-32-34-38-40-42,32,25,38,42,40,34,6615575.8,0,valid,1345,211,1,1.0
Lotto 6/42,2025-01-18,09-13-40-42-14-33,09-13-14-33-40-42,9,13,40,42,14,33,10387166.0,1,valid,1346,151,3,2.0
Lotto 6/42,2025-01-21,29-19-35-30-12-15,12-15-19-29-30-35,29,19,35,30,12,15,5940000.0,0,valid,1347,140,4,0.0
Lotto 6/42,2025-01-23,20-27-40-16-19-12,12-16-19-20-27-40,20,27,40,16,19,12,6217911.4,0,valid,1348,134,2,2.0
Lotto 6/42,2025-01-25,10-12-26-15-27-11,10-11-12-15-26-27,10,12,26,15,27,11,9796810.2,0,valid,1349,101,3,2.0
Lotto 6/42,2025-01-28,10-22-31-28-11-14,10-11-14-22-28-31,10,22,31,28,11,14,13131506.6,1,valid,1350,116,2,2.0
Lotto 6/42,2025-01-30,42-04-22-28-31-12,04-12-22-28-31-42,42,4,22,28,31,12,5940000.0,0,valid,1351,139,1,3.0
Lotto 6/42,2025-02-01,08-29-18-15-38-27,08-15-18-27-29-38,8,29,18,15,38,27,6618790.0,0,valid,1352,135,3,0.0
Lotto 6/42,2025-02-04,33-19-29-21-04-22,04-19-21-22-29-33,33,19,29,21,4,22,9723773.4,0,valid,1353,128,4,1.0
Lotto 6/42,2025-02-06,36-06-13-12-23-37,06-12-13-23-36-37,36,6,13,12,23,37,13140942.0,0,valid,1354,127,3,0.0
Lotto 6/42,2025-02-08,28-34-42-05-17-41,05-17-28-34-41-42,28,34,42,5,17,41,17006843.6,0,valid,1355,167,3,0.0
Lotto 6/42,2025-02-11,36-09-13-17-19-24,09-13-17-19-24-36,36,9,13,17,19,24,20503257.0,0,valid,1356,118,4,1.0
Lotto 6/42,2025-02-13,37-05-25-31-18-02,02-05-18-25-31-37,37,5,25,31,18,2,24427207.0,0,valid,1357,118,4,0.0
Lotto 6/42,2025-02-15,08-14-32-33-02-12,02-08-12-14-32-33,8,14,32,33,2,12,28763896.8,0,valid,1358,101,1,1.0
Lotto 6/42,2025-02-18,18-31-09-27-19-01,01-09-18-19-27-31,18,31,9,27,19,1,32748016.0,0,valid,1359,105,5,0.0
Lotto 6/42,2025-02-20,26-29-01-11-31-36,01-11-26-29-31-36,26,29,1,11,31,36,37004141.8,0,valid,1360,134,4,2.0
Lotto 6/42,2025-02-22,41-35-03-20-27-09,03-09-20-27-35-41,41,35,3,20,27,9,41681828.4,0,valid,1361,135,5,0.0
Lotto 6/42,2025-02-25,34-22-29-35-31-17,17-22-29-31-34-35,34,22,29,35,31,17,46479400.8,0,valid,1362,168,4,1.0
Lotto 6/42,2025-02-27,12-36-26-25-37-10,10-12-25-26-36-37,12,36,26,25,37,10,52280573.2,0,valid,1363,146,2,0.0
Lotto 6/42,2025-03-01,33-22-31-04-36-07,04-07-22-31-33-36,33,22,31,4,36,7,57844701.4,0,valid,1364,133,3,1.0
Lotto 6/42,2025-03-04,12-35-41-25-16-40,12-16-25-35-40-41,12,35,41,25,16,40,63341802.8,0,valid,1365,169,3,0.0
Lotto 6/42,2025-03-06,35-42-07-34-03-41,03-07-34-35-41-42,35,42,7,34,3,41,69536644.8,0,valid,1366,162,4,2.0
Lotto 6/42,2025-03-08,30-10-22-35-01-40,01-10-22-30-35-40,30,10,22,35,1,40,75293682.4,0,valid,1367,138,2,1.0
Lotto 6/42,2025-03-11,13-06-09-21-35-08,06-08-09-13-21-35,13,6,9,21,35,8,81270210.2,0,valid,1368,92,4,1.0
Lotto 6/42,2025-03-13,01-35-12-30-42-21,01-12-21-30-35-42,1,35,12,30,42,21,87958304.2,0,valid,1369,141,3,2.0
Lotto 6/42,2025-03-15,41-04-21-22-17-01,01-04-17-21-22-41,41,4,21,22,17,1,94246294.8,0,valid,1370,106,4,2.0
Lotto 6/42,2025-03-18,19-02-21-13-16-22,02-13-16-19-21-22,19,2,21,13,16,22,100890109.2,1,valid,1371,93,3,2.0
Lotto 6/42,2025-03-20,02-14-36-03-15-33,02-03-14-15-33-36,2,14,36,3,15,33,5940000.0,0,valid,1372,103,3,1.0
Lotto 6/42,2025-03-22,07-32-18-27-12-10,07-10-12-18-27-32,7,32,18,27,12,10,6510878.8,0,valid,1373,106,2,0.0
Lotto 6/42,2025-03-25,14-36-35-21-40-10,10-14-21-35-36-40,14,36,35,21,40,10,9390377.6,0,valid,1374,156,2,1.0
Lotto 6/42,2025-03-27,30-16-37-35-05-31,05-16-30-31-35-37,30,16,37,35,5,31,12655831.6,0,valid,1375,154,4,1.0
Lotto 6/42,2025-03-29,21-02-08-07-05-37,02-05-07-08-21-37,21,2,8,7,5,37,16145344.4,0,valid,1376,80,4,2.0
Lotto 6/42,2025-04-01,23-05-39-11-02-07,02-05-07-11-23-39,23,5,39,11,2,7,19410097.0,1,valid,1377,87,5,3.0
Lotto 6/42,2025-04-03,42-14-16-39-27-15,14-15-16-27-39-42,42,14,16,39,27,15,5940000.0,0,valid,1378,153,3,1.0
Lotto 6/42,2025-04-05,11-10-05-42-24-39,05-10-11-24-39-42,11,10,5,42,24,39,6184178.8,2,valid,1379,131,3,2.0
Lotto 6/42,2025-04-08,41-28-03-20-35-25,03-20-25-28-35-41,41,28,3,20,35,25,5940000.0,0,valid,1380,152,4,0.0
Lotto 6/42,2025-04-10,38-41-29-06-16-25,06-16-25-29-38-41,38,41,29,6,16,25,5940000.0,1,valid,1381,155,3,2.0
Lotto 6/42,2025-04-12,27-10-18-25-22-06,06-10-18-22-25-27,27,10,18,25,22,6,5940000.0,0,valid,1382,108,2,2.0
Lotto 6/42,2025-04-15,24-06-29-41-01-07,01-06-07-24-29-41,24,6,29,41,1,7,5940000.0,0,valid,1383,108,4,1.0
Lotto 6/42,2025-04-22,40-13-35-36-12-14,12-13-14-35-36-40,40,13,35,36,12,14,8602455.8,0,valid,1384,150,2,0.0
Lotto 6/42,2025-04-24,12-11-37-34-26-13,11-12-13-26-34-37,12,11,37,34,26,13,11825882.6,0,valid,1385,133,3,2.0
Lotto 6/42,2025-04-26,04-30-40-03-18-38,03-04-18-30-38-40,4,30,40,3,18,38,15200401.8,0,valid,1386,133,1,0.0
Lotto 6/42,2025-04-29,31-13-17-25-28-35,13-17-25-28-31-35,31,13,17,25,28,35,18428250.6,0,valid,1387,149,5,0.0
Lotto 6/42,2025-05-01,40-11-34-42-08-19,08-11-19-34-40-42,40,11,34,42,8,19,22383750.8,0,valid,1388,154,2,0.0
Lotto 6/42,2025-05-03,30-11-18-34-15-31,11-15-18-30-31-34,30,11,18,34,15,31,26282941.2,0,valid,1389,139,3,2.0
Lotto 6/42,2025-05-06,40-14-09-24-39-06,06-09-14-24-39-40,40,14,9,24,39,6,30056709.4,0,valid,1390,132,2,0.0
Lotto 6/42,2025-05-08,15-39-21-40-16-27,15-16-21-27-39-40,15,39,21,40,16,27,34708834.8,0,valid,1391,158,4,2.0
Lotto 6/42,2025-05-10,38-42-12-01-32-11,01-11-12-32-38-42,38,42,12,1,32,11,38971450.6,0,valid,1392,136,2,0.0
Lotto 6/42,2025-05-13,12-09-15-16-24-20,09-12-15-16-20-24,12,9,15,16,24,20,43009332.6,0,valid,1393,96,2,1.0
Lotto 6/42,2025-05-15,22-14-24-21-08-06,06-08-14-21-22-24,22,14,24,21,8,6,48153537.4,0,valid,1394,95,1,1.0
Lotto 6/42,2025-05-17,15-32-14-28-13-08,08-13-14-15-28-32,15,32,14,28,13,8,53228564.8,0,valid,1395,110,2,2.0
Lotto 6/42,2025-05-20,34-20-23-16-13-03,03-13-16-20-23-34,34,20,23,16,13,3,58726119.8,0,valid,1396,109,3,1.0
Lotto 6/42,2025-05-22,18-39-17-35-29-38,17-18-29-35-38-39,18,39,17,35,29,38,64959042.6,0,valid,1397,176,4,0.0
Lotto 6/42,2025-05-24,42-22-10-40-24-35,10-22-24-35-40-42,42,22,10,40,24,35,71671076.0,0,valid,1398,173,1,1.0
Lotto 6/42,2025-05-27,07-23-21-15-02-42,02-07-15-21-23-42,7,23,21,15,2,42,78531109.8,0,valid,1399,110,4,1.0
Lotto 6/42,2025-05-29,12-27-31-10-24-14,10-12-14-24-27-31,12,27,31,10,24,14,86040161.2,0,valid,1400,118,2,0.0
Lotto 6/42,2025-05-31,42-41-33-17-03-36,03-17-33-36-41-42,42,41,33,17,3,36,93806443.4,0,valid,1401,172,4,0.0
Lotto 6/42,2025-06-03,05-22-14-03-23-11,03-05-11-14-22-23,5,22,14,3,23,11,102346298.0,1,valid,1402,78,4,1.0
Lotto 6/42,2025-06-05,10-40-34-12-36-16,10-12-16-34-36-40,10,40,34,12,36,16,5940000.0,0,valid,1403,148,0,0.0
Lotto 6/42,2025-06-07,21-22-32-33-31-03,03-21-22-31-32-33,21,22,32,33,31,3,7027614.2,0,valid,1404,142,4,0.0
Lotto 6/42,2025-06-10,25-09-33-10-20-30,09-10-20-25-30-33,25,9,33,10,20,30,10068136.4,0,valid,1405,127,3,1.0
Lotto 6/42,2025-06-12,05-13-14-30-25-42,05-13-14-25-30-42,5,13,14,30,25,42,13536866.8,0,valid,1406,129,3,2.0
Lotto 6/42,2025-06-14,26-05-01-20-09-37,01-05-09-20-26-37,26,5,1,20,9,37,17563262.0,0,valid,1407,98,4,1.0
Lotto 6/42,2025-06-17,06-30-17-41-04-18,04-06-17-18-30-41,6,30,17,41,4,18,21080522.8,0,valid,1408,116,2,0.0
Lotto 6/42,2025-06-19,02-14-16-28-22-30,02-14-16-22-28-30,2,14,16,28,22,30,25051343.8,1,valid,1409,112,0,1.0
Lotto 6/42,2025-06-21,11-17-30-31-04-33,04-11-17-30-31-33,11,17,30,31,4,33,5940000.0,0,valid,1410,126,4,1.0
Lotto 6/42,2025-06-24,24-31-13-22-09-37,09-13-22-24-31-37,24,31,13,22,9,37,5940000.0,0,valid,1411,136,4,1.0
Lotto 6/42,2025-06-26,25-02-23-18-05-24,02-05-18-23-24-25,25,2,23,18,5,24,9056625.0,0,valid,1412,97,3,1.0
Lotto 6/42,2025-06-28,26-11-03-20-36-29,03-11-20-26-29-36,26,11,3,20,36,29,12610136.6,0,valid,1413,125,3,0.0
Lotto 6/42,2025-07-01,34-22-28-11-37-17,11-17-22-28-34-37,34,22,28,11,37,17,16089613.8,0,valid,1414,149,3,1.0
Lotto 6/42,2025-07-03,34-02-17-35-20-05,02-05-17-20-34-35,34,2,17,35,20,5,20386720.8,0,valid,1415,113,3,2.0
Lotto 6/42,2025-07-05,26-18-16-34-03-35,03-16-18-26-34-35,26,18,16,34,3,35,24706840.0,0,valid,1416,132,2,2.0
Lotto 6/42,2025-07-08,18-23-34-05-09-12,05-09-12-18-23-34,18,23,34,5,9,12,28711263.6,0,valid,1417,101,3,2.0
Lotto 6/42,2025-07-10,15-23-07-22-08-21,07-08-15-21-22-23,15,23,7,22,8,21,33699580.6,0,valid,1418,96,4,1.0
Lotto 6/42,2025-07-12,39-33-40-10-20-22,10-20-22-33-39-40,39,33,40,10,20,22,38848464.0,0,valid,1419,164,2,1.0
Lotto 6/42,2025-07-15,09-15-39-01-42-27,01-09-15-27-39-42,9,15,39,1,42,27,43583666.2,0,valid,1420,133,5,1.0
Lotto 6/42,2025-07-17,33-31-19-37-21-41,19-21-31-33-37-41,33,31,19,37,21,41,48913755.2,0,valid,1421,182,6,0.0
Lotto 6/42,2025-07-19,11-38-40-27-06-01,01-06-11-27-38-40,11,38,40,27,6,1,54107784.2,0,valid,1422,123,3,0.0
Lotto 6/42,2025-07-22,24-31-35-39-04-14,04-14-24-31-35-39,24,31,35,39,4,14,58652835.2,0,valid,1423,147,3,0.0
Lotto 6/42,2025-07-24,24-34-32-09-21-16,09-16-21-24-32-34,24,34,32,9,21,16,63908331.6,1,valid,1424,136,2,1.0
Lotto 6/42,2025-07-26,33-10-37-23-11-17,10-11-17-23-33-37,33,10,37,23,11,17,5940000.0,0,valid,1425,131,5,0.0
Lotto 6/42,2025-07-29,25-33-05-21-06-03,03-05-06-21-25-33,25,33,5,21,6,3,6054592.2,0,valid,1426,93,5,1.0
Lotto 6/42,2025-07-31,24-40-03-09-36-07,03-07-09-24-36-40,24,40,3,9,36,7,9212984.0,0,valid,1427,119,3,1.0
Lotto 6/42,2025-08-02,23-31-21-29-06-37,06-21-23-29-31-37,23,31,21,29,6,37,12715992.0,0,valid,1428,147,5,0.0
Lotto 6/42,2025-08-05,03-31-06-28-04-23,03-04-06-23-28-31,3,31,6,28,4,23,15979564.2,0,valid,1429,95,3,3.0
Lotto 6/42,2025-08-07,36-41-33-05-25-01,01-05-25-33-36-41,36,41,33,5,25,1,19560635.6,0,valid,1430,141,5,0.0
Lotto 6/42,2025-08-09,09-13-36-18-27-34,09-13-18-27-34-36,9,13,36,18,27,34,23489765.2,0,valid,1431,137,3,1.0
Lotto 6/42,2025-08-12,13-30-11-36-27-42,11-13-27-30-36-42,13,30,11,36,27,42,27137946.0,0,valid,1432,159,3,3.0
Lotto 6/42,2025-08-14,16-20-30-38-24-32,16-20-24-30-32-38,16,20,30,38,24,32,30978800.6,0,valid,1433,160,0,1.0
Lotto 6/42,2025-08-16,13-08-29-03-41-36,03-08-13-29-36-41,13,8,29,3,41,36,35318748.6,0,valid,1434,130,4,0.0
Lotto 6/42,2025-08-19,24-28-26-05-35-20,05-20-24-26-28-35,24,28,26,5,35,20,39462472.8,0,valid,1435,138,2,0.0
Lotto 6/42,2025-08-21,25-27-08-39-35-40,08-25-27-35-39-40,25,27,8,39,35,40,44760884.0,0,valid,1436,174,4,1.0
Lotto 6/42,2025-08-23,28-01-39-40-26-16,01-16-26-28-39-40,28,1,39,40,26,16,49700531.8,0,valid,1437,150,2,2.0
Lotto 6/42,2025-08-26,01-36-17-35-42-19,01-17-19-35-36-42,1,36,17,35,42,19,55241711.8,0,valid,1438,150,4,1.0
Lotto 6/42,2025-08-28,02-03-10-15-26-33,02-03-10-15-26-33,2,3,10,15,26,33,61104270.0,0,valid,1439,89,3,0.0
Lotto 6/42,2025-08-30,08-19-27-13-11-21,08-11-13-19-21-27,8,19,27,13,11,21,66711495.8,0,valid,1440,99,5,0.0
Lotto 6/42,2025-09-02,40-14-16-29-35-18,14-16-18-29-35-40,40,14,16,29,35,18,73224072.6,0,valid,1441,152,2,0.0
Lotto 6/42,2025-09-04,24-38-18-30-09-27,09-18-24-27-30-38,24,38,18,30,9,27,79979967.6,0,valid,1442,146,2,1.0
Lotto 6/42,2025-09-06,08-39-07-38-02-09,02-07-08-09-38-39,8,39,7,38,2,9,86346740.6,1,valid,1443,103,3,2.0
Lotto 6/42,2025-09-09,40-34-14-01-13-30,01-13-14-30-34-40,40,34,14,1,13,30,5940000.0,0,valid,1444,132,2,0.0
Lotto 6/42,2025-09-11,06-39-08-31-19-16,06-08-16-19-31-39,6,39,8,31,19,16,5988733.6,0,valid,1445,119,3,0.0
Lotto 6/42,2025-09-13,06-07-27-17-23-33,06-07-17-23-27-33,6,7,27,17,23,33,9272591.6,0,valid,1446,113,5,1.0
Lotto 6/42,2025-09-16,20-18-06-42-10-21,06-10-18-20-21-42,20,18,6,42,10,21,12348288.8,0,valid,1447,117,1,1.0
Lotto 6/42,2025-09-18,18-42-21-02-32-24,02-18-21-24-32-42,18,42,21,2,32,24,15770336.4,0,valid,1448,139,1,3.0
Lotto 6/42,2025-09-20,31-22-06-28-41-36,06-22-28-31-36-41,31,22,6,28,41,36,19413215.4,0,valid,1449,164,2,0.0
Lotto 6/42,2025-09-23,24-13-12-22-36-33,12-13-22-24-33-36,24,13,12,22,36,33,22494977.4,0,valid,1450,140,2,2.0
Lotto 6/42,2025-09-25,39-14-26-21-04-35,04-14-21-26-35-39,39,14,26,21,4,35,25921463.6,0,valid,1451,139,3,0.0
Lotto 6/42,2025-09-27,21-29-12-11-24-05,05-11-12-21-24-29,21,29,12,11,24,5,29935246.8,1,valid,1452,102,4,1.0
Lotto 6/42,2025-09-30,02-41-23-38-30-40,02-23-30-38-40-41,2,41,23,38,30,40,5940000.0,0,valid,1453,174,2,0.0
Lotto 6/42,2025-10-02,17-36-12-15-25-39,12-15-17-25-36-39,17,36,12,15,25,39,5940000.0,0,valid,1454,144,4,0.0
Lotto 6/42,2025-10-04,41-06-40-04-36-01,01-04-06-36-40-41,41,6,40,4,36,1,8895388.0,0,valid,1455,128,2,1.0
Lotto 6/42,2025-10-07,15-22-39-42-35-02,02-15-22-35-39-42,15,22,39,42,35,2,11799533.0,0,valid,1456,155,3,0.0
Lotto 6/42,2025-10-09,23-32-41-27-14-34,14-23-27-32-34-41,23,32,41,27,14,34,15031323.8,0,valid,1457,171,3,0.0
Lotto 6/42,2025-10-11,01-04-30-09-06-37,01-04-06-09-30-37,1,4,30,9,6,37,19051981.2,0,valid,1458,87,3,0.0
Lotto 6/42,2025-10-14,35-23-02-03-01-38,01-02-03-23-35-38,35,23,2,3,1,38,22519004.8,0,valid,1459,102,4,1.0
Lotto 6/42,2025-10-16,39-24-11-07-12-21,07-11-12-21-24-39,39,24,11,7,12,21,26433423.6,0,valid,1460,114,4,0.0
Lotto 6/42,2025-10-18,12-25-26-06-14-38,06-12-14-25-26-38,12,25,26,6,14,38,30933067.0,0,valid,1461,121,1,1.0
Lotto 6/42,2025-10-21,15-11-33-30-07-21,07-11-15-21-30-33,15,11,33,30,7,21,34864065.2,0,valid,1462,117,5,0.0
Lotto 6/42,2025-10-23,12-23-24-29-20-26,12-20-23-24-26-29,12,23,24,29,20,26,39093928.4,0,valid,1463,134,2,0.0
Lotto 6/42,2025-10-25,08-32-20-36-05-12,05-08-12-20-32-36,8,32,20,36,5,12,44203730.0,0,valid,1464,113,1,2.0
Lotto 6/42,2025-10-28,18-36-41-28-35-25,18-25-28-35-36-41,18,36,41,28,35,25,48513678.2,0,valid,1465,183,3,1.0
Lotto 6/42,2025-10-30,03-28-08-07-41-23,03-07-08-23-28-41,3,28,8,7,41,23,53103612.8,0,valid,1466,110,4,2.0
Lotto 6/42,2025-11-01,25-31-18-13-29-15,13-15-18-25-29-31,25,31,18,13,29,15,56954430.2,0,valid,1467,131,5,0.0
Lotto 6/42,2025-11-04,10-01-32-04-18-09,01-04-09-10-18-32,10,1,32,4,18,9,60959533.2,0,valid,1468,74,2,1.0
Lotto 6/42,2025-11-06,04-08-28-36-21-35,04-08-21-28-35-36,4,8,28,36,21,35,65771261.6,0,valid,1469,132,2,1.0
Lotto 6/42,2025-11-08,01-05-34-18-12-25,01-05-12-18-25-34,1,5,34,18,12,25,71005392.0,0,valid,1470,95,3,0.0
Lotto 6/42,2025-11-11,34-10-02-16-26-29,02-10-16-26-29-34,34,10,2,16,26,29,75610006.6,0,valid,1471,117,1,1.0
Lotto 6/42,2025-11-13,18-28-08-30-41-06,06-08-18-28-30-41,18,28,8,30,41,6,81810102.0,1,valid,1472,131,1,0.0
Lotto 6/42,2025-11-15,06-11-03-09-18-29,03-06-09-11-18-29,6,11,3,9,18,29,5940000.0,1,valid,1473,76,4,2.0
Lotto 6/42,2025-11-18,18-37-26-40-21-14,14-18-21-26-37-40,18,37,26,40,21,14,5940000.0,0,valid,1474,156,2,1.0
Lotto 6/42,2025-11-20,27-16-38-30-39-10,10-16-27-30-38-39,27,16,38,30,39,10,5971209.4,0,valid,1475,160,2,0.0
Lotto 6/42,2025-11-22,10-30-12-15-33-20,10-12-15-20-30-33,10,30,12,15,33,20,9211206.8,0,valid,1476,120,2,2.0
Lotto 6/42,2025-11-25,22-30-27-03-34-21,03-21-22-27-30-34,22,30,27,3,34,21,12116541.0,0,valid,1477,137,3,1.0
Lotto 6/42,2025-11-27,42-26-04-30-21-22,04-21-22-26-30-42,42,26,4,30,21,22,15608485.0,0,valid,1478,145,1,3.0
Lotto 6/42,2025-11-29,32-14-29-26-38-27,14-26-27-29-32-38,32,14,29,26,38,27,19230167.6,0,valid,1479,166,2,1.0
Lotto 6/42,2025-12-02,30-37-23-34-33-32,23-30-32-33-34-37,30,37,23,34,33,32,23049025.2,0,valid,1480,189,3,1.0
Lotto 6/42,2025-12-04,31-41-03-11-12-29,03-11-12-29-31-41,31,41,3,11,12,29,27190231.2,0,valid,1481,127,5,0.0
Lotto 6/42,2025-12-06,37-33-36-38-14-39,14-33-36-37-38-39,37,33,36,38,14,39,31464216.0,0,valid,1482,197,3,0.0
Lotto 6/42,2025-12-09,36-42-07-16-01-13,01-07-13-16-36-42,36,42,7,16,1,13,35516146.0,0,valid,1483,115,3,1.0
Lotto 6/42,2025-12-11,36-26-31-03-28-21,03-21-26-28-31-36,36,26,31,3,28,21,39894086.8,0,valid,1484,145,3,1.0
Lotto 6/42,2025-12-13,18-03-10-33-17-22,03-10-17-18-22-33,18,3,10,33,17,22,44542378.2,0,valid,1485,103,3,1.0
Lotto 6/42,2025-12-16,15-19-24-41-42-05,05-15-19-24-41-42,15,19,24,41,42,5,49195100.4,1,valid,1486,146,4,0.0
Lotto 6/42,2025-12-18,03-39-17-06-10-26,03-06-10-17-26-39,3,39,17,6,10,26,5940000.0,0,valid,1487,101,3,0.0
Lotto 6/42,2025-12-20,03-22-21-33-04-17,03-04-17-21-22-33,3,22,21,33,4,17,6504897.6,0,valid,1488,100,4,2.0
Lotto 6/42,2025-12-23,20-02-29-31-19-12,02-12-19-20-29-31,20,2,29,31,19,12,9716215.4,0,valid,1489,113,3,0.0
Lotto 6/42,2025-12-25,18-28-38-42-12-11,11-12-18-28-38-42,18,28,38,42,12,11,11271463.8,0,valid,1490,149,1,1.0
Lotto 6/42,2025-12-27,27-20-04-35-19-42,04-19-20-27-35-42,27,20,4,35,19,42,15202187.8,0,valid,1491,147,3,1.0
Lotto 6/42,2025-12-30,06-32-29-24-37-04,04-06-24-29-32-37,6,32,29,24,37,4,19004723.6,1,valid,1492,132,2,1.0
Lotto 6/42,2026-01-01,34-35-38-01-18-41,01-18-34-35-38-41,34,35,38,1,18,41,5940000.0,1,valid,1493,167,3,0.0
Lotto 6/42,2026-01-03,41-18-32-23-10-39,10-18-23-32-39-41,41,18,32,23,10,39,5940000.0,0,valid,1494,163,3,2.0
Lotto 6/42,2026-01-06,11-34-09-38-12-10,09-10-11-12-34-38,11,34,9,38,12,10,6550096.0,0,valid,1495,114,2,1.0
Lotto 6/42,2026-01-08,29-32-13-17-11-09,09-11-13-17-29-32,29,32,13,17,11,9,10042884.6,1,valid,1496,111,5,2.0
Lotto 6/42,2026-01-10,20-08-10-01-04-24,01-04-08-10-20-24,20,8,10,1,4,24,5940000.0,2,valid,1497,67,1,0.0
Lotto 6/42,2026-01-13,20-03-29-15-39-19,03-15-19-20-29-39,20,3,29,15,39,19,5940000.0,0,valid,1498,125,5,1.0
Lotto 6/42,2026-01-15,22-11-06-04-20-03,03-04-06-11-20-22,22,11,6,4,20,3,6542028.2,0,valid,1499,66,2,2.0
Lotto 6/42,2026-01-17,04-03-23-11-18-35,03-04-11-18-23-35,4,3,23,11,18,35,10373797.4,0,valid,1500,94,4,3.0
Lotto 6/42,2026-01-20,05-02-03-14-12-06,02-03-05-06-12-14,5,2,3,14,12,6,13872684.0,0,valid,1501,42,2,1.0
Lotto 6/42,2026-01-22,18-24-27-39-40-21,18-21-24-27-39-40,18,24,27,39,40,21,18289720.8,0,valid,1502,169,3,0.0
Lotto 6/42,2026-01-24,21-06-41-34-17-28,06-17-21-28-34-41,21,6,41,34,17,28,22792270.0,0,valid,1503,147,3,1.0
Lotto 6/42,2026-01-27,23-34-17-35-01-27,01-17-23-27-34-35,23,34,17,35,1,27,27507160.0,0,valid,1504,137,5,2.0
Lotto 6/42,2026-01-29,16-28-08-23-42-20,08-16-20-23-28-42,16,28,8,23,42,20,32894927.4,1,valid,1505,137,1,1.0
Lotto 6/42,2026-01-31,23-27-16-20-28-21,16-20-21-23-27-28,23,27,16,20,28,21,5940000.0,1,valid,1506,135,3,4.0
Lotto 6/42,2026-02-03,33-14-10-15-24-12,10-12-14-15-24-33,33,14,10,15,24,12,10000000.0,0,valid,1507,108,2,0.0
Lotto 6/42,2026-02-05,10-36-30-16-29-39,10-16-29-30-36-39,10,36,30,16,29,39,10000000.0,0,valid,1508,160,2,1.0
Lotto 6/42,2026-02-07,42-10-05-13-20-19,05-10-13-19-20-42,42,10,5,13,20,19,11235564.13,1,valid,1509,109,3,1.0
Lotto 6/42,2026-02-10,17-03-36-42-01-34,01-03-17-34-36-42,17,3,36,42,1,34,10000000.0,0,valid,1510,133,3,1.0
Lotto 6/42,2026-02-12,40-23-20-28-36-07,07-20-23-28-36-40,40,23,20,28,36,7,10000000.0,0,valid,1511,154,2,1.0
Lotto 6/42,2026-02-14,22-08-09-12-30-32,08-09-12-22-30-32,22,8,9,12,30,32,10097279.28,0,valid,1512,113,1,0.0
Lotto 6/42,2026-02-17,12-22-36-03-41-37,03-12-22-36-37-41,12,22,36,3,41,37,13223463.01,0,valid,1513,151,3,2.0
Lotto 6/42,2026-02-19,38-22-41-26-13-21,13-21-22-26-38-41,38,22,41,26,13,21,16668379.85,0,valid,1514,161,3,2.0
Lotto 6/42,2026-02-21,33-38-15-20-41-37,15-20-33-37-38-41,33,38,15,20,41,37,20493989.78,0,valid,1515,184,4,2.0
Lotto 6/42,2026-02-24,24-12-04-35-41-15,04-12-15-24-35-41,24,12,4,35,41,15,23814718.62,0,valid,1516,131,3,2.0
Lotto 6/42,2026-02-26,09-02-11-41-20-27,02-09-11-20-27-41,9,2,11,41,20,27,27487043.32,0,valid,1517,110,4,1.0
Lotto 6/42,2026-02-28,30-41-20-21-34-39,20-21-30-34-39-41,30,41,20,21,34,39,31696439.58,0,valid,1518,185,3,2.0
Lotto 6/42,2026-03-03,20-27-42-16-37-41,16-20-27-37-41-42,20,27,42,16,37,41,35411962.61,0,valid,1519,183,3,2.0
Lotto 6/42,2026-03-05,33-32-18-01-10-04,01-04-10-18-32-33,33,32,18,1,10,4,39385042.44,1,valid,1520,98,2,0.0
Lotto 6/42,2026-03-07,40-33-31-16-12-14,12-14-16-31-33-40,40,33,31,16,12,14,10000000.0,0,valid,1521,146,2,1.0
Lotto 6/42,2026-03-10,03-29-12-33-10-16,03-10-12-16-29-33,3,29,12,33,10,16,10000000.0,0,valid,1522,103,3,3.0
Lotto 6/42,2026-03-12,35-02-40-36-13-16,02-13-16-35-36-40,35,2,40,36,13,16,10000000.0,0,valid,1523,142,2,1.0
Lotto 6/42,2026-03-14,26-13-35-11-18-32,11-13-18-26-32-35,26,13,35,11,18,32,12747984.35,0,valid,1524,135,3,2.0
Lotto 6/42,2026-03-17,17-36-05-07-08-38,05-07-08-17-36-38,17,36,5,7,8,38,15639575.61,0,valid,1525,111,3,0.0
Lotto 6/42,2026-03-19,25-29-17-41-23-13,13-17-23-25-29-41,25,29,17,41,23,13,18861406.9,1,valid,1526,148,6,1.0
Lotto 6/42,2026-03-21,18-12-37-02-30-24,02-12-18-24-30-37,18,12,37,2,30,24,10000000.0,1,valid,1527,123,1,0.0
Lotto 6/42,2026-03-24,13-41-27-29-42-08,08-13-27-29-41-42,13,41,27,29,42,8,10000000.0,0,valid,1528,160,4,0.0
Lotto 6/42,2026-03-26,29-15-03-18-23-30,03-15-18-23-29-30,29,15,3,18,23,30,10000000.0,0,valid,1529,118,4,1.0
Lotto 6/42,2026-03-28,11-23-09-05-01-03,01-03-05-09-11-23,11,23,9,5,1,3,10000000.0,1,valid,1530,52,6,2.0
Lotto 6/42,2026-03-31,16-22-03-30-36-04,03-04-16-22-30-36,16,22,3,30,36,4,10000000.0,0,valid,1531,111,1,1.0
Lotto 6/42,2026-04-07,06-37-23-02-39-31,02-06-23-31-37-39,6,37,23,2,39,31,10000000.0,1,valid,1532,138,4,0.0
Lotto 6/42,2026-04-09,41-38-03-05-11-06,03-05-06-11-38-41,41,38,3,5,11,6,10000000.0,0,valid,1533,104,4,1.0
Lotto 6/42,2026-04-11,20-17-39-35-10-34,10-17-20-34-35-39,20,17,39,35,10,34,10000000.0,0,valid,1534,155,3,0.0
Lotto 6/42,2026-04-14,15-09-17-12-10-07,07-09-10-12-15-17,15,9,17,12,10,7,10000000.0,0,valid,1535,70,4,2.0
Lotto 6/42,2026-04-16,42-41-17-27-06-07,06-07-17-27-41-42,42,41,17,27,6,7,11897182.5,0,valid,1536,140,4,2.0
Lotto 6/42,2026-04-18,21-35-29-05-36-37,05-21-29-35-36-37,21,35,29,5,36,37,14893152.56,0,valid,1537,163,5,0.0
Lotto 6/42,2026-04-21,22-04-33-11-09-15,04-09-11-15-22-33,22,4,33,11,9,15,17860503.83,0,valid,1538,94,4,0.0
Lotto 6/42,2026-04-23,09-23-41-37-24-10,09-10-23-24-37-41,9,23,41,37,24,10,21185563.23,0,valid,1539,144,4,1.0
Lotto 6/42,2026-04-25,26-32-19-01-22-17,01-17-19-22-26-32,26,32,19,1,22,17,24655209.6,0,valid,1540,117,3,0.0
Lotto 6/42,2026-04-28,15-09-12-16-37-35,09-12-15-16-35-37,15,9,12,16,37,35,27872450.5,0,valid,1541,124,4,0.0
Lotto 6/42,2026-04-30,07-24-41-42-29-40,07-24-29-40-41-42,7,24,41,42,29,40,31621223.97,0,valid,1542,183,3,0.0
Lotto 6/42,2026-05-02,22-34-42-19-03-25,03-19-22-25-34-42,22,34,42,19,3,25,35467492.71,1,valid,1543,145,3,1.0
Lotto 6/42,2026-05-05,31-28-19-03-02-04,02-03-04-19-28-31,31,28,19,3,2,4,10000000.0,1,valid,1544,87,3,2.0
Lotto 6/42,2026-05-07,28-20-36-29-11-27,11-20-27-28-29-36,28,20,36,29,11,27,10000000.0,0,valid,1545,151,3,1.0
Lotto 6/42,2026-05-09,27-06-42-13-12-04,04-06-12-13-27-42,27,6,42,13,12,4,10000000.0,0,valid,1546,104,2,1.0
Lotto 6/42,2026-05-12,41-38-12-14-37-25,12-14-25-37-38-41,41,38,12,14,37,25,10000000.0,0,valid,1547,167,3,1.0
Lotto 6/42,2026-05-14,23-40-20-06-34-33,06-20-23-33-34-40,23,40,20,6,34,33,11439487.99,0,valid,1548,156,2,0.0
Lotto 6/42,2026-05-16,07-28-26-32-25-12,07-12-25-26-28-32,7,28,26,32,25,12,14559320.23,0,valid,1549,130,2,0.0
Lotto 6/42,2026-05-19,15-06-31-16-22-25,06-15-16-22-25-31,15,6,31,16,22,25,17376838.36,0,valid,1550,115,3,1.0
Lotto 6/42,2026-05-21,33-08-05-17-18-41,05-08-17-18-33-41,33,8,5,17,18,41,20654909.15,0,valid,1551,122,4,0.0
Lotto 6/42,2026-05-23,12-18-03-17-05-08,03-05-08-12-17-18,12,18,3,17,5,8,24158156.53,1,valid,1552,63,3,4.0
Lotto 6/42,2026-05-26,15-08-34-13-25-38,08-13-15-25-34-38,15,8,34,13,25,38,10000000.0,0,valid,1553,133,3,1.0
Lotto 6/42,2026-05-28,39-38-34-21-10-03,03-10-21-34-38-39,39,38,34,21,10,3,10000000.0,0,valid,1554,145,3,2.0
Lotto 6/42,2026-05-30,03-21-02-14-33-01,01-02-03-14-21-33,3,21,2,14,33,1,10000000.0,0,valid,1555,74,4,2.0
Lotto 6/42,2026-06-02,18-16-37-13-35-23,13-16-18-23-35-37,18,16,37,13,35,23,11344599.3,0,valid,1556,142,4,0.0
Lotto 6/42,2026-06-04,02-39-30-10-14-29,02-10-14-29-30-39,2,39,30,10,14,29,14404418.27,0,valid,1557,124,2,0.0
Lotto 6/42,2026-06-06,33-38-34-28-36-07,07-28-33-34-36-38,33,38,34,28,36,7,17763940.65,0,valid,1558,176,2,0.0
Lotto 6/42,2026-06-09,40-03-36-41-28-18,03-18-28-36-40-41,40,3,36,41,28,18,20676273.22,0,valid,1559,166,2,2.0
Lotto 6/42,2026-06-11,12-22-24-38-07-13,07-12-13-22-24-38,12,22,24,38,7,13,23936399.01,0,valid,1560,116,2,0.0
Lotto 6/42,2026-06-13,17-42-13-36-01-31,01-13-17-31-36-42,17,42,13,36,1,31,27366567.2,0,valid,1561,140,4,1.0
Lotto 6/42,2026-06-16,35-38-39-32-37-16,16-32-35-37-38-39,35,38,39,32,37,16,30572565.16,0,valid,1562,197,3,0.0
Lotto 6/42,2026-06-18,07-36-31-03-35-42,03-07-31-35-36-42,7,36,31,3,35,42,34256895.81,0,valid,1563,154,4,1.0
Lotto 6/42,2026-06-20,24-39-23-05-38-12,05-12-23-24-38-39,24,39,23,5,38,12,38058770.16,0,valid,1564,141,3,0.0
Lotto 6/42,2026-06-23,30-20-11-07-36-01,01-07-11-20-30-36,30,20,11,7,36,1,41522778.58,0,valid,1565,105,3,0.0
Lotto 6/42,2026-06-25,26-35-12-08-25-23,08-12-23-25-26-35,26,35,12,8,25,23,45493326.06,0,valid,1566,129,3,0.0
Lotto 6/42,2026-06-27,24-31-03-36-35-23,03-23-24-31-35-36,24,31,3,36,35,23,49566536.61,0,valid,1567,152,4,2.0
Lotto 6/42,2026-06-30,01-10-24-27-08-26,01-08-10-24-26-27,1,10,24,27,8,26,53206155.29,0,valid,1568,96,2,1.0
Lotto 6/42,2026-07-02,29-09-31-33-19-24,09-19-24-29-31-33,29,9,31,33,19,24,57645619.6,1,valid,1569,145,5,1.0
Lotto 6/42,2026-07-04,06-05-25-12-23-08,05-06-08-12-23-25,6,5,25,12,23,8,10000000.0,0,valid,1570,79,3,0.0
Lotto 6/42,2026-07-07,20-16-12-35-05-06,05-06-12-16-20-35,20,16,12,35,5,6,10000000.0,0,valid,1571,94,2,3.0
Lotto 6/42,2026-07-09,38-29-27-28-42-02,02-27-28-29-38-42,38,29,27,28,42,2,10000000.0,0,valid,1572,166,2,0.0
Lotto 6/42,2026-07-11,40-21-23-33-41-10,10-21-23-33-40-41,40,21,23,33,41,10,11400166.51,0,valid,1573,168,4,0.0
Lotto 6/42,2026-07-14,21-27-38-06-18-35,06-18-21-27-35-38,21,27,38,6,18,35,13973560.81,0,valid,1574,145,3,1.0
Lotto 6/42,2026-07-16,02-13-25-06-30-42,02-06-13-25-30-42,2,13,25,6,30,42,16967295.47,0,valid,1575,118,2,1.0
Lotto 6/42,2026-07-18,27-32-39-26-12-07,07-12-26-27-32-39,27,32,39,26,12,7,20167956.53,1,valid,1576,143,3,0.0
Lotto 6/42,2026-07-21,17-41-13-10-38-16,10-13-16-17-38-41,17,41,13,10,38,16,10000000.0,0,valid,1577,135,3,0.0
Lotto 6/42,2026-07-23,32-03-01-22-33-21,01-03-21-22-32-33,32,3,1,22,33,21,10000000.0,0,valid,1578,112,4,0.0
Lotto 6/42,2026-07-25,39-27-35-15-19-12,12-15-19-27-35-39,39,27,35,15,19,12,10000000.0,0,valid,1579,147,5,0.0
Lotto 6/42,2026-07-28,41-03-07-39-25-24,03-07-24-25-39-41,41,3,7,39,25,24,10466741.76,0,valid,1580,139,5,1.0
Lotto 6/42,2026-07-30,26-17-23-39-15-38,15-17-23-26-38-39,26,17,23,39,15,38,13369052.18,0,valid,1581,158,4,1.0
Lotto 6/42,2026-08-01,01-10-18-02-28-39,01-02-10-18-28-39,1,10,18,2,28,39,16531794.06,0,valid,1582,98,2,1.0
Lotto 6/42,2026-08-04,01-26-42-15-34-19,01-15-19-26-34-42,1,26,42,15,34,19,19249103.08,0,valid,1583,137,3,1.0
Lotto 6/42,2026-08-06,01-16-39-02-42-14,01-02-14-16-39-42,1,16,39,2,42,14,22371987.33,0,valid,1584,114,2,2.0
Lotto 6/42,2026-08-08,02-28-26-30-27-40,02-26-27-28-30-40,2,28,26,30,27,40,25255016.45,0,valid,1585,153,1,1.0
Lotto 6/42,2026-08-11,36-15-01-06-07-13,01-06-07-13-15-36,36,15,1,6,7,13,28260769.44,0,valid,1586,78,4,0.0
Lotto 6/42,2026-08-13,20-21-14-41-06-12,06-12-14-20-21-41,20,21,14,41,6,12,31911511.47,1,valid,1587,114,2,1.0
Lotto 6/42,2026-08-15,12-08-15-26-28-37,08-12-15-26-28-37,12,8,15,26,28,37,10000000.0,0,valid,1588,126,2,1.0
Lotto 6/42,2026-08-18,20-16-42-39-35-09,09-16-20-35-39-42,20,16,42,39,35,9,10000000.0,0,valid,1589,161,3,0.0
Lotto 6/42,2026-08-20,25-06-11-10-27-39,06-10-11-25-27-39,25,6,11,10,27,39,10000000.0,0,valid,1590,118,4,1.0
Lotto 6/42,2026-08-22,34-41-19-16-28-08,08-16-19-28-34-41,34,41,19,16,28,8,11017815.46,0,valid,1591,146,2,0.0
Lotto 6/42,2026-08-25,07-13-24-17-01-16,01-07-13-16-17-24,7,13,24,17,1,16,13534656.82,0,valid,1592,78,4,1.0
Lotto 6/42,2026-08-27,39-35-26-18-04-13,04-13-18-26-35-39,39,35,26,18,4,13,16409911.57,0,valid,1593,135,3,1.0
Lotto 6/42,2026-08-29,22-39-06-14-42-04,04-06-14-22-39-42,22,39,6,14,42,4,19017348.18,0,valid,1594,127,1,2.0
Lotto 6/42,2026-09-01,17-24-08-33-37-01,01-08-17-24-33-37,17,24,8,33,37,1,21860837.27,0,valid,1595,120,4,0.0
Lotto 6/42,2026-09-03,13-14-39-30-28-32,13-14-28-30-32-39,13,14,39,30,28,32,25013742.59,0,valid,1596,156,2,0.0
Lotto 6/42,2026-09-05,29-35-37-24-03-36,03-24-29-35-36-37,29,35,37,24,3,36,28197852.66,0,valid,1597,164,4,0.0
Lotto 6/42,2026-09-08,14-16-26-27-11-33,11-14-16-26-27-33,14,16,26,27,11,33,31240819.58,0,valid,1598,127,3,0.0
Lotto 6/42,2026-09-10,23-12-29-27-07-33,07-12-23-27-29-33,23,12,29,27,7,33,34992150.14,0,valid,1599,131,5,2.0
Lotto 6/42,2026-09-12,39-10-26-30-09-29,09-10-26-29-30-39,39,10,26,30,9,29,38496341.99,0,valid,1600,143,3,1.0
Lotto 6/42,2026-09-15,32-02-05-13-06-27,02-05-06-13-27-32,32,2,5,13,6,27,41871066.69,0,valid,1601,85,3,0.0
Lotto 6/42,2026-09-17,08-31-32-19-24-06,06-08-19-24-31-32,8,31,32,19,24,6,45831802.36,0,valid,1602,120,2,2.0
Lotto 6/42,2026-09-19,08-27-06-25-13-22,06-08-13-22-25-27,8,27,6,25,13,22,50097970.39,0,valid,1603,101,3,2.0
Lotto 6/42,2026-09-22,11-26-07-16-35-23,07-11-16-23-26-35,11,26,7,16,35,23,53853227.77,0,valid,1604,118,4,0.0
Lotto 6/42,2026-09-24,01-36-07-23-15-03,01-03-07-15-23-36,1,36,7,23,15,3,58291713.31,0,valid,1605,85,5,2.0
Lotto 6/42,2026-09-26,16-41-19-05-26-31,05-16-19-26-31-41,16,41,19,5,26,31,62394735.87,0,valid,1606,138,4,0.0
Lotto 6/42,2026-09-29,02-23-31-32-15-13,02-13-15-23-31-32,2,23,31,32,15,13,66369399.81,0,valid,1607,116,4,1.0
Lotto 6/42,2026-10-01,40-13-35-10-15-14,10-13-14-15-35-40,40,13,35,10,15,14,71399823.97,0,valid,1608,127,3,2.0
Lotto 6/42,2026-10-03,41-17-42-21-37-02,02-17-21-37-41-42,41,17,42,21,37,2,75904990.52,0,valid,1609,160,4,0.0
Lotto 6/42,2026-10-06,07-35-41-37-08-11,07-08-11-35-37-41,7,35,41,37,8,11,80317113.63,0,valid,1610,139,5,2.0
