lotto_game,draw_session,draw_date,combination,digit_1,digit_2,digit_3,jackpot_php,winners,record_status,source_row
3D Lotto,9PM,2016-01-02,1-2-9,1,2,9,4500.00,1191,valid,2
3D Lotto,9PM,2016-01-03,2-7-1,2,7,1,4500.00,574,valid,3
3D Lotto,9PM,2016-01-04,2-2-0,2,2,0,4500.00,1212,valid,4
3D Lotto,9PM,2016-01-05,2-0-8,2,0,8,4500.00,1308,valid,5
3D Lotto,9PM,2016-01-06,6-6-6,6,6,6,4500.00,1168,valid,6
3D Lotto,9PM,2016-01-07,0-6-7,0,6,7,4500.00,169,valid,7
3D Lotto,9PM,2016-01-08,6-2-3,6,2,3,4500.00,1092,valid,8
3D Lotto,9PM,2016-01-09,5-0-9,5,0,9,4500.00,880,valid,9
3D Lotto,9PM,2016-01-10,5-8-1,5,8,1,4500.00,785,valid,10
3D Lotto,9PM,2016-01-11,4-7-2,4,7,2,4500.00,1024,valid,11
3D Lotto,9PM,2016-01-12,4-5-4,4,5,4,4500.00,490,valid,12
3D Lotto,9PM,2016-01-13,1-6-9,1,6,9,4500.00,1267,valid,13
3D Lotto,9PM,2016-01-14,9-6-6,9,6,6,4500.00,621,valid,14
3D Lotto,9PM,2016-01-15,5-7-9,5,7,9,4500.00,638,valid,15
3D Lotto,9PM,2016-01-16,0-0-1,0,0,1,4500.00,1078,valid,16
3D Lotto,9PM,2016-01-17,5-1-1,5,1,1,4500.00,1098,valid,17
3D Lotto,9PM,2016-01-18,6-5-1,6,5,1,4500.00,878,valid,18
3D Lotto,9PM,2016-01-19,7-6-9,7,6,9,4500.00,701,valid,19
3D Lotto,9PM,2016-01-20,9-3-6,9,3,6,4500.00,885,valid,20
3D Lotto,9PM,2016-01-21,7-7-7,7,7,7,4500.00,1159,valid,21
3D Lotto,9PM,2016-01-22,3-8-6,3,8,6,4500.00,737,valid,22
3D Lotto,9PM,2016-01-23,9-1-0,9,1,0,4500.00,1200,valid,23
3D Lotto,9PM,2016-01-24,6-1-4,6,1,4,4500.00,845,valid,24
3D Lotto,9PM,2016-01-25,5-3-9,5,3,9,4500.00,698,valid,25
3D Lotto,9PM,2016-01-26,8-7-3,8,7,3,4500.00,463,valid,26
3D Lotto,9PM,2016-01-27,5-8-7,5,8,7,4500.00,478,valid,27
3D Lotto,9PM,2016-01-28,8-4-5,8,4,5,4500.00,888,valid,28
3D Lotto,9PM,2016-01-29,7-9-9,7,9,9,4500.00,589,valid,29
3D Lotto,9PM,2016-01-30,7-0-9,7,0,9,4500.00,733,valid,30
3D Lotto,9PM,2016-01-31,4-0-2,4,0,2,4500.00,512,valid,31
3D Lotto,9PM,2016-02-01,7-1-7,7,1,7,4500.00,1109,valid,32
3D Lotto,9PM,2016-02-02,0-2-5,0,2,5,4500.00,736,valid,33
3D Lotto,9PM,2016-02-03,4-5-5,4,5,5,4500.00,586,valid,34
3D Lotto,9PM,2016-02-04,4-6-0,4,6,0,4500.00,476,valid,35
3D Lotto,9PM,2016-02-05,2-1-5,2,1,5,4500.00,1280,valid,36
3D Lotto,9PM,2016-02-06,0-8-9,0,8,9,4500.00,606,valid,37
3D Lotto,9PM,2016-02-07,5-2-6,5,2,6,4500.00,1120,valid,38
3D Lotto,9PM,2016-02-08,8-3-3,8,3,3,4500.00,648,valid,39
3D Lotto,9PM,2016-02-09,5-5-5,5,5,5,4500.00,1144,valid,40
3D Lotto,9PM,2016-02-10,2-3-1,2,3,1,4500.00,1121,valid,41
3D Lotto,9PM,2016-02-11,3-7-7,3,7,7,4500.00,595,valid,42
3D Lotto,9PM,2016-02-12,0-6-2,0,6,2,4500.00,389,valid,43
3D Lotto,9PM,2016-02-13,0-5-9,0,5,9,4500.00,249,valid,44
3D Lotto,9PM,2016-02-14,0-9-1,0,9,1,4500.00,1109,valid,45
3D Lotto,9PM,2016-02-15,6-1-0,6,1,0,4500.00,1269,valid,46
3D Lotto,9PM,2016-02-16,5-8-2,5,8,2,4500.00,969,valid,47
3D Lotto,9PM,2016-02-17,7-9-5,7,9,5,4500.00,465,valid,48
3D Lotto,9PM,2016-02-18,0-5-3,0,5,3,4500.00,695,valid,49
3D Lotto,9PM,2016-02-19,4-6-2,4,6,2,4500.00,905,valid,50
3D Lotto,9PM,2016-02-20,5-5-1,5,5,1,4500.00,1040,valid,51
3D Lotto,9PM,2016-02-21,7-2-3,7,2,3,4500.00,887,valid,52
3D Lotto,9PM,2016-02-22,5-3-2,5,3,2,4500.00,1265,valid,53
3D Lotto,9PM,2016-02-23,4-8-7,4,8,7,4500.00,547,valid,54
3D Lotto,9PM,2016-02-24,0-1-9,0,1,9,4500.00,720,valid,55
3D Lotto,9PM,2016-02-25,4-2-4,4,2,4,4500.00,1103,valid,56
3D Lotto,9PM,2016-02-26,3-2-7,3,2,7,4500.00,870,valid,57
3D Lotto,9PM,2016-02-27,9-3-8,9,3,8,4500.00,835,valid,58
3D Lotto,9PM,2016-02-28,8-4-7,8,4,7,4500.00,829,valid,59
3D Lotto,9PM,2016-02-29,0-0-9,0,0,9,4500.00,414,valid,60
3D Lotto,9PM,2016-03-01,7-6-4,7,6,4,4500.00,730,valid,61
3D Lotto,9PM,2016-03-02,2-1-1,2,1,1,4500.00,1297,valid,62
3D Lotto,9PM,2016-03-03,4-6-6,4,6,6,4500.00,674,valid,63
3D Lotto,9PM,2016-03-04,4-4-3,4,4,3,4500.00,807,valid,64
3D Lotto,9PM,2016-03-05,6-8-2,6,8,2,4500.00,503,valid,65
3D Lotto,9PM,2016-03-06,4-3-6,4,3,6,4500.00,825,valid,66
3D Lotto,9PM,2016-03-07,3-6-0,3,6,0,4500.00,961,valid,67
3D Lotto,9PM,2016-03-08,5-8-8,5,8,8,4500.00,814,valid,68
3D Lotto,9PM,2016-03-09,5-7-4,5,7,4,4500.00,743,valid,69
3D Lotto,9PM,2016-03-10,7-8-2,7,8,2,4500.00,686,valid,70
3D Lotto,9PM,2016-03-11,9-9-8,9,9,8,4500.00,655,valid,71
3D Lotto,9PM,2016-03-12,8-9-4,8,9,4,4500.00,1281,valid,72
3D Lotto,9PM,2016-03-13,8-1-4,8,1,4,4500.00,1212,valid,73
3D Lotto,9PM,2016-03-14,5-1-6,5,1,6,4500.00,978,valid,74
3D Lotto,9PM,2016-03-15,7-0-7,7,0,7,4500.00,794,valid,75
3D Lotto,9PM,2016-03-16,4-3-7,4,3,7,4500.00,816,valid,76
3D Lotto,9PM,2016-03-17,1-3-2,1,3,2,4500.00,1095,valid,77
3D Lotto,9PM,2016-03-18,7-8-8,7,8,8,4500.00,856,valid,78
3D Lotto,9PM,2016-03-19,0-2-0,0,2,0,4500.00,853,valid,79
3D Lotto,9PM,2016-03-20,0-7-3,0,7,3,4500.00,448,valid,80
3D Lotto,9PM,2016-03-21,6-4-1,6,4,1,4500.00,439,valid,81
3D Lotto,9PM,2016-03-22,0-4-0,0,4,0,4500.00,565,valid,82
3D Lotto,9PM,2016-03-23,4-4-1,4,4,1,4500.00,1206,valid,83
3D Lotto,9PM,2016-03-28,0-6-0,0,6,0,4500.00,540,valid,84
3D Lotto,9PM,2016-03-29,1-2-1,1,2,1,4500.00,907,valid,85
3D Lotto,9PM,2016-03-30,6-0-0,6,0,0,4500.00,747,valid,86
3D Lotto,9PM,2016-03-31,5-1-4,5,1,4,4500.00,1216,valid,87
3D Lotto,9PM,2016-04-01,3-9-4,3,9,4,4500.00,493,valid,88
3D Lotto,9PM,2016-04-02,8-8-1,8,8,1,4500.00,541,valid,89
3D Lotto,9PM,2016-04-03,1-9-2,1,9,2,4500.00,523,valid,90
3D Lotto,9PM,2016-04-04,6-4-8,6,4,8,4500.00,682,valid,91
3D Lotto,9PM,2016-04-05,2-6-2,2,6,2,4500.00,950,valid,92
3D Lotto,9PM,2016-04-06,4-9-4,4,9,4,4500.00,545,valid,93
3D Lotto,9PM,2016-04-07,9-3-8,9,3,8,4500.00,374,valid,94
3D Lotto,9PM,2016-04-08,9-0-9,9,0,9,4500.00,870,valid,95
3D Lotto,9PM,2016-04-09,6-8-7,6,8,7,4500.00,356,valid,96
3D Lotto,9PM,2016-04-10,6-7-7,6,7,7,4500.00,454,valid,97
3D Lotto,9PM,2016-04-11,1-9-1,1,9,1,4500.00,1194,valid,98
3D Lotto,9PM,2016-04-12,0-1-8,0,1,8,4500.00,988,valid,99
3D Lotto,9PM,2016-04-13,8-9-2,8,9,2,4500.00,573,valid,100
3D Lotto,9PM,2016-04-14,5-3-8,5,3,8,4500.00,702,valid,101
3D Lotto,9PM,2016-04-15,9-8-6,9,8,6,4500.00,584,valid,102
3D Lotto,9PM,2016-04-16,5-1-6,5,1,6,4500.00,1230,valid,103
3D Lotto,9PM,2016-04-17,4-3-6,4,3,6,4500.00,398,valid,104
3D Lotto,9PM,2016-04-18,8-4-0,8,4,0,4500.00,330,valid,105
3D Lotto,9PM,2016-04-19,7-1-4,7,1,4,4500.00,1215,valid,106
3D Lotto,9PM,2016-04-20,3-6-3,3,6,3,4500.00,697,valid,107
3D Lotto,9PM,2016-04-21,0-7-9,0,7,9,4500.00,299,valid,108
3D Lotto,9PM,2016-04-22,3-2-9,3,2,9,4500.00,1013,valid,109
3D Lotto,9PM,2016-04-23,8-7-7,8,7,7,4500.00,449,valid,110
3D Lotto,9PM,2016-04-24,4-9-0,4,9,0,4500.00,350,valid,111
3D Lotto,9PM,2016-04-25,9-4-4,9,4,4,4500.00,561,valid,112
3D Lotto,9PM,2016-04-26,9-1-4,9,1,4,4500.00,1195,valid,113
3D Lotto,9PM,2016-04-27,6-3-3,6,3,3,4500.00,594,valid,114
3D Lotto,9PM,2016-04-28,8-3-9,8,3,9,4500.00,493,valid,115
3D Lotto,9PM,2016-04-29,9-9-2,9,9,2,4500.00,448,valid,116
3D Lotto,9PM,2016-04-30,7-1-9,7,1,9,4500.00,915,valid,117
3D Lotto,9PM,2016-05-01,6-4-8,6,4,8,4500.00,417,valid,118
3D Lotto,9PM,2016-05-02,7-8-4,7,8,4,4500.00,645,valid,119
3D Lotto,9PM,2016-05-03,0-8-3,0,8,3,4500.00,157,valid,120
3D Lotto,9PM,2016-05-04,0-8-7,0,8,7,4500.00,506,valid,121
3D Lotto,9PM,2016-05-05,3-3-0,3,3,0,4500.00,464,valid,122
3D Lotto,9PM,2016-05-06,0-6-8,0,6,8,4500.00,591,valid,123
3D Lotto,9PM,2016-05-07,0-8-7,0,8,7,4500.00,289,valid,124
3D Lotto,9PM,2016-05-08,4-5-1,4,5,1,4500.00,373,valid,125
3D Lotto,9PM,2016-05-09,8-4-4,8,4,4,4500.00,269,valid,126
3D Lotto,9PM,2016-05-10,8-5-4,8,5,4,4500.00,724,valid,127
3D Lotto,9PM,2016-05-11,0-1-2,0,1,2,4500.00,805,valid,128
3D Lotto,9PM,2016-05-12,0-9-6,0,9,6,4500.00,414,valid,129
3D Lotto,9PM,2016-05-13,1-1-1,1,1,1,4500.00,1100,valid,130
3D Lotto,9PM,2016-05-14,1-0-6,1,0,6,4500.00,1098,valid,131
3D Lotto,9PM,2016-05-15,9-9-9,9,9,9,4500.00,1088,valid,132
3D Lotto,9PM,2016-05-16,8-3-0,8,3,0,4500.00,389,valid,133
3D Lotto,9PM,2016-05-17,6-6-0,6,6,0,4500.00,588,valid,134
3D Lotto,9PM,2016-05-18,4-7-2,4,7,2,4500.00,327,valid,135
3D Lotto,9PM,2016-05-19,0-0-5,0,0,5,4500.00,640,valid,136
3D Lotto,9PM,2016-05-20,8-6-4,8,6,4,4500.00,558,valid,137
3D Lotto,9PM,2016-05-21,9-0-6,9,0,6,4500.00,608,valid,138
3D Lotto,9PM,2016-05-22,6-9-0,6,9,0,4500.00,505,valid,139
3D Lotto,9PM,2016-05-23,2-8-6,2,8,6,4500.00,661,valid,140
3D Lotto,9PM,2016-05-24,0-7-7,0,7,7,4500.00,462,valid,141
3D Lotto,9PM,2016-05-25,7-7-8,7,7,8,4500.00,330,valid,142
3D Lotto,9PM,2016-05-26,2-0-6,2,0,6,4500.00,506,valid,143
3D Lotto,9PM,2016-05-27,2-5-8,2,5,8,4500.00,1047,valid,144
3D Lotto,9PM,2016-05-28,2-9-1,2,9,1,4500.00,1101,valid,145
3D Lotto,9PM,2016-05-29,3-0-7,3,0,7,4500.00,850,valid,146
3D Lotto,9PM,2016-05-30,3-2-6,3,2,6,4500.00,964,valid,147
3D Lotto,9PM,2016-05-31,8-9-6,8,9,6,4500.00,368,valid,148
3D Lotto,9PM,2016-06-01,9-1-6,9,1,6,4500.00,1031,valid,149
3D Lotto,9PM,2016-06-02,9-9-6,9,9,6,4500.00,682,valid,150
3D Lotto,9PM,2016-06-03,9-3-2,9,3,2,4500.00,656,valid,151
3D Lotto,9PM,2016-06-04,8-7-9,8,7,9,4500.00,836,valid,152
3D Lotto,9PM,2016-06-05,5-4-5,5,4,5,4500.00,721,valid,153
3D Lotto,9PM,2016-06-06,7-3-8,7,3,8,4500.00,598,valid,154
3D Lotto,9PM,2016-06-07,5-9-4,5,9,4,4500.00,698,valid,155
3D Lotto,9PM,2016-06-08,9-5-4,9,5,4,4500.00,783,valid,156
3D Lotto,9PM,2016-06-09,5-3-0,5,3,0,4500.00,439,valid,157
3D Lotto,9PM,2016-06-10,0-6-7,0,6,7,4500.00,412,valid,158
3D Lotto,9PM,2016-06-11,4-1-8,4,1,8,4500.00,1211,valid,159
3D Lotto,9PM,2016-06-12,0-0-0,0,0,0,4500.00,1088,valid,160
3D Lotto,9PM,2016-06-13,6-0-3,6,0,3,4500.00,795,valid,161
3D Lotto,9PM,2016-06-14,5-3-1,5,3,1,4500.00,1189,valid,162
3D Lotto,9PM,2016-06-15,8-1-9,8,1,9,4500.00,1151,valid,163
3D Lotto,9PM,2016-06-16,7-0-8,7,0,8,4500.00,1239,valid,164
3D Lotto,9PM,2016-06-17,5-3-5,5,3,5,4500.00,619,valid,165
3D Lotto,9PM,2016-06-18,8-3-5,8,3,5,4500.00,1225,valid,166
3D Lotto,9PM,2016-06-19,7-0-2,7,0,2,4500.00,1032,valid,167
3D Lotto,9PM,2016-06-20,4-7-7,4,7,7,4500.00,481,valid,168
3D Lotto,9PM,2016-06-21,3-9-5,3,9,5,4500.00,428,valid,169
3D Lotto,9PM,2016-06-22,3-4-9,3,4,9,4500.00,699,valid,170
3D Lotto,9PM,2016-06-23,1-9-1,1,9,1,4500.00,664,valid,171
3D Lotto,9PM,2016-06-24,5-1-6,5,1,6,4500.00,1194,valid,172
3D Lotto,9PM,2016-06-25,1-6-7,1,6,7,4500.00,994,valid,173
3D Lotto,9PM,2016-06-26,5-7-5,5,7,5,4500.00,373,valid,174
3D Lotto,9PM,2016-06-27,7-3-4,7,3,4,4500.00,673,valid,175
3D Lotto,9PM,2016-06-28,3-0-2,3,0,2,4500.00,1204,valid,176
3D Lotto,9PM,2016-06-29,2-7-8,2,7,8,4500.00,551,valid,177
3D Lotto,9PM,2016-06-30,6-5-0,6,5,0,4500.00,772,valid,178
3D Lotto,9PM,2016-07-01,9-1-5,9,1,5,4500.00,1029,valid,179
3D Lotto,9PM,2016-07-02,3-6-3,3,6,3,4500.00,468,valid,180
3D Lotto,9PM,2016-07-03,1-0-3,1,0,3,4500.00,1011,valid,181
3D Lotto,9PM,2016-07-04,7-3-5,7,3,5,4500.00,1226,valid,182
3D Lotto,9PM,2016-07-05,6-3-5,6,3,5,4500.00,993,valid,183
3D Lotto,9PM,2016-07-06,3-4-3,3,4,3,4500.00,583,valid,184
3D Lotto,9PM,2016-07-07,6-2-2,6,2,2,4500.00,703,valid,185
3D Lotto,9PM,2016-07-08,7-4-7,7,4,7,4500.00,821,valid,186
3D Lotto,9PM,2016-07-09,5-5-3,5,5,3,4500.00,440,valid,187
3D Lotto,9PM,2016-07-10,9-6-3,9,6,3,4500.00,540,valid,188
3D Lotto,9PM,2016-07-11,5-4-1,5,4,1,4500.00,1157,valid,189
3D Lotto,9PM,2016-07-12,3-3-2,3,3,2,4500.00,765,valid,190
3D Lotto,9PM,2016-07-13,6-6-4,6,6,4,4500.00,528,valid,191
3D Lotto,9PM,2016-07-14,4-6-7,4,6,7,4500.00,739,valid,192
3D Lotto,9PM,2016-07-15,7-5-4,7,5,4,4500.00,1266,valid,193
3D Lotto,9PM,2016-07-16,1-1-9,1,1,9,4500.00,1268,valid,194
3D Lotto,9PM,2016-07-17,6-4-4,6,4,4,4500.00,990,valid,195
3D Lotto,9PM,2016-07-18,2-0-6,2,0,6,4500.00,536,valid,196
3D Lotto,9PM,2016-07-19,9-1-5,9,1,5,4500.00,755,valid,197
3D Lotto,9PM,2016-07-20,9-0-9,9,0,9,4500.00,332,valid,198
3D Lotto,9PM,2016-07-21,0-7-0,0,7,0,4500.00,383,valid,199
3D Lotto,9PM,2016-07-22,0-6-8,0,6,8,4500.00,434,valid,200
3D Lotto,9PM,2016-07-23,4-9-5,4,9,5,4500.00,452,valid,201
3D Lotto,9PM,2016-07-24,3-9-9,3,9,9,4500.00,595,valid,202
3D Lotto,9PM,2016-07-25,0-5-7,0,5,7,4500.00,369,valid,203
3D Lotto,9PM,2016-07-26,7-2-0,7,2,0,4500.00,1197,valid,204
3D Lotto,9PM,2016-07-27,0-2-2,0,2,2,4500.00,708,valid,205
3D Lotto,9PM,2016-07-28,0-9-0,0,9,0,4500.00,454,valid,206
3D Lotto,9PM,2016-07-29,3-1-6,3,1,6,4500.00,1108,valid,207
3D Lotto,9PM,2016-07-30,3-0-0,3,0,0,4500.00,1251,valid,208
3D Lotto,9PM,2016-07-31,6-1-8,6,1,8,4500.00,1044,valid,209
3D Lotto,9PM,2016-08-01,3-7-5,3,7,5,4500.00,752,valid,210
3D Lotto,9PM,2016-08-02,2-2-5,2,2,5,4500.00,1282,valid,211
3D Lotto,9PM,2016-08-03,1-6-6,1,6,6,4500.00,932,valid,212
3D Lotto,9PM,2016-08-04,2-8-2,2,8,2,4500.00,975,valid,213
3D Lotto,9PM,2016-08-05,1-4-6,1,4,6,4500.00,649,valid,214
3D Lotto,9PM,2016-08-06,7-3-3,7,3,3,4500.00,498,valid,215
3D Lotto,9PM,2016-08-07,1-1-6,1,1,6,4500.00,1213,valid,216
3D Lotto,9PM,2016-08-08,1-0-3,1,0,3,4500.00,1180,valid,217
3D Lotto,9PM,2016-08-09,7-0-8,7,0,8,4500.00,1254,valid,218
3D Lotto,9PM,2016-08-10,2-2-2,2,2,2,4500.00,1146,valid,219
3D Lotto,9PM,2016-08-11,1-2-8,1,2,8,4500.00,1239,valid,220
3D Lotto,9PM,2016-08-12,6-3-9,6,3,9,4500.00,471,valid,221
3D Lotto,9PM,2016-08-13,5-5-8,5,5,8,4500.00,761,valid,222
3D Lotto,9PM,2016-08-14,5-2-0,5,2,0,4500.00,951,valid,223
3D Lotto,9PM,2016-08-15,9-8-9,9,8,9,4500.00,535,valid,224
3D Lotto,9PM,2016-08-16,2-7-8,2,7,8,4500.00,848,valid,225
3D Lotto,9PM,2016-08-17,5-1-1,5,1,1,4500.00,1299,valid,226
3D Lotto,9PM,2016-08-18,7-2-6,7,2,6,4500.00,1107,valid,227
3D Lotto,9PM,2016-08-19,8-8-1,8,8,1,4500.00,1230,valid,228
3D Lotto,9PM,2016-08-20,0-1-3,0,1,3,4500.00,479,valid,229
3D Lotto,9PM,2016-08-21,0-3-5,0,3,5,4500.00,463,valid,230
3D Lotto,9PM,2016-08-22,5-2-2,5,2,2,4500.00,979,valid,231
3D Lotto,9PM,2016-08-23,5-5-3,5,5,3,4500.00,858,valid,232
3D Lotto,9PM,2016-08-24,4-6-9,4,6,9,4500.00,604,valid,233
3D Lotto,9PM,2016-08-25,2-7-8,2,7,8,4500.00,754,valid,234
3D Lotto,9PM,2016-08-26,7-7-9,7,7,9,4500.00,459,valid,235
3D Lotto,9PM,2016-08-27,1-8-0,1,8,0,4500.00,901,valid,236
3D Lotto,9PM,2016-08-28,7-6-5,7,6,5,4500.00,379,valid,237
3D Lotto,9PM,2016-08-29,1-8-6,1,8,6,4500.00,883,valid,238
3D Lotto,9PM,2016-08-30,6-2-6,6,2,6,4500.00,771,valid,239
3D Lotto,9PM,2016-08-31,7-2-9,7,2,9,4500.00,1284,valid,240
3D Lotto,9PM,2016-09-01,0-4-6,0,4,6,4500.00,297,valid,241
3D Lotto,9PM,2016-09-02,7-0-3,7,0,3,4500.00,1099,valid,242
3D Lotto,9PM,2016-09-03,3-7-1,3,7,1,4500.00,1181,valid,243
3D Lotto,9PM,2016-09-04,3-3-7,3,3,7,4500.00,641,valid,244
3D Lotto,9PM,2016-09-05,5-2-0,5,2,0,4500.00,1004,valid,245
3D Lotto,9PM,2016-09-06,1-7-0,1,7,0,4500.00,1326,valid,246
3D Lotto,9PM,2016-09-07,6-5-7,6,5,7,4500.00,453,valid,247
3D Lotto,9PM,2016-09-08,3-4-4,3,4,4,4500.00,995,valid,248
3D Lotto,9PM,2016-09-09,1-2-7,1,2,7,4500.00,1116,valid,249
3D Lotto,9PM,2016-09-10,4-3-5,4,3,5,4500.00,437,valid,250
3D Lotto,9PM,2016-09-11,6-3-2,6,3,2,4500.00,914,valid,251
3D Lotto,9PM,2016-09-12,9-7-1,9,7,1,4500.00,1078,valid,252
3D Lotto,9PM,2016-09-13,7-2-9,7,2,9,4500.00,728,valid,253
3D Lotto,9PM,2016-09-14,4-1-5,4,1,5,4500.00,1284,valid,254
3D Lotto,9PM,2016-09-15,7-4-0,7,4,0,4500.00,874,valid,255
3D Lotto,9PM,2016-09-16,3-7-1,3,7,1,4500.00,798,valid,256
3D Lotto,9PM,2016-09-17,5-1-8,5,1,8,4500.00,775,valid,257
3D Lotto,9PM,2016-09-18,4-3-2,4,3,2,4500.00,770,valid,258
3D Lotto,9PM,2016-09-19,1-8-0,1,8,0,4500.00,819,valid,259
3D Lotto,9PM,2016-09-20,4-7-1,4,7,1,4500.00,998,valid,260
3D Lotto,9PM,2016-09-21,0-7-2,0,7,2,4500.00,337,valid,261
3D Lotto,9PM,2016-09-22,2-3-7,2,3,7,4500.00,1182,valid,262
3D Lotto,9PM,2016-09-23,0-6-7,0,6,7,4500.00,402,valid,263
3D Lotto,9PM,2016-09-24,7-7-8,7,7,8,4500.00,913,valid,264
3D Lotto,9PM,2016-09-25,1-0-0,1,0,0,4500.00,1289,valid,265
3D Lotto,9PM,2016-09-26,0-6-2,0,6,2,4500.00,377,valid,266
3D Lotto,9PM,2016-09-27,3-3-9,3,3,9,4500.00,963,valid,267
3D Lotto,9PM,2016-09-28,0-6-5,0,6,5,4500.00,281,valid,268
3D Lotto,9PM,2016-09-29,3-7-8,3,7,8,4500.00,836,valid,269
3D Lotto,9PM,2016-09-30,1-7-7,1,7,7,4500.00,1371,valid,270
3D Lotto,9PM,2016-10-01,7-7-9,7,7,9,4500.00,584,valid,271
3D Lotto,9PM,2016-10-02,8-0-0,8,0,0,4500.00,1184,valid,272
3D Lotto,9PM,2016-10-03,2-9-7,2,9,7,4500.00,719,valid,273
3D Lotto,9PM,2016-10-04,5-5-9,5,5,9,4500.00,1339,valid,274
3D Lotto,9PM,2016-10-05,2-3-1,2,3,1,4500.00,1360,valid,275
3D Lotto,9PM,2016-10-06,9-3-0,9,3,0,4500.00,1371,valid,276
3D Lotto,9PM,2016-10-07,1-3-0,1,3,0,4500.00,1405,valid,277
3D Lotto,9PM,2016-10-08,7-6-7,7,6,7,4500.00,751,valid,278
3D Lotto,9PM,2016-10-09,4-0-7,4,0,7,4500.00,639,valid,279
3D Lotto,9PM,2016-10-10,0-0-1,0,0,1,4500.00,1294,valid,280
3D Lotto,9PM,2016-10-11,0-1-9,0,1,9,4500.00,1339,valid,281
3D Lotto,9PM,2016-10-12,2-9-9,2,9,9,4500.00,1120,valid,282
3D Lotto,9PM,2016-10-13,2-1-1,2,1,1,4500.00,1372,valid,283
3D Lotto,9PM,2016-10-14,5-6-2,5,6,2,4500.00,687,valid,284
3D Lotto,9PM,2016-10-15,4-5-4,4,5,4,4500.00,578,valid,285
3D Lotto,9PM,2016-10-16,6-7-2,6,7,2,4500.00,578,valid,286
3D Lotto,9PM,2016-10-17,6-5-8,6,5,8,4500.00,1114,valid,287
3D Lotto,9PM,2016-10-18,9-8-5,9,8,5,4500.00,1104,valid,288
3D Lotto,9PM,2016-10-19,3-6-8,3,6,8,4500.00,629,valid,289
3D Lotto,9PM,2016-10-20,1-9-1,1,9,1,4500.00,935,valid,290
3D Lotto,9PM,2016-10-21,8-8-2,8,8,2,4500.00,462,valid,291
3D Lotto,9PM,2016-10-22,9-8-6,9,8,6,4500.00,388,valid,292
3D Lotto,9PM,2016-10-23,2-6-2,2,6,2,4500.00,541,valid,293
3D Lotto,9PM,2016-10-24,4-7-3,4,7,3,4500.00,1049,valid,294
3D Lotto,9PM,2016-10-25,7-8-2,7,8,2,4500.00,915,valid,295
3D Lotto,9PM,2016-10-26,8-3-7,8,3,7,4500.00,747,valid,296
3D Lotto,9PM,2016-10-27,6-8-8,6,8,8,4500.00,723,valid,297
3D Lotto,9PM,2016-10-28,8-6-2,8,6,2,4500.00,1148,valid,298
3D Lotto,9PM,2016-10-29,6-3-3,6,3,3,4500.00,830,valid,299
3D Lotto,9PM,2016-10-30,6-9-7,6,9,7,4500.00,509,valid,300
3D Lotto,9PM,2016-10-31,3-5-9,3,5,9,4500.00,989,valid,301
3D Lotto,9PM,2016-11-01,2-8-8,2,8,8,4500.00,776,valid,302
3D Lotto,9PM,2016-11-02,8-8-3,8,8,3,4500.00,764,valid,303
3D Lotto,9PM,2016-11-03,1-2-8,1,2,8,4500.00,1283,valid,304
3D Lotto,9PM,2016-11-04,6-2-6,6,2,6,4500.00,1039,valid,305
3D Lotto,9PM,2016-11-05,2-4-5,2,4,5,4500.00,571,valid,306
3D Lotto,9PM,2016-11-06,1-3-3,1,3,3,4500.00,1044,valid,307
3D Lotto,9PM,2016-11-07,3-1-8,3,1,8,4500.00,1331,valid,308
3D Lotto,9PM,2016-11-08,9-0-6,9,0,6,4500.00,882,valid,309
3D Lotto,9PM,2016-11-09,4-6-1,4,6,1,4500.00,815,valid,310
3D Lotto,9PM,2016-11-10,2-5-0,2,5,0,4500.00,1366,valid,311
3D Lotto,9PM,2016-11-11,7-4-5,7,4,5,4500.00,856,valid,312
3D Lotto,9PM,2016-11-12,9-2-3,9,2,3,4500.00,1120,valid,313
3D Lotto,9PM,2016-11-13,7-3-5,7,3,5,4500.00,923,valid,314
3D Lotto,9PM,2016-11-14,0-4-5,0,4,5,4500.00,487,valid,315
3D Lotto,9PM,2016-11-15,1-1-2,1,1,2,4500.00,1403,valid,316
3D Lotto,9PM,2016-11-16,4-4-6,4,4,6,4500.00,684,valid,317
3D Lotto,9PM,2016-11-17,3-3-6,3,3,6,4500.00,838,valid,318
3D Lotto,9PM,2016-11-18,3-1-7,3,1,7,4500.00,1405,valid,319
3D Lotto,9PM,2016-11-19,3-9-6,3,9,6,4500.00,706,valid,320
3D Lotto,9PM,2016-11-20,2-0-8,2,0,8,4500.00,1344,valid,321
3D Lotto,9PM,2016-11-21,4-7-0,4,7,0,4500.00,562,valid,322
3D Lotto,9PM,2016-11-22,2-8-0,2,8,0,4500.00,974,valid,323
3D Lotto,9PM,2016-11-23,8-4-5,8,4,5,4500.00,909,valid,324
3D Lotto,9PM,2016-11-24,4-7-8,4,7,8,4500.00,1000,valid,325
3D Lotto,9PM,2016-11-25,7-5-2,7,5,2,4500.00,868,valid,326
3D Lotto,9PM,2016-11-26,4-2-3,4,2,3,4500.00,662,valid,327
3D Lotto,9PM,2016-11-27,4-9-8,4,9,8,4500.00,404,valid,328
3D Lotto,9PM,2016-11-28,0-8-1,0,8,1,4500.00,409,valid,329
3D Lotto,9PM,2016-11-29,8-4-1,8,4,1,4500.00,1229,valid,330
3D Lotto,9PM,2016-11-30,0-1-4,0,1,4,4500.00,1272,valid,331
3D Lotto,9PM,2016-12-01,3-2-4,3,2,4,4500.00,637,valid,332
3D Lotto,9PM,2016-12-02,1-7-5,1,7,5,4500.00,1419,valid,333
3D Lotto,9PM,2016-12-03,0-0-9,0,0,9,4500.00,480,valid,334
3D Lotto,9PM,2016-12-04,2-6-0,2,6,0,4500.00,1065,valid,335
3D Lotto,9PM,2016-12-05,1-2-0,1,2,0,4500.00,1349,valid,336
3D Lotto,9PM,2016-12-06,9-6-8,9,6,8,4500.00,418,valid,337
3D Lotto,9PM,2016-12-07,2-1-1,2,1,1,4500.00,1369,valid,338
3D Lotto,9PM,2016-12-08,6-3-4,6,3,4,4500.00,874,valid,339
3D Lotto,9PM,2016-12-09,7-6-9,7,6,9,4500.00,960,valid,340
3D Lotto,9PM,2016-12-10,7-2-4,7,2,4,4500.00,1278,valid,341
3D Lotto,9PM,2016-12-11,3-2-1,3,2,1,4500.00,891,valid,342
3D Lotto,9PM,2016-12-12,4-5-1,4,5,1,4500.00,1137,valid,343
3D Lotto,9PM,2016-12-13,9-9-7,9,9,7,4500.00,488,valid,344
3D Lotto,9PM,2016-12-14,4-2-3,4,2,3,4500.00,551,valid,345
3D Lotto,9PM,2016-12-15,0-0-7,0,0,7,4500.00,502,valid,346
3D Lotto,9PM,2016-12-16,4-4-8,4,4,8,4500.00,1205,valid,347
3D Lotto,9PM,2016-12-17,4-2-3,4,2,3,4500.00,470,valid,348
3D Lotto,9PM,2016-12-18,2-2-2,2,2,2,4500.00,1222,valid,349
3D Lotto,9PM,2016-12-19,4-5-6,4,5,6,4500.00,592,valid,350
3D Lotto,9PM,2016-12-20,5-0-5,5,0,5,4500.00,902,valid,351
3D Lotto,9PM,2016-12-21,6-7-0,6,7,0,4500.00,557,valid,352
3D Lotto,9PM,2016-12-22,3-2-5,3,2,5,4500.00,1488,valid,353
3D Lotto,9PM,2016-12-23,7-6-0,7,6,0,4500.00,443,valid,354
3D Lotto,9PM,2016-12-24,7-9-5,7,9,5,4500.00,833,valid,355
3D Lotto,9PM,2016-12-26,7-0-1,7,0,1,4500.00,1038,valid,356
3D Lotto,9PM,2016-12-27,0-1-8,0,1,8,4500.00,797,valid,357
3D Lotto,9PM,2016-12-28,2-5-7,2,5,7,4500.00,1038,valid,358
3D Lotto,9PM,2016-12-29,1-1-6,1,1,6,4500.00,1487,valid,359
3D Lotto,9PM,2016-12-30,1-4-6,1,4,6,4500.00,1038,valid,360
3D Lotto,9PM,2016-12-31,0-4-0,0,4,0,4500.00,540,valid,361
3D Lotto,9PM,2017-01-02,8-9-9,8,9,9,4500.00,785,valid,362
3D Lotto,9PM,2017-01-03,9-7-1,9,7,1,4500.00,542,valid,363
3D Lotto,9PM,2017-01-04,2-1-6,2,1,6,4500.00,1375,valid,364
3D Lotto,9PM,2017-01-05,3-0-1,3,0,1,4500.00,1023,valid,365
3D Lotto,9PM,2017-01-06,0-2-9,0,2,9,4500.00,669,valid,366
3D Lotto,9PM,2017-01-07,9-5-9,9,5,9,4500.00,494,valid,367
3D Lotto,9PM,2017-01-08,8-6-6,8,6,6,4500.00,616,valid,368
3D Lotto,9PM,2017-01-09,6-0-8,6,0,8,4500.00,1011,valid,369
3D Lotto,9PM,2017-01-10,5-1-0,5,1,0,4500.00,1173,valid,370
3D Lotto,9PM,2017-01-11,7-4-8,7,4,8,4500.00,911,valid,371
3D Lotto,9PM,2017-01-12,1-5-9,1,5,9,4500.00,1174,valid,372
3D Lotto,9PM,2017-01-13,8-8-8,8,8,8,4500.00,1272,valid,373
3D Lotto,9PM,2017-01-14,1-6-3,1,6,3,4500.00,1286,valid,374
3D Lotto,9PM,2017-01-15,2-1-8,2,1,8,4500.00,1094,valid,375
3D Lotto,9PM,2017-01-16,1-9-2,1,9,2,4500.00,1225,valid,376
3D Lotto,9PM,2017-01-17,9-5-0,9,5,0,4500.00,494,valid,377
3D Lotto,9PM,2017-01-18,2-1-5,2,1,5,4500.00,1206,valid,378
3D Lotto,9PM,2017-01-19,8-0-9,8,0,9,4500.00,1118,valid,379
3D Lotto,9PM,2017-01-20,8-6-3,8,6,3,4500.00,844,valid,380
3D Lotto,9PM,2017-01-21,4-3-6,4,3,6,4500.00,703,valid,381
3D Lotto,9PM,2017-01-22,3-0-8,3,0,8,4500.00,1139,valid,382
3D Lotto,9PM,2017-01-23,5-8-3,5,8,3,4500.00,740,valid,383
3D Lotto,9PM,2017-01-24,8-0-6,8,0,6,4500.00,1013,valid,384
3D Lotto,9PM,2017-01-25,5-0-9,5,0,9,4500.00,831,valid,385
3D Lotto,9PM,2017-01-26,4-8-1,4,8,1,4500.00,1371,valid,386
3D Lotto,9PM,2017-01-27,3-4-7,3,4,7,4500.00,1292,valid,387
3D Lotto,9PM,2017-01-28,0-7-4,0,7,4,4500.00,415,valid,388
3D Lotto,9PM,2017-01-29,1-1-3,1,1,3,4500.00,1315,valid,389
3D Lotto,9PM,2017-01-30,7-1-6,7,1,6,4500.00,1284,valid,390
3D Lotto,9PM,2017-01-31,2-1-9,2,1,9,4500.00,1304,valid,391
3D Lotto,9PM,2017-02-01,2-8-7,2,8,7,4500.00,936,valid,392
3D Lotto,9PM,2017-02-02,7-2-0,7,2,0,4500.00,1196,valid,393
3D Lotto,9PM,2017-02-03,3-6-6,3,6,6,4500.00,585,valid,394
3D Lotto,9PM,2017-02-04,5-7-3,5,7,3,4500.00,895,valid,395
3D Lotto,9PM,2017-02-05,7-1-8,7,1,8,4500.00,1120,valid,396
3D Lotto,9PM,2017-02-06,6-4-6,6,4,6,4500.00,794,valid,397
3D Lotto,9PM,2017-02-07,6-5-3,6,5,3,4500.00,852,valid,398
3D Lotto,9PM,2017-02-08,4-4-2,4,4,2,4500.00,560,valid,399
3D Lotto,9PM,2017-02-09,3-1-6,3,1,6,4500.00,973,valid,400
3D Lotto,9PM,2017-02-10,6-7-7,6,7,7,4500.00,537,valid,401
3D Lotto,9PM,2017-02-11,5-4-6,5,4,6,4500.00,727,valid,402
3D Lotto,9PM,2017-02-12,0-2-3,0,2,3,4500.00,1004,valid,403
3D Lotto,9PM,2017-02-13,2-8-3,2,8,3,4500.00,867,valid,404
3D Lotto,9PM,2017-02-14,5-4-4,5,4,4,4500.00,922,valid,405
3D Lotto,9PM,2017-02-15,0-8-8,0,8,8,4500.00,567,valid,406
3D Lotto,9PM,2017-02-16,5-6-7,5,6,7,4500.00,406,valid,407
3D Lotto,9PM,2017-02-17,2-5-0,2,5,0,4500.00,1618,valid,408
3D Lotto,9PM,2017-02-18,0-7-6,0,7,6,4500.00,1194,valid,409
3D Lotto,9PM,2017-02-19,8-7-9,8,7,9,4500.00,868,valid,410
3D Lotto,9PM,2017-02-20,0-2-9,0,2,9,4500.00,772,valid,411
3D Lotto,9PM,2017-02-21,8-1-9,8,1,9,4500.00,1583,valid,412
3D Lotto,9PM,2017-02-22,7-5-7,7,5,7,4500.00,827,valid,413
3D Lotto,9PM,2017-02-23,8-6-0,8,6,0,4500.00,1193,valid,414
3D Lotto,9PM,2017-02-24,6-8-6,6,8,6,4500.00,1617,valid,415
3D Lotto,9PM,2017-02-25,8-5-0,8,5,0,4500.00,730,valid,416
3D Lotto,9PM,2017-02-26,2-4-2,2,4,2,4500.00,1464,valid,417
3D Lotto,9PM,2017-02-27,4-0-8,4,0,8,4500.00,1578,valid,418
3D Lotto,9PM,2017-02-28,7-4-6,7,4,6,4500.00,1666,valid,419
3D Lotto,9PM,2017-03-01,2-9-5,2,9,5,4500.00,778,valid,420
3D Lotto,9PM,2017-03-02,8-7-2,8,7,2,4500.00,897,valid,421
3D Lotto,9PM,2017-03-03,4-4-5,4,4,5,4500.00,1046,valid,422
3D Lotto,9PM,2017-03-04,0-9-9,0,9,9,4500.00,813,valid,423
3D Lotto,9PM,2017-03-05,8-6-2,8,6,2,4500.00,904,valid,424
3D Lotto,9PM,2017-03-06,6-9-8,6,9,8,4500.00,877,valid,425
3D Lotto,9PM,2017-03-07,4-9-4,4,9,4,4500.00,557,valid,426
3D Lotto,9PM,2017-03-08,1-5-3,1,5,3,4500.00,1483,valid,427
3D Lotto,9PM,2017-03-09,0-5-2,0,5,2,4500.00,572,valid,428
3D Lotto,9PM,2017-03-10,5-2-5,5,2,5,4500.00,1449,valid,429
3D Lotto,9PM,2017-03-11,5-7-7,5,7,7,4500.00,878,valid,430
3D Lotto,9PM,2017-03-12,8-8-1,8,8,1,4500.00,1003,valid,431
3D Lotto,9PM,2017-03-13,0-5-6,0,5,6,4500.00,588,valid,432
3D Lotto,9PM,2017-03-14,4-7-6,4,7,6,4500.00,877,valid,433
3D Lotto,9PM,2017-03-15,1-5-2,1,5,2,4500.00,978,valid,434
3D Lotto,9PM,2017-03-16,4-6-8,4,6,8,4500.00,885,valid,435
3D Lotto,9PM,2017-03-17,7-2-7,7,2,7,4500.00,1537,valid,436
3D Lotto,9PM,2017-03-18,1-2-6,1,2,6,4500.00,1133,valid,437
3D Lotto,9PM,2017-03-19,4-7-5,4,7,5,4500.00,1130,valid,438
3D Lotto,9PM,2017-03-20,1-4-7,1,4,7,4500.00,1461,valid,439
3D Lotto,9PM,2017-03-21,4-2-9,4,2,9,4500.00,1503,valid,440
3D Lotto,9PM,2017-03-22,5-0-7,5,0,7,4500.00,1220,valid,441
3D Lotto,9PM,2017-03-23,7-0-5,7,0,5,4500.00,1137,valid,442
3D Lotto,9PM,2017-03-24,2-5-8,2,5,8,4500.00,1497,valid,443
3D Lotto,9PM,2017-03-25,2-7-9,2,7,9,4500.00,1208,valid,444
3D Lotto,9PM,2017-03-26,7-6-2,7,6,2,4500.00,708,valid,445
3D Lotto,9PM,2017-03-27,8-8-5,8,8,5,4500.00,658,valid,446
3D Lotto,9PM,2017-03-28,3-2-1,3,2,1,4500.00,1491,valid,447
3D Lotto,9PM,2017-03-29,1-0-8,1,0,8,4500.00,1483,valid,448
3D Lotto,9PM,2017-03-30,3-6-5,3,6,5,4500.00,1208,valid,449
3D Lotto,9PM,2017-03-31,9-4-5,9,4,5,4500.00,1268,valid,450
3D Lotto,9PM,2017-04-01,6-8-2,6,8,2,4500.00,767,valid,451
3D Lotto,9PM,2017-04-02,5-0-6,5,0,6,4500.00,942,valid,452
3D Lotto,9PM,2017-04-03,0-4-4,0,4,4,4500.00,891,valid,453
3D Lotto,9PM,2017-04-04,4-7-9,4,7,9,4500.00,1380,valid,454
3D Lotto,9PM,2017-04-05,6-5-8,6,5,8,4500.00,1038,valid,455
3D Lotto,9PM,2017-04-06,5-4-5,5,4,5,4500.00,710,valid,456
3D Lotto,9PM,2017-04-07,1-5-0,1,5,0,4500.00,1469,valid,457
3D Lotto,9PM,2017-04-08,4-0-7,4,0,7,4500.00,1496,valid,458
3D Lotto,9PM,2017-04-09,4-1-6,4,1,6,4500.00,1425,valid,459
3D Lotto,9PM,2017-04-10,5-2-5,5,2,5,4500.00,1390,valid,460
3D Lotto,9PM,2017-04-11,2-7-2,2,7,2,4500.00,1123,valid,461
3D Lotto,9PM,2017-04-12,1-6-9,1,6,9,4500.00,1547,valid,462
3D Lotto,9PM,2017-04-17,4-2-1,4,2,1,4500.00,1344,valid,463
3D Lotto,9PM,2017-04-18,2-7-7,2,7,7,4500.00,641,valid,464
3D Lotto,9PM,2017-04-19,0-5-5,0,5,5,4500.00,612,valid,465
3D Lotto,9PM,2017-04-20,0-2-1,0,2,1,4500.00,846,valid,466
3D Lotto,9PM,2017-04-21,2-8-2,2,8,2,4500.00,487,valid,467
3D Lotto,9PM,2017-04-22,6-0-1,6,0,1,4500.00,1126,valid,468
3D Lotto,9PM,2017-04-23,4-0-4,4,0,4,4500.00,1201,valid,469
3D Lotto,9PM,2017-04-24,2-2-9,2,2,9,4500.00,1377,valid,470
3D Lotto,9PM,2017-04-25,6-2-0,6,2,0,4500.00,1064,valid,471
3D Lotto,9PM,2017-04-26,7-4-4,7,4,4,4500.00,1240,valid,472
3D Lotto,9PM,2017-04-27,8-9-0,8,9,0,4500.00,692,valid,473
3D Lotto,9PM,2017-04-28,0-0-3,0,0,3,4500.00,533,valid,474
3D Lotto,9PM,2017-04-29,1-7-0,1,7,0,4500.00,1321,valid,475
3D Lotto,9PM,2017-04-30,2-8-5,2,8,5,4500.00,1117,valid,476
3D Lotto,9PM,2017-05-01,4-8-8,4,8,8,4500.00,639,valid,477
3D Lotto,9PM,2017-05-02,1-1-3,1,1,3,4500.00,1324,valid,478
3D Lotto,9PM,2017-05-03,0-3-7,0,3,7,4500.00,776,valid,479
3D Lotto,9PM,2017-05-04,8-5-4,8,5,4,4500.00,825,valid,480
3D Lotto,9PM,2017-05-05,2-8-6,2,8,6,4500.00,917,valid,481
3D Lotto,9PM,2017-05-06,2-4-8,2,4,8,4500.00,1380,valid,482
3D Lotto,9PM,2017-05-07,8-3-0,8,3,0,4500.00,455,valid,483
3D Lotto,9PM,2017-05-08,2-5-0,2,5,0,4500.00,1304,valid,484
3D Lotto,9PM,2017-05-09,7-4-7,7,4,7,4500.00,1269,valid,485
3D Lotto,9PM,2017-05-10,7-4-7,7,4,7,4500.00,256,valid,486
3D Lotto,9PM,2017-05-11,3-2-3,3,2,3,4500.00,1235,valid,487
3D Lotto,9PM,2017-05-12,3-8-1,3,8,1,4500.00,735,valid,488
3D Lotto,9PM,2017-05-13,3-6-9,3,6,9,4500.00,1003,valid,489
3D Lotto,9PM,2017-05-14,6-9-6,6,9,6,4500.00,385,valid,490
3D Lotto,9PM,2017-05-15,9-7-1,9,7,1,4500.00,854,valid,491
3D Lotto,9PM,2017-05-16,7-7-5,7,7,5,4500.00,644,valid,492
3D Lotto,9PM,2017-05-17,7-0-3,7,0,3,4500.00,914,valid,493
3D Lotto,9PM,2017-05-18,6-9-0,6,9,0,4500.00,1087,valid,494
3D Lotto,9PM,2017-05-19,8-2-4,8,2,4,4500.00,905,valid,495
3D Lotto,9PM,2017-05-20,6-0-9,6,0,9,4500.00,690,valid,496
3D Lotto,9PM,2017-05-21,7-2-1,7,2,1,4500.00,1234,valid,497
3D Lotto,9PM,2017-05-22,2-0-2,2,0,2,4500.00,1384,valid,498
3D Lotto,9PM,2017-05-23,0-5-3,0,5,3,4500.00,577,valid,499
3D Lotto,9PM,2017-05-24,9-7-3,9,7,3,4500.00,902,valid,500
3D Lotto,9PM,2017-05-25,1-4-8,1,4,8,4500.00,1328,valid,501
3D Lotto,9PM,2017-05-26,7-3-1,7,3,1,4500.00,1150,valid,502
3D Lotto,9PM,2017-05-27,7-4-6,7,4,6,4500.00,1017,valid,503
3D Lotto,9PM,2017-05-28,1-3-3,1,3,3,4500.00,1140,valid,504
3D Lotto,9PM,2017-05-29,8-6-8,8,6,8,4500.00,609,valid,505
3D Lotto,9PM,2017-05-30,7-4-7,7,4,7,4500.00,1350,valid,506
3D Lotto,9PM,2017-05-31,0-4-8,0,4,8,4500.00,438,valid,507
3D Lotto,9PM,2017-06-01,7-9-9,7,9,9,4500.00,411,valid,508
3D Lotto,9PM,2017-06-02,3-5-4,3,5,4,4500.00,759,valid,509
3D Lotto,9PM,2017-06-03,9-4-3,9,4,3,4500.00,821,valid,510
3D Lotto,9PM,2017-06-04,1-7-9,1,7,9,4500.00,986,valid,511
3D Lotto,9PM,2017-06-05,3-8-1,3,8,1,4500.00,1334,valid,512
3D Lotto,9PM,2017-06-06,6-6-3,6,6,3,4500.00,789,valid,513
3D Lotto,9PM,2017-06-07,9-0-6,9,0,6,4500.00,757,valid,514
3D Lotto,9PM,2017-06-08,5-7-9,5,7,9,4500.00,1201,valid,515
3D Lotto,9PM,2017-06-09,0-8-4,0,8,4,4500.00,255,valid,516
3D Lotto,9PM,2017-06-10,6-8-7,6,8,7,4500.00,1055,valid,517
3D Lotto,9PM,2017-06-11,0-0-2,0,0,2,4500.00,394,valid,518
3D Lotto,9PM,2017-06-12,4-0-2,4,0,2,4500.00,1146,valid,519
3D Lotto,9PM,2017-06-13,1-2-1,1,2,1,4500.00,1214,valid,520
3D Lotto,9PM,2017-06-14,0-8-6,0,8,6,4500.00,528,valid,521
3D Lotto,9PM,2017-06-15,0-2-2,0,2,2,4500.00,838,valid,522
3D Lotto,9PM,2017-06-16,7-4-3,7,4,3,4500.00,1000,valid,523
3D Lotto,9PM,2017-06-17,6-7-8,6,7,8,4500.00,371,valid,524
3D Lotto,9PM,2017-06-18,4-4-1,4,4,1,4500.00,801,valid,525
3D Lotto,9PM,2017-06-19,6-7-8,6,7,8,4500.00,234,valid,526
3D Lotto,9PM,2017-06-20,0-8-8,0,8,8,4500.00,601,valid,527
3D Lotto,9PM,2017-06-21,8-3-2,8,3,2,4500.00,912,valid,528
3D Lotto,9PM,2017-06-22,2-0-5,2,0,5,4500.00,953,valid,529
3D Lotto,9PM,2017-06-23,8-5-6,8,5,6,4500.00,836,valid,530
3D Lotto,9PM,2017-06-24,8-9-4,8,9,4,4500.00,391,valid,531
3D Lotto,9PM,2017-06-25,0-6-4,0,6,4,4500.00,206,valid,532
3D Lotto,9PM,2017-06-26,6-2-9,6,2,9,4500.00,1268,valid,533
3D Lotto,9PM,2017-06-27,2-3-9,2,3,9,4500.00,757,valid,534
3D Lotto,9PM,2017-06-28,4-6-7,4,6,7,4500.00,535,valid,535
3D Lotto,9PM,2017-06-29,6-8-3,6,8,3,4500.00,566,valid,536
3D Lotto,9PM,2017-06-30,9-7-0,9,7,0,4500.00,710,valid,537
3D Lotto,9PM,2017-07-01,6-2-7,6,2,7,4500.00,1354,valid,538
3D Lotto,9PM,2017-07-02,8-1-6,8,1,6,4500.00,1116,valid,539
3D Lotto,9PM,2017-07-03,6-4-4,6,4,4,4500.00,1029,valid,540
3D Lotto,9PM,2017-07-04,9-0-8,9,0,8,4500.00,809,valid,541
3D Lotto,9PM,2017-07-05,9-1-2,9,1,2,4500.00,1044,valid,542
3D Lotto,9PM,2017-07-06,9-8-8,9,8,8,4500.00,783,valid,543
3D Lotto,9PM,2017-07-07,4-0-5,4,0,5,4500.00,867,valid,544
3D Lotto,9PM,2017-07-08,7-5-9,7,5,9,4500.00,651,valid,545
3D Lotto,9PM,2017-07-09,3-3-8,3,3,8,4500.00,816,valid,546
3D Lotto,9PM,2017-07-10,5-1-3,5,1,3,4500.00,1215,valid,547
3D Lotto,9PM,2017-07-11,5-5-1,5,5,1,4500.00,720,valid,548
3D Lotto,9PM,2017-07-12,5-0-9,5,0,9,4500.00,1054,valid,549
3D Lotto,9PM,2017-07-13,4-6-8,4,6,8,4500.00,867,valid,550
3D Lotto,9PM,2017-07-14,2-3-3,2,3,3,4500.00,497,valid,551
3D Lotto,9PM,2017-07-15,8-9-3,8,9,3,4500.00,395,valid,552
3D Lotto,9PM,2017-07-16,7-2-9,7,2,9,4500.00,1266,valid,553
3D Lotto,9PM,2017-07-17,0-2-7,0,2,7,4500.00,1097,valid,554
3D Lotto,9PM,2017-07-18,2-6-5,2,6,5,4500.00,796,valid,555
3D Lotto,9PM,2017-07-19,4-7-4,4,7,4,4500.00,761,valid,556
3D Lotto,9PM,2017-07-20,6-0-4,6,0,4,4500.00,695,valid,557
3D Lotto,9PM,2017-07-21,0-9-3,0,9,3,4500.00,501,valid,558
3D Lotto,9PM,2017-07-22,2-6-7,2,6,7,4500.00,736,valid,559
3D Lotto,9PM,2017-07-23,3-4-0,3,4,0,4500.00,828,valid,560
3D Lotto,9PM,2017-07-24,5-0-1,5,0,1,4500.00,1273,valid,561
3D Lotto,9PM,2017-07-25,8-3-6,8,3,6,4500.00,876,valid,562
3D Lotto,9PM,2017-07-26,6-6-3,6,6,3,4500.00,498,valid,563
3D Lotto,9PM,2017-07-27,5-1-8,5,1,8,4500.00,1316,valid,564
3D Lotto,9PM,2017-07-28,5-1-9,5,1,9,4500.00,1331,valid,565
3D Lotto,9PM,2017-07-29,0-7-9,0,7,9,4500.00,477,valid,566
3D Lotto,9PM,2017-07-30,0-9-2,0,9,2,4500.00,440,valid,567
3D Lotto,9PM,2017-07-31,3-4-4,3,4,4,4500.00,1007,valid,568
3D Lotto,9PM,2017-08-01,5-5-8,5,5,8,4500.00,1210,valid,569
3D Lotto,9PM,2017-08-02,3-1-2,3,1,2,4500.00,1368,valid,570
3D Lotto,9PM,2017-08-03,1-1-7,1,1,7,4500.00,1421,valid,571
3D Lotto,9PM,2017-08-04,9-0-5,9,0,5,4500.00,1005,valid,572
3D Lotto,9PM,2017-08-05,1-3-1,1,3,1,4500.00,1444,valid,573
3D Lotto,9PM,2017-08-06,7-0-0,7,0,0,4500.00,914,valid,574
3D Lotto,9PM,2017-08-07,7-0-0,7,0,0,4500.00,337,valid,575
3D Lotto,9PM,2017-08-08,5-4-1,5,4,1,4500.00,1118,valid,576
3D Lotto,9PM,2017-08-09,7-3-8,7,3,8,4500.00,762,valid,577
3D Lotto,9PM,2017-08-10,9-3-3,9,3,3,4500.00,1384,valid,578
3D Lotto,9PM,2017-08-11,1-6-4,1,6,4,4500.00,1120,valid,579
3D Lotto,9PM,2017-08-12,7-6-6,7,6,6,4500.00,524,valid,580
3D Lotto,9PM,2017-08-13,9-7-4,9,7,4,4500.00,578,valid,581
3D Lotto,9PM,2017-08-14,6-6-2,6,6,2,4500.00,684,valid,582
3D Lotto,9PM,2017-08-15,1-5-8,1,5,8,4500.00,1394,valid,583
3D Lotto,9PM,2017-08-16,2-7-2,2,7,2,4500.00,953,valid,584
3D Lotto,9PM,2017-08-17,7-5-4,7,5,4,4500.00,1234,valid,585
3D Lotto,9PM,2017-08-18,5-2-6,5,2,6,4500.00,1380,valid,586
3D Lotto,9PM,2017-08-19,7-6-0,7,6,0,4500.00,859,valid,587
3D Lotto,9PM,2017-08-20,2-6-6,2,6,6,4500.00,877,valid,588
3D Lotto,9PM,2017-08-21,8-1-0,8,1,0,4500.00,1154,valid,589
3D Lotto,9PM,2017-08-22,9-9-8,9,9,8,4500.00,894,valid,590
3D Lotto,9PM,2017-08-23,1-1-1,1,1,1,4500.00,1238,valid,591
3D Lotto,9PM,2017-08-24,9-9-9,9,9,9,4500.00,1210,valid,592
3D Lotto,9PM,2017-08-25,2-6-2,2,6,2,4500.00,575,valid,593
3D Lotto,9PM,2017-08-26,5-0-2,5,0,2,4500.00,1342,valid,594
3D Lotto,9PM,2017-08-27,6-7-7,6,7,7,4500.00,658,valid,595
3D Lotto,9PM,2017-08-28,0-8-7,0,8,7,4500.00,416,valid,596
3D Lotto,9PM,2017-08-29,0-7-8,0,7,8,4500.00,336,valid,597
3D Lotto,9PM,2017-08-30,3-4-8,3,4,8,4500.00,583,valid,598
3D Lotto,9PM,2017-08-31,4-2-3,4,2,3,4500.00,906,valid,599
3D Lotto,9PM,2017-09-01,6-4-1,6,4,1,4500.00,605,valid,600
3D Lotto,9PM,2017-09-02,1-0-0,1,0,0,4500.00,1373,valid,601
3D Lotto,9PM,2017-09-03,8-9-8,8,9,8,4500.00,717,valid,602
3D Lotto,9PM,2017-09-04,9-1-2,9,1,2,4500.00,1359,valid,603
3D Lotto,9PM,2017-09-05,8-5-7,8,5,7,4500.00,755,valid,604
3D Lotto,9PM,2017-09-06,5-6-1,5,6,1,4500.00,1427,valid,605
3D Lotto,9PM,2017-09-07,3-7-7,3,7,7,4500.00,846,valid,606
3D Lotto,9PM,2017-09-08,1-6-8,1,6,8,4500.00,1419,valid,607
3D Lotto,9PM,2017-09-09,8-4-2,8,4,2,4500.00,726,valid,608
3D Lotto,9PM,2017-09-10,9-7-3,9,7,3,4500.00,1117,valid,609
3D Lotto,9PM,2017-09-11,6-1-9,6,1,9,4500.00,1346,valid,610
3D Lotto,9PM,2017-09-12,3-2-5,3,2,5,4500.00,1358,valid,611
3D Lotto,9PM,2017-09-13,4-2-0,4,2,0,4500.00,1133,valid,612
3D Lotto,9PM,2017-09-14,2-9-5,2,9,5,4500.00,351,valid,613
3D Lotto,9PM,2017-09-15,3-1-3,3,1,3,4500.00,1429,valid,614
3D Lotto,9PM,2017-09-16,6-0-4,6,0,4,4500.00,589,valid,615
3D Lotto,9PM,2017-09-17,2-4-5,2,4,5,4500.00,687,valid,616
3D Lotto,9PM,2017-09-18,1-8-9,1,8,9,4500.00,1378,valid,617
3D Lotto,9PM,2017-09-19,4-1-7,4,1,7,4500.00,895,valid,618
3D Lotto,9PM,2017-09-20,6-9-8,6,9,8,4500.00,463,valid,619
3D Lotto,9PM,2017-09-21,5-6-2,5,6,2,4500.00,1043,valid,620
3D Lotto,9PM,2017-09-22,0-5-1,0,5,1,4500.00,917,valid,621
3D Lotto,9PM,2017-09-23,3-6-9,3,6,9,4500.00,1425,valid,622
3D Lotto,9PM,2017-09-24,9-4-6,9,4,6,4500.00,771,valid,623
3D Lotto,9PM,2017-09-25,7-8-1,7,8,1,4500.00,660,valid,624
3D Lotto,9PM,2017-09-26,4-1-4,4,1,4,4500.00,861,valid,625
3D Lotto,9PM,2017-09-27,9-7-5,9,7,5,4500.00,1273,valid,626
3D Lotto,9PM,2017-09-28,8-3-1,8,3,1,4500.00,772,valid,627
3D Lotto,9PM,2017-09-29,1-2-9,1,2,9,4500.00,1391,valid,628
3D Lotto,9PM,2017-09-30,7-3-3,7,3,3,4500.00,911,valid,629
3D Lotto,9PM,2017-10-01,4-7-3,4,7,3,4500.00,1048,valid,630
3D Lotto,9PM,2017-10-02,3-1-2,3,1,2,4500.00,1393,valid,631
3D Lotto,9PM,2017-10-03,2-1-6,2,1,6,4500.00,1390,valid,632
3D Lotto,9PM,2017-10-04,5-0-5,5,0,5,4500.00,1180,valid,633
3D Lotto,9PM,2017-10-05,6-8-9,6,8,9,4500.00,762,valid,634
3D Lotto,9PM,2017-10-06,7-0-7,7,0,7,4500.00,1364,valid,635
3D Lotto,9PM,2017-10-07,8-5-5,8,5,5,4500.00,429,valid,636
3D Lotto,9PM,2017-10-08,1-3-5,1,3,5,4500.00,1301,valid,637
3D Lotto,9PM,2017-10-09,5-7-1,5,7,1,4500.00,879,valid,638
3D Lotto,9PM,2017-10-10,1-4-0,1,4,0,4500.00,1364,valid,639
3D Lotto,9PM,2017-10-11,1-0-0,1,0,0,4500.00,1373,valid,640
3D Lotto,9PM,2017-10-12,5-2-0,5,2,0,4500.00,1401,valid,641
3D Lotto,9PM,2017-10-13,6-0-4,6,0,4,4500.00,787,valid,642
3D Lotto,9PM,2017-10-14,7-0-0,7,0,0,4500.00,1123,valid,643
3D Lotto,9PM,2017-10-15,5-7-4,5,7,4,4500.00,1082,valid,644
3D Lotto,9PM,2017-10-16,0-3-4,0,3,4,4500.00,278,valid,645
3D Lotto,9PM,2017-10-17,5-8-8,5,8,8,4500.00,1106,valid,646
3D Lotto,9PM,2017-10-18,4-2-0,4,2,0,4500.00,799,valid,647
3D Lotto,9PM,2017-10-19,4-2-4,4,2,4,4500.00,1334,valid,648
3D Lotto,9PM,2017-10-20,6-2-1,6,2,1,4500.00,1159,valid,649
3D Lotto,9PM,2017-10-21,2-3-8,2,3,8,4500.00,1005,valid,650
3D Lotto,9PM,2017-10-22,6-8-0,6,8,0,4500.00,494,valid,651
3D Lotto,9PM,2017-10-23,2-5-3,2,5,3,4500.00,962,valid,652
3D Lotto,9PM,2017-10-24,6-9-1,6,9,1,4500.00,687,valid,653
3D Lotto,9PM,2017-10-25,7-3-0,7,3,0,4500.00,1362,valid,654
3D Lotto,9PM,2017-10-26,3-1-6,3,1,6,4500.00,1377,valid,655
3D Lotto,9PM,2017-10-27,8-6-4,8,6,4,4500.00,523,valid,656
3D Lotto,9PM,2017-10-28,1-3-1,1,3,1,4500.00,1397,valid,657
3D Lotto,9PM,2017-10-29,2-9-8,2,9,8,4500.00,858,valid,658
3D Lotto,9PM,2017-10-30,5-1-5,5,1,5,4500.00,1231,valid,659
3D Lotto,9PM,2017-10-31,0-7-2,0,7,2,4500.00,704,valid,660
3D Lotto,9PM,2017-11-01,4-1-1,4,1,1,4500.00,949,valid,661
3D Lotto,9PM,2017-11-02,7-2-4,7,2,4,4500.00,1421,valid,662
3D Lotto,9PM,2017-11-03,4-6-5,4,6,5,4500.00,981,valid,663
3D Lotto,9PM,2017-11-04,8-5-8,8,5,8,4500.00,749,valid,664
3D Lotto,9PM,2017-11-05,9-1-6,9,1,6,4500.00,951,valid,665
3D Lotto,9PM,2017-11-06,2-1-9,2,1,9,4500.00,1367,valid,666
3D Lotto,9PM,2017-11-07,1-4-2,1,4,2,4500.00,791,valid,667
3D Lotto,9PM,2017-11-08,0-6-0,0,6,0,4500.00,292,valid,668
3D Lotto,9PM,2017-11-09,7-2-0,7,2,0,4500.00,1272,valid,669
3D Lotto,9PM,2017-11-10,7-2-2,7,2,2,4500.00,1199,valid,670
3D Lotto,9PM,2017-11-11,9-9-2,9,9,2,4500.00,701,valid,671
3D Lotto,9PM,2017-11-12,6-3-6,6,3,6,4500.00,734,valid,672
3D Lotto,9PM,2017-11-13,2-4-2,2,4,2,4500.00,1042,valid,673
3D Lotto,9PM,2017-11-14,0-8-3,0,8,3,4500.00,471,valid,674
3D Lotto,9PM,2017-11-15,8-2-2,8,2,2,4500.00,792,valid,675
3D Lotto,9PM,2017-11-16,3-9-8,3,9,8,4500.00,452,valid,676
3D Lotto,9PM,2017-11-17,1-1-0,1,1,0,4500.00,1384,valid,677
3D Lotto,9PM,2017-11-18,0-3-4,0,3,4,4500.00,433,valid,678
3D Lotto,9PM,2017-11-19,8-6-3,8,6,3,4500.00,680,valid,679
3D Lotto,9PM,2017-11-20,7-7-4,7,7,4,4500.00,748,valid,680
3D Lotto,9PM,2017-11-21,6-1-8,6,1,8,4500.00,879,valid,681
3D Lotto,9PM,2017-11-22,5-7-7,5,7,7,4500.00,556,valid,682
3D Lotto,9PM,2017-11-23,0-5-9,0,5,9,4500.00,704,valid,683
3D Lotto,9PM,2017-11-24,3-6-7,3,6,7,4500.00,823,valid,684
3D Lotto,9PM,2017-11-25,5-4-5,5,4,5,4500.00,867,valid,685
3D Lotto,9PM,2017-11-26,7-4-1,7,4,1,4500.00,1268,valid,686
3D Lotto,9PM,2017-11-27,4-5-5,4,5,5,4500.00,599,valid,687
3D Lotto,9PM,2017-11-28,9-1-9,9,1,9,4500.00,918,valid,688
3D Lotto,9PM,2017-11-29,9-1-9,9,1,9,4500.00,633,valid,689
3D Lotto,9PM,2017-11-30,1-9-3,1,9,3,4500.00,1325,valid,690
3D Lotto,9PM,2017-12-01,5-9-1,5,9,1,4500.00,810,valid,691
3D Lotto,9PM,2017-12-02,6-9-9,6,9,9,4500.00,1053,valid,692
3D Lotto,9PM,2017-12-03,0-1-7,0,1,7,4500.00,984,valid,693
3D Lotto,9PM,2017-12-04,4-5-8,4,5,8,4500.00,1191,valid,694
3D Lotto,9PM,2017-12-05,2-8-3,2,8,3,4500.00,789,valid,695
3D Lotto,9PM,2017-12-06,1-4-0,1,4,0,4500.00,1084,valid,696
3D Lotto,9PM,2017-12-07,8-7-0,8,7,0,4500.00,570,valid,697
3D Lotto,9PM,2017-12-08,0-8-1,0,8,1,4500.00,981,valid,698
3D Lotto,9PM,2017-12-09,3-4-8,3,4,8,4500.00,901,valid,699
3D Lotto,9PM,2017-12-10,5-7-3,5,7,3,4500.00,969,valid,700
3D Lotto,9PM,2017-12-11,8-6-3,8,6,3,4500.00,506,valid,701
3D Lotto,9PM,2017-12-12,4-5-5,4,5,5,4500.00,538,valid,702
3D Lotto,9PM,2017-12-13,8-2-2,8,2,2,4500.00,1138,valid,703
3D Lotto,9PM,2017-12-14,5-9-3,5,9,3,4500.00,496,valid,704
3D Lotto,9PM,2017-12-15,8-0-3,8,0,3,4500.00,716,valid,705
3D Lotto,9PM,2017-12-16,9-6-2,9,6,2,4500.00,478,valid,706
3D Lotto,9PM,2017-12-17,8-8-5,8,8,5,4500.00,713,valid,707
3D Lotto,9PM,2017-12-18,4-0-2,4,0,2,4500.00,568,valid,708
3D Lotto,9PM,2017-12-19,5-6-2,5,6,2,4500.00,844,valid,709
3D Lotto,9PM,2017-12-20,1-4-6,1,4,6,4500.00,1109,valid,710
3D Lotto,9PM,2017-12-21,3-6-3,3,6,3,4500.00,1364,valid,711
3D Lotto,9PM,2017-12-22,6-2-0,6,2,0,4500.00,1147,valid,712
3D Lotto,9PM,2017-12-23,9-2-6,9,2,6,4500.00,1014,valid,713
3D Lotto,9PM,2017-12-24,7-5-3,7,5,3,4500.00,339,valid,714
3D Lotto,9PM,2017-12-26,5-4-0,5,4,0,4500.00,576,valid,715
3D Lotto,9PM,2017-12-27,2-8-4,2,8,4,4500.00,686,valid,716
3D Lotto,9PM,2017-12-28,1-8-1,1,8,1,4500.00,1378,valid,717
3D Lotto,9PM,2017-12-29,5-0-7,5,0,7,4500.00,1144,valid,718
3D Lotto,9PM,2017-12-30,8-7-6,8,7,6,4500.00,474,valid,719
3D Lotto,9PM,2017-12-31,0-9-5,0,9,5,4500.00,91,valid,720
3D Lotto,9PM,2018-01-02,4-4-9,4,4,9,4500.00,817,valid,721
3D Lotto,9PM,2018-01-03,2-6-8,2,6,8,4500.00,1213,valid,722
3D Lotto,9PM,2018-01-04,5-1-9,5,1,9,4500.00,1212,valid,723
3D Lotto,9PM,2018-01-05,2-1-3,2,1,3,4500.00,1332,valid,724
3D Lotto,9PM,2018-01-06,7-2-3,7,2,3,4500.00,1163,valid,725
3D Lotto,9PM,2018-01-07,4-6-1,4,6,1,4500.00,620,valid,726
3D Lotto,9PM,2018-01-08,2-0-0,2,0,0,4500.00,1312,valid,727
3D Lotto,9PM,2018-01-09,6-5-5,6,5,5,4500.00,564,valid,728
3D Lotto,9PM,2018-01-10,2-8-0,2,8,0,4500.00,1127,valid,729
3D Lotto,9PM,2018-01-11,7-8-3,7,8,3,4500.00,659,valid,730
3D Lotto,9PM,2018-01-12,3-0-6,3,0,6,4500.00,870,valid,731
3D Lotto,9PM,2018-01-13,4-2-4,4,2,4,4500.00,887,valid,732
3D Lotto,9PM,2018-01-14,1-1-8,1,1,8,4500.00,1230,valid,733
3D Lotto,9PM,2018-01-15,4-7-9,4,7,9,4500.00,654,valid,734
3D Lotto,9PM,2018-01-16,8-8-7,8,8,7,4500.00,647,valid,735
3D Lotto,9PM,2018-01-17,5-2-1,5,2,1,4500.00,1301,valid,736
3D Lotto,9PM,2018-01-18,8-0-5,8,0,5,4500.00,926,valid,737
3D Lotto,9PM,2018-01-19,0-4-7,0,4,7,4500.00,678,valid,738
3D Lotto,9PM,2018-01-20,4-7-5,4,7,5,4500.00,967,valid,739
3D Lotto,9PM,2018-01-21,2-8-8,2,8,8,4500.00,785,valid,740
3D Lotto,9PM,2018-01-22,5-3-0,5,3,0,4500.00,1262,valid,741
3D Lotto,9PM,2018-01-23,6-5-8,6,5,8,4500.00,894,valid,742
3D Lotto,9PM,2018-01-24,2-6-7,2,6,7,4500.00,555,valid,743
3D Lotto,9PM,2018-01-25,2-1-4,2,1,4,4500.00,1283,valid,744
3D Lotto,9PM,2018-01-26,0-0-1,0,0,1,4500.00,1021,valid,745
3D Lotto,9PM,2018-01-27,3-8-4,3,8,4,4500.00,439,valid,746
3D Lotto,9PM,2018-01-28,1-6-4,1,6,4,4500.00,657,valid,747
3D Lotto,9PM,2018-01-29,3-1-2,3,1,2,4500.00,1265,valid,748
3D Lotto,9PM,2018-01-30,0-8-5,0,8,5,4500.00,283,valid,749
3D Lotto,9PM,2018-01-31,0-0-1,0,0,1,4500.00,607,valid,750
3D Lotto,9PM,2018-02-01,8-8-0,8,8,0,4500.00,1152,valid,751
3D Lotto,9PM,2018-02-02,8-5-5,8,5,5,4500.00,1223,valid,752
3D Lotto,9PM,2018-02-03,1-4-6,1,4,6,4500.00,597,valid,753
3D Lotto,9PM,2018-02-04,9-6-7,9,6,7,4500.00,595,valid,754
3D Lotto,9PM,2018-02-05,7-5-1,7,5,1,4500.00,697,valid,755
3D Lotto,9PM,2018-02-06,4-8-2,4,8,2,4500.00,745,valid,756
3D Lotto,9PM,2018-02-07,2-1-6,2,1,6,4500.00,1283,valid,757
3D Lotto,9PM,2018-02-08,8-5-6,8,5,6,4500.00,703,valid,758
3D Lotto,9PM,2018-02-09,7-5-1,7,5,1,4500.00,524,valid,759
3D Lotto,9PM,2018-02-10,9-7-4,9,7,4,4500.00,806,valid,760
3D Lotto,9PM,2018-02-11,5-1-6,5,1,6,4500.00,1239,valid,761
3D Lotto,9PM,2018-02-12,9-1-9,9,1,9,4500.00,782,valid,762
3D Lotto,9PM,2018-02-13,9-8-8,9,8,8,4500.00,597,valid,763
3D Lotto,9PM,2018-02-14,9-4-1,9,4,1,4500.00,800,valid,764
3D Lotto,9PM,2018-02-15,4-3-8,4,3,8,4500.00,682,valid,765
3D Lotto,9PM,2018-02-16,0-0-8,0,0,8,4500.00,858,valid,766
3D Lotto,9PM,2018-02-17,9-9-1,9,9,1,4500.00,353,valid,767
3D Lotto,9PM,2018-02-18,8-7-6,8,7,6,4500.00,388,valid,768
3D Lotto,9PM,2018-02-19,2-6-9,2,6,9,4500.00,895,valid,769
3D Lotto,9PM,2018-02-20,3-7-7,3,7,7,4500.00,692,valid,770
3D Lotto,9PM,2018-02-21,3-1-9,3,1,9,4500.00,1244,valid,771
3D Lotto,9PM,2018-02-22,3-8-7,3,8,7,4500.00,638,valid,772
3D Lotto,9PM,2018-02-23,6-7-1,6,7,1,4500.00,800,valid,773
3D Lotto,9PM,2018-02-24,8-4-2,8,4,2,4500.00,606,valid,774
3D Lotto,9PM,2018-02-25,1-6-4,1,6,4,4500.00,724,valid,775
3D Lotto,9PM,2018-02-26,0-9-6,0,9,6,4500.00,277,valid,776
3D Lotto,9PM,2018-02-27,5-9-3,5,9,3,4500.00,570,valid,777
3D Lotto,9PM,2018-02-28,0-1-1,0,1,1,4500.00,1160,valid,778
3D Lotto,9PM,2018-03-01,3-5-3,3,5,3,4500.00,730,valid,779
3D Lotto,9PM,2018-03-02,2-3-6,2,3,6,4500.00,1231,valid,780
3D Lotto,9PM,2018-03-03,3-0-3,3,0,3,4500.00,1303,valid,781
3D Lotto,9PM,2018-03-04,3-1-8,3,1,8,4500.00,1252,valid,782
3D Lotto,9PM,2018-03-05,3-8-2,3,8,2,4500.00,697,valid,783
3D Lotto,9PM,2018-03-06,5-1-5,5,1,5,4500.00,1278,valid,784
3D Lotto,9PM,2018-03-07,2-9-8,2,9,8,4500.00,689,valid,785
3D Lotto,9PM,2018-03-08,8-0-8,8,0,8,4500.00,1322,valid,786
3D Lotto,9PM,2018-03-09,6-6-5,6,6,5,4500.00,1302,valid,787
3D Lotto,9PM,2018-03-10,8-0-6,8,0,6,4500.00,742,valid,790
3D Lotto,9PM,2018-03-11,7-7-0,7,7,0,4500.00,915,valid,789
3D Lotto,9PM,2018-03-12,3-3-9,3,3,9,4500.00,849,valid,788
3D Lotto,9PM,2018-03-13,5-4-7,5,4,7,4500.00,650,valid,791
3D Lotto,9PM,2018-03-14,3-4-5,3,4,5,4500.00,867,valid,792
3D Lotto,9PM,2018-03-15,1-9-7,1,9,7,4500.00,759,valid,793
3D Lotto,9PM,2018-03-16,0-5-7,0,5,7,4500.00,579,valid,794
3D Lotto,9PM,2018-03-17,5-2-0,5,2,0,4500.00,1266,valid,795
3D Lotto,9PM,2018-03-18,8-7-4,8,7,4,4500.00,413,valid,796
3D Lotto,9PM,2018-03-19,7-2-7,7,2,7,4500.00,1148,valid,797
3D Lotto,9PM,2018-03-20,0-9-8,0,9,8,4500.00,371,valid,798
3D Lotto,9PM,2018-03-21,3-6-9,3,6,9,4500.00,1270,valid,799
3D Lotto,9PM,2018-03-22,6-0-4,6,0,4,4500.00,349,valid,800
3D Lotto,9PM,2018-03-23,9-4-8,9,4,8,4500.00,744,valid,801
3D Lotto,9PM,2018-03-24,3-9-4,3,9,4,4500.00,634,valid,802
3D Lotto,9PM,2018-03-25,9-4-6,9,4,6,4500.00,618,valid,803
3D Lotto,9PM,2018-03-26,6-4-7,6,4,7,4500.00,1125,valid,804
3D Lotto,9PM,2018-03-27,4-1-6,4,1,6,4500.00,1322,valid,805
3D Lotto,9PM,2018-03-28,3-1-3,3,1,3,4500.00,1345,valid,806
3D Lotto,9PM,2018-04-02,8-1-0,8,1,0,4500.00,1112,valid,807
3D Lotto,9PM,2018-04-03,3-8-0,3,8,0,4500.00,724,valid,808
3D Lotto,9PM,2018-04-04,3-6-4,3,6,4,4500.00,817,valid,809
3D Lotto,9PM,2018-04-05,9-9-2,9,9,2,4500.00,433,valid,810
3D Lotto,9PM,2018-04-06,2-5-7,2,5,7,4500.00,1260,valid,811
3D Lotto,9PM,2018-04-07,9-6-4,9,6,4,4500.00,490,valid,812
3D Lotto,9PM,2018-04-08,5-9-5,5,9,5,4500.00,418,valid,813
3D Lotto,9PM,2018-04-09,9-2-1,9,2,1,4500.00,1072,valid,814
3D Lotto,9PM,2018-04-10,9-9-4,9,9,4,4500.00,470,valid,815
3D Lotto,9PM,2018-04-11,9-8-1,9,8,1,4500.00,705,valid,816
3D Lotto,9PM,2018-04-12,7-5-3,7,5,3,4500.00,748,valid,817
3D Lotto,9PM,2018-04-13,4-4-3,4,4,3,4500.00,916,valid,818
3D Lotto,9PM,2018-04-14,6-1-4,6,1,4,4500.00,1235,valid,819
3D Lotto,9PM,2018-04-15,8-7-9,8,7,9,4500.00,721,valid,820
3D Lotto,9PM,2018-04-16,0-0-2,0,0,2,4500.00,544,valid,821
3D Lotto,9PM,2018-04-17,7-0-9,7,0,9,4500.00,1033,valid,822
3D Lotto,9PM,2018-04-18,5-5-5,5,5,5,4500.00,1088,valid,823
3D Lotto,9PM,2018-04-19,1-3-1,1,3,1,4500.00,1145,valid,824
3D Lotto,9PM,2018-04-20,1-7-6,1,7,6,4500.00,709,valid,825
3D Lotto,9PM,2018-04-21,4-1-4,4,1,4,4500.00,1235,valid,826
3D Lotto,9PM,2018-04-22,3-8-5,3,8,5,4500.00,747,valid,827
3D Lotto,9PM,2018-04-23,2-1-0,2,1,0,4500.00,1229,valid,828
3D Lotto,9PM,2018-04-24,4-0-0,4,0,0,4500.00,549,valid,829
3D Lotto,9PM,2018-04-25,8-9-4,8,9,4,4500.00,433,valid,830
3D Lotto,9PM,2018-04-26,3-1-8,3,1,8,4500.00,1147,valid,831
3D Lotto,9PM,2018-04-27,9-9-4,9,9,4,4500.00,419,valid,832
3D Lotto,9PM,2018-04-28,4-9-2,4,9,2,4500.00,988,valid,833
3D Lotto,9PM,2018-04-29,6-6-2,6,6,2,4500.00,535,valid,834
3D Lotto,9PM,2018-04-30,9-9-5,9,9,5,4500.00,564,valid,835
3D Lotto,9PM,2018-05-01,6-5-7,6,5,7,4500.00,962,valid,836
3D Lotto,9PM,2018-05-02,9-3-5,9,3,5,4500.00,605,valid,837
3D Lotto,9PM,2018-05-03,8-1-3,8,1,3,4500.00,831,valid,838
3D Lotto,9PM,2018-05-04,9-8-6,9,8,6,4500.00,634,valid,839
3D Lotto,9PM,2018-05-05,6-9-3,6,9,3,4500.00,560,valid,840
3D Lotto,9PM,2018-05-06,9-8-3,9,8,3,4500.00,620,valid,841
3D Lotto,9PM,2018-05-07,1-3-3,1,3,3,4500.00,1090,valid,842
3D Lotto,9PM,2018-05-08,5-7-6,5,7,6,4500.00,571,valid,843
3D Lotto,9PM,2018-05-09,1-4-0,1,4,0,4500.00,1148,valid,844
3D Lotto,9PM,2018-05-10,1-4-3,1,4,3,4500.00,1231,valid,845
3D Lotto,9PM,2018-05-11,2-6-2,2,6,2,4500.00,744,valid,846
3D Lotto,9PM,2018-05-12,1-9-7,1,9,7,4500.00,880,valid,847
3D Lotto,9PM,2018-05-13,7-6-7,7,6,7,4500.00,653,valid,848
3D Lotto,9PM,2018-05-14,7-1-0,7,1,0,4500.00,819,valid,849
3D Lotto,9PM,2018-05-15,4-7-5,4,7,5,4500.00,1018,valid,850
3D Lotto,9PM,2018-05-16,3-7-8,3,7,8,4500.00,734,valid,851
3D Lotto,9PM,2018-05-17,0-5-2,0,5,2,4500.00,385,valid,852
3D Lotto,9PM,2018-05-18,7-1-6,7,1,6,4500.00,865,valid,853
3D Lotto,9PM,2018-05-19,8-8-8,8,8,8,4500.00,1091,valid,854
3D Lotto,9PM,2018-05-20,0-9-3,0,9,3,4500.00,351,valid,855
3D Lotto,9PM,2018-05-21,2-3-9,2,3,9,4500.00,1085,valid,856
3D Lotto,9PM,2018-05-22,6-4-2,6,4,2,4500.00,601,valid,857
3D Lotto,9PM,2018-05-23,9-8-1,9,8,1,4500.00,546,valid,858
3D Lotto,9PM,2018-05-24,6-3-3,6,3,3,4500.00,800,valid,859
3D Lotto,9PM,2018-05-25,8-0-5,8,0,5,4500.00,752,valid,860
3D Lotto,9PM,2018-05-26,1-1-2,1,1,2,4500.00,1229,valid,862
3D Lotto,9PM,2018-05-27,4-1-1,4,1,1,4500.00,832,valid,861
3D Lotto,9PM,2018-05-28,7-7-5,7,7,5,4500.00,506,valid,863
3D Lotto,9PM,2018-05-29,2-9-7,2,9,7,4500.00,632,valid,864
3D Lotto,9PM,2018-05-30,0-2-0,0,2,0,4500.00,392,valid,865
3D Lotto,9PM,2018-05-31,3-8-8,3,8,8,4500.00,1123,valid,866
3D Lotto,9PM,2018-06-01,1-2-6,1,2,6,4500.00,1233,valid,867
3D Lotto,9PM,2018-06-02,0-0-9,0,0,9,4500.00,507,valid,868
3D Lotto,9PM,2018-06-03,2-2-8,2,2,8,4500.00,1226,valid,869
3D Lotto,9PM,2018-06-04,4-6-4,4,6,4,4500.00,722,valid,870
3D Lotto,9PM,2018-06-05,0-7-3,0,7,3,4500.00,256,valid,871
3D Lotto,9PM,2018-06-06,1-3-0,1,3,0,4500.00,1231,valid,872
3D Lotto,9PM,2018-06-07,2-5-0,2,5,0,4500.00,1242,valid,873
3D Lotto,9PM,2018-06-08,5-1-3,5,1,3,4500.00,1225,valid,874
3D Lotto,9PM,2018-06-09,1-5-5,1,5,5,4500.00,960,valid,875
3D Lotto,9PM,2018-06-10,4-7-5,4,7,5,4500.00,484,valid,876
3D Lotto,9PM,2018-06-11,8-1-7,8,1,7,4500.00,940,valid,877
3D Lotto,9PM,2018-06-12,0-4-9,0,4,9,4500.00,358,valid,878
3D Lotto,9PM,2018-06-13,0-7-1,0,7,1,4500.00,486,valid,879
3D Lotto,9PM,2018-06-14,3-8-0,3,8,0,4500.00,394,valid,880
3D Lotto,9PM,2018-06-15,2-1-2,2,1,2,4500.00,1226,valid,881
3D Lotto,9PM,2018-06-16,7-6-9,7,6,9,4500.00,798,valid,882
3D Lotto,9PM,2018-06-17,4-7-6,4,7,6,4500.00,823,valid,883
3D Lotto,9PM,2018-06-18,7-0-4,7,0,4,4500.00,963,valid,884
3D Lotto,9PM,2018-06-19,0-7-5,0,7,5,4500.00,605,valid,885
3D Lotto,9PM,2018-06-20,6-4-3,6,4,3,4500.00,684,valid,886
3D Lotto,9PM,2018-06-21,0-3-4,0,3,4,4500.00,613,valid,887
3D Lotto,9PM,2018-06-22,3-2-0,3,2,0,4500.00,1154,valid,888
3D Lotto,9PM,2018-06-23,9-7-5,9,7,5,4500.00,1233,valid,889
3D Lotto,9PM,2018-06-24,1-2-5,1,2,5,4500.00,1227,valid,890
3D Lotto,9PM,2018-06-25,8-8-2,8,8,2,4500.00,340,valid,891
3D Lotto,9PM,2018-06-26,7-7-2,7,7,2,4500.00,849,valid,892
3D Lotto,9PM,2018-06-27,0-7-6,0,7,6,4500.00,492,valid,893
3D Lotto,9PM,2018-06-28,5-3-4,5,3,4,4500.00,711,valid,894
3D Lotto,9PM,2018-06-29,6-1-3,6,1,3,4500.00,1233,valid,895
3D Lotto,9PM,2018-06-30,5-2-4,5,2,4,4500.00,492,valid,896
3D Lotto,9PM,2018-07-01,0-8-1,0,8,1,4500.00,524,valid,897
3D Lotto,9PM,2018-07-02,7-8-6,7,8,6,4500.00,677,valid,898
3D Lotto,9PM,2018-07-03,4-2-9,4,2,9,4500.00,1004,valid,899
3D Lotto,9PM,2018-07-04,0-7-7,0,7,7,4500.00,710,valid,900
3D Lotto,9PM,2018-07-05,1-6-3,1,6,3,4500.00,677,valid,901
3D Lotto,9PM,2018-07-06,2-3-1,2,3,1,4500.00,1149,valid,902
3D Lotto,9PM,2018-07-07,8-4-1,8,4,1,4500.00,840,valid,903
3D Lotto,9PM,2018-07-08,7-1-3,7,1,3,4500.00,1233,valid,904
3D Lotto,9PM,2018-07-09,7-4-9,7,4,9,4500.00,1095,valid,905
3D Lotto,9PM,2018-07-10,2-3-3,2,3,3,4500.00,508,valid,906
3D Lotto,9PM,2018-07-11,8-0-9,8,0,9,4500.00,580,valid,907
3D Lotto,9PM,2018-07-12,2-5-5,2,5,5,4500.00,1123,valid,908
3D Lotto,9PM,2018-07-13,8-8-6,8,8,6,4500.00,432,valid,909
3D Lotto,9PM,2018-07-14,4-3-4,4,3,4,4500.00,714,valid,910
3D Lotto,9PM,2018-07-15,0-5-1,0,5,1,4500.00,271,valid,911
3D Lotto,9PM,2018-07-16,5-6-9,5,6,9,4500.00,549,valid,912
3D Lotto,9PM,2018-07-17,0-4-5,0,4,5,4500.00,341,valid,913
3D Lotto,9PM,2018-07-18,2-0-7,2,0,7,4500.00,992,valid,914
3D Lotto,9PM,2018-07-19,8-0-1,8,0,1,4500.00,868,valid,915
3D Lotto,9PM,2018-07-20,5-0-6,5,0,6,4500.00,582,valid,916
3D Lotto,9PM,2018-07-21,5-5-3,5,5,3,4500.00,539,valid,917
3D Lotto,9PM,2018-07-22,0-1-7,0,1,7,4500.00,635,valid,918
3D Lotto,9PM,2018-07-23,3-7-2,3,7,2,4500.00,927,valid,919
3D Lotto,9PM,2018-07-24,9-4-4,9,4,4,4500.00,554,valid,920
3D Lotto,9PM,2018-07-25,9-6-0,9,6,0,4500.00,393,valid,921
3D Lotto,9PM,2018-07-26,4-4-1,4,4,1,4500.00,452,valid,922
3D Lotto,9PM,2018-07-27,1-9-3,1,9,3,4500.00,596,valid,923
3D Lotto,9PM,2018-07-28,5-2-9,5,2,9,4500.00,957,valid,924
3D Lotto,9PM,2018-07-29,9-3-2,9,3,2,4500.00,708,valid,925
3D Lotto,9PM,2018-07-30,7-1-2,7,1,2,4500.00,730,valid,926
3D Lotto,9PM,2018-07-31,1-5-2,1,5,2,4500.00,676,valid,927
3D Lotto,9PM,2018-08-01,3-8-6,3,8,6,4500.00,568,valid,928
3D Lotto,9PM,2018-08-02,7-1-1,7,1,1,4500.00,642,valid,929
3D Lotto,9PM,2018-08-03,8-3-7,8,3,7,4500.00,473,valid,930
3D Lotto,9PM,2018-08-04,3-9-6,3,9,6,4500.00,340,valid,931
3D Lotto,9PM,2018-08-05,0-4-7,0,4,7,4500.00,282,valid,932
3D Lotto,9PM,2018-08-06,3-9-5,3,9,5,4500.00,252,valid,933
3D Lotto,9PM,2018-08-07,9-8-9,9,8,9,4500.00,306,valid,934
3D Lotto,9PM,2018-08-08,6-3-9,6,3,9,4500.00,422,valid,935
3D Lotto,9PM,2018-08-09,1-3-2,1,3,2,4500.00,551,valid,936
3D Lotto,9PM,2018-08-10,2-0-9,2,0,9,4500.00,417,valid,937
3D Lotto,9PM,2018-08-11,8-7-3,8,7,3,4500.00,273,valid,938
3D Lotto,9PM,2018-08-12,7-7-4,7,7,4,4500.00,434,valid,939
3D Lotto,9PM,2018-08-13,9-1-5,9,1,5,4500.00,583,valid,940
3D Lotto,9PM,2018-08-14,7-1-5,7,1,5,4500.00,1197,valid,941
3D Lotto,9PM,2018-08-15,0-2-3,0,2,3,4500.00,557,valid,942
3D Lotto,9PM,2018-08-16,8-0-4,8,0,4,4500.00,596,valid,943
3D Lotto,9PM,2018-08-17,6-4-4,6,4,4,4500.00,383,valid,944
3D Lotto,9PM,2018-08-18,4-7-6,4,7,6,4500.00,370,valid,945
3D Lotto,9PM,2018-08-19,9-6-0,9,6,0,4500.00,325,valid,946
3D Lotto,9PM,2018-08-20,4-9-2,4,9,2,4500.00,264,valid,947
3D Lotto,9PM,2018-08-21,8-0-1,8,0,1,4500.00,383,valid,948
3D Lotto,9PM,2018-08-22,1-2-0,1,2,0,4500.00,1191,valid,949
3D Lotto,9PM,2018-08-23,5-4-1,5,4,1,4500.00,508,valid,950
3D Lotto,9PM,2018-08-24,9-4-5,9,4,5,4500.00,334,valid,951
3D Lotto,9PM,2018-08-25,9-0-5,9,0,5,4500.00,362,valid,952
3D Lotto,9PM,2018-08-26,2-6-4,2,6,4,4500.00,429,valid,953
3D Lotto,9PM,2018-08-27,4-5-7,4,5,7,4500.00,371,valid,954
3D Lotto,9PM,2018-08-28,1-9-0,1,9,0,4500.00,627,valid,955
3D Lotto,9PM,2018-08-29,2-6-5,2,6,5,4500.00,513,valid,956
3D Lotto,9PM,2018-08-30,9-1-3,9,1,3,4500.00,1139,valid,957
3D Lotto,9PM,2018-08-31,5-9-2,5,9,2,4500.00,341,valid,958
3D Lotto,9PM,2018-09-01,6-5-6,6,5,6,4500.00,257,valid,959
3D Lotto,9PM,2018-09-02,1-5-4,1,5,4,4500.00,266,valid,960
3D Lotto,9PM,2018-09-03,9-0-6,9,0,6,4500.00,501,valid,961
3D Lotto,9PM,2018-09-04,4-1-9,4,1,9,4500.00,927,valid,962
3D Lotto,9PM,2018-09-05,8-2-1,8,2,1,4500.00,668,valid,963
3D Lotto,9PM,2018-09-06,5-6-1,5,6,1,4500.00,622,valid,964
3D Lotto,9PM,2018-09-07,1-0-2,1,0,2,4500.00,629,valid,965
3D Lotto,9PM,2018-09-08,1-3-5,1,3,5,4500.00,658,valid,966
3D Lotto,9PM,2018-09-09,5-3-2,5,3,2,4500.00,1033,valid,967
3D Lotto,9PM,2018-09-10,5-4-0,5,4,0,4500.00,317,valid,968
3D Lotto,9PM,2018-09-11,2-5-4,2,5,4,4500.00,528,valid,969
3D Lotto,9PM,2018-09-12,2-2-9,2,2,9,4500.00,640,valid,970
3D Lotto,9PM,2018-09-13,6-8-4,6,8,4,4500.00,294,valid,971
3D Lotto,9PM,2018-09-14,8-0-1,8,0,1,4500.00,554,valid,972
3D Lotto,9PM,2018-09-15,2-7-3,2,7,3,4500.00,367,valid,973
3D Lotto,9PM,2018-09-16,9-9-7,9,9,7,4500.00,231,valid,974
3D Lotto,9PM,2018-09-17,5-3-9,5,3,9,4500.00,538,valid,975
3D Lotto,9PM,2018-09-18,9-0-3,9,0,3,4500.00,581,valid,976
3D Lotto,9PM,2018-09-19,2-6-0,2,6,0,4500.00,522,valid,977
3D Lotto,9PM,2018-09-20,2-2-8,2,2,8,4500.00,515,valid,978
3D Lotto,9PM,2018-09-21,0-4-3,0,4,3,4500.00,222,valid,979
3D Lotto,9PM,2018-09-22,0-0-9,0,0,9,4500.00,194,valid,980
3D Lotto,9PM,2018-09-23,0-2-7,0,2,7,4500.00,293,valid,981
3D Lotto,9PM,2018-09-24,0-9-5,0,9,5,4500.00,160,valid,982
3D Lotto,9PM,2018-09-25,5-7-1,5,7,1,4500.00,374,valid,983
3D Lotto,9PM,2018-09-26,4-6-3,4,6,3,4500.00,289,valid,984
3D Lotto,9PM,2018-09-27,2-5-2,2,5,2,4500.00,718,valid,985
3D Lotto,9PM,2018-09-28,0-1-9,0,1,9,4500.00,382,valid,986
3D Lotto,9PM,2018-09-29,1-9-2,1,9,2,4500.00,571,valid,987
3D Lotto,9PM,2018-09-30,8-9-0,8,9,0,4500.00,555,valid,988
3D Lotto,9PM,2018-10-01,0-5-6,0,5,6,4500.00,220,valid,989
3D Lotto,9PM,2018-10-02,2-9-5,2,9,5,4500.00,293,valid,990
3D Lotto,9PM,2018-10-03,9-6-0,9,6,0,4500.00,393,valid,991
3D Lotto,9PM,2018-10-04,5-4-3,5,4,3,4500.00,335,valid,992
3D Lotto,9PM,2018-10-05,6-5-6,6,5,6,4500.00,279,valid,993
3D Lotto,9PM,2018-10-06,5-6-4,5,6,4,4500.00,546,valid,994
3D Lotto,9PM,2018-10-07,0-6-8,0,6,8,4500.00,327,valid,995
3D Lotto,9PM,2018-10-08,6-0-3,6,0,3,4500.00,500,valid,996
3D Lotto,9PM,2018-10-09,2-2-0,2,2,0,4500.00,877,valid,997
3D Lotto,9PM,2018-10-10,2-9-1,2,9,1,4500.00,401,valid,998
3D Lotto,9PM,2018-10-11,9-7-9,9,7,9,4500.00,254,valid,999
3D Lotto,9PM,2018-10-12,4-8-6,4,8,6,4500.00,388,valid,1000
3D Lotto,9PM,2018-10-13,1-6-1,1,6,1,4500.00,484,valid,1001
3D Lotto,9PM,2018-10-14,6-0-1,6,0,1,4500.00,832,valid,1002
3D Lotto,9PM,2018-10-15,7-6-9,7,6,9,4500.00,227,valid,1003
3D Lotto,9PM,2018-10-16,7-7-2,7,7,2,4500.00,355,valid,1004
3D Lotto,9PM,2018-10-17,3-3-8,3,3,8,4500.00,473,valid,1005
3D Lotto,9PM,2018-10-18,7-9-5,7,9,5,4500.00,217,valid,1006
3D Lotto,9PM,2018-10-19,4-5-7,4,5,7,4500.00,330,valid,1007
3D Lotto,9PM,2018-10-20,3-1-6,3,1,6,4500.00,706,valid,1008
3D Lotto,9PM,2018-10-21,2-6-4,2,6,4,4500.00,386,valid,1009
3D Lotto,9PM,2018-10-22,1-5-3,1,5,3,4500.00,561,valid,1010
3D Lotto,9PM,2018-10-23,6-6-4,6,6,4,4500.00,434,valid,1011
3D Lotto,9PM,2018-10-24,0-8-0,0,8,0,4500.00,258,valid,1012
3D Lotto,9PM,2018-10-25,5-6-3,5,6,3,4500.00,268,valid,1013
3D Lotto,9PM,2018-10-26,8-8-9,8,8,9,4500.00,392,valid,1014
3D Lotto,9PM,2018-10-27,4-8-7,4,8,7,4500.00,398,valid,1015
3D Lotto,9PM,2018-10-28,1-5-0,1,5,0,4500.00,1083,valid,1016
3D Lotto,9PM,2018-10-29,6-9-5,6,9,5,4500.00,180,valid,1017
3D Lotto,9PM,2018-10-30,1-2-7,1,2,7,4500.00,816,valid,1018
3D Lotto,9PM,2018-10-31,5-9-2,5,9,2,4500.00,231,valid,1019
3D Lotto,9PM,2018-11-01,3-3-5,3,3,5,4500.00,370,valid,1020
3D Lotto,9PM,2018-11-02,0-5-0,0,5,0,4500.00,811,valid,1021
3D Lotto,9PM,2018-11-03,9-5-3,9,5,3,4500.00,282,valid,1022
3D Lotto,9PM,2018-11-04,6-1-3,6,1,3,4500.00,948,valid,1023
3D Lotto,9PM,2018-11-05,7-2-5,7,2,5,4500.00,534,valid,1024
3D Lotto,9PM,2018-11-06,2-6-1,2,6,1,4500.00,484,valid,1025
3D Lotto,9PM,2018-11-07,4-2-3,4,2,3,4500.00,381,valid,1026
3D Lotto,9PM,2018-11-08,0-6-3,0,6,3,4500.00,97,valid,1027
3D Lotto,9PM,2018-11-09,9-6-7,9,6,7,4500.00,278,valid,1028
3D Lotto,9PM,2018-11-10,1-4-6,1,4,6,4500.00,721,valid,1029
3D Lotto,9PM,2018-11-11,4-5-8,4,5,8,4500.00,268,valid,1030
3D Lotto,9PM,2018-11-12,2-5-9,2,5,9,4500.00,452,valid,1031
3D Lotto,9PM,2018-11-13,2-4-2,2,4,2,4500.00,549,valid,1032
3D Lotto,9PM,2018-11-14,9-2-6,9,2,6,4500.00,461,valid,1033
3D Lotto,9PM,2018-11-15,4-1-8,4,1,8,4500.00,555,valid,1034
3D Lotto,9PM,2018-11-16,3-8-9,3,8,9,4500.00,500,valid,1035
3D Lotto,9PM,2018-11-17,3-7-1,3,7,1,4500.00,335,valid,1036
3D Lotto,9PM,2018-11-18,2-4-8,2,4,8,4500.00,580,valid,1037
3D Lotto,9PM,2018-11-19,5-3-6,5,3,6,4500.00,388,valid,1038
3D Lotto,9PM,2018-11-20,2-8-8,2,8,8,4500.00,467,valid,1039
3D Lotto,9PM,2018-11-21,3-2-7,3,2,7,4500.00,350,valid,1040
3D Lotto,9PM,2018-11-22,3-6-4,3,6,4,4500.00,334,valid,1041
3D Lotto,9PM,2018-11-23,4-9-4,4,9,4,4500.00,179,valid,1042
3D Lotto,9PM,2018-11-24,3-2-7,3,2,7,4500.00,285,valid,1043
3D Lotto,9PM,2018-11-25,9-7-4,9,7,4,4500.00,251,valid,1044
3D Lotto,9PM,2018-11-26,3-2-5,3,2,5,4500.00,720,valid,1045
3D Lotto,9PM,2018-11-27,7-5-7,7,5,7,4500.00,362,valid,1046
3D Lotto,9PM,2018-11-28,6-5-9,6,5,9,4500.00,349,valid,1047
3D Lotto,9PM,2018-11-29,6-3-1,6,3,1,4500.00,441,valid,1048
3D Lotto,9PM,2018-11-30,6-8-2,6,8,2,4500.00,225,valid,1049
3D Lotto,9PM,2018-12-01,0-8-3,0,8,3,4500.00,121,valid,1050
3D Lotto,9PM,2018-12-02,5-1-6,5,1,6,4500.00,592,valid,1051
3D Lotto,9PM,2018-12-03,9-5-5,9,5,5,4500.00,246,valid,1052
3D Lotto,9PM,2018-12-04,5-2-0,5,2,0,4500.00,548,valid,1053
3D Lotto,9PM,2018-12-05,0-2-0,0,2,0,4500.00,465,valid,1054
3D Lotto,9PM,2018-12-06,4-6-8,4,6,8,4500.00,442,valid,1055
3D Lotto,9PM,2018-12-07,0-6-3,0,6,3,4500.00,157,valid,1056
3D Lotto,9PM,2018-12-08,7-6-3,7,6,3,4500.00,503,valid,1057
3D Lotto,9PM,2018-12-09,7-6-3,7,6,3,4500.00,311,valid,1058
3D Lotto,9PM,2018-12-10,2-5-4,2,5,4,4500.00,415,valid,1059
3D Lotto,9PM,2018-12-11,2-8-6,2,8,6,4500.00,241,valid,1060
3D Lotto,9PM,2018-12-12,7-3-3,7,3,3,4500.00,533,valid,1061
3D Lotto,9PM,2018-12-13,4-3-2,4,3,2,4500.00,459,valid,1062
3D Lotto,9PM,2018-12-14,1-4-0,1,4,0,4500.00,783,valid,1063
3D Lotto,9PM,2018-12-15,1-1-7,1,1,7,4500.00,1215,valid,1064
3D Lotto,9PM,2018-12-16,6-1-3,6,1,3,4500.00,742,valid,1065
3D Lotto,9PM,2018-12-17,1-7-1,1,7,1,4500.00,680,valid,1066
3D Lotto,9PM,2018-12-18,8-4-4,8,4,4,4500.00,315,valid,1067
3D Lotto,9PM,2018-12-19,5-4-3,5,4,3,4500.00,336,valid,1068
3D Lotto,9PM,2018-12-20,7-5-0,7,5,0,4500.00,597,valid,1069
3D Lotto,9PM,2018-12-21,5-0-6,5,0,6,4500.00,495,valid,1070
3D Lotto,9PM,2018-12-22,6-4-0,6,4,0,4500.00,428,valid,1071
3D Lotto,9PM,2018-12-23,7-0-4,7,0,4,4500.00,637,valid,1072
3D Lotto,9PM,2018-12-26,9-1-2,9,1,2,4500.00,860,valid,1073
3D Lotto,9PM,2018-12-27,0-3-5,0,3,5,4500.00,436,valid,1074
3D Lotto,9PM,2018-12-28,6-5-3,6,5,3,4500.00,312,valid,1075
3D Lotto,9PM,2018-12-29,6-2-6,6,2,6,4500.00,752,valid,1076
3D Lotto,9PM,2018-12-30,7-3-3,7,3,3,4500.00,392,valid,1077
3D Lotto,9PM,2019-01-02,2-2-0,2,2,0,4500.00,557,valid,1078
3D Lotto,9PM,2019-01-03,9-6-9,9,6,9,4500.00,151,valid,1079
3D Lotto,9PM,2019-01-04,0-1-9,0,1,9,4500.00,1149,valid,1080
3D Lotto,9PM,2019-01-05,5-5-4,5,5,4,4500.00,350,valid,1081
3D Lotto,9PM,2019-01-06,0-0-4,0,0,4,4500.00,107,valid,1082
3D Lotto,9PM,2019-01-07,4-0-5,4,0,5,4500.00,295,valid,1083
3D Lotto,9PM,2019-01-08,1-6-7,1,6,7,4500.00,307,valid,1084
3D Lotto,9PM,2019-01-09,4-1-9,4,1,9,4500.00,700,valid,1085
3D Lotto,9PM,2019-01-10,6-5-0,6,5,0,4500.00,312,valid,1086
3D Lotto,9PM,2019-01-11,7-0-3,7,0,3,4500.00,380,valid,1087
3D Lotto,9PM,2019-01-12,0-2-0,0,2,0,4500.00,285,valid,1088
3D Lotto,9PM,2019-01-13,3-8-5,3,8,5,4500.00,292,valid,1089
3D Lotto,9PM,2019-01-14,2-8-7,2,8,7,4500.00,400,valid,1090
3D Lotto,9PM,2019-01-15,9-6-0,9,6,0,4500.00,279,valid,1091
3D Lotto,9PM,2019-01-16,7-1-5,7,1,5,4500.00,493,valid,1092
3D Lotto,9PM,2019-01-17,4-8-0,4,8,0,4500.00,656,valid,1093
3D Lotto,9PM,2019-01-18,5-0-7,5,0,7,4500.00,410,valid,1094
3D Lotto,9PM,2019-01-19,1-4-4,1,4,4,4500.00,526,valid,1095
3D Lotto,9PM,2019-01-20,8-5-6,8,5,6,4500.00,448,valid,1097
3D Lotto,9PM,2019-01-21,8-0-3,8,0,3,4500.00,426,valid,1096
3D Lotto,9PM,2019-01-22,6-1-4,6,1,4,4500.00,501,valid,1098
3D Lotto,9PM,2019-01-23,1-5-0,1,5,0,4500.00,1195,valid,1099
3D Lotto,9PM,2019-01-24,1-7-3,1,7,3,4500.00,449,valid,1100
3D Lotto,9PM,2019-01-25,9-0-2,9,0,2,4500.00,326,valid,1101
3D Lotto,9PM,2019-01-26,2-2-5,2,2,5,4500.00,802,valid,1102
3D Lotto,9PM,2019-01-27,2-8-7,2,8,7,4500.00,267,valid,1103
3D Lotto,9PM,2019-01-28,0-0-0,0,0,0,4500.00,483,valid,1104
3D Lotto,9PM,2019-01-29,5-8-7,5,8,7,4500.00,325,valid,1105
3D Lotto,9PM,2019-01-30,5-2-2,5,2,2,4500.00,522,valid,1107
3D Lotto,9PM,2019-01-31,4-8-0,4,8,0,4500.00,327,valid,1106
3D Lotto,9PM,2019-02-01,4-5-6,4,5,6,4500.00,232,valid,1108
3D Lotto,9PM,2019-02-02,0-3-7,0,3,7,4500.00,280,valid,1109
3D Lotto,9PM,2019-02-03,7-7-2,7,7,2,4500.00,289,valid,1110
3D Lotto,9PM,2019-02-04,3-0-2,3,0,2,4500.00,444,valid,1111
3D Lotto,9PM,2019-02-05,7-3-8,7,3,8,4500.00,397,valid,1112
3D Lotto,9PM,2019-02-06,6-9-5,6,9,5,4500.00,208,valid,1113
3D Lotto,9PM,2019-02-07,0-9-6,0,9,6,4500.00,165,valid,1114
3D Lotto,9PM,2019-02-08,1-2-1,1,2,1,4500.00,1021,valid,1115
3D Lotto,9PM,2019-02-09,4-0-5,4,0,5,4500.00,298,valid,1116
3D Lotto,9PM,2019-02-10,7-7-0,7,7,0,4500.00,255,valid,1117
3D Lotto,9PM,2019-02-11,4-0-5,4,0,5,4500.00,175,valid,1118
3D Lotto,9PM,2019-02-12,4-8-0,4,8,0,4500.00,291,valid,1119
3D Lotto,9PM,2019-02-13,1-4-5,1,4,5,4500.00,516,valid,1120
3D Lotto,9PM,2019-02-14,4-4-3,4,4,3,4500.00,421,valid,1121
3D Lotto,9PM,2019-02-15,8-9-7,8,9,7,4500.00,254,valid,1122
3D Lotto,9PM,2019-02-16,7-5-1,7,5,1,4500.00,383,valid,1123
3D Lotto,9PM,2019-02-17,5-5-5,5,5,5,4500.00,870,valid,1124
3D Lotto,9PM,2019-02-18,5-6-8,5,6,8,4500.00,433,valid,1125
3D Lotto,9PM,2019-02-19,3-2-7,3,2,7,4500.00,562,valid,1126
3D Lotto,9PM,2019-02-20,6-8-5,6,8,5,4500.00,202,valid,1127
3D Lotto,9PM,2019-02-21,7-9-5,7,9,5,4500.00,272,valid,1128
3D Lotto,9PM,2019-02-22,7-0-5,7,0,5,4500.00,467,valid,1129
3D Lotto,9PM,2019-02-23,5-5-1,5,5,1,4500.00,445,valid,1130
3D Lotto,9PM,2019-02-24,1-8-6,1,8,6,4500.00,310,valid,1131
3D Lotto,9PM,2019-02-25,1-8-1,1,8,1,4500.00,679,valid,1132
3D Lotto,9PM,2019-02-26,0-8-7,0,8,7,4500.00,140,valid,1133
3D Lotto,9PM,2019-02-27,8-9-5,8,9,5,4500.00,192,valid,1134
3D Lotto,9PM,2019-02-28,6-7-7,6,7,7,4500.00,284,valid,1135
3D Lotto,9PM,2019-03-01,6-7-0,6,7,0,4500.00,254,valid,1136
3D Lotto,9PM,2019-03-02,3-6-9,3,6,9,4500.00,787,valid,1137
3D Lotto,9PM,2019-03-03,9-4-1,9,4,1,4500.00,353,valid,1138
3D Lotto,9PM,2019-03-04,5-2-9,5,2,9,4500.00,573,valid,1139
3D Lotto,9PM,2019-03-05,5-6-9,5,6,9,4500.00,372,valid,1140
3D Lotto,9PM,2019-03-06,0-0-5,0,0,5,4500.00,335,valid,1141
3D Lotto,9PM,2019-03-07,5-0-7,5,0,7,4500.00,444,valid,1142
3D Lotto,9PM,2019-03-08,7-8-0,7,8,0,4500.00,239,valid,1143
3D Lotto,9PM,2019-03-09,0-5-7,0,5,7,4500.00,235,valid,1144
3D Lotto,9PM,2019-03-10,5-6-2,5,6,2,4500.00,565,valid,1145
3D Lotto,9PM,2019-03-11,2-7-0,2,7,0,4500.00,465,valid,1146
3D Lotto,9PM,2019-03-12,9-2-6,9,2,6,4500.00,445,valid,1147
3D Lotto,9PM,2019-03-13,9-2-8,9,2,8,4500.00,381,valid,1148
3D Lotto,9PM,2019-03-14,9-6-1,9,6,1,4500.00,294,valid,1149
3D Lotto,9PM,2019-03-15,3-8-9,3,8,9,4500.00,346,valid,1150
3D Lotto,9PM,2019-03-16,6-0-0,6,0,0,4500.00,495,valid,1151
3D Lotto,9PM,2019-03-17,2-1-5,2,1,5,4500.00,593,valid,1152
3D Lotto,9PM,2019-03-18,4-2-5,4,2,5,4500.00,536,valid,1153
3D Lotto,9PM,2019-03-19,5-8-3,5,8,3,4500.00,330,valid,1154
3D Lotto,9PM,2019-03-20,5-3-8,5,3,8,4500.00,299,valid,1155
3D Lotto,9PM,2019-03-21,9-6-0,9,6,0,4500.00,362,valid,1156
3D Lotto,9PM,2019-03-22,7-6-4,7,6,4,4500.00,219,valid,1157
3D Lotto,9PM,2019-03-23,7-3-3,7,3,3,4500.00,215,valid,1158
3D Lotto,9PM,2019-03-24,2-3-6,2,3,6,4500.00,399,valid,1159
3D Lotto,9PM,2019-03-25,6-1-7,6,1,7,4500.00,350,valid,1160
3D Lotto,9PM,2019-03-26,6-2-9,6,2,9,4500.00,430,valid,1161
3D Lotto,9PM,2019-03-27,8-9-1,8,9,1,4500.00,332,valid,1162
3D Lotto,9PM,2019-03-28,3-1-5,3,1,5,4500.00,643,valid,1163
3D Lotto,9PM,2019-03-29,8-4-6,8,4,6,4500.00,339,valid,1164
3D Lotto,9PM,2019-03-30,4-3-6,4,3,6,4500.00,447,valid,1165
3D Lotto,9PM,2019-03-31,0-7-1,0,7,1,4500.00,149,valid,1166
3D Lotto,9PM,2019-04-01,6-6-3,6,6,3,4500.00,415,valid,1167
3D Lotto,9PM,2019-04-02,7-4-4,7,4,4,4500.00,576,valid,1168
3D Lotto,9PM,2019-04-03,8-0-1,8,0,1,4500.00,570,valid,1169
3D Lotto,9PM,2019-04-04,5-6-0,5,6,0,4500.00,283,valid,1170
3D Lotto,9PM,2019-04-05,7-0-2,7,0,2,4500.00,181,valid,1171
3D Lotto,9PM,2019-04-06,4-2-4,4,2,4,4500.00,479,valid,1172
3D Lotto,9PM,2019-04-07,6-5-6,6,5,6,4500.00,182,valid,1173
3D Lotto,9PM,2019-04-08,0-2-0,0,2,0,4500.00,244,valid,1174
3D Lotto,9PM,2019-04-09,9-4-3,9,4,3,4500.00,174,valid,1175
3D Lotto,9PM,2019-04-10,0-1-9,0,1,9,4500.00,512,valid,1176
3D Lotto,9PM,2019-04-11,7-0-4,7,0,4,4500.00,423,valid,1177
3D Lotto,9PM,2019-04-12,8-4-7,8,4,7,4500.00,317,valid,1178
3D Lotto,9PM,2019-04-13,5-8-5,5,8,5,4500.00,402,valid,1179
3D Lotto,9PM,2019-04-14,4-4-8,4,4,8,4500.00,346,valid,1180
3D Lotto,9PM,2019-04-15,2-4-0,2,4,0,4500.00,460,valid,1181
3D Lotto,9PM,2019-04-16,7-3-9,7,3,9,4500.00,288,valid,1182
3D Lotto,9PM,2019-04-17,5-7-1,5,7,1,4500.00,408,valid,1183
3D Lotto,9PM,2019-04-22,4-8-7,4,8,7,4500.00,544,valid,1184
3D Lotto,9PM,2019-04-23,9-6-2,9,6,2,4500.00,134,valid,1185
3D Lotto,9PM,2019-04-24,3-8-3,3,8,3,4500.00,231,valid,1186
3D Lotto,9PM,2019-04-25,8-9-0,8,9,0,4500.00,118,valid,1187
3D Lotto,9PM,2019-04-26,9-5-9,9,5,9,4500.00,123,valid,1188
3D Lotto,9PM,2019-04-27,5-8-0,5,8,0,4500.00,440,valid,1189
3D Lotto,9PM,2019-04-28,4-0-6,4,0,6,4500.00,181,valid,1190
3D Lotto,9PM,2019-04-29,0-8-3,0,8,3,4500.00,186,valid,1191
3D Lotto,9PM,2019-04-30,5-9-7,5,9,7,4500.00,337,valid,1192
3D Lotto,9PM,2019-05-01,0-6-5,0,6,5,4500.00,166,valid,1193
3D Lotto,9PM,2019-05-02,6-5-7,6,5,7,4500.00,373,valid,1194
3D Lotto,9PM,2019-05-03,2-1-4,2,1,4,4500.00,331,valid,1195
3D Lotto,9PM,2019-05-04,5-7-4,5,7,4,4500.00,557,valid,1196
3D Lotto,9PM,2019-05-05,1-8-4,1,8,4,4500.00,197,valid,1197
3D Lotto,9PM,2019-05-06,7-9-6,7,9,6,4500.00,196,valid,1198
3D Lotto,9PM,2019-05-07,7-0-5,7,0,5,4500.00,318,valid,1199
3D Lotto,9PM,2019-05-08,4-2-8,4,2,8,4500.00,417,valid,1200
3D Lotto,9PM,2019-05-09,8-8-5,8,8,5,4500.00,273,valid,1201
3D Lotto,9PM,2019-05-10,3-3-5,3,3,5,4500.00,264,valid,1202
3D Lotto,9PM,2019-05-11,4-9-3,4,9,3,4500.00,149,valid,1203
3D Lotto,9PM,2019-05-12,3-1-9,3,1,9,4500.00,467,valid,1204
3D Lotto,9PM,2019-05-13,7-7-4,7,7,4,4500.00,267,valid,1205
3D Lotto,9PM,2019-05-14,5-5-3,5,5,3,4500.00,464,valid,1206
3D Lotto,9PM,2019-05-15,8-3-7,8,3,7,4500.00,154,valid,1207
3D Lotto,9PM,2019-05-16,4-8-3,4,8,3,4500.00,319,valid,1208
3D Lotto,9PM,2019-05-17,6-6-1,6,6,1,4500.00,329,valid,1209
3D Lotto,9PM,2019-05-18,9-1-8,9,1,8,4500.00,563,valid,1210
3D Lotto,9PM,2019-05-19,2-8-8,2,8,8,4500.00,287,valid,1211
3D Lotto,9PM,2019-05-20,1-1-5,1,1,5,4500.00,515,valid,1212
3D Lotto,9PM,2019-05-21,0-1-7,0,1,7,4500.00,256,valid,1213
3D Lotto,9PM,2019-05-22,1-8-4,1,8,4,4500.00,146,valid,1214
3D Lotto,9PM,2019-05-23,5-4-5,5,4,5,4500.00,368,valid,1215
3D Lotto,9PM,2019-05-24,2-3-3,2,3,3,4500.00,276,valid,1216
3D Lotto,9PM,2019-05-25,9-3-5,9,3,5,4500.00,335,valid,1217
3D Lotto,9PM,2019-05-26,9-1-3,9,1,3,4500.00,303,valid,1218
3D Lotto,9PM,2019-05-27,5-5-7,5,5,7,4500.00,210,valid,1219
3D Lotto,9PM,2019-05-28,0-6-7,0,6,7,4500.00,117,valid,1220
3D Lotto,9PM,2019-05-29,8-8-7,8,8,7,4500.00,160,valid,1221
3D Lotto,9PM,2019-05-30,1-5-5,1,5,5,4500.00,333,valid,1222
3D Lotto,9PM,2019-05-31,4-2-6,4,2,6,4500.00,879,valid,1223
3D Lotto,9PM,2019-06-01,6-3-9,6,3,9,4500.00,312,valid,1224
3D Lotto,9PM,2019-06-02,1-9-7,1,9,7,4500.00,595,valid,1225
3D Lotto,9PM,2019-06-03,8-8-6,8,8,6,4500.00,136,valid,1226
3D Lotto,9PM,2019-06-04,1-5-5,1,5,5,4500.00,246,valid,1227
3D Lotto,9PM,2019-06-05,2-6-2,2,6,2,4500.00,338,valid,1228
3D Lotto,9PM,2019-06-06,1-6-0,1,6,0,4500.00,338,valid,1229
3D Lotto,9PM,2019-06-07,9-8-0,9,8,0,4500.00,261,valid,1230
3D Lotto,9PM,2019-06-08,0-5-5,0,5,5,4500.00,215,valid,1231
3D Lotto,9PM,2019-06-09,6-3-4,6,3,4,4500.00,287,valid,1232
3D Lotto,9PM,2019-06-10,0-2-8,0,2,8,4500.00,165,valid,1233
3D Lotto,9PM,2019-06-11,0-5-4,0,5,4,4500.00,145,valid,1234
3D Lotto,9PM,2019-06-12,0-6-1,0,6,1,4500.00,136,valid,1235
3D Lotto,9PM,2019-06-13,0-5-1,0,5,1,4500.00,610,valid,1236
3D Lotto,9PM,2019-06-14,4-8-2,4,8,2,4500.00,260,valid,1237
3D Lotto,9PM,2019-06-15,0-7-1,0,7,1,4500.00,175,valid,1238
3D Lotto,9PM,2019-06-16,5-4-2,5,4,2,4500.00,254,valid,1239
3D Lotto,9PM,2019-06-17,3-3-8,3,3,8,4500.00,128,valid,1240
3D Lotto,9PM,2019-06-18,8-7-5,8,7,5,4500.00,310,valid,1241
3D Lotto,9PM,2019-06-19,9-1-1,9,1,1,4500.00,399,valid,1242
3D Lotto,9PM,2019-06-20,1-0-4,1,0,4,4500.00,403,valid,1243
3D Lotto,9PM,2019-06-21,6-9-1,6,9,1,4500.00,182,valid,1244
3D Lotto,9PM,2019-06-22,2-4-1,2,4,1,4500.00,337,valid,1245
3D Lotto,9PM,2019-06-23,7-3-4,7,3,4,4500.00,226,valid,1246
3D Lotto,9PM,2019-06-24,7-2-0,7,2,0,4500.00,654,valid,1247
3D Lotto,9PM,2019-06-25,6-9-5,6,9,5,4500.00,267,valid,1248
3D Lotto,9PM,2019-06-26,1-7-0,1,7,0,4500.00,447,valid,1249
3D Lotto,9PM,2019-06-27,7-5-5,7,5,5,4500.00,302,valid,1250
3D Lotto,9PM,2019-06-28,5-1-8,5,1,8,4500.00,363,valid,1251
3D Lotto,9PM,2019-06-29,4-8-2,4,8,2,4500.00,263,valid,1252
3D Lotto,9PM,2019-06-30,8-3-5,8,3,5,4500.00,325,valid,1253
3D Lotto,9PM,2019-07-01,3-1-0,3,1,0,4500.00,613,valid,1254
3D Lotto,9PM,2019-07-02,5-6-3,5,6,3,4500.00,224,valid,1255
3D Lotto,9PM,2019-07-03,1-7-4,1,7,4,4500.00,319,valid,1256
3D Lotto,9PM,2019-07-04,9-3-1,9,3,1,4500.00,257,valid,1257
3D Lotto,9PM,2019-07-05,6-7-8,6,7,8,4500.00,155,valid,1258
3D Lotto,9PM,2019-07-06,2-1-7,2,1,7,4500.00,682,valid,1259
3D Lotto,9PM,2019-07-07,0-0-7,0,0,7,4500.00,232,valid,1260
3D Lotto,9PM,2019-07-08,1-0-9,1,0,9,4500.00,559,valid,1261
3D Lotto,9PM,2019-07-09,6-6-0,6,6,0,4500.00,193,valid,1262
3D Lotto,9PM,2019-07-10,9-5-1,9,5,1,4500.00,145,valid,1263
3D Lotto,9PM,2019-07-11,0-0-5,0,0,5,4500.00,253,valid,1264
3D Lotto,9PM,2019-07-12,7-1-6,7,1,6,4500.00,730,valid,1265
3D Lotto,9PM,2019-07-13,1-6-5,1,6,5,4500.00,425,valid,1266
3D Lotto,9PM,2019-07-14,3-9-0,3,9,0,4500.00,161,valid,1267
3D Lotto,9PM,2019-07-15,8-2-0,8,2,0,4500.00,300,valid,1268
3D Lotto,9PM,2019-07-16,6-0-7,6,0,7,4500.00,209,valid,1269
3D Lotto,9PM,2019-07-17,6-2-5,6,2,5,4500.00,505,valid,1270
3D Lotto,9PM,2019-07-18,6-9-1,6,9,1,4500.00,167,valid,1271
3D Lotto,9PM,2019-07-19,2-7-9,2,7,9,4500.00,409,valid,1272
3D Lotto,9PM,2019-07-20,6-4-6,6,4,6,4500.00,233,valid,1273
3D Lotto,9PM,2019-07-21,5-7-5,5,7,5,4500.00,208,valid,1274
3D Lotto,9PM,2019-07-22,1-4-8,1,4,8,4500.00,362,valid,1275
3D Lotto,9PM,2019-07-23,5-3-4,5,3,4,4500.00,309,valid,1276
3D Lotto,9PM,2019-07-24,0-8-9,0,8,9,4500.00,187,valid,1277
3D Lotto,9PM,2019-07-25,8-6-4,8,6,4,4500.00,428,valid,1278
3D Lotto,9PM,2019-07-26,9-3-5,9,3,5,4500.00,454,valid,1279
3D Lotto,9PM,2019-07-27,9-0-7,9,0,7,4500.00,0,valid,1280
3D Lotto,9PM,2019-07-28,7-8-3,7,8,3,4500.00,0,valid,1281
3D Lotto,9PM,2019-07-29,9-4-9,9,4,9,4500.00,0,valid,1282
3D Lotto,9PM,2019-07-30,7-1-8,7,1,8,4500.00,0,valid,1283
3D Lotto,9PM,2019-07-31,0-3-1,0,3,1,4500.00,257,valid,1284
3D Lotto,9PM,2019-08-01,1-7-0,1,7,0,4500.00,836,valid,1285
3D Lotto,9PM,2019-08-02,2-6-1,2,6,1,4500.00,672,valid,1286
3D Lotto,9PM,2019-08-03,1-7-5,1,7,5,4500.00,1118,valid,1287
3D Lotto,9PM,2019-08-04,6-3-6,6,3,6,4500.00,491,valid,1288
3D Lotto,9PM,2019-08-05,2-4-9,2,4,9,4500.00,1008,valid,1289
3D Lotto,9PM,2019-08-06,8-6-5,8,6,5,4500.00,1291,valid,1290
3D Lotto,9PM,2019-08-07,8-7-6,8,7,6,4500.00,948,valid,1291
3D Lotto,9PM,2019-08-08,5-0-2,5,0,2,4500.00,1259,valid,1292
3D Lotto,9PM,2019-08-09,4-6-8,4,6,8,4500.00,732,valid,1293
3D Lotto,9PM,2019-08-10,5-5-4,5,5,4,4500.00,699,valid,1294
3D Lotto,9PM,2019-08-11,8-4-0,8,4,0,4500.00,1043,valid,1295
3D Lotto,9PM,2019-08-12,2-2-2,2,2,2,4500.00,1171,valid,1296
3D Lotto,9PM,2019-08-13,7-3-5,7,3,5,4500.00,1273,valid,1297
3D Lotto,9PM,2019-08-14,5-5-0,5,5,0,4500.00,1248,valid,1298
3D Lotto,9PM,2019-08-15,0-4-7,0,4,7,4500.00,993,valid,1299
3D Lotto,9PM,2019-08-16,4-1-5,4,1,5,4500.00,1281,valid,1300
3D Lotto,9PM,2019-08-17,3-2-3,3,2,3,4500.00,1030,valid,1301
3D Lotto,9PM,2019-08-18,4-6-6,4,6,6,4500.00,438,valid,1302
3D Lotto,9PM,2019-08-19,2-1-6,2,1,6,4500.00,1213,valid,1303
3D Lotto,9PM,2019-08-20,3-7-0,3,7,0,4500.00,841,valid,1304
3D Lotto,9PM,2019-08-21,1-6-4,1,6,4,4500.00,1062,valid,1305
3D Lotto,9PM,2019-08-22,7-8-6,7,8,6,4500.00,619,valid,1306
3D Lotto,9PM,2019-08-23,8-8-3,8,8,3,4500.00,546,valid,1307
3D Lotto,9PM,2019-08-24,7-1-0,7,1,0,4500.00,1056,valid,1308
3D Lotto,9PM,2019-08-25,9-5-2,9,5,2,4500.00,700,valid,1309
3D Lotto,9PM,2019-08-26,1-1-0,1,1,0,4500.00,1179,valid,1310
3D Lotto,9PM,2019-08-27,6-4-5,6,4,5,4500.00,481,valid,1311
3D Lotto,9PM,2019-08-28,2-9-2,2,9,2,4500.00,633,valid,1312
3D Lotto,9PM,2019-08-29,8-4-6,8,4,6,4500.00,856,valid,1313
3D Lotto,9PM,2019-08-30,2-9-7,2,9,7,4500.00,780,valid,1314
3D Lotto,9PM,2019-08-31,5-2-2,5,2,2,4500.00,989,valid,1315
3D Lotto,9PM,2019-09-01,6-3-6,6,3,6,4500.00,311,valid,1316
3D Lotto,9PM,2019-09-02,5-9-1,5,9,1,4500.00,606,valid,1317
3D Lotto,9PM,2019-09-03,9-8-4,9,8,4,4500.00,522,valid,1318
3D Lotto,9PM,2019-09-04,5-1-2,5,1,2,4500.00,965,valid,1319
3D Lotto,9PM,2019-09-05,8-7-8,8,7,8,4500.00,319,valid,1320
3D Lotto,9PM,2019-09-06,4-1-1,4,1,1,4500.00,1011,valid,1321
3D Lotto,9PM,2019-09-07,7-3-9,7,3,9,4500.00,920,valid,1322
3D Lotto,9PM,2019-09-08,1-8-1,1,8,1,4500.00,680,valid,1323
3D Lotto,9PM,2019-09-09,5-7-8,5,7,8,4500.00,656,valid,1324
3D Lotto,9PM,2019-09-10,8-3-5,8,3,5,4500.00,770,valid,1325
3D Lotto,9PM,2019-09-11,4-3-7,4,3,7,4500.00,716,valid,1326
3D Lotto,9PM,2019-09-12,6-0-7,6,0,7,4500.00,522,valid,1327
3D Lotto,9PM,2019-09-13,7-9-7,7,9,7,4500.00,635,valid,1328
3D Lotto,9PM,2019-09-14,5-3-1,5,3,1,4500.00,612,valid,1329
3D Lotto,9PM,2019-09-15,4-7-9,4,7,9,4500.00,692,valid,1331
3D Lotto,9PM,2019-09-16,4-8-6,4,8,6,4500.00,607,valid,1332
3D Lotto,9PM,2019-09-17,1-7-5,1,7,5,4500.00,819,valid,1333
3D Lotto,9PM,2019-09-18,3-3-8,3,3,8,4500.00,335,valid,1334
3D Lotto,9PM,2019-09-19,4-2-0,4,2,0,4500.00,973,valid,1335
3D Lotto,9PM,2019-09-20,8-4-0,8,4,0,4500.00,456,valid,1336
3D Lotto,9PM,2019-09-21,0-6-6,0,6,6,4500.00,266,valid,1337
3D Lotto,9PM,2019-09-22,2-1-6,2,1,6,4500.00,675,valid,1338
3D Lotto,9PM,2019-09-23,7-3-3,7,3,3,4500.00,719,valid,1339
3D Lotto,9PM,2019-09-24,7-2-9,7,2,9,4500.00,965,valid,1340
3D Lotto,9PM,2019-09-25,4-1-2,4,1,2,4500.00,722,valid,1341
3D Lotto,9PM,2019-09-26,6-8-1,6,8,1,4500.00,432,valid,1342
3D Lotto,9PM,2019-09-27,1-4-6,1,4,6,4500.00,764,valid,1343
3D Lotto,9PM,2019-09-28,2-3-2,2,3,2,4500.00,544,valid,1344
3D Lotto,9PM,2019-09-29,7-7-3,7,7,3,4500.00,292,valid,1345
3D Lotto,9PM,2019-09-30,9-0-4,9,0,4,4500.00,543,valid,1346
3D Lotto,9PM,2019-10-01,7-3-2,7,3,2,4500.00,576,valid,1347
3D Lotto,9PM,2019-10-02,0-2-4,0,2,4,4500.00,277,valid,1348
3D Lotto,9PM,2019-10-03,6-6-4,6,6,4,4500.00,257,valid,1349
3D Lotto,9PM,2019-10-04,1-4-4,1,4,4,4500.00,580,valid,1350
3D Lotto,9PM,2019-10-05,5-9-9,5,9,9,4500.00,402,valid,1351
3D Lotto,9PM,2019-10-06,5-6-2,5,6,2,4500.00,338,valid,1352
3D Lotto,9PM,2019-10-07,2-2-5,2,2,5,4500.00,753,valid,1353
3D Lotto,9PM,2019-10-08,5-5-9,5,5,9,4500.00,375,valid,1354
3D Lotto,9PM,2019-10-09,3-9-2,3,9,2,4500.00,309,valid,1356
3D Lotto,9PM,2019-10-10,9-1-7,9,1,7,4500.00,850,valid,1355
3D Lotto,9PM,2019-10-11,5-8-6,5,8,6,4500.00,281,valid,1357
3D Lotto,9PM,2019-10-12,3-2-7,3,2,7,4500.00,696,valid,1358
3D Lotto,9PM,2019-10-13,2-7-5,2,7,5,4500.00,619,valid,1359
3D Lotto,9PM,2019-10-14,1-1-1,1,1,1,4500.00,1088,valid,1360
3D Lotto,9PM,2019-10-15,5-9-5,5,9,5,4500.00,178,valid,1361
3D Lotto,9PM,2019-10-16,7-5-6,7,5,6,4500.00,660,valid,1362
3D Lotto,9PM,2019-10-17,6-8-1,6,8,1,4500.00,232,valid,1363
3D Lotto,9PM,2019-10-18,6-6-2,6,6,2,4500.00,374,valid,1364
3D Lotto,9PM,2019-10-19,6-6-7,6,6,7,4500.00,447,valid,1365
3D Lotto,9PM,2019-10-20,2-5-4,2,5,4,4500.00,474,valid,1366
3D Lotto,9PM,2019-10-21,0-2-7,0,2,7,4500.00,467,valid,1367
3D Lotto,9PM,2019-10-22,2-0-8,2,0,8,4500.00,894,valid,1368
3D Lotto,9PM,2019-10-23,3-9-6,3,9,6,4500.00,628,valid,1369
3D Lotto,9PM,2019-10-24,1-8-2,1,8,2,4500.00,530,valid,1370
3D Lotto,9PM,2019-10-25,8-4-3,8,4,3,4500.00,264,valid,1371
3D Lotto,9PM,2019-10-26,9-4-2,9,4,2,4500.00,410,valid,1373
3D Lotto,9PM,2019-10-27,0-1-1,0,1,1,4500.00,517,valid,1374
3D Lotto,9PM,2019-10-28,7-5-4,7,5,4,4500.00,359,valid,1375
3D Lotto,9PM,2019-10-29,1-1-4,1,1,4,4500.00,888,valid,1376
3D Lotto,9PM,2019-10-30,4-6-4,4,6,4,4500.00,778,valid,1377
3D Lotto,9PM,2019-10-31,4-4-0,4,4,0,4500.00,590,valid,1378
3D Lotto,9PM,2019-11-01,3-7-4,3,7,4,4500.00,376,valid,1379
3D Lotto,9PM,2019-11-02,5-7-6,5,7,6,4500.00,214,valid,1380
3D Lotto,9PM,2019-11-03,3-3-7,3,3,7,4500.00,355,valid,1381
3D Lotto,9PM,2019-11-04,3-1-7,3,1,7,4500.00,1178,valid,1382
3D Lotto,9PM,2019-11-05,2-1-1,2,1,1,4500.00,1163,valid,1383
3D Lotto,9PM,2019-11-06,9-9-9,9,9,9,4500.00,1088,valid,1384
3D Lotto,9PM,2019-11-07,1-4-1,1,4,1,4500.00,478,valid,1385
3D Lotto,9PM,2019-11-08,9-9-1,9,9,1,4500.00,442,valid,1386
3D Lotto,9PM,2019-11-09,6-6-0,6,6,0,4500.00,296,valid,1387
3D Lotto,9PM,2019-11-10,2-4-8,2,4,8,4500.00,434,valid,1388
3D Lotto,9PM,2019-11-11,0-4-4,0,4,4,4500.00,188,valid,1389
3D Lotto,9PM,2019-11-12,9-3-1,9,3,1,4500.00,330,valid,1390
3D Lotto,9PM,2019-11-13,9-7-3,9,7,3,4500.00,342,valid,1391
3D Lotto,9PM,2019-11-14,9-7-7,9,7,7,4500.00,340,valid,1392
3D Lotto,9PM,2019-11-15,4-3-4,4,3,4,4500.00,306,valid,1393
3D Lotto,9PM,2019-11-16,2-4-4,2,4,4,4500.00,319,valid,1394
3D Lotto,9PM,2019-11-17,7-7-7,7,7,7,4500.00,1088,valid,1395
3D Lotto,9PM,2019-11-18,6-0-8,6,0,8,4500.00,456,valid,1396
3D Lotto,9PM,2019-11-19,8-7-9,8,7,9,4500.00,351,valid,1397
3D Lotto,9PM,2019-11-20,4-3-8,4,3,8,4500.00,270,valid,1398
3D Lotto,9PM,2019-11-21,2-1-1,2,1,1,4500.00,926,valid,1399
3D Lotto,9PM,2019-11-22,3-3-7,3,3,7,4500.00,290,valid,1400
3D Lotto,9PM,2019-11-23,2-4-7,2,4,7,4500.00,533,valid,1401
3D Lotto,9PM,2019-11-24,2-3-2,2,3,2,4500.00,468,valid,1402
3D Lotto,9PM,2019-11-25,4-5-2,4,5,2,4500.00,449,valid,1403
3D Lotto,9PM,2019-11-26,9-8-4,9,8,4,4500.00,224,valid,1404
3D Lotto,9PM,2019-11-27,1-8-2,1,8,2,4500.00,523,valid,1405
3D Lotto,9PM,2019-11-28,7-6-9,7,6,9,4500.00,238,valid,1406
3D Lotto,9PM,2019-11-29,1-0-0,1,0,0,4500.00,1190,valid,1407
3D Lotto,9PM,2019-11-30,2-6-1,2,6,1,4500.00,336,valid,1408
3D Lotto,9PM,2019-12-01,0-3-1,0,3,1,4500.00,243,valid,1409
3D Lotto,9PM,2019-12-02,3-4-0,3,4,0,4500.00,261,valid,1410
3D Lotto,9PM,2019-12-03,4-2-0,4,2,0,4500.00,467,valid,1411
3D Lotto,9PM,2019-12-04,1-0-5,1,0,5,4500.00,850,valid,1412
3D Lotto,9PM,2019-12-05,2-4-3,2,4,3,4500.00,486,valid,1413
3D Lotto,9PM,2019-12-06,3-6-5,3,6,5,4500.00,470,valid,1414
3D Lotto,9PM,2019-12-07,0-4-0,0,4,0,4500.00,252,valid,1415
3D Lotto,9PM,2019-12-08,3-5-0,3,5,0,4500.00,652,valid,1416
3D Lotto,9PM,2019-12-09,6-3-6,6,3,6,4500.00,296,valid,1417
3D Lotto,9PM,2019-12-10,4-3-0,4,3,0,4500.00,463,valid,1418
3D Lotto,9PM,2019-12-11,8-9-1,8,9,1,4500.00,383,valid,1419
3D Lotto,9PM,2019-12-12,4-4-9,4,4,9,4500.00,373,valid,1420
3D Lotto,9PM,2019-12-13,8-6-0,8,6,0,4500.00,340,valid,1421
3D Lotto,9PM,2019-12-14,1-9-2,1,9,2,4500.00,462,valid,1422
3D Lotto,9PM,2019-12-15,8-0-8,8,0,8,4500.00,526,valid,1423
3D Lotto,9PM,2019-12-16,4-1-1,4,1,1,4500.00,667,valid,1424
3D Lotto,9PM,2019-12-17,3-0-3,3,0,3,4500.00,539,valid,1425
3D Lotto,9PM,2019-12-18,3-1-4,3,1,4,4500.00,550,valid,1426
3D Lotto,9PM,2019-12-19,2-0-5,2,0,5,4500.00,861,valid,1427
3D Lotto,9PM,2019-12-20,9-2-0,9,2,0,4500.00,927,valid,1428
3D Lotto,9PM,2019-12-21,2-7-1,2,7,1,4500.00,516,valid,1429
3D Lotto,9PM,2019-12-22,5-9-8,5,9,8,4500.00,187,valid,1430
3D Lotto,9PM,2019-12-23,2-0-4,2,0,4,4500.00,732,valid,1431
3D Lotto,9PM,2019-12-24,1-6-7,1,6,7,4500.00,126,valid,1432
3D Lotto,9PM,2019-12-26,8-1-8,8,1,8,4500.00,439,valid,1433
3D Lotto,9PM,2019-12-27,4-9-2,4,9,2,4500.00,373,valid,1434
3D Lotto,9PM,2019-12-28,8-3-1,8,3,1,4500.00,511,valid,1435
3D Lotto,9PM,2019-12-29,2-9-2,2,9,2,4500.00,727,valid,1436
3D Lotto,9PM,2019-12-30,1-8-2,1,8,2,4500.00,467,valid,1437
3D Lotto,9PM,2019-12-31,9-6-3,9,6,3,4500.00,159,valid,1438
3D Lotto,9PM,2020-01-02,0-6-2,0,6,2,4500.00,250,valid,1439
3D Lotto,9PM,2020-01-03,7-4-4,7,4,4,4500.00,414,valid,1440
3D Lotto,9PM,2020-01-04,7-4-9,7,4,9,4500.00,500,valid,1441
3D Lotto,9PM,2020-01-05,7-0-6,7,0,6,4500.00,275,valid,1442
3D Lotto,9PM,2020-01-06,5-7-7,5,7,7,4500.00,287,valid,1443
3D Lotto,9PM,2020-01-07,9-6-7,9,6,7,4500.00,479,valid,1444
3D Lotto,9PM,2020-01-08,7-6-3,7,6,3,4500.00,284,valid,1445
3D Lotto,9PM,2020-01-09,8-6-9,8,6,9,4500.00,267,valid,1446
3D Lotto,9PM,2020-01-10,4-6-9,4,6,9,4500.00,330,valid,1447
3D Lotto,9PM,2020-01-11,4-1-8,4,1,8,4500.00,798,valid,1448
3D Lotto,9PM,2020-01-12,8-3-1,8,3,1,4500.00,326,valid,1449
3D Lotto,9PM,2020-01-13,5-9-2,5,9,2,4500.00,175,valid,1450
3D Lotto,9PM,2020-01-14,8-9-1,8,9,1,4500.00,298,valid,1451
3D Lotto,9PM,2020-01-15,5-7-4,5,7,4,4500.00,315,valid,1452
3D Lotto,9PM,2020-01-16,3-4-7,3,4,7,4500.00,408,valid,1453
3D Lotto,9PM,2020-01-17,4-6-5,4,6,5,4500.00,258,valid,1454
3D Lotto,9PM,2020-01-18,1-4-0,1,4,0,4500.00,743,valid,1455
3D Lotto,9PM,2020-01-19,4-0-4,4,0,4,4500.00,492,valid,1456
3D Lotto,9PM,2020-01-20,7-4-3,7,4,3,4500.00,318,valid,1457
3D Lotto,9PM,2020-01-21,7-5-7,7,5,7,4500.00,317,valid,1458
3D Lotto,9PM,2020-01-22,1-1-0,1,1,0,4500.00,786,valid,1459
3D Lotto,9PM,2020-01-23,5-3-3,5,3,3,4500.00,243,valid,1460
3D Lotto,9PM,2020-01-24,8-2-5,8,2,5,4500.00,916,valid,1461
3D Lotto,9PM,2020-01-25,8-1-2,8,1,2,4500.00,494,valid,1462
3D Lotto,9PM,2020-01-26,6-0-5,6,0,5,4500.00,449,valid,1463
3D Lotto,9PM,2020-01-27,4-0-6,4,0,6,4500.00,286,valid,1464
3D Lotto,9PM,2020-01-28,9-3-3,9,3,3,4500.00,362,valid,1465
3D Lotto,9PM,2020-01-29,6-3-9,6,3,9,4500.00,591,valid,1466
3D Lotto,9PM,2020-01-30,5-6-2,5,6,2,4500.00,655,valid,1467
3D Lotto,9PM,2020-01-31,0-7-1,0,7,1,4500.00,166,valid,1468
3D Lotto,9PM,2020-02-01,0-3-4,0,3,4,4500.00,189,valid,1469
3D Lotto,9PM,2020-02-02,6-0-5,6,0,5,4500.00,156,valid,1470
3D Lotto,9PM,2020-02-03,1-3-0,1,3,0,4500.00,982,valid,1471
3D Lotto,9PM,2020-02-04,2-4-2,2,4,2,4500.00,1192,valid,1472
3D Lotto,9PM,2020-02-05,5-8-0,5,8,0,4500.00,514,valid,1473
3D Lotto,9PM,2020-02-06,3-6-8,3,6,8,4500.00,458,valid,1474
3D Lotto,9PM,2020-02-07,9-6-5,9,6,5,4500.00,261,valid,1475
3D Lotto,9PM,2020-02-08,0-1-5,0,1,5,4500.00,365,valid,1476
3D Lotto,9PM,2020-02-09,0-2-8,0,2,8,4500.00,233,valid,1477
3D Lotto,9PM,2020-02-10,1-6-2,1,6,2,4500.00,427,valid,1478
3D Lotto,9PM,2020-02-11,2-1-2,2,1,2,4500.00,1192,valid,1479
3D Lotto,9PM,2020-02-12,2-1-1,2,1,1,4500.00,1188,valid,1480
3D Lotto,9PM,2020-02-13,3-7-3,3,7,3,4500.00,547,valid,1481
3D Lotto,9PM,2020-02-14,9-5-2,9,5,2,4500.00,314,valid,1482
3D Lotto,9PM,2020-02-15,2-0-6,2,0,6,4500.00,678,valid,1483
3D Lotto,9PM,2020-02-16,0-5-8,0,5,8,4500.00,256,valid,1484
3D Lotto,9PM,2020-02-17,8-4-0,8,4,0,4500.00,390,valid,1485
3D Lotto,9PM,2020-02-18,2-2-7,2,2,7,4500.00,1094,valid,1486
3D Lotto,9PM,2020-02-19,8-8-6,8,8,6,4500.00,314,valid,1487
3D Lotto,9PM,2020-02-20,7-4-1,7,4,1,4500.00,641,valid,1488
3D Lotto,9PM,2020-02-21,0-0-2,0,0,2,4500.00,386,valid,1489
3D Lotto,9PM,2020-02-22,3-0-8,3,0,8,4500.00,685,valid,1490
3D Lotto,9PM,2020-02-23,1-7-7,1,7,7,4500.00,539,valid,1491
3D Lotto,9PM,2020-02-24,3-1-0,3,1,0,4500.00,716,valid,1493
3D Lotto,9PM,2020-02-25,8-5-4,8,5,4,4500.00,437,valid,1492
3D Lotto,9PM,2020-02-26,2-3-0,2,3,0,4500.00,737,valid,1494
3D Lotto,9PM,2020-02-27,4-8-4,4,8,4,4500.00,338,valid,1495
3D Lotto,9PM,2020-02-28,4-2-6,4,2,6,4500.00,841,valid,1496
3D Lotto,9PM,2020-02-29,8-2-4,8,2,4,4500.00,988,valid,1497
3D Lotto,9PM,2020-03-01,7-0-8,7,0,8,4500.00,603,valid,1498
3D Lotto,9PM,2020-03-02,3-1-0,3,1,0,4500.00,1041,valid,1499
3D Lotto,9PM,2020-03-03,7-9-5,7,9,5,4500.00,220,valid,1500
3D Lotto,9PM,2020-03-04,8-8-6,8,8,6,4500.00,377,valid,1501
3D Lotto,9PM,2020-03-05,2-2-1,2,2,1,4500.00,719,valid,1502
3D Lotto,9PM,2020-03-06,9-6-6,9,6,6,4500.00,569,valid,1504
3D Lotto,9PM,2020-03-07,8-0-0,8,0,0,4500.00,602,valid,1505
3D Lotto,9PM,2020-03-08,1-0-5,1,0,5,4500.00,982,valid,1506
3D Lotto,9PM,2020-03-09,9-9-9,9,9,9,4500.00,1088,valid,1507
3D Lotto,9PM,2020-03-10,1-7-1,1,7,1,4500.00,931,valid,1508
3D Lotto,9PM,2020-03-11,7-6-4,7,6,4,4500.00,283,valid,1509
3D Lotto,9PM,2020-03-12,4-3-9,4,3,9,4500.00,331,valid,1510
3D Lotto,9PM,2020-03-13,7-5-9,7,5,9,4500.00,251,valid,1511
3D Lotto,9PM,2020-03-14,0-0-4,0,0,4,4500.00,160,valid,1512
3D Lotto,9PM,2020-03-15,3-5-8,3,5,8,4500.00,554,valid,1513
3D Lotto,9PM,2020-03-16,5-8-1,5,8,1,4500.00,281,valid,1514
3D Lotto,9PM,2020-03-17,4-0-3,4,0,3,4500.00,3,valid,1515
3D Lotto,9PM,2020-03-18,1-4-8,1,4,8,4500.00,3,valid,1516
3D Lotto,9PM,2020-03-20,,,,,4500.00,0,missing_combination,1517
3D Lotto,9PM,2020-03-21,,,,,4500.00,0,missing_combination,1518
3D Lotto,9PM,2020-03-22,,,,,4500.00,0,missing_combination,1519
3D Lotto,9PM,2020-03-23,,,,,4500.00,0,missing_combination,1520
3D Lotto,9PM,2020-03-24,,,,,4500.00,0,missing_combination,1521
3D Lotto,9PM,2020-08-24,9-7-4,9,7,4,4500.00,78,valid,1522
3D Lotto,9PM,2020-08-25,3-4-8,3,4,8,4500.00,150,valid,1523
3D Lotto,9PM,2020-08-26,3-0-4,3,0,4,4500.00,72,valid,1524
3D Lotto,9PM,2020-08-27,7-5-4,7,5,4,4500.00,201,valid,1525
3D Lotto,9PM,2020-08-28,7-7-6,7,7,6,4500.00,71,valid,1526
3D Lotto,9PM,2020-08-29,6-8-3,6,8,3,4500.00,125,valid,1527
3D Lotto,9PM,2020-08-30,8-8-0,8,8,0,4500.00,97,valid,1528
3D Lotto,9PM,2020-08-31,3-8-9,3,8,9,4500.00,187,valid,1529
3D Lotto,9PM,2020-09-01,9-5-5,9,5,5,4500.00,163,valid,1530
3D Lotto,9PM,2020-09-02,6-0-1,6,0,1,4500.00,184,valid,1531
3D Lotto,9PM,2020-09-03,5-2-5,5,2,5,4500.00,541,valid,1532
3D Lotto,9PM,2020-09-04,0-5-1,0,5,1,4500.00,158,valid,1533
3D Lotto,9PM,2020-09-05,6-9-4,6,9,4,4500.00,132,valid,1534
3D Lotto,9PM,2020-09-06,7-8-4,7,8,4,4500.00,179,valid,1535
3D Lotto,9PM,2020-09-07,9-0-2,9,0,2,4500.00,263,valid,1536
3D Lotto,9PM,2020-09-08,1-7-3,1,7,3,4500.00,271,valid,1537
3D Lotto,9PM,2020-09-09,5-6-3,5,6,3,4500.00,179,valid,1538
3D Lotto,9PM,2020-09-10,1-8-4,1,8,4,4500.00,404,valid,1539
3D Lotto,9PM,2020-09-11,9-9-2,9,9,2,4500.00,267,valid,1540
3D Lotto,9PM,2020-09-12,2-8-5,2,8,5,4500.00,195,valid,1541
3D Lotto,9PM,2020-09-13,3-3-1,3,3,1,4500.00,380,valid,1542
3D Lotto,9PM,2020-09-14,6-3-8,6,3,8,4500.00,192,valid,1543
3D Lotto,9PM,2020-09-15,5-2-2,5,2,2,4500.00,193,valid,1544
3D Lotto,9PM,2020-09-16,1-5-1,1,5,1,4500.00,296,valid,1545
3D Lotto,9PM,2020-09-17,5-5-8,5,5,8,4500.00,228,valid,1546
3D Lotto,9PM,2020-09-18,5-0-4,5,0,4,4500.00,207,valid,1547
3D Lotto,9PM,2020-09-19,1-7-6,1,7,6,4500.00,268,valid,1548
3D Lotto,9PM,2020-09-20,1-7-1,1,7,1,4500.00,540,valid,1549
3D Lotto,9PM,2020-09-21,5-6-2,5,6,2,4500.00,312,valid,1550
3D Lotto,9PM,2020-09-22,2-1-8,2,1,8,4500.00,688,valid,1551
3D Lotto,9PM,2020-09-23,0-3-1,0,3,1,4500.00,350,valid,1552
3D Lotto,9PM,2020-09-24,6-3-4,6,3,4,4500.00,173,valid,1553
3D Lotto,9PM,2020-09-25,2-4-5,2,4,5,4500.00,423,valid,1554
3D Lotto,9PM,2020-09-26,9-0-1,9,0,1,4500.00,515,valid,1555
3D Lotto,9PM,2020-09-27,7-3-2,7,3,2,4500.00,228,valid,1556
3D Lotto,9PM,2020-09-28,2-9-0,2,9,0,4500.00,253,valid,1557
3D Lotto,9PM,2020-09-29,2-7-9,2,7,9,4500.00,693,valid,1558
3D Lotto,9PM,2020-09-30,0-2-9,0,2,9,4500.00,193,valid,1559
3D Lotto,9PM,2020-10-01,5-5-9,5,5,9,4500.00,161,valid,1560
3D Lotto,9PM,2020-10-02,0-8-1,0,8,1,4500.00,219,valid,1561
3D Lotto,9PM,2020-10-03,3-4-9,3,4,9,4500.00,364,valid,1562
3D Lotto,9PM,2020-10-04,3-9-7,3,9,7,4500.00,202,valid,1563
3D Lotto,9PM,2020-10-05,9-7-1,9,7,1,4500.00,392,valid,1564
3D Lotto,9PM,2020-10-06,9-6-2,9,6,2,4500.00,207,valid,1565
3D Lotto,9PM,2020-10-07,5-3-5,5,3,5,4500.00,187,valid,1566
3D Lotto,9PM,2020-10-08,6-5-0,6,5,0,4500.00,262,valid,1567
3D Lotto,9PM,2020-10-09,5-3-1,5,3,1,4500.00,414,valid,1568
3D Lotto,9PM,2020-10-10,9-6-1,9,6,1,4500.00,227,valid,1569
3D Lotto,9PM,2020-10-11,8-5-1,8,5,1,4500.00,296,valid,1570
3D Lotto,9PM,2020-10-12,1-2-8,1,2,8,4500.00,560,valid,1571
3D Lotto,9PM,2020-10-13,7-2-6,7,2,6,4500.00,401,valid,1572
3D Lotto,9PM,2020-10-14,7-2-2,7,2,2,4500.00,267,valid,1573
3D Lotto,9PM,2020-10-15,8-6-3,8,6,3,4500.00,168,valid,1574
3D Lotto,9PM,2020-10-16,3-2-6,3,2,6,4500.00,281,valid,1575
3D Lotto,9PM,2020-10-17,4-3-7,4,3,7,4500.00,344,valid,1576
3D Lotto,9PM,2020-10-18,6-2-5,6,2,5,4500.00,283,valid,1577
3D Lotto,9PM,2020-10-19,5-9-9,5,9,9,4500.00,61,valid,1578
3D Lotto,9PM,2020-10-20,9-2-3,9,2,3,4500.00,360,valid,1579
3D Lotto,9PM,2020-10-21,2-0-4,2,0,4,4500.00,382,valid,1580
3D Lotto,9PM,2020-10-22,4-4-5,4,4,5,4500.00,179,valid,1581
3D Lotto,9PM,2020-10-23,2-7-0,2,7,0,4500.00,171,valid,1582
3D Lotto,9PM,2020-10-24,3-4-3,3,4,3,4500.00,244,valid,1583
3D Lotto,9PM,2020-10-25,8-3-3,8,3,3,4500.00,133,valid,1584
3D Lotto,9PM,2020-10-26,3-0-5,3,0,5,4500.00,277,valid,1585
3D Lotto,9PM,2020-10-27,5-9-0,5,9,0,4500.00,209,valid,1586
3D Lotto,9PM,2020-10-28,5-9-2,5,9,2,4500.00,267,valid,1587
3D Lotto,9PM,2020-10-29,8-3-5,8,3,5,4500.00,299,valid,1588
3D Lotto,9PM,2020-10-30,3-6-2,3,6,2,4500.00,144,valid,1589
3D Lotto,9PM,2020-10-31,6-5-9,6,5,9,4500.00,167,valid,1590
3D Lotto,9PM,2020-11-01,7-1-2,7,1,2,4500.00,82,valid,1591
3D Lotto,9PM,2020-11-02,2-9-8,2,9,8,4500.00,133,valid,1592
3D Lotto,9PM,2020-11-03,6-9-7,6,9,7,4500.00,144,valid,1593
3D Lotto,9PM,2020-11-04,6-7-9,6,7,9,4500.00,179,valid,1594
3D Lotto,9PM,2020-11-05,8-0-3,8,0,3,4500.00,168,valid,1595
3D Lotto,9PM,2020-11-06,8-9-5,8,9,5,4500.00,161,valid,1596
3D Lotto,9PM,2020-11-07,9-1-1,9,1,1,4500.00,738,valid,1597
3D Lotto,9PM,2020-11-08,5-4-5,5,4,5,4500.00,244,valid,1598
3D Lotto,9PM,2020-11-09,8-1-0,8,1,0,4500.00,511,valid,1599
3D Lotto,9PM,2020-11-10,1-9-1,1,9,1,4500.00,240,valid,1600
3D Lotto,9PM,2020-11-11,2-2-0,2,2,0,4500.00,508,valid,1601
3D Lotto,9PM,2020-11-12,2-7-6,2,7,6,4500.00,107,valid,1602
3D Lotto,9PM,2020-11-13,3-9-8,3,9,8,4500.00,197,valid,1603
3D Lotto,9PM,2020-11-14,5-2-7,5,2,7,4500.00,344,valid,1604
3D Lotto,9PM,2020-11-15,0-2-7,0,2,7,4500.00,184,valid,1605
3D Lotto,9PM,2020-11-16,1-2-9,1,2,9,4500.00,610,valid,1606
3D Lotto,9PM,2020-11-17,4-5-1,4,5,1,4500.00,335,valid,1607
3D Lotto,9PM,2020-11-18,3-5-4,3,5,4,4500.00,158,valid,1608
3D Lotto,9PM,2020-11-19,4-7-4,4,7,4,4500.00,298,valid,1609
3D Lotto,9PM,2020-11-20,8-1-4,8,1,4,4500.00,434,valid,1610
3D Lotto,9PM,2020-11-21,4-2-7,4,2,7,4500.00,541,valid,1611
3D Lotto,9PM,2020-11-22,8-1-7,8,1,7,4500.00,427,valid,1612
3D Lotto,9PM,2020-11-23,9-9-0,9,9,0,4500.00,288,valid,1613
3D Lotto,9PM,2020-11-24,7-7-1,7,7,1,4500.00,221,valid,1614
3D Lotto,9PM,2020-11-25,8-5-2,8,5,2,4500.00,357,valid,1615
3D Lotto,9PM,2020-11-26,9-4-3,9,4,3,4500.00,163,valid,1616
3D Lotto,9PM,2020-11-27,8-7-7,8,7,7,4500.00,132,valid,1617
3D Lotto,9PM,2020-11-28,7-9-1,7,9,1,4500.00,256,valid,1618
3D Lotto,9PM,2020-11-29,3-9-5,3,9,5,4500.00,209,valid,1619
3D Lotto,9PM,2020-11-30,3-1-6,3,1,6,4500.00,681,valid,1620
3D Lotto,9PM,2020-12-01,7-2-9,7,2,9,4500.00,575,valid,1621
3D Lotto,9PM,2020-12-02,1-3-2,1,3,2,4500.00,855,valid,1622
3D Lotto,9PM,2020-12-03,6-2-0,6,2,0,4500.00,563,valid,1623
3D Lotto,9PM,2020-12-04,7-9-3,7,9,3,4500.00,239,valid,1624
3D Lotto,9PM,2020-12-05,3-6-5,3,6,5,4500.00,382,valid,1625
3D Lotto,9PM,2020-12-06,5-7-6,5,7,6,4500.00,305,valid,1626
3D Lotto,9PM,2020-12-07,9-1-9,9,1,9,4500.00,544,valid,1627
3D Lotto,9PM,2020-12-08,0-0-3,0,0,3,4500.00,197,valid,1628
3D Lotto,9PM,2020-12-09,6-8-0,6,8,0,4500.00,278,valid,1629
3D Lotto,9PM,2020-12-10,1-8-9,1,8,9,4500.00,451,valid,1630
3D Lotto,9PM,2020-12-11,9-0-3,9,0,3,4500.00,359,valid,1631
3D Lotto,9PM,2020-12-12,0-5-7,0,5,7,4500.00,257,valid,1632
3D Lotto,9PM,2020-12-13,2-1-1,2,1,1,4500.00,1021,valid,1633
3D Lotto,9PM,2020-12-14,3-9-1,3,9,1,4500.00,432,valid,1634
3D Lotto,9PM,2020-12-15,6-5-5,6,5,5,4500.00,223,valid,1635
3D Lotto,9PM,2020-12-16,4-6-8,4,6,8,4500.00,394,valid,1636
3D Lotto,9PM,2020-12-17,4-9-4,4,9,4,4500.00,338,valid,1637
3D Lotto,9PM,2020-12-18,8-5-4,8,5,4,4500.00,389,valid,1638
3D Lotto,9PM,2020-12-19,3-4-8,3,4,8,4500.00,389,valid,1639
3D Lotto,9PM,2020-12-20,3-6-0,3,6,0,4500.00,530,valid,1640
3D Lotto,9PM,2020-12-21,2-3-6,2,3,6,4500.00,439,valid,1641
3D Lotto,9PM,2020-12-22,1-5-9,1,5,9,4500.00,590,valid,1642
3D Lotto,9PM,2020-12-23,0-0-3,0,0,3,4500.00,130,valid,1643
3D Lotto,9PM,2020-12-24,8-0-8,8,0,8,4500.00,325,valid,1644
3D Lotto,9PM,2020-12-26,0-8-6,0,8,6,4500.00,163,valid,1645
3D Lotto,9PM,2020-12-27,7-6-1,7,6,1,4500.00,352,valid,1646
3D Lotto,9PM,2020-12-28,7-9-2,7,9,2,4500.00,336,valid,1647
3D Lotto,9PM,2020-12-29,1-3-1,1,3,1,4500.00,1011,valid,1648
3D Lotto,9PM,2020-12-30,7-0-0,7,0,0,4500.00,406,valid,1649
3D Lotto,9PM,2020-12-31,4-6-3,4,6,3,4500.00,158,valid,1650
3D Lotto,9PM,2021-01-02,0-1-3,0,1,3,4500.00,446,valid,1651
3D Lotto,9PM,2021-01-03,9-0-9,9,0,9,4500.00,213,valid,1652
3D Lotto,9PM,2021-01-04,5-8-9,5,8,9,4500.00,298,valid,1653
3D Lotto,9PM,2021-01-05,8-5-2,8,5,2,4500.00,285,valid,1654
3D Lotto,9PM,2021-01-06,9-4-1,9,4,1,4500.00,399,valid,1655
3D Lotto,9PM,2021-01-07,0-2-0,0,2,0,4500.00,433,valid,1656
3D Lotto,9PM,2021-01-08,1-1-3,1,1,3,4500.00,886,valid,1657
3D Lotto,9PM,2021-01-09,7-3-3,7,3,3,4500.00,321,valid,1658
3D Lotto,9PM,2021-01-10,8-2-4,8,2,4,4500.00,714,valid,1659
3D Lotto,9PM,2021-01-11,6-6-8,6,6,8,4500.00,194,valid,1660
3D Lotto,9PM,2021-01-12,1-0-1,1,0,1,4500.00,844,valid,1661
3D Lotto,9PM,2021-01-13,5-0-8,5,0,8,4500.00,430,valid,1662
3D Lotto,9PM,2021-01-14,9-3-2,9,3,2,4500.00,398,valid,1663
3D Lotto,9PM,2021-01-15,4-9-8,4,9,8,4500.00,203,valid,1664
3D Lotto,9PM,2021-01-16,5-6-3,5,6,3,4500.00,297,valid,1665
3D Lotto,9PM,2021-01-17,2-2-6,2,2,6,4500.00,404,valid,1666
3D Lotto,9PM,2021-01-18,7-6-7,7,6,7,4500.00,110,valid,1667
3D Lotto,9PM,2021-01-19,9-1-3,9,1,3,4500.00,552,valid,1668
3D Lotto,9PM,2021-01-20,9-5-6,9,5,6,4500.00,170,valid,1669
3D Lotto,9PM,2021-01-21,1-0-9,1,0,9,4500.00,779,valid,1670
3D Lotto,9PM,2021-01-22,8-1-0,8,1,0,4500.00,470,valid,1671
3D Lotto,9PM,2021-01-23,5-1-3,5,1,3,4500.00,757,valid,1672
3D Lotto,9PM,2021-01-24,7-1-9,7,1,9,4500.00,349,valid,1673
3D Lotto,9PM,2021-01-25,0-9-3,0,9,3,4500.00,100,valid,1674
3D Lotto,9PM,2021-01-26,2-6-6,2,6,6,4500.00,366,valid,1675
3D Lotto,9PM,2021-01-27,1-8-0,1,8,0,4500.00,348,valid,1676
3D Lotto,9PM,2021-01-28,0-9-3,0,9,3,4500.00,100,valid,1677
3D Lotto,9PM,2021-01-29,0-9-2,0,9,2,4500.00,163,valid,1678
3D Lotto,9PM,2021-01-30,0-6-3,0,6,3,4500.00,223,valid,1679
3D Lotto,9PM,2021-01-31,9-7-1,9,7,1,4500.00,260,valid,1680
3D Lotto,9PM,2021-02-01,5-4-0,5,4,0,4500.00,153,valid,1681
3D Lotto,9PM,2021-02-02,7-8-0,7,8,0,4500.00,166,valid,1682
3D Lotto,9PM,2021-02-03,0-4-8,0,4,8,4500.00,207,valid,1683
3D Lotto,9PM,2021-02-04,2-9-5,2,9,5,4500.00,283,valid,1684
3D Lotto,9PM,2021-02-05,9-7-7,9,7,7,4500.00,387,valid,1685
3D Lotto,9PM,2021-02-06,8-5-4,8,5,4,4500.00,216,valid,1686
3D Lotto,9PM,2021-02-07,5-9-9,5,9,9,4500.00,181,valid,1687
3D Lotto,9PM,2021-02-08,6-0-1,6,0,1,4500.00,318,valid,1688
3D Lotto,9PM,2021-02-09,7-7-2,7,7,2,4500.00,280,valid,1689
3D Lotto,9PM,2021-02-10,1-0-9,1,0,9,4500.00,556,valid,1690
3D Lotto,9PM,2021-02-11,6-0-5,6,0,5,4500.00,307,valid,1691
3D Lotto,9PM,2021-02-12,8-8-7,8,8,7,4500.00,192,valid,1692
3D Lotto,9PM,2021-02-13,9-3-3,9,3,3,4500.00,283,valid,1693
3D Lotto,9PM,2021-02-14,5-9-7,5,9,7,4500.00,128,valid,1694
3D Lotto,9PM,2021-02-15,3-2-4,3,2,4,4500.00,359,valid,1695
3D Lotto,9PM,2021-02-16,1-0-7,1,0,7,4500.00,478,valid,1696
3D Lotto,9PM,2021-02-17,8-0-0,8,0,0,4500.00,413,valid,1697
3D Lotto,9PM,2021-02-18,2-5-1,2,5,1,4500.00,453,valid,1698
3D Lotto,9PM,2021-02-19,4-4-6,4,4,6,4500.00,160,valid,1699
3D Lotto,9PM,2021-02-20,9-3-7,9,3,7,4500.00,185,valid,1700
3D Lotto,9PM,2021-02-21,5-3-2,5,3,2,4500.00,335,valid,1701
3D Lotto,9PM,2021-02-22,8-4-2,8,4,2,4500.00,182,valid,1702
3D Lotto,9PM,2021-02-23,7-0-6,7,0,6,4500.00,239,valid,1703
3D Lotto,9PM,2021-02-24,3-7-3,3,7,3,4500.00,211,valid,1704
3D Lotto,9PM,2021-02-25,6-4-4,6,4,4,4500.00,225,valid,1705
3D Lotto,9PM,2021-02-26,3-2-2,3,2,2,4500.00,470,valid,1706
3D Lotto,9PM,2021-02-27,8-0-7,8,0,7,4500.00,197,valid,1707
3D Lotto,9PM,2021-02-28,7-8-0,7,8,0,4500.00,242,valid,1708
3D Lotto,9PM,2021-03-01,1-0-7,1,0,7,4500.00,311,valid,1709
3D Lotto,9PM,2021-03-02,1-1-3,1,1,3,4500.00,558,valid,1710
3D Lotto,9PM,2021-03-03,3-1-0,3,1,0,4500.00,1135,valid,1711
3D Lotto,9PM,2021-03-04,8-1-3,8,1,3,4500.00,537,valid,1712
3D Lotto,9PM,2021-03-05,0-8-9,0,8,9,4500.00,213,valid,1713
3D Lotto,9PM,2021-03-06,0-7-9,0,7,9,4500.00,292,valid,1714
3D Lotto,9PM,2021-03-07,1-9-7,1,9,7,4500.00,414,valid,1715
3D Lotto,9PM,2021-03-08,6-8-1,6,8,1,4500.00,188,valid,1716
3D Lotto,9PM,2021-03-09,3-6-3,3,6,3,4500.00,211,valid,1717
3D Lotto,9PM,2021-03-10,6-0-7,6,0,7,4500.00,214,valid,1718
3D Lotto,9PM,2021-03-11,8-1-1,8,1,1,4500.00,466,valid,1719
3D Lotto,9PM,2021-03-12,9-9-6,9,9,6,4500.00,222,valid,1720
3D Lotto,9PM,2021-03-13,4-4-2,4,4,2,4500.00,221,valid,1721
3D Lotto,9PM,2021-03-14,1-2-6,1,2,6,4500.00,456,valid,1722
3D Lotto,9PM,2021-03-15,9-5-0,9,5,0,4500.00,153,valid,1723
3D Lotto,9PM,2021-03-16,2-7-4,2,7,4,4500.00,249,valid,1724
3D Lotto,9PM,2021-03-17,5-8-4,5,8,4,4500.00,152,valid,1725
3D Lotto,9PM,2021-03-18,9-5-2,9,5,2,4500.00,264,valid,1726
3D Lotto,9PM,2021-03-19,5-3-0,5,3,0,4500.00,422,valid,1727
3D Lotto,9PM,2021-03-20,6-3-1,6,3,1,4500.00,414,valid,1728
3D Lotto,9PM,2021-03-21,7-9-0,7,9,0,4500.00,209,valid,1729
3D Lotto,9PM,2021-03-22,1-3-4,1,3,4,4500.00,263,valid,1730
3D Lotto,9PM,2021-03-23,5-6-0,5,6,0,4500.00,205,valid,1731
3D Lotto,9PM,2021-03-24,3-7-0,3,7,0,4500.00,260,valid,1732
3D Lotto,9PM,2021-03-25,4-6-1,4,6,1,4500.00,395,valid,1733
3D Lotto,9PM,2021-03-26,9-1-3,9,1,3,4500.00,392,valid,1734
3D Lotto,9PM,2021-03-27,7-8-8,7,8,8,4500.00,193,valid,1735
3D Lotto,9PM,2021-03-28,0-9-4,0,9,4,4500.00,111,valid,1736
3D Lotto,9PM,2021-03-29,9-9-4,9,9,4,4500.00,0,valid,1737
3D Lotto,9PM,2021-03-30,9-3-9,9,3,9,4500.00,51,valid,1738
3D Lotto,9PM,2021-03-31,8-8-6,8,8,6,4500.00,159,valid,1739
3D Lotto,9PM,2021-04-05,3-2-3,3,2,3,4500.00,179,valid,1740
3D Lotto,9PM,2021-04-06,6-5-0,6,5,0,4500.00,125,valid,1741
3D Lotto,9PM,2021-04-07,1-5-5,1,5,5,4500.00,209,valid,1742
3D Lotto,9PM,2021-04-08,8-1-6,8,1,6,4500.00,255,valid,1743
3D Lotto,9PM,2021-04-09,1-9-8,1,9,8,4500.00,161,valid,1744
3D Lotto,9PM,2021-04-10,1-6-8,1,6,8,4500.00,213,valid,1745
3D Lotto,9PM,2021-04-11,3-4-0,3,4,0,4500.00,70,valid,1746
3D Lotto,9PM,2021-04-12,3-6-8,3,6,8,4500.00,142,valid,1747
3D Lotto,9PM,2021-04-13,4-7-1,4,7,1,4500.00,356,valid,1748
3D Lotto,9PM,2021-04-14,3-9-2,3,9,2,4500.00,113,valid,1749
3D Lotto,9PM,2021-04-15,5-4-6,5,4,6,4500.00,180,valid,1750
3D Lotto,9PM,2021-04-16,0-9-7,0,9,7,4500.00,109,valid,1751
3D Lotto,9PM,2021-04-17,1-1-6,1,1,6,4500.00,442,valid,1752
3D Lotto,9PM,2021-04-18,9-7-6,9,7,6,4500.00,73,valid,1753
3D Lotto,9PM,2021-04-19,4-0-8,4,0,8,4500.00,188,valid,1754
3D Lotto,9PM,2021-04-20,6-0-1,6,0,1,4500.00,131,valid,1755
3D Lotto,9PM,2021-04-21,1-4-5,1,4,5,4500.00,264,valid,1756
3D Lotto,9PM,2021-04-22,1-1-7,1,1,7,4500.00,319,valid,1757
3D Lotto,9PM,2021-04-23,8-6-3,8,6,3,4500.00,122,valid,1758
3D Lotto,9PM,2021-04-24,8-8-7,8,8,7,4500.00,67,valid,1759
3D Lotto,9PM,2021-04-25,0-5-0,0,5,0,4500.00,110,valid,1760
3D Lotto,9PM,2021-04-26,8-0-8,8,0,8,4500.00,177,valid,1761
3D Lotto,9PM,2021-04-27,2-5-5,2,5,5,4500.00,201,valid,1762
3D Lotto,9PM,2021-04-28,0-0-1,0,0,1,4500.00,212,valid,1763
3D Lotto,9PM,2021-04-29,9-2-6,9,2,6,4500.00,131,valid,1764
3D Lotto,9PM,2021-04-30,3-7-8,3,7,8,4500.00,139,valid,1765
3D Lotto,9PM,2021-05-01,4-0-3,4,0,3,4500.00,137,valid,1766
3D Lotto,9PM,2021-05-02,0-5-2,0,5,2,4500.00,92,valid,1767
3D Lotto,9PM,2021-05-03,2-5-9,2,5,9,4500.00,291,valid,1768
3D Lotto,9PM,2021-05-04,3-0-8,3,0,8,4500.00,208,valid,1769
3D Lotto,9PM,2021-05-05,7-8-9,7,8,9,4500.00,237,valid,1770
3D Lotto,9PM,2021-05-06,4-1-7,4,1,7,4500.00,378,valid,1771
3D Lotto,9PM,2021-05-07,6-3-5,6,3,5,4500.00,171,valid,1772
3D Lotto,9PM,2021-05-08,1-4-8,1,4,8,4500.00,296,valid,1773
3D Lotto,9PM,2021-05-09,3-8-0,3,8,0,4500.00,140,valid,1774
3D Lotto,9PM,2021-05-10,3-7-3,3,7,3,4500.00,43,valid,1775
3D Lotto,9PM,2021-05-11,5-3-6,5,3,6,4500.00,123,valid,1776
3D Lotto,9PM,2021-05-12,8-8-1,8,8,1,4500.00,89,valid,1777
3D Lotto,9PM,2021-05-13,2-3-6,2,3,6,4500.00,90,valid,1778
3D Lotto,9PM,2021-05-14,0-6-6,0,6,6,4500.00,48,valid,1779
3D Lotto,9PM,2021-05-15,6-3-7,6,3,7,4500.00,267,valid,1780
3D Lotto,9PM,2021-05-16,1-1-6,1,1,6,4500.00,349,valid,1781
3D Lotto,9PM,2021-05-17,2-4-4,2,4,4,4500.00,135,valid,1782
3D Lotto,9PM,2021-05-18,3-7-4,3,7,4,4500.00,163,valid,1783
3D Lotto,9PM,2021-05-19,5-9-2,5,9,2,4500.00,183,valid,1784
3D Lotto,9PM,2021-05-20,5-6-4,5,6,4,4500.00,119,valid,1785
3D Lotto,9PM,2021-05-21,2-0-9,2,0,9,4500.00,333,valid,1786
3D Lotto,9PM,2021-05-22,0-5-4,0,5,4,4500.00,168,valid,1787
3D Lotto,9PM,2021-05-23,1-7-9,1,7,9,4500.00,291,valid,1788
3D Lotto,9PM,2021-05-24,1-5-3,1,5,3,4500.00,388,valid,1789
3D Lotto,9PM,2021-05-25,1-9-8,1,9,8,4500.00,111,valid,1790
3D Lotto,9PM,2021-05-26,7-1-4,7,1,4,4500.00,506,valid,1791
3D Lotto,9PM,2021-05-27,1-4-2,1,4,2,4500.00,195,valid,1792
3D Lotto,9PM,2021-05-28,3-0-5,3,0,5,4500.00,303,valid,1793
3D Lotto,9PM,2021-05-29,0-6-7,0,6,7,4500.00,128,valid,1794
3D Lotto,9PM,2021-05-30,3-2-5,3,2,5,4500.00,294,valid,1795
3D Lotto,9PM,2021-05-31,5-8-8,5,8,8,4500.00,236,valid,1796
3D Lotto,9PM,2021-06-01,7-7-8,7,7,8,4500.00,160,valid,1797
3D Lotto,9PM,2021-06-02,4-2-5,4,2,5,4500.00,364,valid,1798
3D Lotto,9PM,2021-06-03,8-4-0,8,4,0,4500.00,291,valid,1799
3D Lotto,9PM,2021-06-04,8-4-5,8,4,5,4500.00,237,valid,1800
3D Lotto,9PM,2021-06-05,0-5-5,0,5,5,4500.00,167,valid,1801
3D Lotto,9PM,2021-06-06,6-3-7,6,3,7,4500.00,237,valid,1802
3D Lotto,9PM,2021-06-07,7-5-4,7,5,4,4500.00,240,valid,1803
3D Lotto,9PM,2021-06-08,4-3-0,4,3,0,4500.00,174,valid,1804
3D Lotto,9PM,2021-06-09,8-6-8,8,6,8,4500.00,81,valid,1805
3D Lotto,9PM,2021-06-10,4-6-6,4,6,6,4500.00,187,valid,1806
3D Lotto,9PM,2021-06-11,1-8-2,1,8,2,4500.00,215,valid,1807
3D Lotto,9PM,2021-06-12,4-7-7,4,7,7,4500.00,109,valid,1808
3D Lotto,9PM,2021-06-13,7-6-1,7,6,1,4500.00,207,valid,1809
3D Lotto,9PM,2021-06-14,7-5-2,7,5,2,4500.00,374,valid,1810
3D Lotto,9PM,2021-06-15,8-2-3,8,2,3,4500.00,351,valid,1811
3D Lotto,9PM,2021-06-16,0-5-8,0,5,8,4500.00,134,valid,1812
3D Lotto,9PM,2021-06-17,7-5-0,7,5,0,4500.00,310,valid,1813
3D Lotto,9PM,2021-06-18,7-7-6,7,7,6,4500.00,124,valid,1814
3D Lotto,9PM,2021-06-19,1-0-8,1,0,8,4500.00,518,valid,1815
3D Lotto,9PM,2021-06-20,4-3-9,4,3,9,4500.00,179,valid,1816
3D Lotto,9PM,2021-06-21,2-9-6,2,9,6,4500.00,175,valid,1817
3D Lotto,9PM,2021-06-22,1-9-3,1,9,3,4500.00,260,valid,1818
3D Lotto,9PM,2021-06-23,2-5-8,2,5,8,4500.00,386,valid,1819
3D Lotto,9PM,2021-06-24,3-8-7,3,8,7,4500.00,147,valid,1820
3D Lotto,9PM,2021-06-25,1-7-2,1,7,2,4500.00,236,valid,1821
3D Lotto,9PM,2021-06-26,3-7-3,3,7,3,4500.00,143,valid,1822
3D Lotto,9PM,2021-06-27,4-6-9,4,6,9,4500.00,178,valid,1823
3D Lotto,9PM,2021-06-28,4-0-9,4,0,9,4500.00,522,valid,1824
3D Lotto,9PM,2021-06-29,8-9-5,8,9,5,4500.00,123,valid,1825
3D Lotto,9PM,2021-06-30,6-6-4,6,6,4,4500.00,131,valid,1826
3D Lotto,9PM,2021-07-01,6-4-8,6,4,8,4500.00,244,valid,1827
3D Lotto,9PM,2021-07-02,4-1-7,4,1,7,4500.00,543,valid,1828
3D Lotto,9PM,2021-07-03,4-7-4,4,7,4,4500.00,245,valid,1829
3D Lotto,9PM,2021-07-04,9-6-7,9,6,7,4500.00,148,valid,1830
3D Lotto,9PM,2021-07-05,5-7-2,5,7,2,4500.00,303,valid,1831
3D Lotto,9PM,2021-07-06,8-0-7,8,0,7,4500.00,339,valid,1832
3D Lotto,9PM,2021-07-07,4-9-1,4,9,1,4500.00,112,valid,1833
3D Lotto,9PM,2021-07-08,2-8-5,2,8,5,4500.00,192,valid,1834
3D Lotto,9PM,2021-07-09,4-6-4,4,6,4,4500.00,177,valid,1835
3D Lotto,9PM,2021-07-10,4-9-1,4,9,1,4500.00,79,valid,1836
3D Lotto,9PM,2021-07-11,2-4-5,2,4,5,4500.00,171,valid,1837
3D Lotto,9PM,2021-07-12,7-9-2,7,9,2,4500.00,238,valid,1838
3D Lotto,9PM,2021-07-13,7-2-9,7,2,9,4500.00,453,valid,1839
3D Lotto,9PM,2021-07-14,9-4-2,9,4,2,4500.00,156,valid,1840
3D Lotto,9PM,2021-07-15,9-5-1,9,5,1,4500.00,202,valid,1841
3D Lotto,9PM,2021-07-16,1-4-4,1,4,4,4500.00,343,valid,1842
3D Lotto,9PM,2021-07-17,2-1-1,2,1,1,4500.00,390,valid,1843
3D Lotto,9PM,2021-07-18,9-4-9,9,4,9,4500.00,122,valid,1844
3D Lotto,9PM,2021-07-19,8-0-7,8,0,7,4500.00,253,valid,1845
3D Lotto,9PM,2021-07-20,9-7-2,9,7,2,4500.00,351,valid,1846
3D Lotto,9PM,2021-07-21,8-0-1,8,0,1,4500.00,741,valid,1847
3D Lotto,9PM,2021-07-22,2-2-3,2,2,3,4500.00,328,valid,1848
3D Lotto,9PM,2021-07-23,8-3-0,8,3,0,4500.00,454,valid,1849
3D Lotto,9PM,2021-07-24,6-2-9,6,2,9,4500.00,486,valid,1850
3D Lotto,9PM,2021-07-25,2-9-5,2,9,5,4500.00,218,valid,1851
3D Lotto,9PM,2021-07-26,9-5-2,9,5,2,4500.00,265,valid,1852
3D Lotto,9PM,2021-07-27,1-1-7,1,1,7,4500.00,552,valid,1853
3D Lotto,9PM,2021-07-28,8-5-5,8,5,5,4500.00,326,valid,1854
3D Lotto,9PM,2021-07-29,6-1-1,6,1,1,4500.00,409,valid,1855
3D Lotto,9PM,2021-07-30,0-1-5,0,1,5,4500.00,293,valid,1856
3D Lotto,9PM,2021-07-31,1-1-2,1,1,2,4500.00,950,valid,1857
3D Lotto,9PM,2021-08-01,3-4-6,3,4,6,4500.00,118,valid,1858
3D Lotto,9PM,2021-08-02,1-5-2,1,5,2,4500.00,485,valid,1859
3D Lotto,9PM,2021-08-03,0-3-3,0,3,3,4500.00,189,valid,1860
3D Lotto,9PM,2021-08-04,0-5-5,0,5,5,4500.00,154,valid,1861
3D Lotto,9PM,2021-08-05,4-3-1,4,3,1,4500.00,146,valid,1862
3D Lotto,9PM,2021-08-06,0-4-0,0,4,0,4500.00,123,valid,1863
3D Lotto,9PM,2021-08-07,7-0-7,7,0,7,4500.00,398,valid,1864
3D Lotto,9PM,2021-08-08,5-3-1,5,3,1,4500.00,277,valid,1865
3D Lotto,9PM,2021-08-09,7-1-2,7,1,2,4500.00,213,valid,1866
3D Lotto,9PM,2021-08-10,0-5-1,0,5,1,4500.00,120,valid,1867
3D Lotto,9PM,2021-08-11,0-7-5,0,7,5,4500.00,141,valid,1868
3D Lotto,9PM,2021-08-12,3-0-2,3,0,2,4500.00,199,valid,1869
3D Lotto,9PM,2021-08-13,3-8-2,3,8,2,4500.00,206,valid,1870
3D Lotto,9PM,2021-08-14,3-6-4,3,6,4,4500.00,139,valid,1871
3D Lotto,9PM,2021-08-15,3-8-3,3,8,3,4500.00,127,valid,1872
3D Lotto,9PM,2021-08-16,8-2-4,8,2,4,4500.00,594,valid,1873
3D Lotto,9PM,2021-08-17,3-6-0,3,6,0,4500.00,361,valid,1874
3D Lotto,9PM,2021-08-18,3-9-1,3,9,1,4500.00,184,valid,1875
3D Lotto,9PM,2021-08-19,1-0-8,1,0,8,4500.00,612,valid,1876
3D Lotto,9PM,2021-08-20,3-8-8,3,8,8,4500.00,303,valid,1877
3D Lotto,9PM,2021-08-21,2-7-5,2,7,5,4500.00,620,valid,1878
3D Lotto,9PM,2021-08-22,3-7-7,3,7,7,4500.00,281,valid,1879
3D Lotto,9PM,2021-08-23,5-1-1,5,1,1,4500.00,450,valid,1880
3D Lotto,9PM,2021-08-24,9-5-5,9,5,5,4500.00,263,valid,1881
3D Lotto,9PM,2021-08-25,7-0-7,7,0,7,4500.00,157,valid,1882
3D Lotto,9PM,2021-08-26,4-7-9,4,7,9,4500.00,372,valid,1883
3D Lotto,9PM,2021-08-27,5-6-7,5,6,7,4500.00,159,valid,1884
3D Lotto,9PM,2021-08-28,2-2-2,2,2,2,4500.00,414,valid,1885
3D Lotto,9PM,2021-08-29,1-4-6,1,4,6,4500.00,367,valid,1886
3D Lotto,9PM,2021-08-30,2-9-5,2,9,5,4500.00,173,valid,1887
3D Lotto,9PM,2021-08-31,5-4-5,5,4,5,4500.00,271,valid,1888
3D Lotto,9PM,2021-09-01,9-4-8,9,4,8,4500.00,202,valid,1889
3D Lotto,9PM,2021-09-02,8-4-7,8,4,7,4500.00,330,valid,1890
3D Lotto,9PM,2021-09-03,2-2-9,2,2,9,4500.00,609,valid,1891
3D Lotto,9PM,2021-09-04,2-6-4,2,6,4,4500.00,354,valid,1892
3D Lotto,9PM,2021-09-05,7-9-5,7,9,5,4500.00,266,valid,1893
3D Lotto,9PM,2021-09-06,3-6-2,3,6,2,4500.00,220,valid,1894
3D Lotto,9PM,2021-09-07,6-2-4,6,2,4,4500.00,310,valid,1895
3D Lotto,9PM,2021-09-08,0-3-2,0,3,2,4500.00,160,valid,1896
3D Lotto,9PM,2021-09-09,8-7-5,8,7,5,4500.00,149,valid,1897
3D Lotto,9PM,2021-09-10,5-5-3,5,5,3,4500.00,185,valid,1899
3D Lotto,9PM,2021-09-11,2-0-3,2,0,3,4500.00,188,valid,1900
3D Lotto,9PM,2021-09-12,8-6-9,8,6,9,4500.00,264,valid,1898
3D Lotto,9PM,2021-09-13,0-1-6,0,1,6,4500.00,94,valid,1901
3D Lotto,9PM,2021-09-14,2-4-4,2,4,4,4500.00,243,valid,1902
3D Lotto,9PM,2021-09-15,0-9-3,0,9,3,4500.00,136,valid,1903
3D Lotto,9PM,2021-09-16,6-8-5,6,8,5,4500.00,263,valid,1904
3D Lotto,9PM,2021-09-17,5-0-9,5,0,9,4500.00,489,valid,1905
3D Lotto,9PM,2021-09-18,0-9-2,0,9,2,4500.00,173,valid,1906
3D Lotto,9PM,2021-09-19,9-0-9,9,0,9,4500.00,410,valid,1907
3D Lotto,9PM,2021-09-20,4-6-1,4,6,1,4500.00,142,valid,1908
3D Lotto,9PM,2021-09-21,3-6-9,3,6,9,4500.00,602,valid,1909
3D Lotto,9PM,2021-09-22,8-0-0,8,0,0,4500.00,245,valid,1910
3D Lotto,9PM,2021-09-23,1-4-9,1,4,9,4500.00,535,valid,1911
3D Lotto,9PM,2021-09-24,7-4-1,7,4,1,4500.00,381,valid,1912
3D Lotto,9PM,2021-09-25,9-2-9,9,2,9,4500.00,1147,valid,1913
3D Lotto,9PM,2021-09-26,5-9-7,5,9,7,4500.00,189,valid,1914
3D Lotto,9PM,2021-09-27,7-3-3,7,3,3,4500.00,414,valid,1915
3D Lotto,9PM,2021-09-28,9-2-4,9,2,4,4500.00,676,valid,1916
3D Lotto,9PM,2021-09-29,1-3-8,1,3,8,4500.00,378,valid,1917
3D Lotto,9PM,2021-09-30,2-6-2,2,6,2,4500.00,326,valid,1918
3D Lotto,9PM,2021-10-01,3-4-0,3,4,0,4500.00,212,valid,1919
3D Lotto,9PM,2021-10-02,6-4-7,6,4,7,4500.00,217,valid,1920
3D Lotto,9PM,2021-10-03,0-6-2,0,6,2,4500.00,131,valid,1921
3D Lotto,9PM,2021-10-04,3-3-5,3,3,5,4500.00,146,valid,1922
3D Lotto,9PM,2021-10-05,3-5-9,3,5,9,4500.00,377,valid,1923
3D Lotto,9PM,2021-10-06,7-9-3,7,9,3,4500.00,290,valid,1924
3D Lotto,9PM,2021-10-07,1-6-5,1,6,5,4500.00,347,valid,1925
3D Lotto,9PM,2021-10-08,0-4-0,0,4,0,4500.00,140,valid,1926
3D Lotto,9PM,2021-10-09,7-8-9,7,8,9,4500.00,241,valid,1927
3D Lotto,9PM,2021-10-10,5-6-2,5,6,2,4500.00,348,valid,1928
3D Lotto,9PM,2021-10-11,6-2-4,6,2,4,4500.00,314,valid,1929
3D Lotto,9PM,2021-10-12,7-9-0,7,9,0,4500.00,234,valid,1930
3D Lotto,9PM,2021-10-13,0-9-5,0,9,5,4500.00,130,valid,1931
3D Lotto,9PM,2021-10-14,8-1-3,8,1,3,4500.00,528,valid,1932
3D Lotto,9PM,2021-10-15,8-8-5,8,8,5,4500.00,220,valid,1934
3D Lotto,9PM,2021-10-16,3-4-1,3,4,1,4500.00,224,valid,1935
3D Lotto,9PM,2021-10-17,4-1-4,4,1,4,4500.00,541,valid,1936
3D Lotto,9PM,2021-10-18,8-6-5,8,6,5,4500.00,345,valid,1937
3D Lotto,9PM,2021-10-19,7-8-7,7,8,7,4500.00,145,valid,1938
3D Lotto,9PM,2021-10-20,4-4-5,4,4,5,4500.00,131,valid,1939
3D Lotto,9PM,2021-10-21,6-2-3,6,2,3,4500.00,406,valid,1940
3D Lotto,9PM,2021-10-22,8-9-9,8,9,9,4500.00,165,valid,1941
3D Lotto,9PM,2021-10-23,9-5-8,9,5,8,4500.00,191,valid,1942
3D Lotto,9PM,2021-10-24,1-2-9,1,2,9,4500.00,679,valid,1943
3D Lotto,9PM,2021-10-25,1-0-2,1,0,2,4500.00,1101,valid,1944
3D Lotto,9PM,2021-10-26,0-4-3,0,4,3,4500.00,174,valid,1945
3D Lotto,9PM,2021-10-27,0-6-6,0,6,6,4500.00,114,valid,1946
3D Lotto,9PM,2021-10-28,6-4-7,6,4,7,4500.00,345,valid,1947
3D Lotto,9PM,2021-10-29,0-6-7,0,6,7,4500.00,280,valid,1948
3D Lotto,9PM,2021-10-30,7-7-6,7,7,6,4500.00,246,valid,1950
3D Lotto,9PM,2021-10-31,8-0-3,8,0,3,4500.00,190,valid,1951
3D Lotto,9PM,2021-11-01,9-5-0,9,5,0,4500.00,168,valid,1952
3D Lotto,9PM,2021-11-02,9-3-4,9,3,4,4500.00,147,valid,1953
3D Lotto,9PM,2021-11-03,7-7-1,7,7,1,4500.00,125,valid,1954
3D Lotto,9PM,2021-11-04,7-3-4,7,3,4,4500.00,258,valid,1955
3D Lotto,9PM,2021-11-05,2-7-9,2,7,9,4500.00,440,valid,1956
3D Lotto,9PM,2021-11-06,2-7-7,2,7,7,4500.00,317,valid,1957
3D Lotto,9PM,2021-11-07,4-5-2,4,5,2,4500.00,231,valid,1958
3D Lotto,9PM,2021-11-08,1-4-3,1,4,3,4500.00,463,valid,1959
3D Lotto,9PM,2021-11-09,9-4-0,9,4,0,4500.00,286,valid,1960
3D Lotto,9PM,2021-11-10,4-2-3,4,2,3,4500.00,217,valid,1961
3D Lotto,9PM,2021-11-11,2-8-8,2,8,8,4500.00,603,valid,1962
3D Lotto,9PM,2021-11-12,6-6-6,6,6,6,4500.00,656,valid,1963
3D Lotto,9PM,2021-11-13,6-2-5,6,2,5,4500.00,425,valid,1964
3D Lotto,9PM,2021-11-14,5-5-4,5,5,4,4500.00,178,valid,1965
3D Lotto,9PM,2021-11-15,3-1-7,3,1,7,4500.00,499,valid,1966
3D Lotto,9PM,2021-11-16,0-9-5,0,9,5,4500.00,210,valid,1967
3D Lotto,9PM,2021-11-17,0-5-0,0,5,0,4500.00,358,valid,1968
3D Lotto,9PM,2021-11-18,7-7-1,7,7,1,4500.00,196,valid,1969
3D Lotto,9PM,2021-11-19,3-4-6,3,4,6,4500.00,248,valid,1970
3D Lotto,9PM,2021-11-20,9-6-9,9,6,9,4500.00,155,valid,1971
3D Lotto,9PM,2021-11-21,8-9-8,8,9,8,4500.00,203,valid,1972
3D Lotto,9PM,2021-11-22,4-5-0,4,5,0,4500.00,404,valid,1973
3D Lotto,9PM,2021-11-23,6-9-8,6,9,8,4500.00,236,valid,1974
3D Lotto,9PM,2021-11-24,3-9-7,3,9,7,4500.00,258,valid,1975
3D Lotto,9PM,2021-11-25,2-8-5,2,8,5,4500.00,377,valid,1976
3D Lotto,9PM,2021-11-26,9-2-2,9,2,2,4500.00,380,valid,1977
3D Lotto,9PM,2021-11-27,0-6-8,0,6,8,4500.00,131,valid,1978
3D Lotto,9PM,2021-11-28,1-6-9,1,6,9,4500.00,577,valid,1979
3D Lotto,9PM,2021-11-29,3-7-4,3,7,4,4500.00,263,valid,1980
3D Lotto,9PM,2021-11-30,7-4-2,7,4,2,4500.00,432,valid,1981
3D Lotto,9PM,2021-12-01,3-8-7,3,8,7,4500.00,403,valid,1982
3D Lotto,9PM,2021-12-02,9-3-6,9,3,6,4500.00,445,valid,1983
3D Lotto,9PM,2021-12-03,1-4-1,1,4,1,4500.00,490,valid,1984
3D Lotto,9PM,2021-12-04,1-8-7,1,8,7,4500.00,397,valid,1985
3D Lotto,9PM,2021-12-05,2-6-6,2,6,6,4500.00,329,valid,1986
3D Lotto,9PM,2021-12-06,1-5-1,1,5,1,4500.00,426,valid,1987
3D Lotto,9PM,2021-12-07,3-7-7,3,7,7,4500.00,445,valid,1988
3D Lotto,9PM,2021-12-08,6-6-3,6,6,3,4500.00,334,valid,1989
3D Lotto,9PM,2021-12-09,6-1-3,6,1,3,4500.00,1056,valid,1990
3D Lotto,9PM,2021-12-10,5-8-3,5,8,3,4500.00,355,valid,1993
3D Lotto,9PM,2021-12-11,1-4-7,1,4,7,4500.00,824,valid,1991
3D Lotto,9PM,2021-12-12,4-1-3,4,1,3,4500.00,571,valid,1992
3D Lotto,9PM,2021-12-13,9-4-5,9,4,5,4500.00,335,valid,1994
3D Lotto,9PM,2021-12-14,6-2-6,6,2,6,4500.00,432,valid,1995
3D Lotto,9PM,2021-12-15,3-4-2,3,4,2,4500.00,162,valid,1996
3D Lotto,9PM,2021-12-16,6-7-8,6,7,8,4500.00,270,valid,1997
3D Lotto,9PM,2021-12-17,1-6-2,1,6,2,4500.00,221,valid,1998
3D Lotto,9PM,2021-12-18,2-5-1,2,5,1,4500.00,454,valid,1999
3D Lotto,9PM,2021-12-19,7-1-6,7,1,6,4500.00,272,valid,2000
3D Lotto,9PM,2021-12-20,3-1-7,3,1,7,4500.00,543,valid,2001
3D Lotto,9PM,2021-12-21,1-0-9,1,0,9,4500.00,820,valid,2002
3D Lotto,9PM,2021-12-22,2-8-8,2,8,8,4500.00,394,valid,2003
3D Lotto,9PM,2021-12-23,1-8-0,1,8,0,4500.00,467,valid,2004
3D Lotto,9PM,2021-12-24,4-5-0,4,5,0,4500.00,110,valid,2005
3D Lotto,9PM,2021-12-26,8-5-5,8,5,5,4500.00,326,valid,2006
3D Lotto,9PM,2021-12-27,5-5-2,5,5,2,4500.00,390,valid,2007
3D Lotto,9PM,2021-12-28,4-8-8,4,8,8,4500.00,183,valid,2008
3D Lotto,9PM,2021-12-29,5-1-9,5,1,9,4500.00,475,valid,2009
3D Lotto,9PM,2021-12-30,2-7-8,2,7,8,4500.00,515,valid,2010
3D Lotto,9PM,2021-12-31,5-1-6,5,1,6,4500.00,367,valid,2011
3D Lotto,9PM,2022-01-02,1-8-6,1,8,6,4500.00,407,valid,2012
3D Lotto,9PM,2022-01-03,0-3-0,0,3,0,4500.00,197,valid,2013
3D Lotto,9PM,2022-01-04,8-6-4,8,6,4,4500.00,279,valid,2015
3D Lotto,9PM,2022-01-05,2-9-2,2,9,2,4500.00,293,valid,2016
3D Lotto,9PM,2022-01-06,9-6-4,9,6,4,4500.00,189,valid,2014
3D Lotto,9PM,2022-01-07,9-1-9,9,1,9,4500.00,473,valid,2017
3D Lotto,9PM,2022-01-08,8-6-8,8,6,8,4500.00,255,valid,2018
3D Lotto,9PM,2022-01-09,7-4-4,7,4,4,4500.00,234,valid,2049
3D Lotto,9PM,2022-01-10,4-3-2,4,3,2,4500.00,118,valid,2019
3D Lotto,9PM,2022-01-11,0-9-0,0,9,0,4500.00,60,valid,2020
3D Lotto,9PM,2022-01-12,1-4-5,1,4,5,4500.00,89,valid,2021
3D Lotto,9PM,2022-01-13,3-8-7,3,8,7,4500.00,209,valid,2022
3D Lotto,9PM,2022-01-14,8-4-3,8,4,3,4500.00,179,valid,2023
3D Lotto,9PM,2022-01-15,4-2-5,4,2,5,4500.00,528,valid,2024
3D Lotto,9PM,2022-01-16,8-6-7,8,6,7,4500.00,131,valid,2025
3D Lotto,9PM,2022-01-17,7-7-4,7,7,4,4500.00,345,valid,2026
3D Lotto,9PM,2022-01-18,2-2-1,2,2,1,4500.00,738,valid,2027
3D Lotto,9PM,2022-01-19,7-8-9,7,8,9,4500.00,341,valid,2028
3D Lotto,9PM,2022-01-20,0-5-1,0,5,1,4500.00,233,valid,2029
3D Lotto,9PM,2022-01-21,1-5-6,1,5,6,4500.00,472,valid,2030
3D Lotto,9PM,2022-01-22,2-5-3,2,5,3,4500.00,436,valid,2031
3D Lotto,9PM,2022-01-23,3-2-9,3,2,9,4500.00,376,valid,2032
3D Lotto,9PM,2022-01-24,3-6-1,3,6,1,4500.00,390,valid,2033
3D Lotto,9PM,2022-01-25,4-9-4,4,9,4,4500.00,113,valid,2034
3D Lotto,9PM,2022-01-26,6-9-3,6,9,3,4500.00,239,valid,2035
3D Lotto,9PM,2022-01-27,3-4-2,3,4,2,4500.00,191,valid,2036
3D Lotto,9PM,2022-01-28,8-9-5,8,9,5,4500.00,176,valid,2037
3D Lotto,9PM,2022-01-29,2-4-3,2,4,3,4500.00,324,valid,2038
3D Lotto,9PM,2022-01-30,3-2-4,3,2,4,4500.00,386,valid,2039
3D Lotto,9PM,2022-01-31,3-9-1,3,9,1,4500.00,297,valid,2040
3D Lotto,9PM,2022-02-01,8-4-7,8,4,7,4500.00,376,valid,2041
3D Lotto,9PM,2022-02-02,3-5-3,3,5,3,4500.00,353,valid,2042
3D Lotto,9PM,2022-02-03,5-8-8,5,8,8,4500.00,436,valid,2043
3D Lotto,9PM,2022-02-04,1-7-7,1,7,7,4500.00,403,valid,2044
3D Lotto,9PM,2022-02-05,2-3-0,2,3,0,4500.00,396,valid,2045
3D Lotto,9PM,2022-02-06,8-2-6,8,2,6,4500.00,400,valid,2046
3D Lotto,9PM,2022-02-07,1-1-6,1,1,6,4500.00,696,valid,2047
3D Lotto,9PM,2022-02-08,1-0-5,1,0,5,4500.00,520,valid,2048
3D Lotto,9PM,2022-02-09,7-3-7,7,3,7,4500.00,232,valid,2050
3D Lotto,9PM,2022-02-10,2-4-0,2,4,0,4500.00,532,valid,2051
3D Lotto,9PM,2022-02-11,8-2-7,8,2,7,4500.00,308,valid,2052
3D Lotto,9PM,2022-02-12,6-1-4,6,1,4,4500.00,423,valid,2053
3D Lotto,9PM,2022-02-13,7-9-4,7,9,4,4500.00,146,valid,2054
3D Lotto,9PM,2022-02-14,2-8-2,2,8,2,4500.00,410,valid,2055
3D Lotto,9PM,2022-02-15,8-0-5,8,0,5,4500.00,333,valid,2056
3D Lotto,9PM,2022-02-16,1-6-9,1,6,9,4500.00,570,valid,2057
3D Lotto,9PM,2022-02-17,2-8-1,2,8,1,4500.00,377,valid,2058
3D Lotto,9PM,2022-02-18,6-0-6,6,0,6,4500.00,195,valid,2059
3D Lotto,9PM,2022-02-19,2-4-6,2,4,6,4500.00,434,valid,2060
3D Lotto,9PM,2022-02-20,7-9-7,7,9,7,4500.00,322,valid,2061
3D Lotto,9PM,2022-02-21,6-6-4,6,6,4,4500.00,232,valid,2062
3D Lotto,9PM,2022-02-22,7-7-6,7,7,6,4500.00,180,valid,2063
3D Lotto,9PM,2022-02-23,9-3-9,9,3,9,4500.00,195,valid,2064
3D Lotto,9PM,2022-02-24,1-8-6,1,8,6,4500.00,297,valid,2065
3D Lotto,9PM,2022-02-25,4-2-7,4,2,7,4500.00,539,valid,2066
3D Lotto,9PM,2022-02-26,5-9-3,5,9,3,4500.00,349,valid,2067
3D Lotto,9PM,2022-02-27,5-6-7,5,6,7,4500.00,162,valid,2068
3D Lotto,9PM,2022-02-28,6-1-5,6,1,5,4500.00,423,valid,2069
3D Lotto,9PM,2022-03-01,4-8-9,4,8,9,4500.00,217,valid,2070
3D Lotto,9PM,2022-03-02,0-6-6,0,6,6,4500.00,128,valid,2071
3D Lotto,9PM,2022-03-03,5-1-4,5,1,4,4500.00,535,valid,2072
3D Lotto,9PM,2022-03-04,3-8-5,3,8,5,4500.00,497,valid,2073
3D Lotto,9PM,2022-03-05,7-4-2,7,4,2,4500.00,271,valid,2074
3D Lotto,9PM,2022-03-06,0-6-3,0,6,3,4500.00,223,valid,2075
3D Lotto,9PM,2022-03-07,2-1-1,2,1,1,4500.00,534,valid,2076
3D Lotto,9PM,2022-03-08,4-3-5,4,3,5,4500.00,272,valid,2077
3D Lotto,9PM,2022-03-09,2-3-2,2,3,2,4500.00,485,valid,2078
3D Lotto,9PM,2022-03-10,5-9-7,5,9,7,4500.00,218,valid,2079
3D Lotto,9PM,2022-03-11,8-4-0,8,4,0,4500.00,287,valid,2080
3D Lotto,9PM,2022-03-12,5-4-9,5,4,9,4500.00,365,valid,2081
3D Lotto,9PM,2022-03-13,3-5-1,3,5,1,4500.00,427,valid,2082
3D Lotto,9PM,2022-03-14,2-4-7,2,4,7,4500.00,513,valid,2083
3D Lotto,9PM,2022-03-15,6-0-8,6,0,8,4500.00,291,valid,2084
3D Lotto,9PM,2022-03-16,4-1-2,4,1,2,4500.00,636,valid,2085
3D Lotto,9PM,2022-03-17,8-4-4,8,4,4,4500.00,313,valid,2086
3D Lotto,9PM,2022-03-18,6-5-6,6,5,6,4500.00,150,valid,2087
3D Lotto,9PM,2022-03-19,3-8-0,3,8,0,4500.00,389,valid,2088
3D Lotto,9PM,2022-03-20,5-6-5,5,6,5,4500.00,308,valid,2089
3D Lotto,9PM,2022-03-21,9-5-1,9,5,1,4500.00,289,valid,2090
3D Lotto,9PM,2022-03-22,4-6-0,4,6,0,4500.00,240,valid,2091
3D Lotto,9PM,2022-03-23,6-0-5,6,0,5,4500.00,436,valid,2092
3D Lotto,9PM,2022-03-24,0-5-9,0,5,9,4500.00,321,valid,2093
3D Lotto,9PM,2022-03-25,1-0-9,1,0,9,4500.00,729,valid,2094
3D Lotto,9PM,2022-03-26,9-2-0,9,2,0,4500.00,337,valid,2095
3D Lotto,9PM,2022-03-27,7-8-7,7,8,7,4500.00,170,valid,2096
3D Lotto,9PM,2022-03-28,2-9-9,2,9,9,4500.00,498,valid,2097
3D Lotto,9PM,2022-03-29,0-9-7,0,9,7,4500.00,135,valid,2098
3D Lotto,9PM,2022-03-30,1-1-7,1,1,7,4500.00,885,valid,2099
3D Lotto,9PM,2022-03-31,1-9-0,1,9,0,4500.00,270,valid,2100
3D Lotto,9PM,2022-04-01,2-4-6,2,4,6,4500.00,437,valid,2101
3D Lotto,9PM,2022-04-02,4-0-6,4,0,6,4500.00,440,valid,2102
3D Lotto,9PM,2022-04-03,4-4-6,4,4,6,4500.00,577,valid,2103
3D Lotto,9PM,2022-04-04,7-8-9,7,8,9,4500.00,281,valid,2104
3D Lotto,9PM,2022-04-05,0-5-1,0,5,1,4500.00,528,valid,2105
3D Lotto,9PM,2022-04-06,5-0-8,5,0,8,4500.00,423,valid,2106
3D Lotto,9PM,2022-04-07,5-7-5,5,7,5,4500.00,267,valid,2107
3D Lotto,9PM,2022-04-08,3-4-0,3,4,0,4500.00,326,valid,2108
3D Lotto,9PM,2022-04-09,9-7-9,9,7,9,4500.00,192,valid,2109
3D Lotto,9PM,2022-04-10,2-6-8,2,6,8,4500.00,277,valid,2110
3D Lotto,9PM,2022-04-11,7-7-8,7,7,8,4500.00,129,valid,2111
3D Lotto,9PM,2022-04-12,8-0-7,8,0,7,4500.00,429,valid,2112
3D Lotto,9PM,2022-04-13,5-1-7,5,1,7,4500.00,961,valid,2113
3D Lotto,9PM,2022-04-18,3-6-8,3,6,8,4500.00,392,valid,2114
3D Lotto,9PM,2022-04-19,7-1-2,7,1,2,4500.00,377,valid,2115
3D Lotto,9PM,2022-04-20,6-0-6,6,0,6,4500.00,207,valid,2116
3D Lotto,9PM,2022-04-21,8-7-1,8,7,1,4500.00,194,valid,2117
3D Lotto,9PM,2022-04-22,9-0-4,9,0,4,4500.00,275,valid,2118
3D Lotto,9PM,2022-04-23,5-1-2,5,1,2,4500.00,564,valid,2119
3D Lotto,9PM,2022-04-24,2-8-7,2,8,7,4500.00,326,valid,2120
3D Lotto,9PM,2022-04-25,2-6-1,2,6,1,4500.00,336,valid,2121
3D Lotto,9PM,2022-04-26,8-5-2,8,5,2,4500.00,281,valid,2122
3D Lotto,9PM,2022-04-27,0-3-9,0,3,9,4500.00,172,valid,2123
3D Lotto,9PM,2022-04-28,0-9-9,0,9,9,4500.00,190,valid,2124
3D Lotto,9PM,2022-04-29,1-7-3,1,7,3,4500.00,518,valid,2125
3D Lotto,9PM,2022-04-30,8-9-3,8,9,3,4500.00,239,valid,2126
3D Lotto,9PM,2022-05-01,2-7-7,2,7,7,4500.00,308,valid,2127
3D Lotto,9PM,2022-05-02,4-6-4,4,6,4,4500.00,243,valid,2128
3D Lotto,9PM,2022-05-03,6-4-8,6,4,8,4500.00,363,valid,2129
3D Lotto,9PM,2022-05-04,8-3-8,8,3,8,4500.00,189,valid,2130
3D Lotto,9PM,2022-05-05,7-0-9,7,0,9,4500.00,336,valid,2131
3D Lotto,9PM,2022-05-06,5-8-0,5,8,0,4500.00,318,valid,2132
3D Lotto,9PM,2022-05-07,2-5-7,2,5,7,4500.00,553,valid,2133
3D Lotto,9PM,2022-05-08,7-6-2,7,6,2,4500.00,258,valid,2134
3D Lotto,9PM,2022-05-09,8-8-4,8,8,4,4500.00,131,valid,2135
3D Lotto,9PM,2022-05-10,4-0-4,4,0,4,4500.00,481,valid,2136
3D Lotto,9PM,2022-05-11,9-1-4,9,1,4,4500.00,442,valid,2137
3D Lotto,9PM,2022-05-12,2-2-8,2,2,8,4500.00,514,valid,2138
3D Lotto,9PM,2022-05-13,6-2-0,6,2,0,4500.00,375,valid,2139
3D Lotto,9PM,2022-05-14,3-7-4,3,7,4,4500.00,449,valid,2140
3D Lotto,9PM,2022-05-15,8-8-9,8,8,9,4500.00,172,valid,2141
3D Lotto,9PM,2022-05-16,0-6-8,0,6,8,4500.00,199,valid,2142
3D Lotto,9PM,2022-05-17,1-3-7,1,3,7,4500.00,521,valid,2143
3D Lotto,9PM,2022-05-18,6-9-9,6,9,9,4500.00,269,valid,2144
3D Lotto,9PM,2022-05-19,6-6-1,6,6,1,4500.00,549,valid,2145
3D Lotto,9PM,2022-05-20,9-6-7,9,6,7,4500.00,174,valid,2146
3D Lotto,9PM,2022-05-21,2-3-6,2,3,6,4500.00,406,valid,2147
3D Lotto,9PM,2022-05-22,5-7-6,5,7,6,4500.00,243,valid,2148
3D Lotto,9PM,2022-05-23,4-7-0,4,7,0,4500.00,263,valid,2149
3D Lotto,9PM,2022-05-24,0-7-4,0,7,4,4500.00,124,valid,2150
3D Lotto,9PM,2022-05-25,8-8-7,8,8,7,4500.00,278,valid,2151
3D Lotto,9PM,2022-05-26,3-6-5,3,6,5,4500.00,331,valid,2152
3D Lotto,9PM,2022-05-27,6-6-9,6,6,9,4500.00,399,valid,2153
3D Lotto,9PM,2022-05-28,2-1-6,2,1,6,4500.00,659,valid,2154
3D Lotto,9PM,2022-05-29,9-3-8,9,3,8,4500.00,155,valid,2155
3D Lotto,9PM,2022-05-30,8-6-5,8,6,5,4500.00,334,valid,2156
3D Lotto,9PM,2022-05-31,7-6-3,7,6,3,4500.00,218,valid,2157
3D Lotto,9PM,2022-06-01,3-6-8,3,6,8,4500.00,589,valid,2158
3D Lotto,9PM,2022-06-02,5-1-7,5,1,7,4500.00,639,valid,2159
3D Lotto,9PM,2022-06-03,1-4-6,1,4,6,4500.00,616,valid,2160
3D Lotto,9PM,2022-06-04,4-2-2,4,2,2,4500.00,445,valid,2161
3D Lotto,9PM,2022-06-05,0-0-8,0,0,8,4500.00,123,valid,2162
3D Lotto,9PM,2022-06-06,5-4-1,5,4,1,4500.00,428,valid,2163
3D Lotto,9PM,2022-06-07,7-1-4,7,1,4,4500.00,898,valid,2164
3D Lotto,9PM,2022-06-08,6-9-2,6,9,2,4500.00,432,valid,2165
3D Lotto,9PM,2022-06-09,8-2-4,8,2,4,4500.00,855,valid,2166
3D Lotto,9PM,2022-06-10,8-7-3,8,7,3,4500.00,247,valid,2167
3D Lotto,9PM,2022-06-11,3-7-9,3,7,9,4500.00,460,valid,2168
3D Lotto,9PM,2022-06-12,4-1-5,4,1,5,4500.00,384,valid,2169
3D Lotto,9PM,2022-06-13,1-0-7,1,0,7,4500.00,751,valid,2170
3D Lotto,9PM,2022-06-14,1-9-1,1,9,1,4500.00,455,valid,2171
3D Lotto,9PM,2022-06-15,9-0-0,9,0,0,4500.00,361,valid,2172
3D Lotto,9PM,2022-06-16,9-4-7,9,4,7,4500.00,297,valid,2173
3D Lotto,9PM,2022-06-17,6-2-9,6,2,9,4500.00,818,valid,2174
3D Lotto,9PM,2022-06-18,4-9-1,4,9,1,4500.00,239,valid,2175
3D Lotto,9PM,2022-06-19,3-2-9,3,2,9,4500.00,304,valid,2176
3D Lotto,9PM,2022-06-20,9-5-3,9,5,3,4500.00,296,valid,2177
3D Lotto,9PM,2022-06-21,3-2-7,3,2,7,4500.00,458,valid,2178
3D Lotto,9PM,2022-06-22,1-0-0,1,0,0,4500.00,1086,valid,2179
3D Lotto,9PM,2022-06-23,3-3-7,3,3,7,4500.00,391,valid,2180
3D Lotto,9PM,2022-06-24,6-2-9,6,2,9,4500.00,706,valid,2181
3D Lotto,9PM,2022-06-25,9-3-4,9,3,4,4500.00,245,valid,2182
3D Lotto,9PM,2022-06-26,8-8-5,8,8,5,4500.00,221,valid,2183
3D Lotto,9PM,2022-06-27,8-2-2,8,2,2,4500.00,467,valid,2184
3D Lotto,9PM,2022-06-28,9-5-3,9,5,3,4500.00,174,valid,2185
3D Lotto,9PM,2022-06-29,7-5-8,7,5,8,4500.00,436,valid,2186
3D Lotto,9PM,2022-06-30,2-1-6,2,1,6,4500.00,503,valid,2187
3D Lotto,9PM,2022-07-01,2-5-4,2,5,4,4500.00,354,valid,2188
3D Lotto,9PM,2022-07-02,4-7-2,4,7,2,4500.00,512,valid,2189
3D Lotto,9PM,2022-07-03,4-5-8,4,5,8,4500.00,315,valid,2190
3D Lotto,9PM,2022-07-04,0-4-9,0,4,9,4500.00,193,valid,2191
3D Lotto,9PM,2022-07-05,0-7-4,0,7,4,4500.00,130,valid,2192
3D Lotto,9PM,2022-07-06,5-0-8,5,0,8,4500.00,476,valid,2193
3D Lotto,9PM,2022-07-07,9-2-1,9,2,1,4500.00,442,valid,2194
3D Lotto,9PM,2022-07-08,8-8-5,8,8,5,4500.00,259,valid,2195
3D Lotto,9PM,2022-07-09,2-5-7,2,5,7,4500.00,613,valid,2196
3D Lotto,9PM,2022-07-10,9-2-3,9,2,3,4500.00,478,valid,2197
3D Lotto,9PM,2022-07-11,0-4-3,0,4,3,4500.00,112,valid,2198
3D Lotto,9PM,2022-07-12,6-8-0,6,8,0,4500.00,160,valid,2199
3D Lotto,9PM,2022-07-13,5-4-5,5,4,5,4500.00,371,valid,2200
3D Lotto,9PM,2022-07-14,6-5-8,6,5,8,4500.00,305,valid,2201
3D Lotto,9PM,2022-07-15,8-8-1,8,8,1,4500.00,352,valid,2202
3D Lotto,9PM,2022-07-16,0-4-5,0,4,5,4500.00,194,valid,2203
3D Lotto,9PM,2022-07-17,1-7-3,1,7,3,4500.00,590,valid,2204
3D Lotto,9PM,2022-07-18,1-3-0,1,3,0,4500.00,705,valid,2205
3D Lotto,9PM,2022-07-19,1-8-1,1,8,1,4500.00,598,valid,2206
3D Lotto,9PM,2022-07-20,0-8-8,0,8,8,4500.00,277,valid,2207
3D Lotto,9PM,2022-07-21,4-1-9,4,1,9,4500.00,675,valid,2208
3D Lotto,9PM,2022-07-22,9-6-4,9,6,4,4500.00,288,valid,2209
3D Lotto,9PM,2022-07-23,3-2-7,3,2,7,4500.00,698,valid,2210
3D Lotto,9PM,2022-07-24,8-0-0,8,0,0,4500.00,299,valid,2211
3D Lotto,9PM,2022-07-25,5-5-7,5,5,7,4500.00,328,valid,2212
3D Lotto,9PM,2022-07-26,2-1-3,2,1,3,4500.00,786,valid,2213
3D Lotto,9PM,2022-07-27,0-1-3,0,1,3,4500.00,251,valid,2214
3D Lotto,9PM,2022-07-28,1-0-6,1,0,6,4500.00,536,valid,2215
3D Lotto,9PM,2022-07-29,6-2-3,6,2,3,4500.00,501,valid,2216
3D Lotto,9PM,2022-07-30,2-9-3,2,9,3,4500.00,277,valid,2217
3D Lotto,9PM,2022-07-31,7-5-4,7,5,4,4500.00,428,valid,2218
3D Lotto,9PM,2022-08-01,0-4-9,0,4,9,4500.00,176,valid,2219
3D Lotto,9PM,2022-08-02,0-6-7,0,6,7,4500.00,254,valid,2220
3D Lotto,9PM,2022-08-03,9-5-7,9,5,7,4500.00,334,valid,2221
3D Lotto,9PM,2022-08-04,2-0-2,2,0,2,4500.00,353,valid,2222
3D Lotto,9PM,2022-08-05,1-7-7,1,7,7,4500.00,573,valid,2223
3D Lotto,9PM,2022-08-06,7-3-0,7,3,0,4500.00,636,valid,2224
3D Lotto,9PM,2022-08-07,0-3-6,0,3,6,4500.00,182,valid,2225
3D Lotto,9PM,2022-08-08,2-7-2,2,7,2,4500.00,370,valid,2226
3D Lotto,9PM,2022-08-09,9-0-4,9,0,4,4500.00,221,valid,2227
3D Lotto,9PM,2022-08-10,9-6-7,9,6,7,4500.00,244,valid,2228
3D Lotto,9PM,2022-08-11,4-8-1,4,8,1,4500.00,428,valid,2229
3D Lotto,9PM,2022-08-12,3-0-9,3,0,9,4500.00,436,valid,2230
3D Lotto,9PM,2022-08-13,9-3-0,9,3,0,4500.00,551,valid,2231
3D Lotto,9PM,2022-08-14,0-5-5,0,5,5,4500.00,254,valid,2232
3D Lotto,9PM,2022-08-15,2-8-8,2,8,8,4500.00,566,valid,2233
3D Lotto,9PM,2022-08-16,9-7-0,9,7,0,4500.00,317,valid,2234
3D Lotto,9PM,2022-08-17,9-9-6,9,9,6,4500.00,148,valid,2235
3D Lotto,9PM,2022-08-18,5-4-3,5,4,3,4500.00,250,valid,2236
3D Lotto,9PM,2022-08-19,7-2-5,7,2,5,4500.00,734,valid,2237
3D Lotto,9PM,2022-08-20,1-0-5,1,0,5,4500.00,714,valid,2238
3D Lotto,9PM,2022-08-21,4-7-5,4,7,5,4500.00,460,valid,2239
3D Lotto,9PM,2022-08-22,6-8-5,6,8,5,4500.00,185,valid,2240
3D Lotto,9PM,2022-08-23,2-0-9,2,0,9,4500.00,516,valid,2241
3D Lotto,9PM,2022-08-24,3-0-2,3,0,2,4500.00,422,valid,2242
3D Lotto,9PM,2022-08-25,2-6-6,2,6,6,4500.00,289,valid,2243
3D Lotto,9PM,2022-08-26,7-6-9,7,6,9,4500.00,317,valid,2244
3D Lotto,9PM,2022-08-27,3-1-9,3,1,9,4500.00,660,valid,2245
3D Lotto,9PM,2022-08-28,1-0-1,1,0,1,4500.00,1029,valid,2246
3D Lotto,9PM,2022-08-29,1-1-1,1,1,1,4500.00,1088,valid,2247
3D Lotto,9PM,2022-08-30,3-6-1,3,6,1,4500.00,413,valid,2248
3D Lotto,9PM,2022-08-31,4-4-7,4,4,7,4500.00,322,valid,2249
3D Lotto,9PM,2022-09-01,1-1-1,1,1,1,4500.00,389,valid,2250
3D Lotto,9PM,2022-09-02,9-4-6,9,4,6,4500.00,330,valid,2251
3D Lotto,9PM,2022-09-03,4-9-5,4,9,5,4500.00,364,valid,2252
3D Lotto,9PM,2022-09-04,7-6-9,7,6,9,4500.00,245,valid,2253
3D Lotto,9PM,2022-09-05,8-1-1,8,1,1,4500.00,429,valid,2254
3D Lotto,9PM,2022-09-06,4-5-7,4,5,7,4500.00,223,valid,2255
3D Lotto,9PM,2022-09-07,5-7-0,5,7,0,4500.00,299,valid,2256
3D Lotto,9PM,2022-09-08,1-7-6,1,7,6,4500.00,296,valid,2257
3D Lotto,9PM,2022-09-09,6-6-1,6,6,1,4500.00,216,valid,2258
3D Lotto,9PM,2022-09-10,1-5-6,1,5,6,4500.00,624,valid,2259
3D Lotto,9PM,2022-09-11,6-8-5,6,8,5,4500.00,207,valid,2260
3D Lotto,9PM,2022-09-12,5-0-6,5,0,6,4500.00,590,valid,2261
3D Lotto,9PM,2022-09-13,5-7-3,5,7,3,4500.00,261,valid,2262
3D Lotto,9PM,2022-09-14,2-5-0,2,5,0,4500.00,787,valid,2263
3D Lotto,9PM,2022-09-15,3-9-8,3,9,8,4500.00,253,valid,2264
3D Lotto,9PM,2022-09-16,2-6-0,2,6,0,4500.00,486,valid,2265
3D Lotto,9PM,2022-09-17,3-0-3,3,0,3,4500.00,667,valid,2266
3D Lotto,9PM,2022-09-18,6-4-0,6,4,0,4500.00,323,valid,2268
3D Lotto,9PM,2022-09-19,1-7-1,1,7,1,4500.00,514,valid,2269
3D Lotto,9PM,2022-09-20,8-6-7,8,6,7,4500.00,205,valid,2270
3D Lotto,9PM,2022-09-21,1-6-3,1,6,3,4500.00,643,valid,2271
3D Lotto,9PM,2022-09-22,9-2-9,9,2,9,4500.00,1196,valid,2272
3D Lotto,9PM,2022-09-23,0-9-4,0,9,4,4500.00,167,valid,2273
3D Lotto,9PM,2022-09-24,4-4-5,4,4,5,4500.00,260,valid,2274
3D Lotto,9PM,2022-09-25,4-6-1,4,6,1,4500.00,172,valid,2275
3D Lotto,9PM,2022-09-26,7-6-1,7,6,1,4500.00,319,valid,2276
3D Lotto,9PM,2022-09-27,4-7-8,4,7,8,4500.00,279,valid,2277
3D Lotto,9PM,2022-09-28,5-3-1,5,3,1,4500.00,656,valid,2278
3D Lotto,9PM,2022-09-29,9-1-8,9,1,8,4500.00,1190,valid,2279
3D Lotto,9PM,2022-09-30,8-5-0,8,5,0,4500.00,431,valid,2280
3D Lotto,9PM,2022-10-01,5-6-3,5,6,3,4500.00,313,valid,2281
3D Lotto,9PM,2022-10-02,6-3-7,6,3,7,4500.00,414,valid,2282
3D Lotto,9PM,2022-10-03,6-6-9,6,6,9,4500.00,903,valid,2283
3D Lotto,9PM,2022-10-04,3-5-1,3,5,1,4500.00,335,valid,2284
3D Lotto,9PM,2022-10-05,2-0-1,2,0,1,4500.00,630,valid,2285
3D Lotto,9PM,2022-10-06,8-5-4,8,5,4,4500.00,294,valid,2286
3D Lotto,9PM,2022-10-07,8-7-6,8,7,6,4500.00,177,valid,2287
3D Lotto,9PM,2022-10-08,7-2-4,7,2,4,4500.00,931,valid,2288
3D Lotto,9PM,2022-10-09,8-6-8,8,6,8,4500.00,409,valid,2289
3D Lotto,9PM,2022-10-10,0-8-2,0,8,2,4500.00,366,valid,2290
3D Lotto,9PM,2022-10-11,2-0-9,2,0,9,4500.00,486,valid,2291
3D Lotto,9PM,2022-10-12,5-6-2,5,6,2,4500.00,625,valid,2292
3D Lotto,9PM,2022-10-13,9-8-8,9,8,8,4500.00,71,valid,2293
3D Lotto,9PM,2022-10-14,9-1-0,9,1,0,4500.00,757,valid,2294
3D Lotto,9PM,2022-10-15,5-0-1,5,0,1,4500.00,1204,valid,2295
3D Lotto,9PM,2022-10-16,7-2-1,7,2,1,4500.00,467,valid,2296
3D Lotto,9PM,2022-10-17,8-3-2,8,3,2,4500.00,212,valid,2297
3D Lotto,9PM,2022-10-18,2-4-8,2,4,8,4500.00,878,valid,2298
3D Lotto,9PM,2022-10-19,5-8-6,5,8,6,4500.00,287,valid,2299
3D Lotto,9PM,2022-10-20,5-0-2,5,0,2,4500.00,680,valid,2300
3D Lotto,9PM,2022-10-21,7-0-6,7,0,6,4500.00,215,valid,2301
3D Lotto,9PM,2022-10-22,2-6-8,2,6,8,4500.00,477,valid,2302
3D Lotto,9PM,2022-10-23,2-5-4,2,5,4,4500.00,290,valid,2303
3D Lotto,9PM,2022-10-24,8-8-3,8,8,3,4500.00,209,valid,2304
3D Lotto,9PM,2022-10-25,6-9-3,6,9,3,4500.00,265,valid,2305
3D Lotto,9PM,2022-10-26,0-3-0,0,3,0,4500.00,262,valid,2306
3D Lotto,9PM,2022-10-27,1-6-6,1,6,6,4500.00,259,valid,2307
3D Lotto,9PM,2022-10-28,0-5-8,0,5,8,4500.00,254,valid,2308
3D Lotto,9PM,2022-10-29,4-2-4,4,2,4,4500.00,350,valid,2309
3D Lotto,9PM,2022-10-30,1-5-5,1,5,5,4500.00,608,valid,2310
3D Lotto,9PM,2022-10-31,5-5-3,5,5,3,4500.00,261,valid,2311
3D Lotto,9PM,2022-11-01,2-6-0,2,6,0,4500.00,414,valid,2312
3D Lotto,9PM,2022-11-02,3-5-2,3,5,2,4500.00,475,valid,2313
3D Lotto,9PM,2022-11-03,0-1-8,0,1,8,4500.00,333,valid,2314
3D Lotto,9PM,2022-11-04,0-7-9,0,7,9,4500.00,172,valid,2315
3D Lotto,9PM,2022-11-05,0-0-9,0,0,9,4500.00,259,valid,2316
3D Lotto,9PM,2022-11-06,7-7-3,7,7,3,4500.00,339,valid,2317
3D Lotto,9PM,2022-11-07,3-2-8,3,2,8,4500.00,479,valid,2318
3D Lotto,9PM,2022-11-08,8-4-9,8,4,9,4500.00,390,valid,2319
3D Lotto,9PM,2022-11-09,8-9-8,8,9,8,4500.00,169,valid,2320
3D Lotto,9PM,2022-11-10,7-0-4,7,0,4,4500.00,278,valid,2321
3D Lotto,9PM,2022-11-11,1-1-6,1,1,6,4500.00,1202,valid,2322
3D Lotto,9PM,2022-11-12,3-0-6,3,0,6,4500.00,285,valid,2323
3D Lotto,9PM,2022-11-13,8-4-6,8,4,6,4500.00,477,valid,2324
3D Lotto,9PM,2022-11-14,2-8-2,2,8,2,4500.00,631,valid,2325
3D Lotto,9PM,2022-11-15,1-1-8,1,1,8,4500.00,1207,valid,2326
3D Lotto,9PM,2022-11-16,3-1-9,3,1,9,4500.00,564,valid,2327
3D Lotto,9PM,2022-11-17,5-9-5,5,9,5,4500.00,452,valid,2328
3D Lotto,9PM,2022-11-18,8-4-3,8,4,3,4500.00,266,valid,2329
3D Lotto,9PM,2022-11-19,2-3-1,2,3,1,4500.00,346,valid,2330
3D Lotto,9PM,2022-11-20,2-2-6,2,2,6,4500.00,732,valid,2331
3D Lotto,9PM,2022-11-21,2-5-4,2,5,4,4500.00,404,valid,2332
3D Lotto,9PM,2022-11-22,6-5-6,6,5,6,4500.00,478,valid,2333
3D Lotto,9PM,2022-11-23,8-2-9,8,2,9,4500.00,478,valid,2334
3D Lotto,9PM,2022-11-24,0-4-8,0,4,8,4500.00,330,valid,2335
3D Lotto,9PM,2022-11-25,0-7-1,0,7,1,4500.00,167,valid,2336
3D Lotto,9PM,2022-11-26,9-5-2,9,5,2,4500.00,473,valid,2337
3D Lotto,9PM,2022-11-27,8-3-3,8,3,3,4500.00,393,valid,2338
3D Lotto,9PM,2022-11-28,6-7-2,6,7,2,4500.00,273,valid,2339
3D Lotto,9PM,2022-11-29,5-0-9,5,0,9,4500.00,713,valid,2340
3D Lotto,9PM,2022-11-30,6-7-8,6,7,8,4500.00,176,valid,2341
3D Lotto,9PM,2022-12-01,6-6-7,6,6,7,4500.00,272,valid,2342
3D Lotto,9PM,2022-12-02,6-0-1,6,0,1,4500.00,608,valid,2343
3D Lotto,9PM,2022-12-03,3-2-6,3,2,6,4500.00,841,valid,2344
3D Lotto,9PM,2022-12-04,4-4-2,4,4,2,4500.00,236,valid,2345
3D Lotto,9PM,2022-12-05,5-9-1,5,9,1,4500.00,403,valid,2346
3D Lotto,9PM,2022-12-06,3-8-5,3,8,5,4500.00,500,valid,2347
3D Lotto,9PM,2022-12-07,2-3-0,2,3,0,4500.00,499,valid,2348
3D Lotto,9PM,2022-12-08,3-5-7,3,5,7,4500.00,730,valid,2349
3D Lotto,9PM,2022-12-09,1-1-8,1,1,8,4500.00,1026,valid,2350
3D Lotto,9PM,2022-12-10,8-6-4,8,6,4,4500.00,664,valid,2351
3D Lotto,9PM,2022-12-11,4-5-3,4,5,3,4500.00,396,valid,2352
3D Lotto,9PM,2022-12-12,4-5-1,4,5,1,4500.00,523,valid,2353
3D Lotto,9PM,2022-12-13,1-8-7,1,8,7,4500.00,603,valid,2354
3D Lotto,9PM,2022-12-14,8-8-9,8,8,9,4500.00,395,valid,2355
3D Lotto,9PM,2022-12-15,7-0-6,7,0,6,4500.00,295,valid,2356
3D Lotto,9PM,2022-12-16,3-0-4,3,0,4,4500.00,552,valid,2357
3D Lotto,9PM,2022-12-17,7-6-8,7,6,8,4500.00,225,valid,2358
3D Lotto,9PM,2022-12-18,8-6-4,8,6,4,4500.00,357,valid,2359
3D Lotto,9PM,2022-12-19,6-9-1,6,9,1,4500.00,286,valid,2360
3D Lotto,9PM,2022-12-20,2-4-0,2,4,0,4500.00,533,valid,2361
3D Lotto,9PM,2022-12-21,9-8-0,9,8,0,4500.00,396,valid,2362
3D Lotto,9PM,2022-12-22,4-9-3,4,9,3,4500.00,397,valid,2363
3D Lotto,9PM,2022-12-23,2-2-0,2,2,0,4500.00,976,valid,2364
3D Lotto,9PM,2022-12-24,9-0-6,9,0,6,4500.00,167,valid,2365
3D Lotto,9PM,2022-12-26,7-3-0,7,3,0,4500.00,523,valid,2366
3D Lotto,9PM,2022-12-27,3-0-7,3,0,7,4500.00,727,valid,2367
3D Lotto,9PM,2022-12-28,1-0-1,1,0,1,4500.00,1228,valid,2368
3D Lotto,9PM,2022-12-29,0-1-0,0,1,0,4500.00,1238,valid,2369
3D Lotto,9PM,2022-12-30,7-7-9,7,7,9,4500.00,414,valid,2370
3D Lotto,9PM,2022-12-31,3-5-9,3,5,9,4500.00,388,valid,2371
3D Lotto,9PM,2023-01-02,1-4-7,1,4,7,4500.00,706,valid,2372
3D Lotto,9PM,2023-01-03,2-3-1,2,3,1,4500.00,993,valid,2373
3D Lotto,9PM,2023-01-04,3-7-8,3,7,8,4500.00,466,valid,2374
3D Lotto,9PM,2023-01-05,0-2-3,0,2,3,4500.00,1208,valid,2375
3D Lotto,9PM,2023-01-06,8-9-5,8,9,5,4500.00,254,valid,2376
3D Lotto,9PM,2023-01-07,7-3-4,7,3,4,4500.00,631,valid,2377
3D Lotto,9PM,2023-01-08,6-3-3,6,3,3,4500.00,367,valid,2378
3D Lotto,9PM,2023-01-09,5-9-9,5,9,9,4500.00,357,valid,2379
3D Lotto,9PM,2023-01-10,5-9-4,5,9,4,4500.00,506,valid,2380
3D Lotto,9PM,2023-01-11,0-5-6,0,5,6,4500.00,321,valid,2381
3D Lotto,9PM,2023-01-12,7-7-7,7,7,7,4500.00,1088,valid,2382
3D Lotto,9PM,2023-01-13,9-2-0,9,2,0,4500.00,545,valid,2383
3D Lotto,9PM,2023-01-14,0-8-9,0,8,9,4500.00,285,valid,2384
3D Lotto,9PM,2023-01-15,9-3-3,9,3,3,4500.00,489,valid,2385
3D Lotto,9PM,2023-01-16,1-1-4,1,1,4,4500.00,1221,valid,2386
3D Lotto,9PM,2023-01-17,7-8-0,7,8,0,4500.00,320,valid,2387
3D Lotto,9PM,2023-01-18,5-4-8,5,4,8,4500.00,437,valid,2388
3D Lotto,9PM,2023-01-19,5-5-3,5,5,3,4500.00,316,valid,2389
3D Lotto,9PM,2023-01-20,6-0-1,6,0,1,4500.00,436,valid,2390
3D Lotto,9PM,2023-01-21,0-2-3,0,2,3,4500.00,364,valid,2391
3D Lotto,9PM,2023-01-22,0-5-4,0,5,4,4500.00,198,valid,2392
3D Lotto,9PM,2023-01-23,1-9-9,1,9,9,4500.00,428,valid,2393
3D Lotto,9PM,2023-01-24,6-4-9,6,4,9,4500.00,394,valid,2394
3D Lotto,9PM,2023-01-25,3-8-7,3,8,7,4500.00,391,valid,2395
3D Lotto,9PM,2023-01-26,0-9-8,0,9,8,4500.00,233,valid,2396
3D Lotto,9PM,2023-01-27,5-6-4,5,6,4,4500.00,376,valid,2397
3D Lotto,9PM,2023-01-28,0-3-4,0,3,4,4500.00,207,valid,2398
3D Lotto,9PM,2023-01-29,3-1-5,3,1,5,4500.00,661,valid,2399
3D Lotto,9PM,2023-01-30,3-8-2,3,8,2,4500.00,287,valid,2400
3D Lotto,9PM,2023-01-31,4-5-9,4,5,9,4500.00,382,valid,2401
3D Lotto,9PM,2023-02-01,4-5-8,4,5,8,4500.00,769,valid,2402
3D Lotto,9PM,2023-02-02,2-8-1,2,8,1,4500.00,596,valid,2403
3D Lotto,9PM,2023-02-03,5-3-0,5,3,0,4500.00,651,valid,2404
3D Lotto,9PM,2023-02-04,2-7-2,2,7,2,4500.00,527,valid,2405
3D Lotto,9PM,2023-02-05,5-3-5,5,3,5,4500.00,359,valid,2406
3D Lotto,9PM,2023-02-06,8-7-4,8,7,4,4500.00,283,valid,2407
3D Lotto,9PM,2023-02-07,8-4-8,8,4,8,4500.00,334,valid,2408
3D Lotto,9PM,2023-02-08,3-3-7,3,3,7,4500.00,385,valid,2409
3D Lotto,9PM,2023-02-09,5-4-3,5,4,3,4500.00,385,valid,2410
3D Lotto,9PM,2023-02-10,2-0-6,2,0,6,4500.00,749,valid,2411
3D Lotto,9PM,2023-02-11,2-8-1,2,8,1,4500.00,354,valid,2412
3D Lotto,9PM,2023-02-12,8-1-1,8,1,1,4500.00,888,valid,2413
3D Lotto,9PM,2023-02-13,5-0-7,5,0,7,4500.00,711,valid,2414
3D Lotto,9PM,2023-02-14,4-7-9,4,7,9,4500.00,538,valid,2415
3D Lotto,9PM,2023-02-15,4-3-5,4,3,5,4500.00,272,valid,2416
3D Lotto,9PM,2023-02-16,2-9-9,2,9,9,4500.00,453,valid,2417
3D Lotto,9PM,2023-02-17,8-5-8,8,5,8,4500.00,468,valid,2418
3D Lotto,9PM,2023-02-18,7-4-0,7,4,0,4500.00,215,valid,2419
3D Lotto,9PM,2023-02-19,8-0-1,8,0,1,4500.00,757,valid,2420
3D Lotto,9PM,2023-02-20,0-4-3,0,4,3,4500.00,265,valid,2421
3D Lotto,9PM,2023-02-21,5-0-9,5,0,9,4500.00,565,valid,2422
3D Lotto,9PM,2023-02-22,0-4-1,0,4,1,4500.00,293,valid,2423
3D Lotto,9PM,2023-02-23,3-2-1,3,2,1,4500.00,671,valid,2424
3D Lotto,9PM,2023-02-24,9-6-1,9,6,1,4500.00,344,valid,2425
3D Lotto,9PM,2023-02-25,6-5-4,6,5,4,4500.00,450,valid,2426
3D Lotto,9PM,2023-02-26,2-3-5,2,3,5,4500.00,620,valid,2427
3D Lotto,9PM,2023-02-27,7-9-6,7,9,6,4500.00,122,valid,2428
3D Lotto,9PM,2023-02-28,8-7-3,8,7,3,4500.00,231,valid,2429
3D Lotto,9PM,2023-03-01,5-6-5,5,6,5,4500.00,668,valid,2430
3D Lotto,9PM,2023-03-02,2-5-0,2,5,0,4500.00,1225,valid,2431
3D Lotto,9PM,2023-03-03,9-4-1,9,4,1,4500.00,511,valid,2432
3D Lotto,9PM,2023-03-04,1-4-8,1,4,8,4500.00,1155,valid,2433
3D Lotto,9PM,2023-03-05,0-8-0,0,8,0,4500.00,209,valid,2434
3D Lotto,9PM,2023-03-06,0-8-6,0,8,6,4500.00,325,valid,2435
3D Lotto,9PM,2023-03-07,9-3-6,9,3,6,4500.00,409,valid,2436
3D Lotto,9PM,2023-03-08,8-3-2,8,3,2,4500.00,627,valid,2437
3D Lotto,9PM,2023-03-09,6-4-4,6,4,4,4500.00,411,valid,2438
3D Lotto,9PM,2023-03-10,1-2-3,1,2,3,4500.00,547,valid,2439
3D Lotto,9PM,2023-03-11,9-7-3,9,7,3,4500.00,223,valid,2440
3D Lotto,9PM,2023-03-12,5-7-1,5,7,1,4500.00,707,valid,2441
3D Lotto,9PM,2023-03-13,9-0-4,9,0,4,4500.00,472,valid,2442
3D Lotto,9PM,2023-03-14,4-6-3,4,6,3,4500.00,553,valid,2443
3D Lotto,9PM,2023-03-15,7-2-6,7,2,6,4500.00,491,valid,2444
3D Lotto,9PM,2023-03-16,2-1-3,2,1,3,4500.00,710,valid,2445
3D Lotto,9PM,2023-03-17,7-0-6,7,0,6,4500.00,579,valid,2446
3D Lotto,9PM,2023-03-18,7-5-9,7,5,9,4500.00,383,valid,2447
3D Lotto,9PM,2023-03-19,0-1-4,0,1,4,4500.00,345,valid,2448
3D Lotto,9PM,2023-03-20,7-6-8,7,6,8,4500.00,400,valid,2449
3D Lotto,9PM,2023-03-21,7-5-7,7,5,7,4500.00,587,valid,2450
3D Lotto,9PM,2023-03-22,6-9-9,6,9,9,4500.00,221,valid,2451
3D Lotto,9PM,2023-03-23,6-1-4,6,1,4,4500.00,597,valid,2452
3D Lotto,9PM,2023-03-24,8-3-8,8,3,8,4500.00,278,valid,2453
3D Lotto,9PM,2023-03-25,1-2-4,1,2,4,4500.00,579,valid,2454
3D Lotto,9PM,2023-03-26,7-6-7,7,6,7,4500.00,155,valid,2455
3D Lotto,9PM,2023-03-27,8-1-5,8,1,5,4500.00,452,valid,2456
3D Lotto,9PM,2023-03-28,0-7-3,0,7,3,4500.00,206,valid,2457
3D Lotto,9PM,2023-03-29,0-6-8,0,6,8,4500.00,283,valid,2458
3D Lotto,9PM,2023-03-30,6-6-2,6,6,2,4500.00,237,valid,2459
3D Lotto,9PM,2023-03-31,1-0-6,1,0,6,4500.00,804,valid,2460
3D Lotto,9PM,2023-04-01,5-8-5,5,8,5,4500.00,439,valid,2461
3D Lotto,9PM,2023-04-02,5-6-4,5,6,4,4500.00,365,valid,2462
3D Lotto,9PM,2023-04-03,3-0-1,3,0,1,4500.00,802,valid,2463
3D Lotto,9PM,2023-04-04,5-4-9,5,4,9,4500.00,656,valid,2464
3D Lotto,9PM,2023-04-05,6-8-7,6,8,7,4500.00,243,valid,2465
3D Lotto,9PM,2023-04-10,3-7-7,3,7,7,4500.00,344,valid,2466
3D Lotto,9PM,2023-04-11,4-9-2,4,9,2,4500.00,338,valid,2467
3D Lotto,9PM,2023-04-12,4-2-6,4,2,6,4500.00,960,valid,2468
3D Lotto,9PM,2023-04-13,6-9-2,6,9,2,4500.00,198,valid,2469
3D Lotto,9PM,2023-04-14,1-6-5,1,6,5,4500.00,562,valid,2470
3D Lotto,9PM,2023-04-15,5-0-8,5,0,8,4500.00,671,valid,2471
3D Lotto,9PM,2023-04-16,5-4-8,5,4,8,4500.00,347,valid,2472
3D Lotto,9PM,2023-04-17,5-4-1,5,4,1,4500.00,564,valid,2473
3D Lotto,9PM,2023-04-18,2-2-7,2,2,7,4500.00,364,valid,2474
3D Lotto,9PM,2023-04-19,3-0-9,3,0,9,4500.00,435,valid,2475
3D Lotto,9PM,2023-04-20,8-0-2,8,0,2,4500.00,331,valid,2476
3D Lotto,9PM,2023-04-21,4-6-9,4,6,9,4500.00,359,valid,2477
3D Lotto,9PM,2023-04-22,3-8-1,3,8,1,4500.00,583,valid,2478
3D Lotto,9PM,2023-04-23,4-3-5,4,3,5,4500.00,285,valid,2479
3D Lotto,9PM,2023-04-24,8-2-2,8,2,2,4500.00,544,valid,2480
3D Lotto,9PM,2023-04-25,0-7-3,0,7,3,4500.00,131,valid,2481
3D Lotto,9PM,2023-04-26,6-9-0,6,9,0,4500.00,302,valid,2482
3D Lotto,9PM,2023-04-27,2-4-2,2,4,2,4500.00,580,valid,2483
3D Lotto,9PM,2023-04-28,4-7-2,4,7,2,4500.00,374,valid,2484
3D Lotto,9PM,2023-04-29,5-3-2,5,3,2,4500.00,738,valid,2485
3D Lotto,9PM,2023-04-30,0-1-2,0,1,2,4500.00,301,valid,2486
3D Lotto,9PM,2023-05-01,8-0-2,8,0,2,4500.00,181,valid,2487
3D Lotto,9PM,2023-05-02,2-4-2,2,4,2,4500.00,303,valid,2488
3D Lotto,9PM,2023-05-03,5-5-1,5,5,1,4500.00,560,valid,2489
3D Lotto,9PM,2023-05-04,9-4-1,9,4,1,4500.00,309,valid,2490
3D Lotto,9PM,2023-05-05,1-2-2,1,2,2,4500.00,914,valid,2491
3D Lotto,9PM,2023-05-06,6-2-2,6,2,2,4500.00,594,valid,2492
3D Lotto,9PM,2023-05-07,9-8-4,9,8,4,4500.00,209,valid,2493
3D Lotto,9PM,2023-05-08,9-0-2,9,0,2,4500.00,204,valid,2494
3D Lotto,9PM,2023-05-09,8-0-7,8,0,7,4500.00,518,valid,2495
3D Lotto,9PM,2023-05-10,7-3-3,7,3,3,4500.00,645,valid,2496
3D Lotto,9PM,2023-05-11,0-3-7,0,3,7,4500.00,293,valid,2497
3D Lotto,9PM,2023-05-12,5-9-3,5,9,3,4500.00,267,valid,2498
3D Lotto,9PM,2023-05-13,1-0-3,1,0,3,4500.00,1199,valid,2499
3D Lotto,9PM,2023-05-14,7-5-8,7,5,8,4500.00,338,valid,2500
3D Lotto,9PM,2023-05-15,9-1-1,9,1,1,4500.00,714,valid,2501
3D Lotto,9PM,2023-05-16,7-5-1,7,5,1,4500.00,907,valid,2502
3D Lotto,9PM,2023-05-17,8-7-6,8,7,6,4500.00,496,valid,2503
3D Lotto,9PM,2023-05-18,9-7-1,9,7,1,4500.00,683,valid,2504
3D Lotto,9PM,2023-05-19,6-2-8,6,2,8,4500.00,622,valid,2505
3D Lotto,9PM,2023-05-20,0-5-0,0,5,0,4500.00,171,valid,2506
3D Lotto,9PM,2023-05-21,5-7-7,5,7,7,4500.00,457,valid,2507
3D Lotto,9PM,2023-05-22,1-6-6,1,6,6,4500.00,388,valid,2508
3D Lotto,9PM,2023-05-23,2-0-7,2,0,7,4500.00,589,valid,2509
3D Lotto,9PM,2023-05-24,9-3-7,9,3,7,4500.00,304,valid,2510
3D Lotto,9PM,2023-05-25,2-8-8,2,8,8,4500.00,656,valid,2511
3D Lotto,9PM,2023-05-26,6-8-8,6,8,8,4500.00,433,valid,2512
3D Lotto,9PM,2023-05-27,7-7-3,7,7,3,4500.00,339,valid,2513
3D Lotto,9PM,2023-05-28,8-9-9,8,9,9,4500.00,311,valid,2514
3D Lotto,9PM,2023-05-29,4-2-0,4,2,0,4500.00,626,valid,2515
3D Lotto,9PM,2023-05-30,1-3-5,1,3,5,4500.00,901,valid,2516
3D Lotto,9PM,2023-05-31,3-1-5,3,1,5,4500.00,1037,valid,2517
3D Lotto,9PM,2023-06-01,2-2-5,2,2,5,4500.00,1210,valid,2518
3D Lotto,9PM,2023-06-02,1-7-0,1,7,0,4500.00,552,valid,2519
3D Lotto,9PM,2023-06-03,1-6-7,1,6,7,4500.00,580,valid,2520
3D Lotto,9PM,2023-06-04,4-8-0,4,8,0,4500.00,359,valid,2521
3D Lotto,9PM,2023-06-05,9-5-5,9,5,5,4500.00,291,valid,2522
3D Lotto,9PM,2023-06-06,0-2-8,0,2,8,4500.00,334,valid,2523
3D Lotto,9PM,2023-06-07,8-3-4,8,3,4,4500.00,263,valid,2524
3D Lotto,9PM,2023-06-08,3-8-7,3,8,7,4500.00,543,valid,2525
3D Lotto,9PM,2023-06-09,2-9-0,2,9,0,4500.00,290,valid,2526
3D Lotto,9PM,2023-06-10,3-0-2,3,0,2,4500.00,547,valid,2527
3D Lotto,9PM,2023-06-11,6-7-9,6,7,9,4500.00,371,valid,2528
3D Lotto,9PM,2023-06-12,8-8-5,8,8,5,4500.00,350,valid,2529
3D Lotto,9PM,2023-06-13,8-9-3,8,9,3,4500.00,207,valid,2530
3D Lotto,9PM,2023-06-14,4-0-9,4,0,9,4500.00,349,valid,2531
3D Lotto,9PM,2023-06-15,0-9-1,0,9,1,4500.00,345,valid,2532
3D Lotto,9PM,2023-06-16,0-8-4,0,8,4,4500.00,157,valid,2533
3D Lotto,9PM,2023-06-17,9-8-7,9,8,7,4500.00,606,valid,2534
3D Lotto,9PM,2023-06-18,3-9-1,3,9,1,4500.00,230,valid,2535
3D Lotto,9PM,2023-06-19,5-1-2,5,1,2,4500.00,591,valid,2536
3D Lotto,9PM,2023-06-20,3-9-9,3,9,9,4500.00,331,valid,2537
3D Lotto,9PM,2023-06-21,4-9-6,4,9,6,4500.00,216,valid,2538
3D Lotto,9PM,2023-06-22,7-8-0,7,8,0,4500.00,253,valid,2539
3D Lotto,9PM,2023-06-23,7-7-2,7,7,2,4500.00,305,valid,2540
3D Lotto,9PM,2023-06-24,9-9-5,9,9,5,4500.00,246,valid,2541
3D Lotto,9PM,2023-06-25,9-3-6,9,3,6,4500.00,364,valid,2542
3D Lotto,9PM,2023-06-26,0-3-3,0,3,3,4500.00,289,valid,2543
3D Lotto,9PM,2023-06-27,5-5-4,5,5,4,4500.00,224,valid,2544
3D Lotto,9PM,2023-06-28,1-1-3,1,1,3,4500.00,973,valid,2545
3D Lotto,9PM,2023-06-29,6-6-5,6,6,5,4500.00,321,valid,2546
3D Lotto,9PM,2023-06-30,6-7-8,6,7,8,4500.00,471,valid,2547
3D Lotto,9PM,2023-07-01,2-8-7,2,8,7,4500.00,547,valid,2548
3D Lotto,9PM,2023-07-02,4-1-5,4,1,5,4500.00,650,valid,2549
3D Lotto,9PM,2023-07-03,1-6-9,1,6,9,4500.00,718,valid,2550
3D Lotto,9PM,2023-07-04,4-3-2,4,3,2,4500.00,438,valid,2551
3D Lotto,9PM,2023-07-05,7-9-7,7,9,7,4500.00,326,valid,2552
3D Lotto,9PM,2023-07-06,5-7-1,5,7,1,4500.00,491,valid,2553
3D Lotto,9PM,2023-07-07,0-5-9,0,5,9,4500.00,397,valid,2554
3D Lotto,9PM,2023-07-08,5-0-1,5,0,1,4500.00,787,valid,2555
3D Lotto,9PM,2023-07-09,4-8-5,4,8,5,4500.00,209,valid,2556
3D Lotto,9PM,2023-07-10,1-1-6,1,1,6,4500.00,936,valid,2557
3D Lotto,9PM,2023-07-11,1-7-9,1,7,9,4500.00,737,valid,2558
3D Lotto,9PM,2023-07-12,1-2-8,1,2,8,4500.00,920,valid,2559
3D Lotto,9PM,2023-07-13,2-3-3,2,3,3,4500.00,448,valid,2560
3D Lotto,9PM,2023-07-14,9-1-2,9,1,2,4500.00,591,valid,2561
3D Lotto,9PM,2023-07-15,7-2-0,7,2,0,4500.00,1212,valid,2562
3D Lotto,9PM,2023-07-16,5-2-8,5,2,8,4500.00,954,valid,2563
3D Lotto,9PM,2023-07-17,1-1-7,1,1,7,4500.00,1209,valid,2564
3D Lotto,9PM,2023-07-18,0-3-1,0,3,1,4500.00,348,valid,2565
3D Lotto,9PM,2023-07-19,9-1-2,9,1,2,4500.00,404,valid,2566
3D Lotto,9PM,2023-07-20,2-6-7,2,6,7,4500.00,658,valid,2567
3D Lotto,9PM,2023-07-21,4-2-3,4,2,3,4500.00,473,valid,2568
3D Lotto,9PM,2023-07-22,1-2-8,1,2,8,4500.00,544,valid,2569
3D Lotto,9PM,2023-07-23,5-1-7,5,1,7,4500.00,949,valid,2570
3D Lotto,9PM,2023-07-24,3-4-5,3,4,5,4500.00,199,valid,2571
3D Lotto,9PM,2023-07-25,1-4-7,1,4,7,4500.00,916,valid,2572
3D Lotto,9PM,2023-07-26,2-8-0,2,8,0,4500.00,574,valid,2573
3D Lotto,9PM,2023-07-27,0-2-6,0,2,6,4500.00,465,valid,2574
3D Lotto,9PM,2023-07-28,2-0-0,2,0,0,4500.00,1200,valid,2575
3D Lotto,9PM,2023-07-29,4-3-5,4,3,5,4500.00,231,valid,2576
3D Lotto,9PM,2023-07-30,2-5-4,2,5,4,4500.00,547,valid,2577
3D Lotto,9PM,2023-07-31,2-7-0,2,7,0,4500.00,359,valid,2578
3D Lotto,9PM,2023-08-01,5-2-4,5,2,4,4500.00,565,valid,2579
3D Lotto,9PM,2023-08-02,5-2-7,5,2,7,4500.00,982,valid,2580
3D Lotto,9PM,2023-08-03,8-5-2,8,5,2,4500.00,541,valid,2581
3D Lotto,9PM,2023-08-04,6-3-3,6,3,3,4500.00,391,valid,2582
3D Lotto,9PM,2023-08-05,5-6-8,5,6,8,4500.00,561,valid,2583
3D Lotto,9PM,2023-08-06,6-8-9,6,8,9,4500.00,575,valid,2584
3D Lotto,9PM,2023-08-07,4-8-4,4,8,4,4500.00,455,valid,2585
3D Lotto,9PM,2023-08-08,9-0-4,9,0,4,4500.00,319,valid,2586
3D Lotto,9PM,2023-08-09,8-6-1,8,6,1,4500.00,526,valid,2587
3D Lotto,9PM,2023-08-10,3-2-0,3,2,0,4500.00,594,valid,2588
3D Lotto,9PM,2023-08-11,9-9-9,9,9,9,4500.00,1088,valid,2589
3D Lotto,9PM,2023-08-12,0-1-0,0,1,0,4500.00,878,valid,2590
3D Lotto,9PM,2023-08-13,2-6-6,2,6,6,4500.00,290,valid,2591
3D Lotto,9PM,2023-08-14,7-3-6,7,3,6,4500.00,456,valid,2592
3D Lotto,9PM,2023-08-15,1-2-4,1,2,4,4500.00,529,valid,2593
3D Lotto,9PM,2023-08-16,3-9-4,3,9,4,4500.00,207,valid,2594
3D Lotto,9PM,2023-08-17,0-5-3,0,5,3,4500.00,508,valid,2595
3D Lotto,9PM,2023-08-18,7-6-1,7,6,1,4500.00,343,valid,2596
3D Lotto,9PM,2023-08-19,4-0-9,4,0,9,4500.00,285,valid,2597
3D Lotto,9PM,2023-08-20,0-7-7,0,7,7,4500.00,139,valid,2598
3D Lotto,9PM,2023-08-21,0-8-7,0,8,7,4500.00,356,valid,2599
3D Lotto,9PM,2023-08-22,2-2-3,2,2,3,4500.00,974,valid,2600
3D Lotto,9PM,2023-08-23,8-8-8,8,8,8,4500.00,1088,valid,2601
3D Lotto,9PM,2023-08-24,9-6-1,9,6,1,4500.00,483,valid,2602
3D Lotto,9PM,2023-08-25,8-8-6,8,8,6,4500.00,492,valid,2603
3D Lotto,9PM,2023-08-26,2-0-5,2,0,5,4500.00,525,valid,2604
3D Lotto,9PM,2023-08-27,7-3-4,7,3,4,4500.00,360,valid,2605
3D Lotto,9PM,2023-08-28,0-2-4,0,2,4,4500.00,303,valid,2606
3D Lotto,9PM,2023-08-29,0-6-7,0,6,7,4500.00,277,valid,2607
3D Lotto,9PM,2023-08-30,0-0-0,0,0,0,4500.00,1088,valid,2608
3D Lotto,9PM,2023-08-31,9-4-7,9,4,7,4500.00,382,valid,2609
3D Lotto,9PM,2023-09-01,5-7-8,5,7,8,4500.00,578,valid,2610
3D Lotto,9PM,2023-09-02,9-8-8,9,8,8,4500.00,563,valid,2611
3D Lotto,9PM,2023-09-03,2-4-6,2,4,6,4500.00,658,valid,2612
3D Lotto,9PM,2023-09-04,8-0-8,8,0,8,4500.00,845,valid,2613
3D Lotto,9PM,2023-09-05,7-6-7,7,6,7,4500.00,219,valid,2614
3D Lotto,9PM,2023-09-06,3-9-0,3,9,0,4500.00,278,valid,2615
3D Lotto,9PM,2023-09-07,6-3-1,6,3,1,4500.00,879,valid,2616
3D Lotto,9PM,2023-09-08,9-9-9,9,9,9,4500.00,1088,valid,2617
3D Lotto,9PM,2023-09-09,5-9-2,5,9,2,4500.00,465,valid,2618
3D Lotto,9PM,2023-09-10,8-0-7,8,0,7,4500.00,416,valid,2619
3D Lotto,9PM,2023-09-11,6-9-2,6,9,2,4500.00,173,valid,2620
3D Lotto,9PM,2023-09-12,7-0-9,7,0,9,4500.00,382,valid,2621
3D Lotto,9PM,2023-09-13,9-8-1,9,8,1,4500.00,604,valid,2622
3D Lotto,9PM,2023-09-14,9-7-5,9,7,5,4500.00,750,valid,2623
3D Lotto,9PM,2023-09-15,2-3-5,2,3,5,4500.00,791,valid,2624
3D Lotto,9PM,2023-09-16,8-8-2,8,8,2,4500.00,525,valid,2625
3D Lotto,9PM,2023-09-17,3-7-3,3,7,3,4500.00,288,valid,2626
3D Lotto,9PM,2023-09-18,6-1-5,6,1,5,4500.00,530,valid,2627
3D Lotto,9PM,2023-09-19,7-2-4,7,2,4,4500.00,454,valid,2628
3D Lotto,9PM,2023-09-20,6-1-7,6,1,7,4500.00,404,valid,2629
3D Lotto,9PM,2023-09-21,9-7-7,9,7,7,4500.00,347,valid,2630
3D Lotto,9PM,2023-09-22,1-9-7,1,9,7,4500.00,676,valid,2631
3D Lotto,9PM,2023-09-23,1-1-3,1,1,3,4500.00,799,valid,2632
3D Lotto,9PM,2023-09-24,8-9-4,8,9,4,4500.00,282,valid,2633
3D Lotto,9PM,2023-09-25,6-4-5,6,4,5,4500.00,308,valid,2634
3D Lotto,9PM,2023-09-26,9-9-8,9,9,8,4500.00,419,valid,2635
3D Lotto,9PM,2023-09-27,6-3-0,6,3,0,4500.00,418,valid,2636
3D Lotto,9PM,2023-09-28,0-2-1,0,2,1,4500.00,500,valid,2637
3D Lotto,9PM,2023-09-29,4-0-6,4,0,6,4500.00,215,valid,2638
3D Lotto,9PM,2023-09-30,2-5-8,2,5,8,4500.00,541,valid,2639
3D Lotto,9PM,2023-10-01,7-8-4,7,8,4,4500.00,123,valid,2640
3D Lotto,9PM,2023-10-02,0-4-8,0,4,8,4500.00,166,valid,2641
3D Lotto,9PM,2023-10-03,3-5-4,3,5,4,4500.00,439,valid,2642
3D Lotto,9PM,2023-10-04,8-5-7,8,5,7,4500.00,592,valid,2643
3D Lotto,9PM,2023-10-05,6-7-9,6,7,9,4500.00,335,valid,2644
3D Lotto,9PM,2023-10-06,4-4-3,4,4,3,4500.00,246,valid,2645
3D Lotto,9PM,2023-10-07,9-7-1,9,7,1,4500.00,332,valid,2646
3D Lotto,9PM,2023-10-08,9-3-4,9,3,4,4500.00,425,valid,2647
3D Lotto,9PM,2023-10-09,0-9-0,0,9,0,4500.00,143,valid,2648
3D Lotto,9PM,2023-10-10,7-9-7,7,9,7,4500.00,277,valid,2649
3D Lotto,9PM,2023-10-11,9-4-0,9,4,0,4500.00,250,valid,2650
3D Lotto,9PM,2023-10-12,5-4-8,5,4,8,4500.00,363,valid,2651
3D Lotto,9PM,2023-10-13,9-9-9,9,9,9,4500.00,573,valid,2652
3D Lotto,9PM,2023-10-14,5-2-1,5,2,1,4500.00,554,valid,2653
3D Lotto,9PM,2023-10-15,1-5-5,1,5,5,4500.00,592,valid,2654
3D Lotto,9PM,2023-10-16,9-0-0,9,0,0,4500.00,511,valid,2655
3D Lotto,9PM,2023-10-17,3-4-6,3,4,6,4500.00,431,valid,2656
3D Lotto,9PM,2023-10-18,3-7-3,3,7,3,4500.00,375,valid,2657
3D Lotto,9PM,2023-10-19,0-5-0,0,5,0,4500.00,592,valid,2658
3D Lotto,9PM,2023-10-20,0-9-9,0,9,9,4500.00,294,valid,2659
3D Lotto,9PM,2023-10-21,4-5-1,4,5,1,4500.00,592,valid,2660
3D Lotto,9PM,2023-10-22,7-4-3,7,4,3,4500.00,327,valid,2661
3D Lotto,9PM,2023-10-23,8-3-7,8,3,7,4500.00,383,valid,2662
3D Lotto,9PM,2023-10-24,2-6-3,2,6,3,4500.00,331,valid,2663
3D Lotto,9PM,2023-10-25,8-2-9,8,2,9,4500.00,592,valid,2664
3D Lotto,9PM,2023-10-26,5-3-4,5,3,4,4500.00,350,valid,2665
3D Lotto,9PM,2023-10-27,9-4-2,9,4,2,4500.00,338,valid,2666
3D Lotto,9PM,2023-10-28,6-9-4,6,9,4,4500.00,296,valid,2667
3D Lotto,9PM,2023-10-29,5-6-6,5,6,6,4500.00,373,valid,2668
3D Lotto,9PM,2023-10-30,3-7-3,3,7,3,4500.00,211,valid,2669
3D Lotto,9PM,2023-10-31,1-4-4,1,4,4,4500.00,592,valid,2670
3D Lotto,9PM,2023-11-01,4-9-8,4,9,8,4500.00,271,valid,2671
3D Lotto,9PM,2023-11-02,5-8-8,5,8,8,4500.00,592,valid,2672
3D Lotto,9PM,2023-11-03,0-4-1,0,4,1,4500.00,140,valid,2673
3D Lotto,9PM,2023-11-04,4-9-6,4,9,6,4500.00,290,valid,2674
3D Lotto,9PM,2023-11-05,4-4-5,4,4,5,4500.00,295,valid,2675
3D Lotto,9PM,2023-11-06,3-5-3,3,5,3,4500.00,553,valid,2676
3D Lotto,9PM,2023-11-07,9-2-9,9,2,9,4500.00,592,valid,2677
3D Lotto,9PM,2023-11-08,2-2-9,2,2,9,4500.00,592,valid,2678
3D Lotto,9PM,2023-11-09,1-1-5,1,1,5,4500.00,592,valid,2679
3D Lotto,9PM,2023-11-10,6-8-3,6,8,3,4500.00,226,valid,2680
3D Lotto,9PM,2023-11-11,8-8-2,8,8,2,4500.00,396,valid,2681
3D Lotto,9PM,2023-11-12,8-2-2,8,2,2,4500.00,592,valid,2682
3D Lotto,9PM,2023-11-13,5-1-0,5,1,0,4500.00,592,valid,2683
3D Lotto,9PM,2023-11-14,8-4-7,8,4,7,4500.00,529,valid,2684
3D Lotto,9PM,2023-11-15,1-0-8,1,0,8,4500.00,592,valid,2685
3D Lotto,9PM,2023-11-16,8-6-7,8,6,7,4500.00,491,valid,2686
3D Lotto,9PM,2023-11-17,7-3-5,7,3,5,4500.00,334,valid,2687
3D Lotto,9PM,2023-11-18,6-1-7,6,1,7,4500.00,559,valid,2688
3D Lotto,9PM,2023-11-19,4-7-6,4,7,6,4500.00,352,valid,2689
3D Lotto,9PM,2023-11-20,1-1-2,1,1,2,4500.00,592,valid,2690
3D Lotto,9PM,2023-11-21,1-2-8,1,2,8,4500.00,592,valid,2691
3D Lotto,9PM,2023-11-22,7-7-6,7,7,6,4500.00,471,valid,2692
3D Lotto,9PM,2023-11-23,0-7-5,0,7,5,4500.00,277,valid,2693
3D Lotto,9PM,2023-11-24,6-8-0,6,8,0,4500.00,540,valid,2694
3D Lotto,9PM,2023-11-25,6-0-5,6,0,5,4500.00,348,valid,2695
3D Lotto,9PM,2023-11-26,7-3-9,7,3,9,4500.00,458,valid,2696
3D Lotto,9PM,2023-11-27,7-7-5,7,7,5,4500.00,491,valid,2697
3D Lotto,9PM,2023-11-28,2-3-1,2,3,1,4500.00,364,valid,2698
3D Lotto,9PM,2023-11-29,8-6-7,8,6,7,4500.00,434,valid,2699
3D Lotto,9PM,2023-11-30,0-8-1,0,8,1,4500.00,223,valid,2700
3D Lotto,9PM,2023-12-01,0-3-4,0,3,4,4500.00,206,valid,2701
3D Lotto,9PM,2023-12-02,5-0-0,5,0,0,4500.00,592,valid,2702
3D Lotto,9PM,2023-12-03,6-5-4,6,5,4,4500.00,551,valid,2703
3D Lotto,9PM,2023-12-04,1-3-0,1,3,0,4500.00,592,valid,2704
3D Lotto,9PM,2023-12-05,1-4-2,1,4,2,4500.00,521,valid,2705
3D Lotto,9PM,2023-12-06,1-5-6,1,5,6,4500.00,592,valid,2706
3D Lotto,9PM,2023-12-07,5-1-7,5,1,7,4500.00,592,valid,2707
3D Lotto,9PM,2023-12-08,0-0-9,0,0,9,4500.00,320,valid,2708
3D Lotto,9PM,2023-12-09,2-3-1,2,3,1,4500.00,444,valid,2709
3D Lotto,9PM,2023-12-10,5-6-0,5,6,0,4500.00,592,valid,2710
3D Lotto,9PM,2023-12-11,7-4-8,7,4,8,4500.00,346,valid,2711
3D Lotto,9PM,2023-12-12,6-6-0,6,6,0,4500.00,592,valid,2712
3D Lotto,9PM,2023-12-13,3-5-3,3,5,3,4500.00,239,valid,2713
3D Lotto,9PM,2023-12-14,9-0-7,9,0,7,4500.00,433,valid,2714
3D Lotto,9PM,2023-12-15,7-2-6,7,2,6,4500.00,592,valid,2715
3D Lotto,9PM,2023-12-16,6-8-6,6,8,6,4500.00,290,valid,2716
3D Lotto,9PM,2023-12-17,9-9-7,9,9,7,4500.00,218,valid,2717
3D Lotto,9PM,2023-12-18,0-7-5,0,7,5,4500.00,159,valid,2718
3D Lotto,9PM,2023-12-19,3-2-4,3,2,4,4500.00,593,valid,2719
3D Lotto,9PM,2023-12-20,4-2-4,4,2,4,4500.00,593,valid,2720
3D Lotto,9PM,2023-12-21,9-7-6,9,7,6,4500.00,406,valid,2721
3D Lotto,9PM,2023-12-22,6-1-8,6,1,8,4500.00,598,valid,2722
3D Lotto,9PM,2023-12-23,9-4-3,9,4,3,4500.00,381,valid,2723
3D Lotto,9PM,2023-12-24,9-1-3,9,1,3,4500.00,347,valid,2724
3D Lotto,9PM,2023-12-26,7-6-9,7,6,9,4500.00,412,valid,2725
3D Lotto,9PM,2023-12-27,0-0-4,0,0,4,4500.00,213,valid,2726
3D Lotto,9PM,2023-12-28,4-3-0,4,3,0,4500.00,596,valid,2727
3D Lotto,9PM,2023-12-29,9-2-8,9,2,8,4500.00,599,valid,2728
3D Lotto,9PM,2023-12-30,4-0-7,4,0,7,4500.00,594,valid,2729
3D Lotto,9PM,2023-12-31,1-5-6,1,5,6,4500.00,425,valid,2730
3D Lotto,9PM,2024-01-02,5-4-7,5,4,7,4500.00,486,valid,2731
3D Lotto,9PM,2024-01-03,0-3-0,0,3,0,4500.00,442,valid,2732
3D Lotto,9PM,2024-01-04,1-4-3,1,4,3,4500.00,626,valid,2733
3D Lotto,9PM,2024-01-05,1-2-3,1,2,3,4500.00,612,valid,2734
3D Lotto,9PM,2024-01-06,9-9-7,9,9,7,4500.00,228,valid,2735
3D Lotto,9PM,2024-01-07,9-1-5,9,1,5,4500.00,478,valid,2736
3D Lotto,9PM,2024-01-08,5-3-5,5,3,5,4500.00,525,valid,2737
3D Lotto,9PM,2024-01-09,4-1-5,4,1,5,4500.00,615,valid,2738
3D Lotto,9PM,2024-01-10,8-1-0,8,1,0,4500.00,601,valid,2739
3D Lotto,9PM,2024-01-11,9-9-1,9,9,1,4500.00,324,valid,2740
3D Lotto,9PM,2024-01-12,2-4-1,2,4,1,4500.00,595,valid,2741
3D Lotto,9PM,2024-01-13,0-2-4,0,2,4,4500.00,604,valid,2742
3D Lotto,9PM,2024-01-14,3-1-0,3,1,0,4500.00,606,valid,2743
3D Lotto,9PM,2024-01-15,1-3-8,1,3,8,4500.00,615,valid,2744
3D Lotto,9PM,2024-01-16,5-8-4,5,8,4,4500.00,296,valid,2745
3D Lotto,9PM,2024-01-17,1-2-9,1,2,9,4500.00,656,valid,2746
3D Lotto,9PM,2024-01-18,9-1-5,9,1,5,4500.00,592,valid,2747
3D Lotto,9PM,2024-01-19,4-7-4,4,7,4,4500.00,264,valid,2748
3D Lotto,9PM,2024-01-20,3-7-4,3,7,4,4500.00,440,valid,2749
3D Lotto,9PM,2024-01-21,1-7-3,1,7,3,4500.00,607,valid,2750
3D Lotto,9PM,2024-01-22,5-5-6,5,5,6,4500.00,331,valid,2751
3D Lotto,9PM,2024-01-23,4-4-1,4,4,1,4500.00,437,valid,2752
3D Lotto,9PM,2024-01-24,0-2-5,0,2,5,4500.00,605,valid,2753
3D Lotto,9PM,2024-01-25,0-6-7,0,6,7,4500.00,237,valid,2754
3D Lotto,9PM,2024-01-26,4-0-2,4,0,2,4500.00,394,valid,2755
3D Lotto,9PM,2024-01-27,2-5-7,2,5,7,4500.00,618,valid,2756
3D Lotto,9PM,2024-01-28,4-5-8,4,5,8,4500.00,604,valid,2757
3D Lotto,9PM,2024-01-29,2-2-4,2,2,4,4500.00,635,valid,2758
3D Lotto,9PM,2024-01-30,6-7-1,6,7,1,4500.00,312,valid,2759
3D Lotto,9PM,2024-01-31,0-8-2,0,8,2,4500.00,200,valid,2760
3D Lotto,9PM,2024-02-01,4-8-7,4,8,7,4500.00,398,valid,2761
3D Lotto,9PM,2024-02-02,9-8-4,9,8,4,4500.00,285,valid,2762
3D Lotto,9PM,2024-02-03,0-1-3,0,1,3,4500.00,449,valid,2763
3D Lotto,9PM,2024-02-04,0-4-8,0,4,8,4500.00,332,valid,2764
3D Lotto,9PM,2024-02-05,2-7-5,2,7,5,4500.00,618,valid,2765
3D Lotto,9PM,2024-02-06,6-7-5,6,7,5,4500.00,384,valid,2766
3D Lotto,9PM,2024-02-07,7-5-3,7,5,3,4500.00,533,valid,2767
3D Lotto,9PM,2024-02-08,6-0-2,6,0,2,4500.00,398,valid,2768
3D Lotto,9PM,2024-02-09,8-0-5,8,0,5,4500.00,371,valid,2769
3D Lotto,9PM,2024-02-10,4-3-9,4,3,9,4500.00,391,valid,2770
3D Lotto,9PM,2024-02-11,9-7-3,9,7,3,4500.00,449,valid,2771
3D Lotto,9PM,2024-02-12,4-5-1,4,5,1,4500.00,250,valid,2772
3D Lotto,9PM,2024-02-13,2-9-1,2,9,1,4500.00,384,valid,2773
3D Lotto,9PM,2024-02-14,2-3-0,2,3,0,4500.00,486,valid,2774
3D Lotto,9PM,2024-02-15,1-9-2,1,9,2,4500.00,551,valid,2775
3D Lotto,9PM,2024-02-16,8-7-0,8,7,0,4500.00,273,valid,2776
3D Lotto,9PM,2024-02-17,1-7-8,1,7,8,4500.00,602,valid,2777
3D Lotto,9PM,2024-02-18,2-4-5,2,4,5,4500.00,610,valid,2778
3D Lotto,9PM,2024-02-19,2-5-6,2,5,6,4500.00,602,valid,2779
3D Lotto,9PM,2024-02-20,5-1-5,5,1,5,4500.00,620,valid,2780
3D Lotto,9PM,2024-02-21,9-4-9,9,4,9,4500.00,285,valid,2781
3D Lotto,9PM,2024-02-22,9-7-3,9,7,3,4500.00,245,valid,2782
3D Lotto,9PM,2024-02-23,3-5-7,3,5,7,4500.00,628,valid,2783
3D Lotto,9PM,2024-02-24,3-4-3,3,4,3,4500.00,292,valid,2784
3D Lotto,9PM,2024-02-25,6-0-9,6,0,9,4500.00,499,valid,2785
3D Lotto,9PM,2024-02-26,8-9-4,8,9,4,4500.00,209,valid,2786
3D Lotto,9PM,2024-02-27,3-6-0,3,6,0,4500.00,602,valid,2787
3D Lotto,9PM,2024-02-28,8-6-5,8,6,5,4500.00,331,valid,2788
3D Lotto,9PM,2024-02-29,4-8-7,4,8,7,4500.00,515,valid,2789
3D Lotto,9PM,2024-03-01,8-7-0,8,7,0,4500.00,117,valid,2790
3D Lotto,9PM,2024-03-02,5-8-8,5,8,8,4500.00,604,valid,2791
3D Lotto,9PM,2024-03-03,9-6-8,9,6,8,4500.00,241,valid,2792
3D Lotto,9PM,2024-03-04,4-0-5,4,0,5,4500.00,444,valid,2793
3D Lotto,9PM,2024-03-05,6-7-1,6,7,1,4500.00,448,valid,2794
3D Lotto,9PM,2024-03-06,4-1-1,4,1,1,4500.00,613,valid,2795
3D Lotto,9PM,2024-03-07,3-6-5,3,6,5,4500.00,570,valid,2796
3D Lotto,9PM,2024-03-08,0-0-3,0,0,3,4500.00,199,valid,2797
3D Lotto,9PM,2024-03-09,5-6-4,5,6,4,4500.00,383,valid,2798
3D Lotto,9PM,2024-03-10,2-2-1,2,2,1,4500.00,650,valid,2799
3D Lotto,9PM,2024-03-11,8-8-2,8,8,2,4500.00,247,valid,2800
3D Lotto,9PM,2024-03-12,2-8-9,2,8,9,4500.00,486,valid,2801
3D Lotto,9PM,2024-03-13,9-0-9,9,0,9,4500.00,286,valid,2802
3D Lotto,9PM,2024-03-14,4-2-2,4,2,2,4500.00,423,valid,2803
3D Lotto,9PM,2024-03-15,2-9-5,2,9,5,4500.00,382,valid,2804
3D Lotto,9PM,2024-03-16,4-3-9,4,3,9,4500.00,284,valid,2805
3D Lotto,9PM,2024-03-17,0-4-2,0,4,2,4500.00,298,valid,2806
3D Lotto,9PM,2024-03-18,3-7-9,3,7,9,4500.00,330,valid,2807
3D Lotto,9PM,2024-03-19,2-7-1,2,7,1,4500.00,382,valid,2808
3D Lotto,9PM,2024-03-20,4-2-7,4,2,7,4500.00,625,valid,2809
3D Lotto,9PM,2024-03-21,0-5-7,0,5,7,4500.00,266,valid,2810
3D Lotto,9PM,2024-03-22,7-9-6,7,9,6,4500.00,324,valid,2811
3D Lotto,9PM,2024-03-23,6-8-1,6,8,1,4500.00,259,valid,2812
3D Lotto,9PM,2024-03-24,7-4-0,7,4,0,4500.00,248,valid,2813
3D Lotto,9PM,2024-03-25,8-7-2,8,7,2,4500.00,250,valid,2814
3D Lotto,9PM,2024-03-26,5-0-5,5,0,5,4500.00,401,valid,2815
3D Lotto,9PM,2024-03-27,3-0-2,3,0,2,4500.00,551,valid,2816
3D Lotto,9PM,2024-04-01,1-3-8,1,3,8,4500.00,614,valid,2817
3D Lotto,9PM,2024-04-02,4-2-5,4,2,5,4500.00,641,valid,2818
3D Lotto,9PM,2024-04-03,4-5-4,4,5,4,4500.00,602,valid,2819
3D Lotto,9PM,2024-04-04,1-8-0,1,8,0,4500.00,496,valid,2820
3D Lotto,9PM,2024-04-05,6-0-4,6,0,4,4500.00,423,valid,2821
3D Lotto,9PM,2024-04-06,3-4-1,3,4,1,4500.00,465,valid,2822
3D Lotto,9PM,2024-04-07,1-4-3,1,4,3,4500.00,568,valid,2823
3D Lotto,9PM,2024-04-08,7-5-6,7,5,6,4500.00,426,valid,2824
3D Lotto,9PM,2024-04-09,2-9-6,2,9,6,4500.00,293,valid,2825
3D Lotto,9PM,2024-04-10,5-9-2,5,9,2,4500.00,282,valid,2826
3D Lotto,9PM,2024-04-11,4-2-1,4,2,1,4500.00,619,valid,2827
3D Lotto,9PM,2024-04-12,7-5-6,7,5,6,4500.00,137,valid,2828
3D Lotto,9PM,2024-04-13,4-8-1,4,8,1,4500.00,613,valid,2829
3D Lotto,9PM,2024-04-14,9-4-0,9,4,0,4500.00,345,valid,2830
3D Lotto,9PM,2024-04-15,4-0-3,4,0,3,4500.00,559,valid,2831
3D Lotto,9PM,2024-04-16,4-4-0,4,4,0,4500.00,592,valid,2832
3D Lotto,9PM,2024-04-17,2-5-0,2,5,0,4500.00,610,valid,2833
3D Lotto,9PM,2024-04-18,5-2-8,5,2,8,4500.00,636,valid,2834
3D Lotto,9PM,2024-04-19,1-1-5,1,1,5,4500.00,597,valid,2835
3D Lotto,9PM,2024-04-20,0-2-7,0,2,7,4500.00,417,valid,2836
3D Lotto,9PM,2024-04-21,6-1-6,6,1,6,4500.00,420,valid,2837
3D Lotto,9PM,2024-04-22,2-2-4,2,2,4,4500.00,635,valid,2838
3D Lotto,9PM,2024-04-23,8-4-4,8,4,4,4500.00,444,valid,2839
3D Lotto,9PM,2024-04-24,7-4-9,7,4,9,4500.00,584,valid,2840
3D Lotto,9PM,2024-04-25,8-5-1,8,5,1,4500.00,356,valid,2841
3D Lotto,9PM,2024-04-26,9-3-9,9,3,9,4500.00,161,valid,2842
3D Lotto,9PM,2024-04-27,6-0-7,6,0,7,4500.00,181,valid,2843
3D Lotto,9PM,2024-04-28,8-5-7,8,5,7,4500.00,362,valid,2844
3D Lotto,9PM,2024-04-29,7-1-1,7,1,1,4500.00,604,valid,2845
3D Lotto,9PM,2024-04-30,3-2-3,3,2,3,4500.00,612,valid,2846
3D Lotto,9PM,2024-05-01,0-7-5,0,7,5,4500.00,166,valid,2847
3D Lotto,9PM,2024-05-02,4-8-2,4,8,2,4500.00,273,valid,2848
3D Lotto,9PM,2024-05-03,6-0-6,6,0,6,4500.00,391,valid,2849
3D Lotto,9PM,2024-05-04,6-1-7,6,1,7,4500.00,604,valid,2850
3D Lotto,9PM,2024-05-05,0-5-4,0,5,4,4500.00,248,valid,2851
3D Lotto,9PM,2024-05-06,0-1-3,0,1,3,4500.00,514,valid,2852
3D Lotto,9PM,2024-05-07,4-2-5,4,2,5,4500.00,617,valid,2853
3D Lotto,9PM,2024-05-08,8-7-3,8,7,3,4500.00,209,valid,2854
3D Lotto,9PM,2024-05-09,7-4-1,7,4,1,4500.00,613,valid,2855
3D Lotto,9PM,2024-05-10,0-8-3,0,8,3,4500.00,188,valid,2856
3D Lotto,9PM,2024-05-11,7-2-9,7,2,9,4500.00,626,valid,2857
3D Lotto,9PM,2024-05-12,0-3-7,0,3,7,4500.00,282,valid,2858
3D Lotto,9PM,2024-05-13,6-4-5,6,4,5,4500.00,392,valid,2859
3D Lotto,9PM,2024-05-14,1-9-2,1,9,2,4500.00,428,valid,2860
3D Lotto,9PM,2024-05-15,1-1-1,1,1,1,4500.00,674,valid,2861
3D Lotto,9PM,2024-05-16,9-6-3,9,6,3,4500.00,407,valid,2862
3D Lotto,9PM,2024-05-17,5-6-4,5,6,4,4500.00,251,valid,2863
3D Lotto,9PM,2024-05-18,0-5-2,0,5,2,4500.00,290,valid,2864
3D Lotto,9PM,2024-05-19,3-2-7,3,2,7,4500.00,638,valid,2865
3D Lotto,9PM,2024-05-20,4-2-1,4,2,1,4500.00,618,valid,2866
3D Lotto,9PM,2024-05-21,8-1-9,8,1,9,4500.00,631,valid,2867
3D Lotto,9PM,2024-05-22,7-1-1,7,1,1,4500.00,413,valid,2868
3D Lotto,9PM,2024-05-23,2-0-9,2,0,9,4500.00,623,valid,2869
3D Lotto,9PM,2024-05-24,1-6-4,1,6,4,4500.00,551,valid,2870
3D Lotto,9PM,2024-05-25,1-2-7,1,2,7,4500.00,628,valid,2871
3D Lotto,9PM,2024-05-26,7-3-5,7,3,5,4500.00,598,valid,2872
3D Lotto,9PM,2024-05-27,3-5-5,3,5,5,4500.00,301,valid,2873
3D Lotto,9PM,2024-05-28,5-9-5,5,9,5,4500.00,315,valid,2874
3D Lotto,9PM,2024-05-29,7-9-3,7,9,3,4500.00,189,valid,2875
3D Lotto,9PM,2024-05-30,4-2-4,4,2,4,4500.00,468,valid,2876
3D Lotto,9PM,2024-05-31,6-6-6,6,6,6,4500.00,587,valid,2877
3D Lotto,9PM,2024-06-01,2-8-4,2,8,4,4500.00,335,valid,2878
3D Lotto,9PM,2024-06-02,8-5-7,8,5,7,4500.00,294,valid,2879
3D Lotto,9PM,2024-06-03,7-2-5,7,2,5,4500.00,625,valid,2880
3D Lotto,9PM,2024-06-04,8-8-3,8,8,3,4500.00,162,valid,2881
3D Lotto,9PM,2024-06-05,7-8-7,7,8,7,4500.00,304,valid,2882
3D Lotto,9PM,2024-06-06,0-7-6,0,7,6,4500.00,194,valid,2883
3D Lotto,9PM,2024-06-07,2-7-4,2,7,4,4500.00,300,valid,2884
3D Lotto,9PM,2024-06-08,7-0-9,7,0,9,4500.00,412,valid,2885
3D Lotto,9PM,2024-06-09,1-0-8,1,0,8,4500.00,616,valid,2886
3D Lotto,9PM,2024-06-10,9-3-1,9,3,1,4500.00,273,valid,2887
3D Lotto,9PM,2024-06-11,4-5-0,4,5,0,4500.00,288,valid,2888
3D Lotto,9PM,2024-06-12,3-3-2,3,3,2,4500.00,261,valid,2889
3D Lotto,9PM,2024-06-13,0-7-1,0,7,1,4500.00,317,valid,2890
3D Lotto,9PM,2024-06-14,4-4-9,4,4,9,4500.00,291,valid,2891
3D Lotto,9PM,2024-06-15,9-3-2,9,3,2,4500.00,299,valid,2892
3D Lotto,9PM,2024-06-16,2-0-5,2,0,5,4500.00,373,valid,2893
3D Lotto,9PM,2024-06-17,0-4-7,0,4,7,4500.00,332,valid,2894
3D Lotto,9PM,2024-06-18,1-9-8,1,9,8,4500.00,545,valid,2895
3D Lotto,9PM,2024-06-19,8-7-6,8,7,6,4500.00,204,valid,2896
3D Lotto,9PM,2024-06-20,7-4-1,7,4,1,4500.00,620,valid,2897
3D Lotto,9PM,2024-06-21,2-0-7,2,0,7,4500.00,562,valid,2898
3D Lotto,9PM,2024-06-22,4-6-7,4,6,7,4500.00,260,valid,2899
3D Lotto,9PM,2024-06-23,2-0-7,2,0,7,4500.00,238,valid,2900
3D Lotto,9PM,2024-06-24,3-7-9,3,7,9,4500.00,324,valid,2901
3D Lotto,9PM,2024-06-25,5-9-8,5,9,8,4500.00,148,valid,2902
3D Lotto,9PM,2024-06-26,6-6-2,6,6,2,4500.00,551,valid,2903
3D Lotto,9PM,2024-06-27,7-4-0,7,4,0,4500.00,376,valid,2904
3D Lotto,9PM,2024-06-28,2-2-0,2,2,0,4500.00,610,valid,2905
3D Lotto,9PM,2024-06-29,2-8-7,2,8,7,4500.00,344,valid,2906
3D Lotto,9PM,2024-06-30,3-6-1,3,6,1,4500.00,385,valid,2907
3D Lotto,9PM,2024-07-01,9-6-4,9,6,4,4500.00,208,valid,2908
3D Lotto,9PM,2024-07-02,1-7-7,1,7,7,4500.00,609,valid,2909
3D Lotto,9PM,2024-07-03,3-5-3,3,5,3,4500.00,441,valid,2910
3D Lotto,9PM,2024-07-04,8-0-8,8,0,8,4500.00,522,valid,2911
3D Lotto,9PM,2024-07-05,2-5-9,2,5,9,4500.00,428,valid,2912
3D Lotto,9PM,2024-07-06,7-3-4,7,3,4,4500.00,595,valid,2913
3D Lotto,9PM,2024-07-07,3-2-6,3,2,6,4500.00,459,valid,2914
3D Lotto,9PM,2024-07-08,8-0-3,8,0,3,4500.00,495,valid,2915
3D Lotto,9PM,2024-07-09,3-8-9,3,8,9,4500.00,356,valid,2916
3D Lotto,9PM,2024-07-10,6-1-6,6,1,6,4500.00,395,valid,2917
3D Lotto,9PM,2024-07-11,9-4-2,9,4,2,4500.00,293,valid,2918
3D Lotto,9PM,2024-07-12,7-5-8,7,5,8,4500.00,514,valid,2919
3D Lotto,9PM,2024-07-13,4-0-9,4,0,9,4500.00,432,valid,2920
3D Lotto,9PM,2024-07-14,7-3-6,7,3,6,4500.00,570,valid,2921
3D Lotto,9PM,2024-07-15,4-7-4,4,7,4,4500.00,266,valid,2922
3D Lotto,9PM,2024-07-16,8-5-0,8,5,0,4500.00,483,valid,2923
3D Lotto,9PM,2024-07-17,4-0-4,4,0,4,4500.00,353,valid,2924
3D Lotto,9PM,2024-07-18,6-5-0,6,5,0,4500.00,542,valid,2925
3D Lotto,9PM,2024-07-19,0-7-9,0,7,9,4500.00,237,valid,2926
3D Lotto,9PM,2024-07-20,9-4-6,9,4,6,4500.00,215,valid,2927
3D Lotto,9PM,2024-07-21,3-2-7,3,2,7,4500.00,590,valid,2928
3D Lotto,9PM,2024-07-22,3-1-5,3,1,5,4500.00,592,valid,2929
3D Lotto,9PM,2024-07-23,9-0-6,9,0,6,4500.00,330,valid,2930
3D Lotto,9PM,2024-07-24,6-7-9,6,7,9,4500.00,308,valid,2931
3D Lotto,9PM,2024-07-25,0-0-4,0,0,4,4500.00,122,valid,2932
3D Lotto,9PM,2024-07-26,8-9-6,8,9,6,4500.00,237,valid,2933
3D Lotto,9PM,2024-07-27,8-5-9,8,5,9,4500.00,311,valid,2934
3D Lotto,9PM,2024-07-28,1-2-0,1,2,0,4500.00,592,valid,2935
3D Lotto,9PM,2024-07-29,5-7-1,5,7,1,4500.00,292,valid,2936
3D Lotto,9PM,2024-07-30,4-3-1,4,3,1,4500.00,318,valid,2937
3D Lotto,9PM,2024-07-31,4-2-2,4,2,2,4500.00,233,valid,2938
3D Lotto,9PM,2024-08-01,3-9-0,3,9,0,4500.00,284,valid,2939
3D Lotto,9PM,2024-08-02,9-7-2,9,7,2,4500.00,357,valid,2940
3D Lotto,9PM,2024-08-03,9-2-4,9,2,4,4500.00,353,valid,2941
3D Lotto,9PM,2024-08-04,8-8-1,8,8,1,4500.00,334,valid,2942
3D Lotto,9PM,2024-08-05,8-2-7,8,2,7,4500.00,592,valid,2943
3D Lotto,9PM,2024-08-06,7-3-5,7,3,5,4500.00,519,valid,2944
3D Lotto,9PM,2024-08-07,4-3-5,4,3,5,4500.00,527,valid,2945
3D Lotto,9PM,2024-08-08,5-5-6,5,5,6,4500.00,210,valid,2946
3D Lotto,9PM,2024-08-09,0-9-5,0,9,5,4500.00,174,valid,2947
3D Lotto,9PM,2024-08-10,9-3-0,9,3,0,4500.00,585,valid,2948
3D Lotto,9PM,2024-08-11,8-3-1,8,3,1,4500.00,592,valid,2949
3D Lotto,9PM,2024-08-12,8-4-8,8,4,8,4500.00,418,valid,2950
3D Lotto,9PM,2024-08-13,2-3-5,2,3,5,4500.00,592,valid,2951
3D Lotto,9PM,2024-08-14,9-2-2,9,2,2,4500.00,397,valid,2952
3D Lotto,9PM,2024-08-15,3-8-8,3,8,8,4500.00,396,valid,2953
3D Lotto,9PM,2024-08-16,3-3-1,3,3,1,4500.00,353,valid,2954
3D Lotto,9PM,2024-08-17,2-0-1,2,0,1,4500.00,592,valid,2955
3D Lotto,9PM,2024-08-18,0-2-8,0,2,8,4500.00,321,valid,2956
3D Lotto,9PM,2024-08-19,4-0-8,4,0,8,4500.00,450,valid,2957
3D Lotto,9PM,2024-08-20,8-9-9,8,9,9,4500.00,141,valid,2958
3D Lotto,9PM,2024-08-21,7-3-9,7,3,9,4500.00,386,valid,2959
3D Lotto,9PM,2024-08-22,7-0-2,7,0,2,4500.00,253,valid,2960
3D Lotto,9PM,2024-08-23,2-3-1,2,3,1,4500.00,592,valid,2961
3D Lotto,9PM,2024-08-24,5-7-9,5,7,9,4500.00,575,valid,2962
3D Lotto,9PM,2024-08-25,9-7-4,9,7,4,4500.00,287,valid,2963
3D Lotto,9PM,2024-08-26,7-4-2,7,4,2,4500.00,592,valid,2964
3D Lotto,9PM,2024-08-27,3-7-5,3,7,5,4500.00,592,valid,2965
3D Lotto,9PM,2024-08-28,9-0-1,9,0,1,4500.00,592,valid,2966
3D Lotto,9PM,2024-08-29,7-5-7,7,5,7,4500.00,351,valid,2967
3D Lotto,9PM,2024-08-30,1-2-6,1,2,6,4500.00,592,valid,2968
3D Lotto,9PM,2024-08-31,9-6-8,9,6,8,4500.00,280,valid,2969
3D Lotto,9PM,2024-09-01,7-5-8,7,5,8,4500.00,319,valid,2970
3D Lotto,9PM,2024-09-02,6-7-1,6,7,1,4500.00,284,valid,2971
3D Lotto,9PM,2024-09-03,1-9-1,1,9,1,4500.00,592,valid,2972
3D Lotto,9PM,2024-09-04,0-1-7,0,1,7,4500.00,326,valid,2973
3D Lotto,9PM,2024-09-05,7-5-1,7,5,1,4500.00,474,valid,2974
3D Lotto,9PM,2024-09-06,9-1-1,9,1,1,4500.00,592,valid,2975
3D Lotto,9PM,2024-09-07,6-5-5,6,5,5,4500.00,305,valid,2976
3D Lotto,9PM,2024-09-08,5-4-5,5,4,5,4500.00,338,valid,2977
3D Lotto,9PM,2024-09-09,9-3-3,9,3,3,4500.00,508,valid,2978
3D Lotto,9PM,2024-09-10,9-4-9,9,4,9,4500.00,592,valid,2979
3D Lotto,9PM,2024-09-11,6-2-9,6,2,9,4500.00,592,valid,2980
3D Lotto,9PM,2024-09-12,0-1-4,0,1,4,4500.00,183,valid,2981
3D Lotto,9PM,2024-09-13,2-6-3,2,6,3,4500.00,396,valid,2982
3D Lotto,9PM,2024-09-14,7-3-2,7,3,2,4500.00,311,valid,2983
3D Lotto,9PM,2024-09-15,1-1-8,1,1,8,4500.00,592,valid,2984
3D Lotto,9PM,2024-09-16,4-4-2,4,4,2,4500.00,281,valid,2985
3D Lotto,9PM,2024-09-17,4-0-0,4,0,0,4500.00,427,valid,2986
3D Lotto,9PM,2024-09-18,0-6-4,0,6,4,4500.00,199,valid,2987
3D Lotto,9PM,2024-09-19,2-1-3,2,1,3,4500.00,592,valid,2988
3D Lotto,9PM,2024-09-20,2-7-5,2,7,5,4500.00,423,valid,2989
3D Lotto,9PM,2024-09-21,9-2-4,9,2,4,4500.00,592,valid,2990
3D Lotto,9PM,2024-09-22,7-5-3,7,5,3,4500.00,355,valid,2991
3D Lotto,9PM,2024-09-23,6-1-5,6,1,5,4500.00,494,valid,2992
3D Lotto,9PM,2024-09-24,3-4-7,3,4,7,4500.00,277,valid,2993
3D Lotto,9PM,2024-09-25,2-2-3,2,2,3,4500.00,511,valid,2994
3D Lotto,9PM,2024-09-26,2-2-9,2,2,9,4500.00,592,valid,2995
3D Lotto,9PM,2024-09-27,7-0-3,7,0,3,4500.00,331,valid,2996
3D Lotto,9PM,2024-09-28,2-4-0,2,4,0,4500.00,280,valid,2997
3D Lotto,9PM,2024-09-29,7-5-1,7,5,1,4500.00,219,valid,2998
3D Lotto,9PM,2024-09-30,3-0-1,3,0,1,4500.00,592,valid,2999
3D Lotto,9PM,2024-10-01,8-2-0,8,2,0,4500.00,388,valid,3000
3D Lotto,9PM,2024-10-02,2-6-6,2,6,6,4500.00,340,valid,3001
3D Lotto,9PM,2024-10-03,3-0-8,3,0,8,4500.00,465,valid,3002
3D Lotto,9PM,2024-10-04,8-3-2,8,3,2,4500.00,322,valid,3003
3D Lotto,9PM,2024-10-05,2-8-3,2,8,3,4500.00,374,valid,3004
3D Lotto,9PM,2024-10-06,2-5-1,2,5,1,4500.00,492,valid,3005
3D Lotto,9PM,2024-10-07,2-6-7,2,6,7,4500.00,244,valid,3006
3D Lotto,9PM,2024-10-08,6-6-6,6,6,6,4500.00,573,valid,3007
3D Lotto,9PM,2024-10-09,7-3-4,7,3,4,4500.00,351,valid,3008
3D Lotto,9PM,2024-10-10,3-1-0,3,1,0,4500.00,592,valid,3009
3D Lotto,9PM,2024-10-11,5-3-3,5,3,3,4500.00,234,valid,3010
3D Lotto,9PM,2024-10-12,6-7-1,6,7,1,4500.00,248,valid,3011
3D Lotto,9PM,2024-10-13,4-4-3,4,4,3,4500.00,283,valid,3012
3D Lotto,9PM,2024-10-14,1-5-9,1,5,9,4500.00,592,valid,3013
3D Lotto,9PM,2024-10-15,7-0-1,7,0,1,4500.00,545,valid,3014
3D Lotto,9PM,2024-10-16,7-3-9,7,3,9,4500.00,489,valid,3015
3D Lotto,9PM,2024-10-17,0-3-2,0,3,2,4500.00,475,valid,3016
3D Lotto,9PM,2024-10-18,8-1-2,8,1,2,4500.00,382,valid,3017
3D Lotto,9PM,2024-10-19,0-9-3,0,9,3,4500.00,253,valid,3018
3D Lotto,9PM,2024-10-20,3-4-9,3,4,9,4500.00,450,valid,3019
3D Lotto,9PM,2024-10-21,6-5-3,6,5,3,4500.00,286,valid,3020
3D Lotto,9PM,2024-10-22,2-2-9,2,2,9,4500.00,474,valid,3021
3D Lotto,9PM,2024-10-23,8-0-4,8,0,4,4500.00,223,valid,3022
3D Lotto,9PM,2024-10-24,8-7-4,8,7,4,4500.00,127,valid,3023
3D Lotto,9PM,2024-10-25,6-3-2,6,3,2,4500.00,403,valid,3024
3D Lotto,9PM,2024-10-26,4-4-7,4,4,7,4500.00,351,valid,3025
3D Lotto,9PM,2024-10-27,4-7-0,4,7,0,4500.00,285,valid,3026
3D Lotto,9PM,2024-10-28,4-9-5,4,9,5,4500.00,124,valid,3027
3D Lotto,9PM,2024-10-29,6-6-8,6,6,8,4500.00,171,valid,3028
3D Lotto,9PM,2024-10-30,3-0-8,3,0,8,4500.00,538,valid,3029
3D Lotto,9PM,2024-10-31,9-7-4,9,7,4,4500.00,321,valid,3030
3D Lotto,9PM,2024-11-01,7-8-6,7,8,6,4500.00,239,valid,3031
3D Lotto,9PM,2024-11-02,2-1-9,2,1,9,4500.00,523,valid,3032
3D Lotto,9PM,2024-11-03,9-3-0,9,3,0,4500.00,413,valid,3033
3D Lotto,9PM,2024-11-04,1-6-5,1,6,5,4500.00,478,valid,3034
3D Lotto,9PM,2024-11-05,7-2-1,7,2,1,4500.00,592,valid,3035
3D Lotto,9PM,2024-11-06,2-6-6,2,6,6,4500.00,289,valid,3036
3D Lotto,9PM,2024-11-07,9-0-4,9,0,4,4500.00,303,valid,3037
3D Lotto,9PM,2024-11-08,8-9-4,8,9,4,4500.00,218,valid,3038
3D Lotto,9PM,2024-11-09,6-5-2,6,5,2,4500.00,467,valid,3039
3D Lotto,9PM,2024-11-10,2-6-6,2,6,6,4500.00,242,valid,3040
3D Lotto,9PM,2024-11-11,6-4-3,6,4,3,4500.00,366,valid,3041
3D Lotto,9PM,2024-11-12,0-3-2,0,3,2,4500.00,191,valid,3042
3D Lotto,9PM,2024-11-13,3-7-1,3,7,1,4500.00,417,valid,3043
3D Lotto,9PM,2024-11-14,9-3-6,9,3,6,4500.00,303,valid,3044
3D Lotto,9PM,2024-11-15,3-3-9,3,3,9,4500.00,504,valid,3045
3D Lotto,9PM,2024-11-16,2-9-5,2,9,5,4500.00,577,valid,3046
3D Lotto,9PM,2024-11-17,9-4-3,9,4,3,4500.00,297,valid,3047
3D Lotto,9PM,2024-11-18,6-2-8,6,2,8,4500.00,592,valid,3048
3D Lotto,9PM,2024-11-19,5-0-5,5,0,5,4500.00,405,valid,3049
3D Lotto,9PM,2024-11-20,0-3-4,0,3,4,4500.00,311,valid,3050
3D Lotto,9PM,2024-11-21,8-7-1,8,7,1,4500.00,268,valid,3051
3D Lotto,9PM,2024-11-22,1-2-6,1,2,6,4500.00,592,valid,3052
3D Lotto,9PM,2024-11-23,0-8-2,0,8,2,4500.00,220,valid,3053
3D Lotto,9PM,2024-11-24,6-1-9,6,1,9,4500.00,592,valid,3054
3D Lotto,9PM,2024-11-25,3-4-4,3,4,4,4500.00,211,valid,3055
3D Lotto,9PM,2024-11-26,9-1-7,9,1,7,4500.00,592,valid,3056
3D Lotto,9PM,2024-11-27,4-7-8,4,7,8,4500.00,527,valid,3057
3D Lotto,9PM,2024-11-28,5-8-3,5,8,3,4500.00,592,valid,3058
3D Lotto,9PM,2024-11-29,6-7-4,6,7,4,4500.00,327,valid,3059
3D Lotto,9PM,2024-11-30,4-8-6,4,8,6,4500.00,545,valid,3060
3D Lotto,9PM,2024-12-01,6-1-6,6,1,6,4500.00,473,valid,3061
3D Lotto,9PM,2024-12-02,1-7-2,1,7,2,4500.00,467,valid,3062
3D Lotto,9PM,2024-12-03,0-4-7,0,4,7,4500.00,257,valid,3063
3D Lotto,9PM,2024-12-04,9-6-5,9,6,5,4500.00,250,valid,3064
3D Lotto,9PM,2024-12-05,5-7-4,5,7,4,4500.00,469,valid,3065
3D Lotto,9PM,2024-12-06,0-5-0,0,5,0,4500.00,429,valid,3066
3D Lotto,9PM,2024-12-07,1-9-7,1,9,7,4500.00,432,valid,3067
3D Lotto,9PM,2024-12-08,3-6-4,3,6,4,4500.00,309,valid,3068
3D Lotto,9PM,2024-12-09,3-9-1,3,9,1,4500.00,314,valid,3069
3D Lotto,9PM,2024-12-10,9-9-8,9,9,8,4500.00,158,valid,3070
3D Lotto,9PM,2024-12-11,4-2-5,4,2,5,4500.00,592,valid,3071
3D Lotto,9PM,2024-12-12,0-5-3,0,5,3,4500.00,326,valid,3072
3D Lotto,9PM,2024-12-13,2-3-0,2,3,0,4500.00,557,valid,3073
3D Lotto,9PM,2024-12-14,9-8-0,9,8,0,4500.00,318,valid,3074
3D Lotto,9PM,2024-12-15,4-8-8,4,8,8,4500.00,205,valid,3075
3D Lotto,9PM,2024-12-16,8-3-9,8,3,9,4500.00,284,valid,3076
3D Lotto,9PM,2024-12-17,7-3-7,7,3,7,4500.00,292,valid,3077
3D Lotto,9PM,2024-12-18,2-1-4,2,1,4,4500.00,592,valid,3078
3D Lotto,9PM,2024-12-19,3-2-3,3,2,3,4500.00,540,valid,3079
3D Lotto,9PM,2024-12-20,1-6-5,1,6,5,4500.00,517,valid,3080
3D Lotto,9PM,2024-12-21,6-4-6,6,4,6,4500.00,563,valid,3081
3D Lotto,9PM,2024-12-22,7-2-0,7,2,0,4500.00,592,valid,3082
3D Lotto,9PM,2024-12-23,3-3-4,3,3,4,4500.00,289,valid,3083
3D Lotto,9PM,2024-12-24,8-5-0,8,5,0,4500.00,327,valid,3084
3D Lotto,9PM,2024-12-25,6-5-6,6,5,6,4500.00,185,valid,3085
3D Lotto,9PM,2024-12-26,2-4-8,2,4,8,4500.00,592,valid,3086
3D Lotto,9PM,2024-12-27,4-6-3,4,6,3,4500.00,265,valid,3087
3D Lotto,9PM,2024-12-28,0-2-4,0,2,4,4500.00,592,valid,3088
3D Lotto,9PM,2024-12-29,7-4-8,7,4,8,4500.00,278,valid,3089
3D Lotto,9PM,2024-12-30,0-4-0,0,4,0,4500.00,154,valid,3090
3D Lotto,9PM,2024-12-31,5-8-7,5,8,7,4500.00,227,valid,3091
3D Lotto,9PM,2025-01-01,6-4-5,6,4,5,4500.00,149,valid,3092
3D Lotto,9PM,2025-01-02,2-9-2,2,9,2,4500.00,350,valid,3093
3D Lotto,9PM,2025-01-03,5-9-3,5,9,3,4500.00,592,valid,3094
3D Lotto,9PM,2025-01-04,5-5-1,5,5,1,4500.00,592,valid,3095
3D Lotto,9PM,2025-01-05,2-0-8,2,0,8,4500.00,592,valid,3096
3D Lotto,9PM,2025-01-06,6-8-1,6,8,1,4500.00,314,valid,3097
3D Lotto,9PM,2025-01-07,5-1-9,5,1,9,4500.00,592,valid,3098
3D Lotto,9PM,2025-01-08,0-1-4,0,1,4,4500.00,487,valid,3099
3D Lotto,9PM,2025-01-09,9-7-1,9,7,1,4500.00,526,valid,3100
3D Lotto,9PM,2025-01-10,2-0-6,2,0,6,4500.00,554,valid,3101
3D Lotto,9PM,2025-01-11,4-7-9,4,7,9,4500.00,488,valid,3102
3D Lotto,9PM,2025-01-12,4-5-2,4,5,2,4500.00,592,valid,3103
3D Lotto,9PM,2025-01-13,4-1-8,4,1,8,4500.00,547,valid,3104
3D Lotto,9PM,2025-01-14,6-3-6,6,3,6,4500.00,394,valid,3105
3D Lotto,9PM,2025-01-15,9-5-9,9,5,9,4500.00,210,valid,3106
3D Lotto,9PM,2025-01-16,7-0-1,7,0,1,4500.00,350,valid,3107
3D Lotto,9PM,2025-01-17,6-2-7,6,2,7,4500.00,357,valid,3108
3D Lotto,9PM,2025-01-18,7-9-3,7,9,3,4500.00,232,valid,3109
3D Lotto,9PM,2025-01-19,0-5-9,0,5,9,4500.00,239,valid,3110
3D Lotto,9PM,2025-01-20,2-2-1,2,2,1,4500.00,592,valid,3111
3D Lotto,9PM,2025-01-21,7-1-4,7,1,4,4500.00,593,valid,3112
3D Lotto,9PM,2025-01-22,6-5-4,6,5,4,4500.00,323,valid,3113
3D Lotto,9PM,2025-01-23,3-0-7,3,0,7,4500.00,405,valid,3114
3D Lotto,9PM,2025-01-24,8-4-2,8,4,2,4500.00,428,valid,3115
3D Lotto,9PM,2025-01-25,3-2-0,3,2,0,4500.00,592,valid,3116
3D Lotto,9PM,2025-01-26,5-4-6,5,4,6,4500.00,153,valid,3117
3D Lotto,9PM,2025-01-27,9-8-6,9,8,6,4500.00,160,valid,3118
3D Lotto,9PM,2025-01-28,4-2-6,4,2,6,4500.00,594,valid,3119
3D Lotto,9PM,2025-01-29,9-8-5,9,8,5,4500.00,158,valid,3120
3D Lotto,9PM,2025-01-30,8-4-5,8,4,5,4500.00,471,valid,3121
3D Lotto,9PM,2025-01-31,4-1-2,4,1,2,4500.00,592,valid,3122
3D Lotto,9PM,2025-02-01,2-2-3,2,2,3,4500.00,592,valid,3123
3D Lotto,9PM,2025-02-02,8-9-8,8,9,8,4500.00,296,valid,3124
3D Lotto,9PM,2025-02-03,1-7-5,1,7,5,4500.00,584,valid,3125
3D Lotto,9PM,2025-02-04,8-4-1,8,4,1,4500.00,455,valid,3126
3D Lotto,9PM,2025-02-05,7-7-9,7,7,9,4500.00,489,valid,3127
3D Lotto,9PM,2025-02-06,3-3-3,3,3,3,4500.00,575,valid,3128
3D Lotto,9PM,2025-02-07,7-7-0,7,7,0,4500.00,282,valid,3129
3D Lotto,9PM,2025-02-08,6-2-5,6,2,5,4500.00,592,valid,3130
3D Lotto,9PM,2025-02-09,6-1-6,6,1,6,4500.00,447,valid,3131
3D Lotto,9PM,2025-02-10,0-2-7,0,2,7,4500.00,375,valid,3132
3D Lotto,9PM,2025-02-11,9-4-5,9,4,5,4500.00,374,valid,3133
3D Lotto,9PM,2025-02-12,2-5-8,2,5,8,4500.00,450,valid,3134
3D Lotto,9PM,2025-02-13,8-1-3,8,1,3,4500.00,593,valid,3135
3D Lotto,9PM,2025-02-14,7-5-8,7,5,8,4500.00,380,valid,3136
3D Lotto,9PM,2025-02-15,1-9-3,1,9,3,4500.00,473,valid,3137
3D Lotto,9PM,2025-02-16,8-0-1,8,0,1,4500.00,592,valid,3138
3D Lotto,9PM,2025-02-17,5-5-5,5,5,5,4500.00,574,valid,3139
3D Lotto,9PM,2025-02-18,2-5-8,2,5,8,4500.00,588,valid,3140
3D Lotto,9PM,2025-02-19,4-2-5,4,2,5,4500.00,592,valid,3141
3D Lotto,9PM,2025-02-20,7-5-2,7,5,2,4500.00,592,valid,3142
3D Lotto,9PM,2025-02-21,2-4-7,2,4,7,4500.00,418,valid,3143
3D Lotto,9PM,2025-02-22,9-9-8,9,9,8,4500.00,331,valid,3144
3D Lotto,9PM,2025-02-23,8-9-9,8,9,9,4500.00,215,valid,3145
3D Lotto,9PM,2025-02-24,1-2-6,1,2,6,4500.00,594,valid,3146
3D Lotto,9PM,2025-02-25,5-7-5,5,7,5,4500.00,307,valid,3147
3D Lotto,9PM,2025-02-26,8-8-5,8,8,5,4500.00,338,valid,3148
3D Lotto,9PM,2025-02-27,8-2-8,8,2,8,4500.00,594,valid,3149
3D Lotto,9PM,2025-02-28,6-1-7,6,1,7,4500.00,481,valid,3150
3D Lotto,9PM,2025-03-01,2-7-5,2,7,5,4500.00,428,valid,3151
3D Lotto,9PM,2025-03-02,6-9-2,6,9,2,4500.00,111,valid,3152
3D Lotto,9PM,2025-03-03,7-4-8,7,4,8,4500.00,392,valid,3153
3D Lotto,9PM,2025-03-04,9-8-8,9,8,8,4500.00,504,valid,3154
3D Lotto,9PM,2025-03-05,8-6-9,8,6,9,4500.00,316,valid,3155
3D Lotto,9PM,2025-03-06,9-1-6,9,1,6,4500.00,495,valid,3156
3D Lotto,9PM,2025-03-07,9-7-6,9,7,6,4500.00,473,valid,3157
3D Lotto,9PM,2025-03-08,4-3-4,4,3,4,4500.00,247,valid,3158
3D Lotto,9PM,2025-03-09,6-9-0,6,9,0,4500.00,267,valid,3159
3D Lotto,9PM,2025-03-10,5-7-0,5,7,0,4500.00,183,valid,3160
3D Lotto,9PM,2025-03-11,9-3-4,9,3,4,4500.00,303,valid,3161
3D Lotto,9PM,2025-03-12,8-2-1,8,2,1,4500.00,358,valid,3162
3D Lotto,9PM,2025-03-13,7-7-8,7,7,8,4500.00,283,valid,3163
3D Lotto,9PM,2025-03-14,1-6-9,1,6,9,4500.00,565,valid,3164
3D Lotto,9PM,2025-03-15,4-4-3,4,4,3,4500.00,169,valid,3165
3D Lotto,9PM,2025-03-16,5-1-6,5,1,6,4500.00,592,valid,3166
3D Lotto,9PM,2025-03-17,4-7-8,4,7,8,4500.00,371,valid,3167
3D Lotto,9PM,2025-03-18,7-3-9,7,3,9,4500.00,586,valid,3168
3D Lotto,9PM,2025-03-19,2-3-7,2,3,7,4500.00,353,valid,3169
3D Lotto,9PM,2025-03-20,9-4-6,9,4,6,4500.00,594,valid,3170
3D Lotto,9PM,2025-03-21,2-1-1,2,1,1,4500.00,485,valid,3171
3D Lotto,9PM,2025-03-22,4-9-2,4,9,2,4500.00,502,valid,3172
3D Lotto,9PM,2025-03-23,2-1-3,2,1,3,4500.00,601,valid,3173
3D Lotto,9PM,2025-03-24,5-6-1,5,6,1,4500.00,367,valid,3174
3D Lotto,9PM,2025-03-25,6-5-7,6,5,7,4500.00,518,valid,3175
3D Lotto,9PM,2025-03-26,6-5-1,6,5,1,4500.00,341,valid,3176
3D Lotto,9PM,2025-03-27,0-7-3,0,7,3,4500.00,154,valid,3177
3D Lotto,9PM,2025-03-28,2-3-4,2,3,4,4500.00,240,valid,3178
3D Lotto,9PM,2025-03-29,3-6-3,3,6,3,4500.00,543,valid,3179
3D Lotto,9PM,2025-03-30,5-0-1,5,0,1,4500.00,592,valid,3180
3D Lotto,9PM,2025-03-31,3-2-4,3,2,4,4500.00,590,valid,3181
3D Lotto,9PM,2025-04-01,1-1-8,1,1,8,4500.00,517,valid,3182
3D Lotto,9PM,2025-04-02,0-7-3,0,7,3,4500.00,135,valid,3183
3D Lotto,9PM,2025-04-03,2-2-5,2,2,5,4500.00,592,valid,3184
3D Lotto,9PM,2025-04-04,8-2-7,8,2,7,4500.00,287,valid,3185
3D Lotto,9PM,2025-04-05,3-7-8,3,7,8,4500.00,476,valid,3186
3D Lotto,9PM,2025-04-06,2-1-4,2,1,4,4500.00,619,valid,3187
3D Lotto,9PM,2025-04-07,6-8-1,6,8,1,4500.00,194,valid,3188
3D Lotto,9PM,2025-04-08,6-1-8,6,1,8,4500.00,594,valid,3189
3D Lotto,9PM,2025-04-09,9-5-7,9,5,7,4500.00,347,valid,3190
3D Lotto,9PM,2025-04-10,9-9-1,9,9,1,4500.00,199,valid,3191
3D Lotto,9PM,2025-04-11,9-9-1,9,9,1,4500.00,162,valid,3192
3D Lotto,9PM,2025-04-12,3-4-8,3,4,8,4500.00,317,valid,3193
3D Lotto,9PM,2025-04-13,2-0-9,2,0,9,4500.00,592,valid,3194
3D Lotto,9PM,2025-04-14,8-6-9,8,6,9,4500.00,410,valid,3195
3D Lotto,9PM,2025-04-15,0-7-2,0,7,2,4500.00,242,valid,3196
3D Lotto,9PM,2025-04-16,5-1-2,5,1,2,4500.00,593,valid,3197
3D Lotto,9PM,2025-04-20,2-2-3,2,2,3,4500.00,592,valid,3198
3D Lotto,9PM,2025-04-21,5-6-2,5,6,2,4500.00,393,valid,3199
3D Lotto,9PM,2025-04-22,9-7-7,9,7,7,4500.00,178,valid,3200
3D Lotto,9PM,2025-04-23,4-0-4,4,0,4,4500.00,487,valid,3201
3D Lotto,9PM,2025-04-24,3-5-0,3,5,0,4500.00,592,valid,3202
3D Lotto,9PM,2025-04-25,4-7-4,4,7,4,4500.00,289,valid,3203
3D Lotto,9PM,2025-04-26,1-9-8,1,9,8,4500.00,420,valid,3204
3D Lotto,9PM,2025-04-27,4-1-2,4,1,2,4500.00,559,valid,3205
3D Lotto,9PM,2025-04-28,2-1-7,2,1,7,4500.00,592,valid,3206
3D Lotto,9PM,2025-04-29,0-9-5,0,9,5,4500.00,49,valid,3207
3D Lotto,9PM,2025-04-30,4-7-7,4,7,7,4500.00,343,valid,3208
3D Lotto,9PM,2025-05-01,1-8-0,1,8,0,4500.00,345,valid,3209
3D Lotto,9PM,2025-05-02,3-2-1,3,2,1,4500.00,592,valid,3210
3D Lotto,9PM,2025-05-03,6-1-0,6,1,0,4500.00,333,valid,3211
3D Lotto,9PM,2025-05-04,5-4-9,5,4,9,4500.00,592,valid,3212
3D Lotto,9PM,2025-05-05,7-7-7,7,7,7,4500.00,597,valid,3213
3D Lotto,9PM,2025-05-06,9-2-9,9,2,9,4500.00,310,valid,3214
3D Lotto,9PM,2025-05-07,1-5-5,1,5,5,4500.00,593,valid,3215
3D Lotto,9PM,2025-05-08,6-1-9,6,1,9,4500.00,433,valid,3216
3D Lotto,9PM,2025-05-09,7-9-2,7,9,2,4500.00,233,valid,3217
3D Lotto,9PM,2025-05-10,5-0-9,5,0,9,4500.00,529,valid,3218
3D Lotto,9PM,2025-05-11,0-9-3,0,9,3,4500.00,138,valid,3219
3D Lotto,9PM,2025-05-12,3-2-3,3,2,3,4500.00,430,valid,3220
3D Lotto,9PM,2025-05-13,2-4-8,2,4,8,4500.00,457,valid,3221
3D Lotto,9PM,2025-05-14,6-0-7,6,0,7,4500.00,318,valid,3222
3D Lotto,9PM,2025-05-15,3-6-6,3,6,6,4500.00,296,valid,3223
3D Lotto,9PM,2025-05-16,8-2-5,8,2,5,4500.00,593,valid,3224
3D Lotto,9PM,2025-05-17,4-1-4,4,1,4,4500.00,592,valid,3225
3D Lotto,9PM,2025-05-18,8-1-8,8,1,8,4500.00,598,valid,3226
3D Lotto,9PM,2025-05-19,1-9-8,1,9,8,4500.00,410,valid,3227
3D Lotto,9PM,2025-05-20,8-9-9,8,9,9,4500.00,255,valid,3228
3D Lotto,9PM,2025-05-21,6-6-8,6,6,8,4500.00,271,valid,3229
3D Lotto,9PM,2025-05-22,3-5-0,3,5,0,4500.00,459,valid,3230
3D Lotto,9PM,2025-05-23,4-1-0,4,1,0,4500.00,434,valid,3231
3D Lotto,9PM,2025-05-24,5-9-6,5,9,6,4500.00,173,valid,3232
3D Lotto,9PM,2025-05-25,0-7-7,0,7,7,4500.00,254,valid,3233
3D Lotto,9PM,2025-05-26,2-6-1,2,6,1,4500.00,477,valid,3234
3D Lotto,9PM,2025-05-27,2-0-5,2,0,5,4500.00,402,valid,3235
3D Lotto,9PM,2025-05-28,5-0-1,5,0,1,4500.00,600,valid,3236
3D Lotto,9PM,2025-05-29,0-1-5,0,1,5,4500.00,264,valid,3237
3D Lotto,9PM,2025-05-30,7-6-2,7,6,2,4500.00,230,valid,3238
3D Lotto,9PM,2025-05-31,2-3-6,2,3,6,4500.00,479,valid,3239
3D Lotto,9PM,2025-06-01,7-5-7,7,5,7,4500.00,355,valid,3240
3D Lotto,9PM,2025-06-02,7-3-8,7,3,8,4500.00,318,valid,3241
3D Lotto,9PM,2025-06-03,7-1-0,7,1,0,4500.00,352,valid,3242
3D Lotto,9PM,2025-06-04,2-0-9,2,0,9,4500.00,351,valid,3243
3D Lotto,9PM,2025-06-05,1-4-3,1,4,3,4500.00,597,valid,3244
3D Lotto,9PM,2025-06-06,3-5-0,3,5,0,4500.00,364,valid,3245
3D Lotto,9PM,2025-06-07,5-7-9,5,7,9,4500.00,262,valid,3246
3D Lotto,9PM,2025-06-08,0-3-9,0,3,9,4500.00,149,valid,3247
3D Lotto,9PM,2025-06-09,6-4-2,6,4,2,4500.00,436,valid,3248
3D Lotto,9PM,2025-06-10,9-8-5,9,8,5,4500.00,175,valid,3249
3D Lotto,9PM,2025-06-11,3-3-8,3,3,8,4500.00,288,valid,3250
3D Lotto,9PM,2025-06-12,1-4-2,1,4,2,4500.00,592,valid,3251
3D Lotto,9PM,2025-06-13,7-3-2,7,3,2,4500.00,414,valid,3252
3D Lotto,9PM,2025-06-14,7-8-6,7,8,6,4500.00,263,valid,3253
3D Lotto,9PM,2025-06-15,3-1-8,3,1,8,4500.00,547,valid,3254
3D Lotto,9PM,2025-06-16,5-4-9,5,4,9,4500.00,258,valid,3255
3D Lotto,9PM,2025-06-17,9-1-1,9,1,1,4500.00,596,valid,3256
3D Lotto,9PM,2025-06-18,0-0-3,0,0,3,4500.00,158,valid,3257
3D Lotto,9PM,2025-06-19,3-2-2,3,2,2,4500.00,469,valid,3258
3D Lotto,9PM,2025-06-20,5-1-9,5,1,9,4500.00,504,valid,3259
3D Lotto,9PM,2025-06-21,1-3-1,1,3,1,4500.00,519,valid,3260
3D Lotto,9PM,2025-06-22,8-7-1,8,7,1,4500.00,353,valid,3261
3D Lotto,9PM,2025-06-23,2-0-3,2,0,3,4500.00,272,valid,3262
3D Lotto,9PM,2025-06-24,1-4-3,1,4,3,4500.00,349,valid,3263
3D Lotto,9PM,2025-06-25,7-5-5,7,5,5,4500.00,304,valid,3264
3D Lotto,9PM,2025-06-26,6-7-4,6,7,4,4500.00,241,valid,3265
3D Lotto,9PM,2025-06-27,0-4-4,0,4,4,4500.00,201,valid,3266
3D Lotto,9PM,2025-06-28,6-2-5,6,2,5,4500.00,594,valid,3267
3D Lotto,9PM,2025-06-29,9-7-2,9,7,2,4500.00,331,valid,3268
3D Lotto,9PM,2025-06-30,6-4-8,6,4,8,4500.00,261,valid,3269
3D Lotto,9PM,2025-07-01,9-2-3,9,2,3,4500.00,357,valid,3270
3D Lotto,9PM,2025-07-02,7-6-7,7,6,7,4500.00,223,valid,3271
3D Lotto,9PM,2025-07-03,9-9-9,9,9,9,4500.00,584,valid,3272
3D Lotto,9PM,2025-07-04,3-0-7,3,0,7,4500.00,397,valid,3273
3D Lotto,9PM,2025-07-05,3-9-3,3,9,3,4500.00,270,valid,3274
3D Lotto,9PM,2025-07-06,9-6-9,9,6,9,4500.00,159,valid,3275
3D Lotto,9PM,2025-07-07,2-9-1,2,9,1,4500.00,447,valid,3276
3D Lotto,9PM,2025-07-08,6-6-0,6,6,0,4500.00,294,valid,3277
3D Lotto,9PM,2025-07-09,6-6-3,6,6,3,4500.00,180,valid,3278
3D Lotto,9PM,2025-07-10,1-2-6,1,2,6,4500.00,596,valid,3279
3D Lotto,9PM,2025-07-11,8-6-6,8,6,6,4500.00,229,valid,3280
3D Lotto,9PM,2025-07-12,2-7-7,2,7,7,4500.00,594,valid,3281
3D Lotto,9PM,2025-07-13,4-6-1,4,6,1,4500.00,306,valid,3282
3D Lotto,9PM,2025-07-14,6-9-0,6,9,0,4500.00,275,valid,3283
3D Lotto,9PM,2025-07-15,4-2-2,4,2,2,4500.00,592,valid,3284
3D Lotto,9PM,2025-07-16,9-6-3,9,6,3,4500.00,317,valid,3285
3D Lotto,9PM,2025-07-17,8-3-7,8,3,7,4500.00,295,valid,3286
3D Lotto,9PM,2025-07-18,1-0-2,1,0,2,4500.00,594,valid,3287
3D Lotto,9PM,2025-07-19,7-8-5,7,8,5,4500.00,359,valid,3288
3D Lotto,9PM,2025-07-20,8-0-6,8,0,6,4500.00,346,valid,3289
3D Lotto,9PM,2025-07-21,9-3-5,9,3,5,4500.00,229,valid,3290
3D Lotto,9PM,2025-07-22,2-7-2,2,7,2,4500.00,593,valid,3291
3D Lotto,9PM,2025-07-23,3-4-6,3,4,6,4500.00,209,valid,3292
3D Lotto,9PM,2025-07-24,3-7-6,3,7,6,4500.00,416,valid,3293
3D Lotto,9PM,2025-07-25,0-6-0,0,6,0,4500.00,118,valid,3294
3D Lotto,9PM,2025-07-26,2-6-8,2,6,8,4500.00,371,valid,3295
3D Lotto,9PM,2025-07-27,1-1-8,1,1,8,4500.00,585,valid,3296
3D Lotto,9PM,2025-07-28,1-8-0,1,8,0,4500.00,601,valid,3297
3D Lotto,9PM,2025-07-29,5-8-4,5,8,4,4500.00,203,valid,3298
3D Lotto,9PM,2025-07-30,7-1-9,7,1,9,4500.00,595,valid,3299
3D Lotto,9PM,2025-07-31,3-6-9,3,6,9,4500.00,596,valid,3300
3D Lotto,9PM,2025-08-01,2-8-7,2,8,7,4500.00,461,valid,3301
3D Lotto,9PM,2025-08-02,3-2-5,3,2,5,4500.00,593,valid,3302
3D Lotto,9PM,2025-08-03,2-4-9,2,4,9,4500.00,334,valid,3303
3D Lotto,9PM,2025-08-04,3-3-6,3,3,6,4500.00,378,valid,3304
3D Lotto,9PM,2025-08-05,3-4-2,3,4,2,4500.00,309,valid,3305
3D Lotto,9PM,2025-08-06,5-7-8,5,7,8,4500.00,427,valid,3306
3D Lotto,9PM,2025-08-07,0-5-2,0,5,2,4500.00,226,valid,3307
3D Lotto,9PM,2025-08-08,3-0-2,3,0,2,4500.00,592,valid,3308
3D Lotto,9PM,2025-08-09,0-4-6,0,4,6,4500.00,174,valid,3309
3D Lotto,9PM,2025-08-10,8-8-7,8,8,7,4500.00,226,valid,3310
3D Lotto,9PM,2025-08-11,8-8-9,8,8,9,4500.00,301,valid,3311
3D Lotto,9PM,2025-08-12,7-0-2,7,0,2,4500.00,325,valid,3312
3D Lotto,9PM,2025-08-13,1-3-9,1,3,9,4500.00,526,valid,3313
3D Lotto,9PM,2025-08-14,7-4-6,7,4,6,4500.00,345,valid,3314
3D Lotto,9PM,2025-08-15,1-9-1,1,9,1,4500.00,366,valid,3315
3D Lotto,9PM,2025-08-16,0-3-9,0,3,9,4500.00,158,valid,3316
3D Lotto,9PM,2025-08-17,7-1-7,7,1,7,4500.00,593,valid,3317
3D Lotto,9PM,2025-08-18,1-5-3,1,5,3,4500.00,565,valid,3318
3D Lotto,9PM,2025-08-19,4-5-9,4,5,9,4500.00,335,valid,3319
3D Lotto,9PM,2025-08-20,9-0-6,9,0,6,4500.00,526,valid,3320
3D Lotto,9PM,2025-08-21,1-1-4,1,1,4,4500.00,391,valid,3321
3D Lotto,9PM,2025-08-22,4-4-0,4,4,0,4500.00,461,valid,3322
3D Lotto,9PM,2025-08-23,6-0-3,6,0,3,4500.00,359,valid,3323
3D Lotto,9PM,2025-08-24,4-3-5,4,3,5,4500.00,259,valid,3324
3D Lotto,9PM,2025-08-25,4-1-7,4,1,7,4500.00,594,valid,3325
3D Lotto,9PM,2025-08-26,1-0-7,1,0,7,4500.00,600,valid,3326
3D Lotto,9PM,2025-08-27,9-5-9,9,5,9,4500.00,103,valid,3327
3D Lotto,9PM,2025-08-28,1-0-3,1,0,3,4500.00,610,valid,3328
3D Lotto,9PM,2025-08-29,2-4-3,2,4,3,4500.00,412,valid,3329
3D Lotto,9PM,2025-08-30,2-2-7,2,2,7,4500.00,411,valid,3330
3D Lotto,9PM,2025-08-31,7-6-8,7,6,8,4500.00,264,valid,3331
3D Lotto,9PM,2025-09-01,5-1-5,5,1,5,4500.00,555,valid,3332
3D Lotto,9PM,2025-09-02,1-0-6,1,0,6,4500.00,405,valid,3333
3D Lotto,9PM,2025-09-03,4-6-2,4,6,2,4500.00,246,valid,3334
3D Lotto,9PM,2025-09-04,8-2-1,8,2,1,4500.00,601,valid,3335
3D Lotto,9PM,2025-09-05,1-6-6,1,6,6,4500.00,347,valid,3336
3D Lotto,9PM,2025-09-06,1-8-3,1,8,3,4500.00,254,valid,3337
3D Lotto,9PM,2025-09-07,2-2-7,2,2,7,4500.00,281,valid,3338
3D Lotto,9PM,2025-09-08,4-9-2,4,9,2,4500.00,125,valid,3339
3D Lotto,9PM,2025-09-09,6-6-3,6,6,3,4500.00,234,valid,3340
3D Lotto,9PM,2025-09-10,3-3-8,3,3,8,4500.00,244,valid,3341
3D Lotto,9PM,2025-09-11,6-0-7,6,0,7,4500.00,176,valid,3342
3D Lotto,9PM,2025-09-12,9-9-6,9,9,6,4500.00,259,valid,3343
3D Lotto,9PM,2025-09-13,3-3-0,3,3,0,4500.00,467,valid,3344
3D Lotto,9PM,2025-09-14,4-4-9,4,4,9,4500.00,597,valid,3345
3D Lotto,9PM,2025-09-15,4-1-2,4,1,2,4500.00,595,valid,3346
3D Lotto,9PM,2025-09-16,3-5-9,3,5,9,4500.00,535,valid,3347
3D Lotto,9PM,2025-09-17,3-1-0,3,1,0,4500.00,594,valid,3348
3D Lotto,9PM,2025-09-18,2-6-2,2,6,2,4500.00,325,valid,3349
3D Lotto,9PM,2025-09-19,1-5-5,1,5,5,4500.00,450,valid,3350
3D Lotto,9PM,2025-09-20,0-5-5,0,5,5,4500.00,290,valid,3351
3D Lotto,9PM,2025-09-21,4-1-0,4,1,0,4500.00,561,valid,3352
3D Lotto,9PM,2025-09-22,2-9-0,2,9,0,4500.00,248,valid,3353
3D Lotto,9PM,2025-09-23,6-7-6,6,7,6,4500.00,190,valid,3354
3D Lotto,9PM,2025-09-24,2-4-1,2,4,1,4500.00,399,valid,3355
3D Lotto,9PM,2025-09-25,1-0-9,1,0,9,4500.00,635,valid,3356
3D Lotto,9PM,2025-09-26,3-9-6,3,9,6,4500.00,271,valid,3357
3D Lotto,9PM,2025-09-27,7-8-2,7,8,2,4500.00,245,valid,3358
3D Lotto,9PM,2025-09-28,1-3-3,1,3,3,4500.00,371,valid,3359
3D Lotto,9PM,2025-09-29,3-1-5,3,1,5,4500.00,596,valid,3360
3D Lotto,9PM,2025-09-30,3-2-5,3,2,5,4500.00,612,valid,3361
3D Lotto,9PM,2025-10-01,2-5-1,2,5,1,4500.00,590,valid,3362
3D Lotto,9PM,2025-10-02,5-1-5,5,1,5,4500.00,485,valid,3363
3D Lotto,9PM,2025-10-03,4-5-0,4,5,0,4500.00,429,valid,3364
3D Lotto,9PM,2025-10-04,3-4-0,3,4,0,4500.00,533,valid,3365
3D Lotto,9PM,2025-10-05,3-1-6,3,1,6,4500.00,596,valid,3366
3D Lotto,9PM,2025-10-06,1-1-1,1,1,1,4500.00,596,valid,3367
3D Lotto,9PM,2025-10-07,0-3-4,0,3,4,4500.00,178,valid,3368
3D Lotto,9PM,2025-10-08,4-3-0,4,3,0,4500.00,411,valid,3369
3D Lotto,9PM,2025-10-09,2-8-0,2,8,0,4500.00,334,valid,3370
3D Lotto,9PM,2025-10-10,4-6-8,4,6,8,4500.00,436,valid,3371
3D Lotto,9PM,2025-10-11,3-8-7,3,8,7,4500.00,326,valid,3372
3D Lotto,9PM,2025-10-12,0-2-8,0,2,8,4500.00,453,valid,3373
3D Lotto,9PM,2025-10-13,0-0-2,0,0,2,4500.00,202,valid,3374
3D Lotto,9PM,2025-10-14,8-3-0,8,3,0,4500.00,241,valid,3375
3D Lotto,9PM,2025-10-15,8-7-4,8,7,4,4500.00,276,valid,3376
3D Lotto,9PM,2025-10-16,5-9-4,5,9,4,4500.00,324,valid,3377
3D Lotto,9PM,2025-10-17,9-4-3,9,4,3,4500.00,272,valid,3378
3D Lotto,9PM,2025-10-18,5-2-9,5,2,9,4500.00,597,valid,3379
3D Lotto,9PM,2025-10-19,8-1-4,8,1,4,4500.00,600,valid,3380
3D Lotto,9PM,2025-10-20,2-7-8,2,7,8,4500.00,309,valid,3381
3D Lotto,9PM,2025-10-21,8-6-2,8,6,2,4500.00,305,valid,3382
3D Lotto,9PM,2025-10-22,2-3-7,2,3,7,4500.00,239,valid,3383
3D Lotto,9PM,2025-10-23,9-9-2,9,9,2,4500.00,428,valid,3384
3D Lotto,9PM,2025-10-24,0-9-9,0,9,9,4500.00,155,valid,3385
3D Lotto,9PM,2025-10-25,5-3-6,5,3,6,4500.00,427,valid,3386
3D Lotto,9PM,2025-10-26,8-1-4,8,1,4,4500.00,260,valid,3387
3D Lotto,9PM,2025-10-27,2-8-5,2,8,5,4500.00,588,valid,3388
3D Lotto,9PM,2025-10-28,7-2-1,7,2,1,4500.00,596,valid,3389
3D Lotto,9PM,2025-10-29,1-4-6,1,4,6,4500.00,597,valid,3390
3D Lotto,9PM,2025-10-30,9-1-3,9,1,3,4500.00,566,valid,3391
3D Lotto,9PM,2025-10-31,9-3-3,9,3,3,4500.00,402,valid,3392
3D Lotto,9PM,2025-11-01,0-5-1,0,5,1,4500.00,224,valid,3393
3D Lotto,9PM,2025-11-02,9-6-8,9,6,8,4500.00,132,valid,3394
3D Lotto,9PM,2025-11-03,7-5-4,7,5,4,4500.00,242,valid,3395
3D Lotto,9PM,2025-11-04,4-7-4,4,7,4,4500.00,285,valid,3396
3D Lotto,9PM,2025-11-05,1-7-1,1,7,1,4500.00,592,valid,3397
3D Lotto,9PM,2025-11-06,0-6-3,0,6,3,4500.00,207,valid,3398
3D Lotto,9PM,2025-11-07,6-5-0,6,5,0,4500.00,594,valid,3399
3D Lotto,9PM,2025-11-08,1-4-5,1,4,5,4500.00,543,valid,3400
3D Lotto,9PM,2025-11-09,5-0-0,5,0,0,4500.00,557,valid,3401
3D Lotto,9PM,2025-11-10,1-5-7,1,5,7,4500.00,426,valid,3402
3D Lotto,9PM,2025-11-11,9-5-6,9,5,6,4500.00,237,valid,3403
3D Lotto,9PM,2025-11-12,1-2-3,1,2,3,4500.00,577,valid,3404
3D Lotto,9PM,2025-11-13,7-7-3,7,7,3,4500.00,403,valid,3405
3D Lotto,9PM,2025-11-14,7-7-7,7,7,7,4500.00,615,valid,3406
3D Lotto,9PM,2025-11-15,3-7-4,3,7,4,4500.00,485,valid,3407
3D Lotto,9PM,2025-11-16,7-0-9,7,0,9,4500.00,350,valid,3408
3D Lotto,9PM,2025-11-17,2-3-4,2,3,4,4500.00,203,valid,3409
3D Lotto,9PM,2025-11-18,0-1-7,0,1,7,4500.00,275,valid,3410
3D Lotto,9PM,2025-11-19,2-7-8,2,7,8,4500.00,285,valid,3411
3D Lotto,9PM,2025-11-20,3-5-8,3,5,8,4500.00,436,valid,3412
3D Lotto,9PM,2025-11-21,1-9-4,1,9,4,4500.00,305,valid,3413
3D Lotto,9PM,2025-11-22,2-1-6,2,1,6,4500.00,592,valid,3414
3D Lotto,9PM,2025-11-23,6-3-0,6,3,0,4500.00,400,valid,3415
3D Lotto,9PM,2025-11-24,1-7-5,1,7,5,4500.00,421,valid,3416
3D Lotto,9PM,2025-11-25,9-0-2,9,0,2,4500.00,390,valid,3417
3D Lotto,9PM,2025-11-26,2-9-2,2,9,2,4500.00,348,valid,3418
3D Lotto,9PM,2025-11-27,2-4-5,2,4,5,4500.00,579,valid,3419
3D Lotto,9PM,2025-11-28,6-3-2,6,3,2,4500.00,217,valid,3420
3D Lotto,9PM,2025-11-29,5-9-0,5,9,0,4500.00,287,valid,3421
3D Lotto,9PM,2025-11-30,3-5-4,3,5,4,4500.00,180,valid,3422
3D Lotto,9PM,2025-12-01,4-7-1,4,7,1,4500.00,451,valid,3423
3D Lotto,9PM,2025-12-02,7-1-7,7,1,7,4500.00,600,valid,3424
3D Lotto,9PM,2025-12-03,6-4-2,6,4,2,4500.00,285,valid,3425
3D Lotto,9PM,2025-12-04,3-9-0,3,9,0,4500.00,209,valid,3426
3D Lotto,9PM,2025-12-05,9-9-6,9,9,6,4500.00,257,valid,3427
3D Lotto,9PM,2025-12-06,8-2-7,8,2,7,4500.00,445,valid,3428
3D Lotto,9PM,2025-12-07,1-2-6,1,2,6,4500.00,609,valid,3429
3D Lotto,9PM,2025-12-08,8-4-4,8,4,4,4500.00,180,valid,3430
3D Lotto,9PM,2025-12-09,0-1-9,0,1,9,4500.00,496,valid,3431
3D Lotto,9PM,2025-12-10,4-8-9,4,8,9,4500.00,142,valid,3432
3D Lotto,9PM,2025-12-11,9-1-9,9,1,9,4500.00,595,valid,3433
3D Lotto,9PM,2025-12-12,3-0-6,3,0,6,4500.00,442,valid,3434
3D Lotto,9PM,2025-12-13,9-8-3,9,8,3,4500.00,296,valid,3435
3D Lotto,9PM,2025-12-14,5-0-4,5,0,4,4500.00,300,valid,3436
3D Lotto,9PM,2025-12-15,7-5-6,7,5,6,4500.00,446,valid,3437
3D Lotto,9PM,2025-12-16,6-0-4,6,0,4,4500.00,213,valid,3438
3D Lotto,9PM,2025-12-17,3-7-2,3,7,2,4500.00,250,valid,3439
3D Lotto,9PM,2025-12-18,3-2-8,3,2,8,4500.00,592,valid,3440
3D Lotto,9PM,2025-12-19,0-3-9,0,3,9,4500.00,328,valid,3441
3D Lotto,9PM,2025-12-20,6-5-5,6,5,5,4500.00,257,valid,3442
3D Lotto,9PM,2025-12-21,0-4-1,0,4,1,4500.00,184,valid,3443
3D Lotto,9PM,2025-12-22,9-4-4,9,4,4,4500.00,243,valid,3444
3D Lotto,9PM,2025-12-23,3-1-7,3,1,7,4500.00,595,valid,3445
3D Lotto,9PM,2025-12-24,9-4-6,9,4,6,4500.00,243,valid,3446
3D Lotto,9PM,2025-12-25,8-6-4,8,6,4,4500.00,189,valid,3447
3D Lotto,9PM,2025-12-26,9-3-2,9,3,2,4500.00,445,valid,3448
3D Lotto,9PM,2025-12-27,9-1-0,9,1,0,4500.00,544,valid,3449
3D Lotto,9PM,2025-12-28,4-4-4,4,4,4,4500.00,593,valid,3450
3D Lotto,9PM,2025-12-29,5-3-2,5,3,2,4500.00,594,valid,3451
3D Lotto,9PM,2025-12-30,3-1-5,3,1,5,4500.00,596,valid,3452
3D Lotto,9PM,2025-12-31,9-5-4,9,5,4,4500.00,374,valid,3453
3D Lotto,9PM,2026-01-01,5-0-7,5,0,7,4500.00,278,valid,3454
3D Lotto,9PM,2026-01-02,4-9-1,4,9,1,4500.00,277,valid,3455
3D Lotto,9PM,2026-01-03,2-0-4,2,0,4,4500.00,468,valid,3456
3D Lotto,9PM,2026-01-04,0-4-9,0,4,9,4500.00,241,valid,3457
3D Lotto,9PM,2026-01-05,2-9-7,2,9,7,4500.00,475,valid,3458
3D Lotto,9PM,2026-01-06,0-4-1,0,4,1,4500.00,148,valid,3459
3D Lotto,9PM,2026-01-07,6-5-3,6,5,3,4500.00,250,valid,3460
3D Lotto,9PM,2026-01-08,9-2-3,9,2,3,4500.00,431,valid,3461
3D Lotto,9PM,2026-01-09,1-0-7,1,0,7,4500.00,597,valid,3462
3D Lotto,9PM,2026-01-10,1-3-7,1,3,7,4500.00,461,valid,3463
3D Lotto,9PM,2026-01-11,5-9-8,5,9,8,4500.00,388,valid,3464
3D Lotto,9PM,2026-01-12,7-1-1,7,1,1,4500.00,601,valid,3465
3D Lotto,9PM,2026-01-13,4-8-6,4,8,6,4500.00,386,valid,3466
3D Lotto,9PM,2026-01-14,0-6-4,0,6,4,4500.00,240,valid,3467
3D Lotto,9PM,2026-01-15,4-1-2,4,1,2,4500.00,602,valid,3468
3D Lotto,9PM,2026-01-16,5-9-7,5,9,7,4500.00,305,valid,3469
3D Lotto,9PM,2026-01-17,2-1-7,2,1,7,4500.00,596,valid,3470
3D Lotto,9PM,2026-01-18,8-6-0,8,6,0,4500.00,493,valid,3471
3D Lotto,9PM,2026-01-19,3-0-4,3,0,4,4500.00,593,valid,3472
3D Lotto,9PM,2026-01-20,1-0-9,1,0,9,4500.00,621,valid,3473
3D Lotto,9PM,2026-01-21,7-3-7,7,3,7,4500.00,452,valid,3474
3D Lotto,9PM,2026-01-22,5-3-7,5,3,7,4500.00,597,valid,3475
3D Lotto,9PM,2026-01-23,6-5-8,6,5,8,4500.00,334,valid,3476
3D Lotto,9PM,2026-01-24,9-5-5,9,5,5,4500.00,335,valid,3477
3D Lotto,9PM,2026-01-25,9-0-8,9,0,8,4500.00,255,valid,3478
3D Lotto,9PM,2026-01-26,2-8-9,2,8,9,4500.00,433,valid,3479
3D Lotto,9PM,2026-01-27,1-3-8,1,3,8,4500.00,575,valid,3480
3D Lotto,9PM,2026-01-28,3-1-0,3,1,0,4500.00,605,valid,3481
3D Lotto,9PM,2026-01-29,2-3-3,2,3,3,4500.00,616,valid,3482
3D Lotto,9PM,2026-01-30,6-6-7,6,6,7,4500.00,252,valid,3483
3D Lotto,9PM,2026-01-31,0-1-6,0,1,6,4500.00,384,valid,3484
3D Lotto,9PM,2026-02-01,2-4-1,2,4,1,4500.00,561,valid,3485
3D Lotto,9PM,2026-02-02,3-9-8,3,9,8,4500.00,237,valid,3486
3D Lotto,9PM,2026-02-03,6-4-3,6,4,3,4500.00,238,valid,3487
3D Lotto,9PM,2026-02-04,6-2-9,6,2,9,4500.00,391,valid,3488
3D Lotto,9PM,2026-02-05,2-7-1,2,7,1,4500.00,505,valid,3489
3D Lotto,9PM,2026-02-06,7-0-0,7,0,0,4500.00,292,valid,3490
3D Lotto,9PM,2026-02-07,9-4-8,9,4,8,4500.00,314,valid,3491
3D Lotto,9PM,2026-02-08,0-7-4,0,7,4,4500.00,152,valid,3492
3D Lotto,9PM,2026-02-09,2-0-7,2,0,7,4500.00,599,valid,3493
3D Lotto,9PM,2026-02-10,1-3-5,1,3,5,4500.00,366,valid,3494
3D Lotto,9PM,2026-02-11,6-6-2,6,6,2,4500.00,147,valid,3495
3D Lotto,9PM,2026-02-12,5-0-1,5,0,1,4500.00,603,valid,3496
3D Lotto,9PM,2026-02-13,9-9-5,9,9,5,4500.00,223,valid,3497
3D Lotto,9PM,2026-02-14,1-5-8,1,5,8,4500.00,484,valid,3498
3D Lotto,9PM,2026-02-15,5-3-9,5,3,9,4500.00,616,valid,3499
3D Lotto,9PM,2026-02-16,5-3-2,5,3,2,4500.00,372,valid,3500
3D Lotto,9PM,2026-02-17,6-5-0,6,5,0,4500.00,266,valid,3501
3D Lotto,9PM,2026-02-18,7-6-8,7,6,8,4500.00,244,valid,3502
3D Lotto,9PM,2026-02-19,9-1-7,9,1,7,4500.00,594,valid,3503
3D Lotto,9PM,2026-02-20,3-0-9,3,0,9,4500.00,471,valid,3504
3D Lotto,9PM,2026-02-21,9-2-5,9,2,5,4500.00,592,valid,3505
3D Lotto,9PM,2026-02-22,1-7-3,1,7,3,4500.00,547,valid,3506
3D Lotto,9PM,2026-02-23,6-7-2,6,7,2,4500.00,338,valid,3507
3D Lotto,9PM,2026-02-24,9-4-7,9,4,7,4500.00,389,valid,3508
3D Lotto,9PM,2026-02-25,4-0-4,4,0,4,4500.00,614,valid,3509
3D Lotto,9PM,2026-02-26,5-2-1,5,2,1,4500.00,481,valid,3510
3D Lotto,9PM,2026-02-27,4-7-3,4,7,3,4500.00,592,valid,3511
3D Lotto,9PM,2026-02-28,9-0-6,9,0,6,4500.00,340,valid,3512
3D Lotto,9PM,2026-03-01,9-4-4,9,4,4,4500.00,163,valid,3513
3D Lotto,9PM,2026-03-02,0-3-2,0,3,2,4500.00,596,valid,3514
3D Lotto,9PM,2026-03-03,9-4-4,9,4,4,4500.00,126,valid,3515
3D Lotto,9PM,2026-03-04,6-5-4,6,5,4,4500.00,401,valid,3516
3D Lotto,9PM,2026-03-05,7-6-9,7,6,9,4500.00,598,valid,3517
3D Lotto,9PM,2026-03-06,9-9-0,9,9,0,4500.00,338,valid,3518
3D Lotto,9PM,2026-03-07,9-5-9,9,5,9,4500.00,141,valid,3519
3D Lotto,9PM,2026-03-08,6-7-7,6,7,7,4500.00,182,valid,3520
3D Lotto,9PM,2026-03-09,7-5-5,7,5,5,4500.00,244,valid,3521
3D Lotto,9PM,2026-03-10,9-2-3,9,2,3,4500.00,346,valid,3522
3D Lotto,9PM,2026-03-11,5-5-7,5,5,7,4500.00,151,valid,3523
3D Lotto,9PM,2026-03-12,7-3-2,7,3,2,4500.00,323,valid,3524
3D Lotto,9PM,2026-03-13,4-4-0,4,4,0,4500.00,457,valid,3525
3D Lotto,9PM,2026-03-14,1-1-8,1,1,8,4500.00,604,valid,3526
3D Lotto,9PM,2026-03-15,1-1-8,1,1,8,4500.00,523,valid,3527
3D Lotto,9PM,2026-03-16,4-7-8,4,7,8,4500.00,594,valid,3528
3D Lotto,9PM,2026-03-17,4-4-9,4,4,9,4500.00,366,valid,3529
3D Lotto,9PM,2026-03-18,5-5-9,5,5,9,4500.00,398,valid,3530
3D Lotto,9PM,2026-03-19,6-2-3,6,2,3,4500.00,600,valid,3531
3D Lotto,9PM,2026-03-20,0-1-3,0,1,3,4500.00,385,valid,3532
3D Lotto,9PM,2026-03-21,5-3-7,5,3,7,4500.00,455,valid,3533
3D Lotto,9PM,2026-03-22,4-3-2,4,3,2,4500.00,563,valid,3534
3D Lotto,9PM,2026-03-23,2-0-6,2,0,6,4500.00,420,valid,3535
3D Lotto,9PM,2026-03-24,2-5-5,2,5,5,4500.00,332,valid,3536
3D Lotto,9PM,2026-03-25,4-4-3,4,4,3,4500.00,305,valid,3537
3D Lotto,9PM,2026-03-26,9-3-4,9,3,4,4500.00,451,valid,3538
3D Lotto,9PM,2026-03-27,5-3-4,5,3,4,4500.00,605,valid,3539
3D Lotto,9PM,2026-03-28,4-1-2,4,1,2,4500.00,602,valid,3540
3D Lotto,9PM,2026-03-29,6-8-1,6,8,1,4500.00,291,valid,3541
3D Lotto,9PM,2026-03-30,9-5-9,9,5,9,4500.00,118,valid,3542
3D Lotto,9PM,2026-03-31,0-9-4,0,9,4,4500.00,122,valid,3543
3D Lotto,9PM,2026-04-01,5-4-1,5,4,1,4500.00,430,valid,3544
3D Lotto,9PM,2026-04-05,2-7-8,2,7,8,4500.00,305,valid,3545
3D Lotto,9PM,2026-04-06,6-3-5,6,3,5,4500.00,277,valid,3546
3D Lotto,9PM,2026-04-07,0-8-2,0,8,2,4500.00,215,valid,3547
3D Lotto,9PM,2026-04-08,7-3-0,7,3,0,4500.00,296,valid,3548
3D Lotto,9PM,2026-04-09,7-4-9,7,4,9,4500.00,410,valid,3549
3D Lotto,9PM,2026-04-10,4-7-3,4,7,3,4500.00,307,valid,3550
3D Lotto,9PM,2026-04-11,4-1-9,4,1,9,4500.00,598,valid,3551
3D Lotto,9PM,2026-04-12,2-1-1,2,1,1,4500.00,597,valid,3552
3D Lotto,9PM,2026-04-13,7-5-0,7,5,0,4500.00,384,valid,3553
3D Lotto,9PM,2026-04-14,7-6-0,7,6,0,4500.00,267,valid,3554
3D Lotto,9PM,2026-04-15,2-5-0,2,5,0,4500.00,598,valid,3555
3D Lotto,9PM,2026-04-16,8-6-8,8,6,8,4500.00,237,valid,3556
3D Lotto,9PM,2026-04-17,6-7-2,6,7,2,4500.00,108,valid,3557
3D Lotto,9PM,2026-04-18,6-5-0,6,5,0,4500.00,169,valid,3558
3D Lotto,9PM,2026-04-19,5-3-1,5,3,1,4500.00,597,valid,3559
3D Lotto,9PM,2026-04-20,6-7-0,6,7,0,4500.00,154,valid,3560
3D Lotto,9PM,2026-04-21,9-1-6,9,1,6,4500.00,593,valid,3561
3D Lotto,9PM,2026-04-22,5-0-8,5,0,8,4500.00,609,valid,3562
3D Lotto,9PM,2026-04-23,2-2-9,2,2,9,4500.00,597,valid,3563
3D Lotto,9PM,2026-04-24,7-3-1,7,3,1,4500.00,593,valid,3564
3D Lotto,9PM,2026-04-25,9-0-5,9,0,5,4500.00,233,valid,3565
3D Lotto,9PM,2026-04-26,5-6-4,5,6,4,4500.00,299,valid,3566
3D Lotto,9PM,2026-04-27,7-8-5,7,8,5,4500.00,224,valid,3567
3D Lotto,9PM,2026-04-28,6-3-0,6,3,0,4500.00,597,valid,3568
3D Lotto,9PM,2026-04-29,4-1-7,4,1,7,4500.00,602,valid,3569
3D Lotto,9PM,2026-04-30,0-6-0,0,6,0,4500.00,131,valid,3570
3D Lotto,9PM,2026-05-01,5-3-5,5,3,5,4500.00,392,valid,3571
3D Lotto,9PM,2026-05-02,2-7-5,2,7,5,4500.00,592,valid,3572
3D Lotto,9PM,2026-05-03,7-5-0,7,5,0,4500.00,622,valid,3573
3D Lotto,9PM,2026-05-04,9-2-4,9,2,4,4500.00,536,valid,3574
3D Lotto,9PM,2026-05-05,3-7-6,3,7,6,4500.00,357,valid,3575
3D Lotto,9PM,2026-05-06,2-7-6,2,7,6,4500.00,286,valid,3576
3D Lotto,9PM,2026-05-07,9-4-4,9,4,4,4500.00,210,valid,3577
3D Lotto,9PM,2026-05-08,2-1-5,2,1,5,4500.00,594,valid,3578
3D Lotto,9PM,2026-05-09,7-1-2,7,1,2,4500.00,524,valid,3579
3D Lotto,9PM,2026-05-10,2-6-6,2,6,6,4500.00,437,valid,3580
3D Lotto,9PM,2026-05-11,3-0-8,3,0,8,4500.00,596,valid,3581
3D Lotto,9PM,2026-05-12,7-0-3,7,0,3,4500.00,375,valid,3582
3D Lotto,9PM,2026-05-13,0-3-8,0,3,8,4500.00,199,valid,3583
3D Lotto,9PM,2026-05-14,2-0-2,2,0,2,4500.00,246,valid,3584
3D Lotto,9PM,2026-05-15,6-6-0,6,6,0,4500.00,438,valid,3585
3D Lotto,9PM,2026-05-16,3-6-8,3,6,8,4500.00,385,valid,3586
3D Lotto,9PM,2026-05-17,4-3-1,4,3,1,4500.00,292,valid,3587
3D Lotto,9PM,2026-05-18,9-3-1,9,3,1,4500.00,594,valid,3588
3D Lotto,9PM,2026-05-19,4-7-1,4,7,1,4500.00,299,valid,3589
3D Lotto,9PM,2026-05-20,8-9-9,8,9,9,4500.00,351,valid,3590
3D Lotto,9PM,2026-05-21,0-8-0,0,8,0,4500.00,144,valid,3591
3D Lotto,9PM,2026-05-22,1-5-0,1,5,0,4500.00,603,valid,3592
3D Lotto,9PM,2026-05-23,2-8-7,2,8,7,4500.00,489,valid,3593
3D Lotto,9PM,2026-05-24,1-6-6,1,6,6,4500.00,263,valid,3594
3D Lotto,9PM,2026-05-25,2-8-5,2,8,5,4500.00,593,valid,3595
3D Lotto,9PM,2026-05-26,9-3-5,9,3,5,4500.00,152,valid,3596
3D Lotto,9PM,2026-05-27,0-0-1,0,0,1,4500.00,325,valid,3597
3D Lotto,9PM,2026-05-28,8-6-0,8,6,0,4500.00,540,valid,3598
3D Lotto,9PM,2026-05-29,9-6-8,9,6,8,4500.00,236,valid,3599
3D Lotto,9PM,2026-05-30,3-6-5,3,6,5,4500.00,463,valid,3600
3D Lotto,9PM,2026-05-31,7-5-4,7,5,4,4500.00,368,valid,3601
3D Lotto,9PM,2026-06-01,1-7-2,1,7,2,4500.00,390,valid,3602
3D Lotto,9PM,2026-06-02,4-2-6,4,2,6,4500.00,610,valid,3603
3D Lotto,9PM,2026-06-03,6-4-7,6,4,7,4500.00,559,valid,3604
3D Lotto,9PM,2026-06-04,9-0-0,9,0,0,4500.00,366,valid,3605
3D Lotto,9PM,2026-06-05,9-0-7,9,0,7,4500.00,379,valid,3606
3D Lotto,9PM,2026-06-06,8-6-5,8,6,5,4500.00,320,valid,3607
3D Lotto,9PM,2026-06-07,7-9-3,7,9,3,4500.00,215,valid,3608
3D Lotto,9PM,2026-06-08,1-1-7,1,1,7,4500.00,594,valid,3609
3D Lotto,9PM,2026-06-09,5-5-3,5,5,3,4500.00,230,valid,3610
3D Lotto,9PM,2026-06-10,3-1-6,3,1,6,4500.00,594,valid,3611
3D Lotto,9PM,2026-06-11,2-5-1,2,5,1,4500.00,472,valid,3612
3D Lotto,9PM,2026-06-12,5-8-4,5,8,4,4500.00,237,valid,3613
3D Lotto,9PM,2026-06-13,6-8-8,6,8,8,4500.00,175,valid,3614
3D Lotto,9PM,2026-06-14,3-4-9,3,4,9,4500.00,413,valid,3615
3D Lotto,9PM,2026-06-15,5-9-9,5,9,9,4500.00,222,valid,3616
3D Lotto,9PM,2026-06-16,0-8-6,0,8,6,4500.00,140,valid,3617
3D Lotto,9PM,2026-06-17,5-1-3,5,1,3,4500.00,557,valid,3618
3D Lotto,9PM,2026-06-18,1-0-2,1,0,2,4500.00,490,valid,3619
3D Lotto,9PM,2026-06-19,3-7-2,3,7,2,4500.00,240,valid,3620
3D Lotto,9PM,2026-06-20,6-4-9,6,4,9,4500.00,355,valid,3621
3D Lotto,9PM,2026-06-21,1-3-4,1,3,4,4500.00,369,valid,3622
3D Lotto,9PM,2026-06-22,6-7-4,6,7,4,4500.00,218,valid,3623
3D Lotto,9PM,2026-06-23,6-1-4,6,1,4,4500.00,548,valid,3624
3D Lotto,9PM,2026-06-24,0-5-0,0,5,0,4500.00,164,valid,3625
3D Lotto,9PM,2026-06-25,7-6-4,7,6,4,4500.00,318,valid,3626
3D Lotto,9PM,2026-06-26,6-5-9,6,5,9,4500.00,374,valid,3627
3D Lotto,9PM,2026-06-27,9-5-8,9,5,8,4500.00,199,valid,3628
3D Lotto,9PM,2026-06-28,7-7-0,7,7,0,4500.00,326,valid,3629
3D Lotto,9PM,2026-06-29,9-2-6,9,2,6,4500.00,596,valid,3630
3D Lotto,9PM,2026-06-30,3-1-8,3,1,8,4500.00,597,valid,3631
3D Lotto,9PM,2026-07-01,2-0-8,2,0,8,4500.00,595,valid,3632
3D Lotto,9PM,2026-07-02,6-9-3,6,9,3,4500.00,313,valid,3633
3D Lotto,9PM,2026-07-03,2-3-1,2,3,1,4500.00,491,valid,3634
3D Lotto,9PM,2026-07-04,1-2-2,1,2,2,4500.00,595,valid,3635
3D Lotto,9PM,2026-07-05,0-7-8,0,7,8,4500.00,189,valid,3636
3D Lotto,9PM,2026-07-06,7-8-2,7,8,2,4500.00,265,valid,3637
3D Lotto,9PM,2026-07-07,0-9-3,0,9,3,4500.00,234,valid,3638
3D Lotto,9PM,2026-07-08,3-7-6,3,7,6,4500.00,288,valid,3639
3D Lotto,9PM,2026-07-09,3-2-4,3,2,4,4500.00,590,valid,3640
3D Lotto,9PM,2026-07-10,8-6-4,8,6,4,4500.00,380,valid,3641
3D Lotto,9PM,2026-07-11,1-5-9,1,5,9,4500.00,380,valid,3642
3D Lotto,9PM,2026-07-12,0-5-5,0,5,5,4500.00,126,valid,3643
3D Lotto,9PM,2026-07-13,9-5-8,9,5,8,4500.00,146,valid,3644
3D Lotto,9PM,2026-07-14,5-6-3,5,6,3,4500.00,349,valid,3645
3D Lotto,9PM,2026-07-15,6-6-5,6,6,5,4500.00,293,valid,3646
3D Lotto,9PM,2026-07-16,7-8-2,7,8,2,4500.00,167,valid,3647
3D Lotto,9PM,2026-07-17,8-9-1,8,9,1,4500.00,239,valid,3648
3D Lotto,9PM,2026-07-18,8-0-8,8,0,8,4500.00,594,valid,3649
3D Lotto,9PM,2026-07-19,9-8-7,9,8,7,4500.00,201,valid,3650
3D Lotto,9PM,2026-07-20,4-4-8,4,4,8,4500.00,243,valid,3651
3D Lotto,9PM,2026-07-21,6-6-7,6,6,7,4500.00,149,valid,3652
3D Lotto,9PM,2026-07-22,1-2-3,1,2,3,4500.00,511,valid,3653
3D Lotto,9PM,2026-07-23,1-0-9,1,0,9,4500.00,600,valid,3654
3D Lotto,9PM,2026-07-24,1-2-9,1,2,9,4500.00,599,valid,3655
3D Lotto,9PM,2026-07-25,3-4-0,3,4,0,4500.00,204,valid,3656
3D Lotto,9PM,2026-07-26,8-5-4,8,5,4,4500.00,288,valid,3657
3D Lotto,9PM,2026-07-27,3-2-6,3,2,6,4500.00,437,valid,3658
3D Lotto,9PM,2026-07-28,2-5-1,2,5,1,4500.00,412,valid,3659
3D Lotto,9PM,2026-07-29,3-2-3,3,2,3,4500.00,453,valid,3660
3D Lotto,9PM,2026-07-30,2-6-0,2,6,0,4500.00,374,valid,3661
3D Lotto,9PM,2026-07-31,0-9-7,0,9,7,4500.00,178,valid,3662
3D Lotto,9PM,2026-08-01,4-5-3,4,5,3,4500.00,141,valid,3663
3D Lotto,9PM,2026-08-02,3-5-0,3,5,0,4500.00,593,valid,3664
3D Lotto,9PM,2026-08-03,2-0-5,2,0,5,4500.00,329,valid,3665
3D Lotto,9PM,2026-08-04,3-8-2,3,8,2,4500.00,256,valid,3666
3D Lotto,9PM,2026-08-05,7-2-8,7,2,8,4500.00,557,valid,3667
3D Lotto,9PM,2026-08-06,3-4-4,3,4,4,4500.00,154,valid,3668
3D Lotto,9PM,2026-08-07,5-6-9,5,6,9,4500.00,151,valid,3669
3D Lotto,9PM,2026-08-08,4-7-6,4,7,6,4500.00,171,valid,3670
3D Lotto,9PM,2026-08-09,1-8-0,1,8,0,4500.00,602,valid,3671
3D Lotto,9PM,2026-08-10,7-0-3,7,0,3,4500.00,300,valid,3672
3D Lotto,9PM,2026-08-11,8-8-7,8,8,7,4500.00,397,valid,3673
3D Lotto,9PM,2026-08-12,6-9-6,6,9,6,4500.00,373,valid,3674
3D Lotto,9PM,2026-08-13,1-0-7,1,0,7,4500.00,612,valid,3675
3D Lotto,9PM,2026-08-14,5-0-3,5,0,3,4500.00,244,valid,3676
3D Lotto,9PM,2026-08-15,7-3-2,7,3,2,4500.00,241,valid,3677
3D Lotto,9PM,2026-08-16,9-4-4,9,4,4,4500.00,273,valid,3678
3D Lotto,9PM,2026-08-17,5-8-0,5,8,0,4500.00,194,valid,3679
3D Lotto,9PM,2026-08-18,0-4-8,0,4,8,4500.00,217,valid,3680
3D Lotto,9PM,2026-08-19,7-5-7,7,5,7,4500.00,212,valid,3681
3D Lotto,9PM,2026-08-20,2-7-9,2,7,9,4500.00,383,valid,3682
3D Lotto,9PM,2026-08-21,0-1-8,0,1,8,4500.00,230,valid,3683
3D Lotto,9PM,2026-08-22,5-1-2,5,1,2,4500.00,560,valid,3684
3D Lotto,9PM,2026-08-23,0-0-0,0,0,0,4500.00,561,valid,3685
3D Lotto,9PM,2026-08-24,4-3-5,4,3,5,4500.00,348,valid,3686
3D Lotto,9PM,2026-08-25,1-9-4,1,9,4,4500.00,340,valid,3687
3D Lotto,9PM,2026-08-26,0-7-5,0,7,5,4500.00,142,valid,3688
3D Lotto,9PM,2026-08-27,1-8-5,1,8,5,4500.00,475,valid,3689
3D Lotto,9PM,2026-08-28,0-4-9,0,4,9,4500.00,197,valid,3690
3D Lotto,9PM,2026-08-29,7-0-5,7,0,5,4500.00,242,valid,3691
3D Lotto,9PM,2026-08-30,9-5-9,9,5,9,4500.00,259,valid,3692
3D Lotto,9PM,2026-08-31,1-8-5,1,8,5,4500.00,187,valid,3693
3D Lotto,9PM,2026-09-01,3-3-2,3,3,2,4500.00,232,valid,3694
3D Lotto,9PM,2026-09-02,0-5-6,0,5,6,4500.00,144,valid,3695
3D Lotto,9PM,2026-09-03,1-0-6,1,0,6,4500.00,600,valid,3696
3D Lotto,9PM,2026-09-04,4-2-7,4,2,7,4500.00,406,valid,3697
3D Lotto,9PM,2026-09-05,8-9-2,8,9,2,4500.00,172,valid,3698
3D Lotto,9PM,2026-09-06,5-9-1,5,9,1,4500.00,235,valid,3699
3D Lotto,9PM,2026-09-07,6-3-6,6,3,6,4500.00,220,valid,3700
3D Lotto,9PM,2026-09-08,9-1-7,9,1,7,4500.00,604,valid,3701
3D Lotto,9PM,2026-09-09,0-7-7,0,7,7,4500.00,131,valid,3702
3D Lotto,9PM,2026-09-10,1-9-8,1,9,8,4500.00,578,valid,3703
3D Lotto,9PM,2026-09-11,8-1-8,8,1,8,4500.00,600,valid,3704
3D Lotto,9PM,2026-09-12,6-4-3,6,4,3,4500.00,141,valid,3705
3D Lotto,9PM,2026-09-13,8-9-4,8,9,4,4500.00,146,valid,3706
3D Lotto,9PM,2026-09-14,4-4-9,4,4,9,4500.00,378,valid,3707
3D Lotto,9PM,2026-09-15,0-2-3,0,2,3,4500.00,263,valid,3708
3D Lotto,9PM,2026-09-16,2-0-4,2,0,4,4500.00,380,valid,3709
3D Lotto,9PM,2026-09-17,4-7-8,4,7,8,4500.00,452,valid,3710
3D Lotto,9PM,2026-09-18,2-4-8,2,4,8,4500.00,350,valid,3711
3D Lotto,9PM,2026-09-19,0-2-9,0,2,9,4500.00,392,valid,3712
3D Lotto,9PM,2026-09-20,6-7-9,6,7,9,4500.00,442,valid,3713
3D Lotto,9PM,2026-09-21,7-9-5,7,9,5,4500.00,211,valid,3714
3D Lotto,9PM,2026-09-22,9-8-3,9,8,3,4500.00,128,valid,3715
3D Lotto,9PM,2026-09-23,4-1-4,4,1,4,4500.00,426,valid,3716
3D Lotto,9PM,2026-09-24,0-5-5,0,5,5,4500.00,196,valid,3717
3D Lotto,9PM,2026-09-25,2-0-1,2,0,1,4500.00,584,valid,3718
3D Lotto,9PM,2026-09-26,1-5-8,1,5,8,4500.00,292,valid,3719
3D Lotto,9PM,2026-09-27,2-1-6,2,1,6,4500.00,573,valid,3720
3D Lotto,9PM,2026-09-28,5-0-4,5,0,4,4500.00,253,valid,3721
3D Lotto,9PM,2026-09-29,3-5-5,3,5,5,4500.00,176,valid,3722
3D Lotto,9PM,2026-09-30,9-2-5,9,2,5,4500.00,603,valid,3723
3D Lotto,9PM,2026-10-01,4-2-9,4,2,9,4500.00,612,valid,3724
3D Lotto,9PM,2026-10-02,8-1-9,8,1,9,4500.00,433,valid,3725
3D Lotto,9PM,2026-10-03,9-9-6,9,9,6,4500.00,450,valid,3726
3D Lotto,9PM,2026-10-04,0-7-0,0,7,0,4500.00,197,valid,3727
3D Lotto,9PM,2026-10-05,3-4-0,3,4,0,4500.00,255,valid,3728
3D Lotto,9PM,2026-10-06,8-9-2,8,9,2,4500.00,120,valid,3729
3D Lotto,9PM,2026-10-07,5-9-5,5,9,5,4500.00,222,valid,3730
