lotto_game,draw_session,draw_date,combination,digit_1,digit_2,digit_3,jackpot_php,winners,record_status,source_row,combination_unordered,pattern_type,digit_sum,previous_draw_digit_overlap
3D Lotto,9PM,2016-01-02,1-2-9,1,2,9,4500.0,1191,valid,2,1-2-9,all_distinct,12,
3D Lotto,9PM,2016-01-03,2-7-1,2,7,1,4500.0,574,valid,3,1-2-7,all_distinct,10,2.0
3D Lotto,9PM,2016-01-04,2-2-0,2,2,0,4500.0,1212,valid,4,0-2-2,one_pair,4,1.0
3D Lotto,9PM,2016-01-05,2-0-8,2,0,8,4500.0,1308,valid,5,0-2-8,all_distinct,10,2.0
3D Lotto,9PM,2016-01-06,6-6-6,6,6,6,4500.0,1168,valid,6,6-6-6,triple,18,0.0
3D Lotto,9PM,2016-01-07,0-6-7,0,6,7,4500.0,169,valid,7,0-6-7,all_distinct,13,1.0
3D Lotto,9PM,2016-01-08,6-2-3,6,2,3,4500.0,1092,valid,8,2-3-6,all_distinct,11,1.0
3D Lotto,9PM,2016-01-09,5-0-9,5,0,9,4500.0,880,valid,9,0-5-9,all_distinct,14,0.0
3D Lotto,9PM,2016-01-10,5-8-1,5,8,1,4500.0,785,valid,10,1-5-8,all_distinct,14,1.0
3D Lotto,9PM,2016-01-11,4-7-2,4,7,2,4500.0,1024,valid,11,2-4-7,all_distinct,13,0.0
3D Lotto,9PM,2016-01-12,4-5-4,4,5,4,4500.0,490,valid,12,4-4-5,one_pair,13,1.0
3D Lotto,9PM,2016-01-13,1-6-9,1,6,9,4500.0,1267,valid,13,1-6-9,all_distinct,16,0.0
3D Lotto,9PM,2016-01-14,9-6-6,9,6,6,4500.0,621,valid,14,6-6-9,one_pair,21,2.0
3D Lotto,9PM,2016-01-15,5-7-9,5,7,9,4500.0,638,valid,15,5-7-9,all_distinct,21,1.0
3D Lotto,9PM,2016-01-16,0-0-1,0,0,1,4500.0,1078,valid,16,0-0-1,one_pair,1,0.0
3D Lotto,9PM,2016-01-17,5-1-1,5,1,1,4500.0,1098,valid,17,1-1-5,one_pair,7,1.0
3D Lotto,9PM,2016-01-18,6-5-1,6,5,1,4500.0,878,valid,18,1-5-6,all_distinct,12,2.0
3D Lotto,9PM,2016-01-19,7-6-9,7,6,9,4500.0,701,valid,19,6-7-9,all_distinct,22,1.0
3D Lotto,9PM,2016-01-20,9-3-6,9,3,6,4500.0,885,valid,20,3-6-9,all_distinct,18,2.0
3D Lotto,9PM,2016-01-21,7-7-7,7,7,7,4500.0,1159,valid,21,7-7-7,triple,21,0.0
3D Lotto,9PM,2016-01-22,3-8-6,3,8,6,4500.0,737,valid,22,3-6-8,all_distinct,17,0.0
3D Lotto,9PM,2016-01-23,9-1-0,9,1,0,4500.0,1200,valid,23,0-1-9,all_distinct,10,0.0
3D Lotto,9PM,2016-01-24,6-1-4,6,1,4,4500.0,845,valid,24,1-4-6,all_distinct,11,1.0
3D Lotto,9PM,2016-01-25,5-3-9,5,3,9,4500.0,698,valid,25,3-5-9,all_distinct,17,0.0
3D Lotto,9PM,2016-01-26,8-7-3,8,7,3,4500.0,463,valid,26,3-7-8,all_distinct,18,1.0
3D Lotto,9PM,2016-01-27,5-8-7,5,8,7,4500.0,478,valid,27,5-7-8,all_distinct,20,2.0
3D Lotto,9PM,2016-01-28,8-4-5,8,4,5,4500.0,888,valid,28,4-5-8,all_distinct,17,2.0
3D Lotto,9PM,2016-01-29,7-9-9,7,9,9,4500.0,589,valid,29,7-9-9,one_pair,25,0.0
3D Lotto,9PM,2016-01-30,7-0-9,7,0,9,4500.0,733,valid,30,0-7-9,all_distinct,16,2.0
3D Lotto,9PM,2016-01-31,4-0-2,4,0,2,4500.0,512,valid,31,0-2-4,all_distinct,6,1.0
3D Lotto,9PM,2016-02-01,7-1-7,7,1,7,4500.0,1109,valid,32,1-7-7,one_pair,15,0.0
3D Lotto,9PM,2016-02-02,0-2-5,0,2,5,4500.0,736,valid,33,0-2-5,all_distinct,7,0.0
3D Lotto,9PM,2016-02-03,4-5-5,4,5,5,4500.0,586,valid,34,4-5-5,one_pair,14,1.0
3D Lotto,9PM,2016-02-04,4-6-0,4,6,0,4500.0,476,valid,35,0-4-6,all_distinct,10,1.0
3D Lotto,9PM,2016-02-05,2-1-5,2,1,5,4500.0,1280,valid,36,1-2-5,all_distinct,8,0.0
3D Lotto,9PM,2016-02-06,0-8-9,0,8,9,4500.0,606,valid,37,0-8-9,all_distinct,17,0.0
3D Lotto,9PM,2016-02-07,5-2-6,5,2,6,4500.0,1120,valid,38,2-5-6,all_distinct,13,0.0
3D Lotto,9PM,2016-02-08,8-3-3,8,3,3,4500.0,648,valid,39,3-3-8,one_pair,14,0.0
3D Lotto,9PM,2016-02-09,5-5-5,5,5,5,4500.0,1144,valid,40,5-5-5,triple,15,0.0
3D Lotto,9PM,2016-02-10,2-3-1,2,3,1,4500.0,1121,valid,41,1-2-3,all_distinct,6,0.0
3D Lotto,9PM,2016-02-11,3-7-7,3,7,7,4500.0,595,valid,42,3-7-7,one_pair,17,1.0
3D Lotto,9PM,2016-02-12,0-6-2,0,6,2,4500.0,389,valid,43,0-2-6,all_distinct,8,0.0
3D Lotto,9PM,2016-02-13,0-5-9,0,5,9,4500.0,249,valid,44,0-5-9,all_distinct,14,1.0
3D Lotto,9PM,2016-02-14,0-9-1,0,9,1,4500.0,1109,valid,45,0-1-9,all_distinct,10,2.0
3D Lotto,9PM,2016-02-15,6-1-0,6,1,0,4500.0,1269,valid,46,0-1-6,all_distinct,7,2.0
3D Lotto,9PM,2016-02-16,5-8-2,5,8,2,4500.0,969,valid,47,2-5-8,all_distinct,15,0.0
3D Lotto,9PM,2016-02-17,7-9-5,7,9,5,4500.0,465,valid,48,5-7-9,all_distinct,21,1.0
3D Lotto,9PM,2016-02-18,0-5-3,0,5,3,4500.0,695,valid,49,0-3-5,all_distinct,8,1.0
3D Lotto,9PM,2016-02-19,4-6-2,4,6,2,4500.0,905,valid,50,2-4-6,all_distinct,12,0.0
3D Lotto,9PM,2016-02-20,5-5-1,5,5,1,4500.0,1040,valid,51,1-5-5,one_pair,11,0.0
3D Lotto,9PM,2016-02-21,7-2-3,7,2,3,4500.0,887,valid,52,2-3-7,all_distinct,12,0.0
3D Lotto,9PM,2016-02-22,5-3-2,5,3,2,4500.0,1265,valid,53,2-3-5,all_distinct,10,2.0
3D Lotto,9PM,2016-02-23,4-8-7,4,8,7,4500.0,547,valid,54,4-7-8,all_distinct,19,0.0
3D Lotto,9PM,2016-02-24,0-1-9,0,1,9,4500.0,720,valid,55,0-1-9,all_distinct,10,0.0
3D Lotto,9PM,2016-02-25,4-2-4,4,2,4,4500.0,1103,valid,56,2-4-4,one_pair,10,0.0
3D Lotto,9PM,2016-02-26,3-2-7,3,2,7,4500.0,870,valid,57,2-3-7,all_distinct,12,1.0
3D Lotto,9PM,2016-02-27,9-3-8,9,3,8,4500.0,835,valid,58,3-8-9,all_distinct,20,1.0
3D Lotto,9PM,2016-02-28,8-4-7,8,4,7,4500.0,829,valid,59,4-7-8,all_distinct,19,1.0
3D Lotto,9PM,2016-02-29,0-0-9,0,0,9,4500.0,414,valid,60,0-0-9,one_pair,9,0.0
3D Lotto,9PM,2016-03-01,7-6-4,7,6,4,4500.0,730,valid,61,4-6-7,all_distinct,17,0.0
3D Lotto,9PM,2016-03-02,2-1-1,2,1,1,4500.0,1297,valid,62,1-1-2,one_pair,4,0.0
3D Lotto,9PM,2016-03-03,4-6-6,4,6,6,4500.0,674,valid,63,4-6-6,one_pair,16,0.0
3D Lotto,9PM,2016-03-04,4-4-3,4,4,3,4500.0,807,valid,64,3-4-4,one_pair,11,1.0
3D Lotto,9PM,2016-03-05,6-8-2,6,8,2,4500.0,503,valid,65,2-6-8,all_distinct,16,0.0
3D Lotto,9PM,2016-03-06,4-3-6,4,3,6,4500.0,825,valid,66,3-4-6,all_distinct,13,1.0
3D Lotto,9PM,2016-03-07,3-6-0,3,6,0,4500.0,961,valid,67,0-3-6,all_distinct,9,2.0
3D Lotto,9PM,2016-03-08,5-8-8,5,8,8,4500.0,814,valid,68,5-8-8,one_pair,21,0.0
3D Lotto,9PM,2016-03-09,5-7-4,5,7,4,4500.0,743,valid,69,4-5-7,all_distinct,16,1.0
3D Lotto,9PM,2016-03-10,7-8-2,7,8,2,4500.0,686,valid,70,2-7-8,all_distinct,17,1.0
3D Lotto,9PM,2016-03-11,9-9-8,9,9,8,4500.0,655,valid,71,8-9-9,one_pair,26,1.0
3D Lotto,9PM,2016-03-12,8-9-4,8,9,4,4500.0,1281,valid,72,4-8-9,all_distinct,21,2.0
3D Lotto,9PM,2016-03-13,8-1-4,8,1,4,4500.0,1212,valid,73,1-4-8,all_distinct,13,2.0
3D Lotto,9PM,2016-03-14,5-1-6,5,1,6,4500.0,978,valid,74,1-5-6,all_distinct,12,1.0
3D Lotto,9PM,2016-03-15,7-0-7,7,0,7,4500.0,794,valid,75,0-7-7,one_pair,14,0.0
3D Lotto,9PM,2016-03-16,4-3-7,4,3,7,4500.0,816,valid,76,3-4-7,all_distinct,14,1.0
3D Lotto,9PM,2016-03-17,1-3-2,1,3,2,4500.0,1095,valid,77,1-2-3,all_distinct,6,1.0
3D Lotto,9PM,2016-03-18,7-8-8,7,8,8,4500.0,856,valid,78,7-8-8,one_pair,23,0.0
3D Lotto,9PM,2016-03-19,0-2-0,0,2,0,4500.0,853,valid,79,0-0-2,one_pair,2,0.0
3D Lotto,9PM,2016-03-20,0-7-3,0,7,3,4500.0,448,valid,80,0-3-7,all_distinct,10,1.0
3D Lotto,9PM,2016-03-21,6-4-1,6,4,1,4500.0,439,valid,81,1-4-6,all_distinct,11,0.0
3D Lotto,9PM,2016-03-22,0-4-0,0,4,0,4500.0,565,valid,82,0-0-4,one_pair,4,1.0
3D Lotto,9PM,2016-03-23,4-4-1,4,4,1,4500.0,1206,valid,83,1-4-4,one_pair,9,1.0
3D Lotto,9PM,2016-03-28,0-6-0,0,6,0,4500.0,540,valid,84,0-0-6,one_pair,6,0.0
3D Lotto,9PM,2016-03-29,1-2-1,1,2,1,4500.0,907,valid,85,1-1-2,one_pair,4,0.0
3D Lotto,9PM,2016-03-30,6-0-0,6,0,0,4500.0,747,valid,86,0-0-6,one_pair,6,0.0
3D Lotto,9PM,2016-03-31,5-1-4,5,1,4,4500.0,1216,valid,87,1-4-5,all_distinct,10,0.0
3D Lotto,9PM,2016-04-01,3-9-4,3,9,4,4500.0,493,valid,88,3-4-9,all_distinct,16,1.0
3D Lotto,9PM,2016-04-02,8-8-1,8,8,1,4500.0,541,valid,89,1-8-8,one_pair,17,0.0
3D Lotto,9PM,2016-04-03,1-9-2,1,9,2,4500.0,523,valid,90,1-2-9,all_distinct,12,1.0
3D Lotto,9PM,2016-04-04,6-4-8,6,4,8,4500.0,682,valid,91,4-6-8,all_distinct,18,0.0
3D Lotto,9PM,2016-04-05,2-6-2,2,6,2,4500.0,950,valid,92,2-2-6,one_pair,10,1.0
3D Lotto,9PM,2016-04-06,4-9-4,4,9,4,4500.0,545,valid,93,4-4-9,one_pair,17,0.0
3D Lotto,9PM,2016-04-07,9-3-8,9,3,8,4500.0,374,valid,94,3-8-9,all_distinct,20,1.0
3D Lotto,9PM,2016-04-08,9-0-9,9,0,9,4500.0,870,valid,95,0-9-9,one_pair,18,1.0
3D Lotto,9PM,2016-04-09,6-8-7,6,8,7,4500.0,356,valid,96,6-7-8,all_distinct,21,0.0
3D Lotto,9PM,2016-04-10,6-7-7,6,7,7,4500.0,454,valid,97,6-7-7,one_pair,20,2.0
3D Lotto,9PM,2016-04-11,1-9-1,1,9,1,4500.0,1194,valid,98,1-1-9,one_pair,11,0.0
3D Lotto,9PM,2016-04-12,0-1-8,0,1,8,4500.0,988,valid,99,0-1-8,all_distinct,9,1.0
3D Lotto,9PM,2016-04-13,8-9-2,8,9,2,4500.0,573,valid,100,2-8-9,all_distinct,19,1.0
3D Lotto,9PM,2016-04-14,5-3-8,5,3,8,4500.0,702,valid,101,3-5-8,all_distinct,16,1.0
3D Lotto,9PM,2016-04-15,9-8-6,9,8,6,4500.0,584,valid,102,6-8-9,all_distinct,23,1.0
3D Lotto,9PM,2016-04-16,5-1-6,5,1,6,4500.0,1230,valid,103,1-5-6,all_distinct,12,1.0
3D Lotto,9PM,2016-04-17,4-3-6,4,3,6,4500.0,398,valid,104,3-4-6,all_distinct,13,1.0
3D Lotto,9PM,2016-04-18,8-4-0,8,4,0,4500.0,330,valid,105,0-4-8,all_distinct,12,1.0
3D Lotto,9PM,2016-04-19,7-1-4,7,1,4,4500.0,1215,valid,106,1-4-7,all_distinct,12,1.0
3D Lotto,9PM,2016-04-20,3-6-3,3,6,3,4500.0,697,valid,107,3-3-6,one_pair,12,0.0
3D Lotto,9PM,2016-04-21,0-7-9,0,7,9,4500.0,299,valid,108,0-7-9,all_distinct,16,0.0
3D Lotto,9PM,2016-04-22,3-2-9,3,2,9,4500.0,1013,valid,109,2-3-9,all_distinct,14,1.0
3D Lotto,9PM,2016-04-23,8-7-7,8,7,7,4500.0,449,valid,110,7-7-8,one_pair,22,0.0
3D Lotto,9PM,2016-04-24,4-9-0,4,9,0,4500.0,350,valid,111,0-4-9,all_distinct,13,0.0
3D Lotto,9PM,2016-04-25,9-4-4,9,4,4,4500.0,561,valid,112,4-4-9,one_pair,17,2.0
3D Lotto,9PM,2016-04-26,9-1-4,9,1,4,4500.0,1195,valid,113,1-4-9,all_distinct,14,2.0
3D Lotto,9PM,2016-04-27,6-3-3,6,3,3,4500.0,594,valid,114,3-3-6,one_pair,12,0.0
3D Lotto,9PM,2016-04-28,8-3-9,8,3,9,4500.0,493,valid,115,3-8-9,all_distinct,20,1.0
3D Lotto,9PM,2016-04-29,9-9-2,9,9,2,4500.0,448,valid,116,2-9-9,one_pair,20,1.0
3D Lotto,9PM,2016-04-30,7-1-9,7,1,9,4500.0,915,valid,117,1-7-9,all_distinct,17,1.0
3D Lotto,9PM,2016-05-01,6-4-8,6,4,8,4500.0,417,valid,118,4-6-8,all_distinct,18,0.0
3D Lotto,9PM,2016-05-02,7-8-4,7,8,4,4500.0,645,valid,119,4-7-8,all_distinct,19,2.0
3D Lotto,9PM,2016-05-03,0-8-3,0,8,3,4500.0,157,valid,120,0-3-8,all_distinct,11,1.0
3D Lotto,9PM,2016-05-04,0-8-7,0,8,7,4500.0,506,valid,121,0-7-8,all_distinct,15,2.0
3D Lotto,9PM,2016-05-05,3-3-0,3,3,0,4500.0,464,valid,122,0-3-3,one_pair,6,1.0
3D Lotto,9PM,2016-05-06,0-6-8,0,6,8,4500.0,591,valid,123,0-6-8,all_distinct,14,1.0
3D Lotto,9PM,2016-05-07,0-8-7,0,8,7,4500.0,289,valid,124,0-7-8,all_distinct,15,2.0
3D Lotto,9PM,2016-05-08,4-5-1,4,5,1,4500.0,373,valid,125,1-4-5,all_distinct,10,0.0
3D Lotto,9PM,2016-05-09,8-4-4,8,4,4,4500.0,269,valid,126,4-4-8,one_pair,16,1.0
3D Lotto,9PM,2016-05-10,8-5-4,8,5,4,4500.0,724,valid,127,4-5-8,all_distinct,17,2.0
3D Lotto,9PM,2016-05-11,0-1-2,0,1,2,4500.0,805,valid,128,0-1-2,all_distinct,3,0.0
3D Lotto,9PM,2016-05-12,0-9-6,0,9,6,4500.0,414,valid,129,0-6-9,all_distinct,15,1.0
3D Lotto,9PM,2016-05-13,1-1-1,1,1,1,4500.0,1100,valid,130,1-1-1,triple,3,0.0
3D Lotto,9PM,2016-05-14,1-0-6,1,0,6,4500.0,1098,valid,131,0-1-6,all_distinct,7,1.0
3D Lotto,9PM,2016-05-15,9-9-9,9,9,9,4500.0,1088,valid,132,9-9-9,triple,27,0.0
3D Lotto,9PM,2016-05-16,8-3-0,8,3,0,4500.0,389,valid,133,0-3-8,all_distinct,11,0.0
3D Lotto,9PM,2016-05-17,6-6-0,6,6,0,4500.0,588,valid,134,0-6-6,one_pair,12,1.0
3D Lotto,9PM,2016-05-18,4-7-2,4,7,2,4500.0,327,valid,135,2-4-7,all_distinct,13,0.0
3D Lotto,9PM,2016-05-19,0-0-5,0,0,5,4500.0,640,valid,136,0-0-5,one_pair,5,0.0
3D Lotto,9PM,2016-05-20,8-6-4,8,6,4,4500.0,558,valid,137,4-6-8,all_distinct,18,0.0
3D Lotto,9PM,2016-05-21,9-0-6,9,0,6,4500.0,608,valid,138,0-6-9,all_distinct,15,1.0
3D Lotto,9PM,2016-05-22,6-9-0,6,9,0,4500.0,505,valid,139,0-6-9,all_distinct,15,3.0
3D Lotto,9PM,2016-05-23,2-8-6,2,8,6,4500.0,661,valid,140,2-6-8,all_distinct,16,1.0
3D Lotto,9PM,2016-05-24,0-7-7,0,7,7,4500.0,462,valid,141,0-7-7,one_pair,14,0.0
3D Lotto,9PM,2016-05-25,7-7-8,7,7,8,4500.0,330,valid,142,7-7-8,one_pair,22,2.0
3D Lotto,9PM,2016-05-26,2-0-6,2,0,6,4500.0,506,valid,143,0-2-6,all_distinct,8,0.0
3D Lotto,9PM,2016-05-27,2-5-8,2,5,8,4500.0,1047,valid,144,2-5-8,all_distinct,15,1.0
3D Lotto,9PM,2016-05-28,2-9-1,2,9,1,4500.0,1101,valid,145,1-2-9,all_distinct,12,1.0
3D Lotto,9PM,2016-05-29,3-0-7,3,0,7,4500.0,850,valid,146,0-3-7,all_distinct,10,0.0
3D Lotto,9PM,2016-05-30,3-2-6,3,2,6,4500.0,964,valid,147,2-3-6,all_distinct,11,1.0
3D Lotto,9PM,2016-05-31,8-9-6,8,9,6,4500.0,368,valid,148,6-8-9,all_distinct,23,1.0
3D Lotto,9PM,2016-06-01,9-1-6,9,1,6,4500.0,1031,valid,149,1-6-9,all_distinct,16,2.0
3D Lotto,9PM,2016-06-02,9-9-6,9,9,6,4500.0,682,valid,150,6-9-9,one_pair,24,2.0
3D Lotto,9PM,2016-06-03,9-3-2,9,3,2,4500.0,656,valid,151,2-3-9,all_distinct,14,1.0
3D Lotto,9PM,2016-06-04,8-7-9,8,7,9,4500.0,836,valid,152,7-8-9,all_distinct,24,1.0
3D Lotto,9PM,2016-06-05,5-4-5,5,4,5,4500.0,721,valid,153,4-5-5,one_pair,14,0.0
3D Lotto,9PM,2016-06-06,7-3-8,7,3,8,4500.0,598,valid,154,3-7-8,all_distinct,18,0.0
3D Lotto,9PM,2016-06-07,5-9-4,5,9,4,4500.0,698,valid,155,4-5-9,all_distinct,18,0.0
3D Lotto,9PM,2016-06-08,9-5-4,9,5,4,4500.0,783,valid,156,4-5-9,all_distinct,18,3.0
3D Lotto,9PM,2016-06-09,5-3-0,5,3,0,4500.0,439,valid,157,0-3-5,all_distinct,8,1.0
3D Lotto,9PM,2016-06-10,0-6-7,0,6,7,4500.0,412,valid,158,0-6-7,all_distinct,13,1.0
3D Lotto,9PM,2016-06-11,4-1-8,4,1,8,4500.0,1211,valid,159,1-4-8,all_distinct,13,0.0
3D Lotto,9PM,2016-06-12,0-0-0,0,0,0,4500.0,1088,valid,160,0-0-0,triple,0,0.0
3D Lotto,9PM,2016-06-13,6-0-3,6,0,3,4500.0,795,valid,161,0-3-6,all_distinct,9,1.0
3D Lotto,9PM,2016-06-14,5-3-1,5,3,1,4500.0,1189,valid,162,1-3-5,all_distinct,9,1.0
3D Lotto,9PM,2016-06-15,8-1-9,8,1,9,4500.0,1151,valid,163,1-8-9,all_distinct,18,1.0
3D Lotto,9PM,2016-06-16,7-0-8,7,0,8,4500.0,1239,valid,164,0-7-8,all_distinct,15,1.0
3D Lotto,9PM,2016-06-17,5-3-5,5,3,5,4500.0,619,valid,165,3-5-5,one_pair,13,0.0
3D Lotto,9PM,2016-06-18,8-3-5,8,3,5,4500.0,1225,valid,166,3-5-8,all_distinct,16,2.0
3D Lotto,9PM,2016-06-19,7-0-2,7,0,2,4500.0,1032,valid,167,0-2-7,all_distinct,9,0.0
3D Lotto,9PM,2016-06-20,4-7-7,4,7,7,4500.0,481,valid,168,4-7-7,one_pair,18,1.0
3D Lotto,9PM,2016-06-21,3-9-5,3,9,5,4500.0,428,valid,169,3-5-9,all_distinct,17,0.0
3D Lotto,9PM,2016-06-22,3-4-9,3,4,9,4500.0,699,valid,170,3-4-9,all_distinct,16,2.0
3D Lotto,9PM,2016-06-23,1-9-1,1,9,1,4500.0,664,valid,171,1-1-9,one_pair,11,1.0
3D Lotto,9PM,2016-06-24,5-1-6,5,1,6,4500.0,1194,valid,172,1-5-6,all_distinct,12,1.0
3D Lotto,9PM,2016-06-25,1-6-7,1,6,7,4500.0,994,valid,173,1-6-7,all_distinct,14,2.0
3D Lotto,9PM,2016-06-26,5-7-5,5,7,5,4500.0,373,valid,174,5-5-7,one_pair,17,1.0
3D Lotto,9PM,2016-06-27,7-3-4,7,3,4,4500.0,673,valid,175,3-4-7,all_distinct,14,1.0
3D Lotto,9PM,2016-06-28,3-0-2,3,0,2,4500.0,1204,valid,176,0-2-3,all_distinct,5,1.0
3D Lotto,9PM,2016-06-29,2-7-8,2,7,8,4500.0,551,valid,177,2-7-8,all_distinct,17,1.0
3D Lotto,9PM,2016-06-30,6-5-0,6,5,0,4500.0,772,valid,178,0-5-6,all_distinct,11,0.0
3D Lotto,9PM,2016-07-01,9-1-5,9,1,5,4500.0,1029,valid,179,1-5-9,all_distinct,15,1.0
3D Lotto,9PM,2016-07-02,3-6-3,3,6,3,4500.0,468,valid,180,3-3-6,one_pair,12,0.0
3D Lotto,9PM,2016-07-03,1-0-3,1,0,3,4500.0,1011,valid,181,0-1-3,all_distinct,4,1.0
3D Lotto,9PM,2016-07-04,7-3-5,7,3,5,4500.0,1226,valid,182,3-5-7,all_distinct,15,1.0
3D Lotto,9PM,2016-07-05,6-3-5,6,3,5,4500.0,993,valid,183,3-5-6,all_distinct,14,2.0
3D Lotto,9PM,2016-07-06,3-4-3,3,4,3,4500.0,583,valid,184,3-3-4,one_pair,10,1.0
3D Lotto,9PM,2016-07-07,6-2-2,6,2,2,4500.0,703,valid,185,2-2-6,one_pair,10,0.0
3D Lotto,9PM,2016-07-08,7-4-7,7,4,7,4500.0,821,valid,186,4-7-7,one_pair,18,0.0
3D Lotto,9PM,2016-07-09,5-5-3,5,5,3,4500.0,440,valid,187,3-5-5,one_pair,13,0.0
3D Lotto,9PM,2016-07-10,9-6-3,9,6,3,4500.0,540,valid,188,3-6-9,all_distinct,18,1.0
3D Lotto,9PM,2016-07-11,5-4-1,5,4,1,4500.0,1157,valid,189,1-4-5,all_distinct,10,0.0
3D Lotto,9PM,2016-07-12,3-3-2,3,3,2,4500.0,765,valid,190,2-3-3,one_pair,8,0.0
3D Lotto,9PM,2016-07-13,6-6-4,6,6,4,4500.0,528,valid,191,4-6-6,one_pair,16,0.0
3D Lotto,9PM,2016-07-14,4-6-7,4,6,7,4500.0,739,valid,192,4-6-7,all_distinct,17,2.0
3D Lotto,9PM,2016-07-15,7-5-4,7,5,4,4500.0,1266,valid,193,4-5-7,all_distinct,16,2.0
3D Lotto,9PM,2016-07-16,1-1-9,1,1,9,4500.0,1268,valid,194,1-1-9,one_pair,11,0.0
3D Lotto,9PM,2016-07-17,6-4-4,6,4,4,4500.0,990,valid,195,4-4-6,one_pair,14,0.0
3D Lotto,9PM,2016-07-18,2-0-6,2,0,6,4500.0,536,valid,196,0-2-6,all_distinct,8,1.0
3D Lotto,9PM,2016-07-19,9-1-5,9,1,5,4500.0,755,valid,197,1-5-9,all_distinct,15,0.0
3D Lotto,9PM,2016-07-20,9-0-9,9,0,9,4500.0,332,valid,198,0-9-9,one_pair,18,1.0
3D Lotto,9PM,2016-07-21,0-7-0,0,7,0,4500.0,383,valid,199,0-0-7,one_pair,7,1.0
3D Lotto,9PM,2016-07-22,0-6-8,0,6,8,4500.0,434,valid,200,0-6-8,all_distinct,14,1.0
3D Lotto,9PM,2016-07-23,4-9-5,4,9,5,4500.0,452,valid,201,4-5-9,all_distinct,18,0.0
3D Lotto,9PM,2016-07-24,3-9-9,3,9,9,4500.0,595,valid,202,3-9-9,one_pair,21,1.0
3D Lotto,9PM,2016-07-25,0-5-7,0,5,7,4500.0,369,valid,203,0-5-7,all_distinct,12,0.0
3D Lotto,9PM,2016-07-26,7-2-0,7,2,0,4500.0,1197,valid,204,0-2-7,all_distinct,9,2.0
3D Lotto,9PM,2016-07-27,0-2-2,0,2,2,4500.0,708,valid,205,0-2-2,one_pair,4,2.0
3D Lotto,9PM,2016-07-28,0-9-0,0,9,0,4500.0,454,valid,206,0-0-9,one_pair,9,1.0
3D Lotto,9PM,2016-07-29,3-1-6,3,1,6,4500.0,1108,valid,207,1-3-6,all_distinct,10,0.0
3D Lotto,9PM,2016-07-30,3-0-0,3,0,0,4500.0,1251,valid,208,0-0-3,one_pair,3,1.0
3D Lotto,9PM,2016-07-31,6-1-8,6,1,8,4500.0,1044,valid,209,1-6-8,all_distinct,15,0.0
3D Lotto,9PM,2016-08-01,3-7-5,3,7,5,4500.0,752,valid,210,3-5-7,all_distinct,15,0.0
3D Lotto,9PM,2016-08-02,2-2-5,2,2,5,4500.0,1282,valid,211,2-2-5,one_pair,9,1.0
3D Lotto,9PM,2016-08-03,1-6-6,1,6,6,4500.0,932,valid,212,1-6-6,one_pair,13,0.0
3D Lotto,9PM,2016-08-04,2-8-2,2,8,2,4500.0,975,valid,213,2-2-8,one_pair,12,0.0
3D Lotto,9PM,2016-08-05,1-4-6,1,4,6,4500.0,649,valid,214,1-4-6,all_distinct,11,0.0
3D Lotto,9PM,2016-08-06,7-3-3,7,3,3,4500.0,498,valid,215,3-3-7,one_pair,13,0.0
3D Lotto,9PM,2016-08-07,1-1-6,1,1,6,4500.0,1213,valid,216,1-1-6,one_pair,8,0.0
3D Lotto,9PM,2016-08-08,1-0-3,1,0,3,4500.0,1180,valid,217,0-1-3,all_distinct,4,1.0
3D Lotto,9PM,2016-08-09,7-0-8,7,0,8,4500.0,1254,valid,218,0-7-8,all_distinct,15,1.0
3D Lotto,9PM,2016-08-10,2-2-2,2,2,2,4500.0,1146,valid,219,2-2-2,triple,6,0.0
3D Lotto,9PM,2016-08-11,1-2-8,1,2,8,4500.0,1239,valid,220,1-2-8,all_distinct,11,1.0
3D Lotto,9PM,2016-08-12,6-3-9,6,3,9,4500.0,471,valid,221,3-6-9,all_distinct,18,0.0
3D Lotto,9PM,2016-08-13,5-5-8,5,5,8,4500.0,761,valid,222,5-5-8,one_pair,18,0.0
3D Lotto,9PM,2016-08-14,5-2-0,5,2,0,4500.0,951,valid,223,0-2-5,all_distinct,7,1.0
3D Lotto,9PM,2016-08-15,9-8-9,9,8,9,4500.0,535,valid,224,8-9-9,one_pair,26,0.0
3D Lotto,9PM,2016-08-16,2-7-8,2,7,8,4500.0,848,valid,225,2-7-8,all_distinct,17,1.0
3D Lotto,9PM,2016-08-17,5-1-1,5,1,1,4500.0,1299,valid,226,1-1-5,one_pair,7,0.0
3D Lotto,9PM,2016-08-18,7-2-6,7,2,6,4500.0,1107,valid,227,2-6-7,all_distinct,15,0.0
3D Lotto,9PM,2016-08-19,8-8-1,8,8,1,4500.0,1230,valid,228,1-8-8,one_pair,17,0.0
3D Lotto,9PM,2016-08-20,0-1-3,0,1,3,4500.0,479,valid,229,0-1-3,all_distinct,4,1.0
3D Lotto,9PM,2016-08-21,0-3-5,0,3,5,4500.0,463,valid,230,0-3-5,all_distinct,8,2.0
3D Lotto,9PM,2016-08-22,5-2-2,5,2,2,4500.0,979,valid,231,2-2-5,one_pair,9,1.0
3D Lotto,9PM,2016-08-23,5-5-3,5,5,3,4500.0,858,valid,232,3-5-5,one_pair,13,1.0
3D Lotto,9PM,2016-08-24,4-6-9,4,6,9,4500.0,604,valid,233,4-6-9,all_distinct,19,0.0
3D Lotto,9PM,2016-08-25,2-7-8,2,7,8,4500.0,754,valid,234,2-7-8,all_distinct,17,0.0
3D Lotto,9PM,2016-08-26,7-7-9,7,7,9,4500.0,459,valid,235,7-7-9,one_pair,23,1.0
3D Lotto,9PM,2016-08-27,1-8-0,1,8,0,4500.0,901,valid,236,0-1-8,all_distinct,9,0.0
3D Lotto,9PM,2016-08-28,7-6-5,7,6,5,4500.0,379,valid,237,5-6-7,all_distinct,18,0.0
3D Lotto,9PM,2016-08-29,1-8-6,1,8,6,4500.0,883,valid,238,1-6-8,all_distinct,15,1.0
3D Lotto,9PM,2016-08-30,6-2-6,6,2,6,4500.0,771,valid,239,2-6-6,one_pair,14,1.0
3D Lotto,9PM,2016-08-31,7-2-9,7,2,9,4500.0,1284,valid,240,2-7-9,all_distinct,18,1.0
3D Lotto,9PM,2016-09-01,0-4-6,0,4,6,4500.0,297,valid,241,0-4-6,all_distinct,10,0.0
3D Lotto,9PM,2016-09-02,7-0-3,7,0,3,4500.0,1099,valid,242,0-3-7,all_distinct,10,1.0
3D Lotto,9PM,2016-09-03,3-7-1,3,7,1,4500.0,1181,valid,243,1-3-7,all_distinct,11,2.0
3D Lotto,9PM,2016-09-04,3-3-7,3,3,7,4500.0,641,valid,244,3-3-7,one_pair,13,2.0
3D Lotto,9PM,2016-09-05,5-2-0,5,2,0,4500.0,1004,valid,245,0-2-5,all_distinct,7,0.0
3D Lotto,9PM,2016-09-06,1-7-0,1,7,0,4500.0,1326,valid,246,0-1-7,all_distinct,8,1.0
3D Lotto,9PM,2016-09-07,6-5-7,6,5,7,4500.0,453,valid,247,5-6-7,all_distinct,18,1.0
3D Lotto,9PM,2016-09-08,3-4-4,3,4,4,4500.0,995,valid,248,3-4-4,one_pair,11,0.0
3D Lotto,9PM,2016-09-09,1-2-7,1,2,7,4500.0,1116,valid,249,1-2-7,all_distinct,10,0.0
3D Lotto,9PM,2016-09-10,4-3-5,4,3,5,4500.0,437,valid,250,3-4-5,all_distinct,12,0.0
3D Lotto,9PM,2016-09-11,6-3-2,6,3,2,4500.0,914,valid,251,2-3-6,all_distinct,11,1.0
3D Lotto,9PM,2016-09-12,9-7-1,9,7,1,4500.0,1078,valid,252,1-7-9,all_distinct,17,0.0
3D Lotto,9PM,2016-09-13,7-2-9,7,2,9,4500.0,728,valid,253,2-7-9,all_distinct,18,2.0
3D Lotto,9PM,2016-09-14,4-1-5,4,1,5,4500.0,1284,valid,254,1-4-5,all_distinct,10,0.0
3D Lotto,9PM,2016-09-15,7-4-0,7,4,0,4500.0,874,valid,255,0-4-7,all_distinct,11,1.0
3D Lotto,9PM,2016-09-16,3-7-1,3,7,1,4500.0,798,valid,256,1-3-7,all_distinct,11,1.0
3D Lotto,9PM,2016-09-17,5-1-8,5,1,8,4500.0,775,valid,257,1-5-8,all_distinct,14,1.0
3D Lotto,9PM,2016-09-18,4-3-2,4,3,2,4500.0,770,valid,258,2-3-4,all_distinct,9,0.0
3D Lotto,9PM,2016-09-19,1-8-0,1,8,0,4500.0,819,valid,259,0-1-8,all_distinct,9,0.0
3D Lotto,9PM,2016-09-20,4-7-1,4,7,1,4500.0,998,valid,260,1-4-7,all_distinct,12,1.0
3D Lotto,9PM,2016-09-21,0-7-2,0,7,2,4500.0,337,valid,261,0-2-7,all_distinct,9,1.0
3D Lotto,9PM,2016-09-22,2-3-7,2,3,7,4500.0,1182,valid,262,2-3-7,all_distinct,12,2.0
3D Lotto,9PM,2016-09-23,0-6-7,0,6,7,4500.0,402,valid,263,0-6-7,all_distinct,13,1.0
3D Lotto,9PM,2016-09-24,7-7-8,7,7,8,4500.0,913,valid,264,7-7-8,one_pair,22,1.0
3D Lotto,9PM,2016-09-25,1-0-0,1,0,0,4500.0,1289,valid,265,0-0-1,one_pair,1,0.0
3D Lotto,9PM,2016-09-26,0-6-2,0,6,2,4500.0,377,valid,266,0-2-6,all_distinct,8,1.0
3D Lotto,9PM,2016-09-27,3-3-9,3,3,9,4500.0,963,valid,267,3-3-9,one_pair,15,0.0
3D Lotto,9PM,2016-09-28,0-6-5,0,6,5,4500.0,281,valid,268,0-5-6,all_distinct,11,0.0
3D Lotto,9PM,2016-09-29,3-7-8,3,7,8,4500.0,836,valid,269,3-7-8,all_distinct,18,0.0
3D Lotto,9PM,2016-09-30,1-7-7,1,7,7,4500.0,1371,valid,270,1-7-7,one_pair,15,1.0
3D Lotto,9PM,2016-10-01,7-7-9,7,7,9,4500.0,584,valid,271,7-7-9,one_pair,23,2.0
3D Lotto,9PM,2016-10-02,8-0-0,8,0,0,4500.0,1184,valid,272,0-0-8,one_pair,8,0.0
3D Lotto,9PM,2016-10-03,2-9-7,2,9,7,4500.0,719,valid,273,2-7-9,all_distinct,18,0.0
3D Lotto,9PM,2016-10-04,5-5-9,5,5,9,4500.0,1339,valid,274,5-5-9,one_pair,19,1.0
3D Lotto,9PM,2016-10-05,2-3-1,2,3,1,4500.0,1360,valid,275,1-2-3,all_distinct,6,0.0
3D Lotto,9PM,2016-10-06,9-3-0,9,3,0,4500.0,1371,valid,276,0-3-9,all_distinct,12,1.0
3D Lotto,9PM,2016-10-07,1-3-0,1,3,0,4500.0,1405,valid,277,0-1-3,all_distinct,4,2.0
3D Lotto,9PM,2016-10-08,7-6-7,7,6,7,4500.0,751,valid,278,6-7-7,one_pair,20,0.0
3D Lotto,9PM,2016-10-09,4-0-7,4,0,7,4500.0,639,valid,279,0-4-7,all_distinct,11,1.0
3D Lotto,9PM,2016-10-10,0-0-1,0,0,1,4500.0,1294,valid,280,0-0-1,one_pair,1,1.0
3D Lotto,9PM,2016-10-11,0-1-9,0,1,9,4500.0,1339,valid,281,0-1-9,all_distinct,10,2.0
3D Lotto,9PM,2016-10-12,2-9-9,2,9,9,4500.0,1120,valid,282,2-9-9,one_pair,20,1.0
3D Lotto,9PM,2016-10-13,2-1-1,2,1,1,4500.0,1372,valid,283,1-1-2,one_pair,4,1.0
3D Lotto,9PM,2016-10-14,5-6-2,5,6,2,4500.0,687,valid,284,2-5-6,all_distinct,13,1.0
3D Lotto,9PM,2016-10-15,4-5-4,4,5,4,4500.0,578,valid,285,4-4-5,one_pair,13,1.0
3D Lotto,9PM,2016-10-16,6-7-2,6,7,2,4500.0,578,valid,286,2-6-7,all_distinct,15,0.0
3D Lotto,9PM,2016-10-17,6-5-8,6,5,8,4500.0,1114,valid,287,5-6-8,all_distinct,19,1.0
3D Lotto,9PM,2016-10-18,9-8-5,9,8,5,4500.0,1104,valid,288,5-8-9,all_distinct,22,2.0
3D Lotto,9PM,2016-10-19,3-6-8,3,6,8,4500.0,629,valid,289,3-6-8,all_distinct,17,1.0
3D Lotto,9PM,2016-10-20,1-9-1,1,9,1,4500.0,935,valid,290,1-1-9,one_pair,11,0.0
3D Lotto,9PM,2016-10-21,8-8-2,8,8,2,4500.0,462,valid,291,2-8-8,one_pair,18,0.0
3D Lotto,9PM,2016-10-22,9-8-6,9,8,6,4500.0,388,valid,292,6-8-9,all_distinct,23,1.0
3D Lotto,9PM,2016-10-23,2-6-2,2,6,2,4500.0,541,valid,293,2-2-6,one_pair,10,1.0
3D Lotto,9PM,2016-10-24,4-7-3,4,7,3,4500.0,1049,valid,294,3-4-7,all_distinct,14,0.0
3D Lotto,9PM,2016-10-25,7-8-2,7,8,2,4500.0,915,valid,295,2-7-8,all_distinct,17,1.0
3D Lotto,9PM,2016-10-26,8-3-7,8,3,7,4500.0,747,valid,296,3-7-8,all_distinct,18,2.0
3D Lotto,9PM,2016-10-27,6-8-8,6,8,8,4500.0,723,valid,297,6-8-8,one_pair,22,1.0
3D Lotto,9PM,2016-10-28,8-6-2,8,6,2,4500.0,1148,valid,298,2-6-8,all_distinct,16,2.0
3D Lotto,9PM,2016-10-29,6-3-3,6,3,3,4500.0,830,valid,299,3-3-6,one_pair,12,1.0
3D Lotto,9PM,2016-10-30,6-9-7,6,9,7,4500.0,509,valid,300,6-7-9,all_distinct,22,1.0
3D Lotto,9PM,2016-10-31,3-5-9,3,5,9,4500.0,989,valid,301,3-5-9,all_distinct,17,1.0
3D Lotto,9PM,2016-11-01,2-8-8,2,8,8,4500.0,776,valid,302,2-8-8,one_pair,18,0.0
3D Lotto,9PM,2016-11-02,8-8-3,8,8,3,4500.0,764,valid,303,3-8-8,one_pair,19,2.0
3D Lotto,9PM,2016-11-03,1-2-8,1,2,8,4500.0,1283,valid,304,1-2-8,all_distinct,11,1.0
3D Lotto,9PM,2016-11-04,6-2-6,6,2,6,4500.0,1039,valid,305,2-6-6,one_pair,14,1.0
3D Lotto,9PM,2016-11-05,2-4-5,2,4,5,4500.0,571,valid,306,2-4-5,all_distinct,11,1.0
3D Lotto,9PM,2016-11-06,1-3-3,1,3,3,4500.0,1044,valid,307,1-3-3,one_pair,7,0.0
3D Lotto,9PM,2016-11-07,3-1-8,3,1,8,4500.0,1331,valid,308,1-3-8,all_distinct,12,2.0
3D Lotto,9PM,2016-11-08,9-0-6,9,0,6,4500.0,882,valid,309,0-6-9,all_distinct,15,0.0
3D Lotto,9PM,2016-11-09,4-6-1,4,6,1,4500.0,815,valid,310,1-4-6,all_distinct,11,1.0
3D Lotto,9PM,2016-11-10,2-5-0,2,5,0,4500.0,1366,valid,311,0-2-5,all_distinct,7,0.0
3D Lotto,9PM,2016-11-11,7-4-5,7,4,5,4500.0,856,valid,312,4-5-7,all_distinct,16,1.0
3D Lotto,9PM,2016-11-12,9-2-3,9,2,3,4500.0,1120,valid,313,2-3-9,all_distinct,14,0.0
3D Lotto,9PM,2016-11-13,7-3-5,7,3,5,4500.0,923,valid,314,3-5-7,all_distinct,15,1.0
3D Lotto,9PM,2016-11-14,0-4-5,0,4,5,4500.0,487,valid,315,0-4-5,all_distinct,9,1.0
3D Lotto,9PM,2016-11-15,1-1-2,1,1,2,4500.0,1403,valid,316,1-1-2,one_pair,4,0.0
3D Lotto,9PM,2016-11-16,4-4-6,4,4,6,4500.0,684,valid,317,4-4-6,one_pair,14,0.0
3D Lotto,9PM,2016-11-17,3-3-6,3,3,6,4500.0,838,valid,318,3-3-6,one_pair,12,1.0
3D Lotto,9PM,2016-11-18,3-1-7,3,1,7,4500.0,1405,valid,319,1-3-7,all_distinct,11,1.0
3D Lotto,9PM,2016-11-19,3-9-6,3,9,6,4500.0,706,valid,320,3-6-9,all_distinct,18,1.0
3D Lotto,9PM,2016-11-20,2-0-8,2,0,8,4500.0,1344,valid,321,0-2-8,all_distinct,10,0.0
3D Lotto,9PM,2016-11-21,4-7-0,4,7,0,4500.0,562,valid,322,0-4-7,all_distinct,11,1.0
3D Lotto,9PM,2016-11-22,2-8-0,2,8,0,4500.0,974,valid,323,0-2-8,all_distinct,10,1.0
3D Lotto,9PM,2016-11-23,8-4-5,8,4,5,4500.0,909,valid,324,4-5-8,all_distinct,17,1.0
3D Lotto,9PM,2016-11-24,4-7-8,4,7,8,4500.0,1000,valid,325,4-7-8,all_distinct,19,2.0
3D Lotto,9PM,2016-11-25,7-5-2,7,5,2,4500.0,868,valid,326,2-5-7,all_distinct,14,1.0
3D Lotto,9PM,2016-11-26,4-2-3,4,2,3,4500.0,662,valid,327,2-3-4,all_distinct,9,1.0
3D Lotto,9PM,2016-11-27,4-9-8,4,9,8,4500.0,404,valid,328,4-8-9,all_distinct,21,1.0
3D Lotto,9PM,2016-11-28,0-8-1,0,8,1,4500.0,409,valid,329,0-1-8,all_distinct,9,1.0
3D Lotto,9PM,2016-11-29,8-4-1,8,4,1,4500.0,1229,valid,330,1-4-8,all_distinct,13,2.0
3D Lotto,9PM,2016-11-30,0-1-4,0,1,4,4500.0,1272,valid,331,0-1-4,all_distinct,5,2.0
3D Lotto,9PM,2016-12-01,3-2-4,3,2,4,4500.0,637,valid,332,2-3-4,all_distinct,9,1.0
3D Lotto,9PM,2016-12-02,1-7-5,1,7,5,4500.0,1419,valid,333,1-5-7,all_distinct,13,0.0
3D Lotto,9PM,2016-12-03,0-0-9,0,0,9,4500.0,480,valid,334,0-0-9,one_pair,9,0.0
3D Lotto,9PM,2016-12-04,2-6-0,2,6,0,4500.0,1065,valid,335,0-2-6,all_distinct,8,1.0
3D Lotto,9PM,2016-12-05,1-2-0,1,2,0,4500.0,1349,valid,336,0-1-2,all_distinct,3,2.0
3D Lotto,9PM,2016-12-06,9-6-8,9,6,8,4500.0,418,valid,337,6-8-9,all_distinct,23,0.0
3D Lotto,9PM,2016-12-07,2-1-1,2,1,1,4500.0,1369,valid,338,1-1-2,one_pair,4,0.0
3D Lotto,9PM,2016-12-08,6-3-4,6,3,4,4500.0,874,valid,339,3-4-6,all_distinct,13,0.0
3D Lotto,9PM,2016-12-09,7-6-9,7,6,9,4500.0,960,valid,340,6-7-9,all_distinct,22,1.0
3D Lotto,9PM,2016-12-10,7-2-4,7,2,4,4500.0,1278,valid,341,2-4-7,all_distinct,13,1.0
3D Lotto,9PM,2016-12-11,3-2-1,3,2,1,4500.0,891,valid,342,1-2-3,all_distinct,6,1.0
3D Lotto,9PM,2016-12-12,4-5-1,4,5,1,4500.0,1137,valid,343,1-4-5,all_distinct,10,1.0
3D Lotto,9PM,2016-12-13,9-9-7,9,9,7,4500.0,488,valid,344,7-9-9,one_pair,25,0.0
3D Lotto,9PM,2016-12-14,4-2-3,4,2,3,4500.0,551,valid,345,2-3-4,all_distinct,9,0.0
3D Lotto,9PM,2016-12-15,0-0-7,0,0,7,4500.0,502,valid,346,0-0-7,one_pair,7,0.0
3D Lotto,9PM,2016-12-16,4-4-8,4,4,8,4500.0,1205,valid,347,4-4-8,one_pair,16,0.0
3D Lotto,9PM,2016-12-17,4-2-3,4,2,3,4500.0,470,valid,348,2-3-4,all_distinct,9,1.0
3D Lotto,9PM,2016-12-18,2-2-2,2,2,2,4500.0,1222,valid,349,2-2-2,triple,6,1.0
3D Lotto,9PM,2016-12-19,4-5-6,4,5,6,4500.0,592,valid,350,4-5-6,all_distinct,15,0.0
3D Lotto,9PM,2016-12-20,5-0-5,5,0,5,4500.0,902,valid,351,0-5-5,one_pair,10,1.0
3D Lotto,9PM,2016-12-21,6-7-0,6,7,0,4500.0,557,valid,352,0-6-7,all_distinct,13,1.0
3D Lotto,9PM,2016-12-22,3-2-5,3,2,5,4500.0,1488,valid,353,2-3-5,all_distinct,10,0.0
3D Lotto,9PM,2016-12-23,7-6-0,7,6,0,4500.0,443,valid,354,0-6-7,all_distinct,13,0.0
3D Lotto,9PM,2016-12-24,7-9-5,7,9,5,4500.0,833,valid,355,5-7-9,all_distinct,21,1.0
3D Lotto,9PM,2016-12-26,7-0-1,7,0,1,4500.0,1038,valid,356,0-1-7,all_distinct,8,1.0
3D Lotto,9PM,2016-12-27,0-1-8,0,1,8,4500.0,797,valid,357,0-1-8,all_distinct,9,2.0
3D Lotto,9PM,2016-12-28,2-5-7,2,5,7,4500.0,1038,valid,358,2-5-7,all_distinct,14,0.0
3D Lotto,9PM,2016-12-29,1-1-6,1,1,6,4500.0,1487,valid,359,1-1-6,one_pair,8,0.0
3D Lotto,9PM,2016-12-30,1-4-6,1,4,6,4500.0,1038,valid,360,1-4-6,all_distinct,11,2.0
3D Lotto,9PM,2016-12-31,0-4-0,0,4,0,4500.0,540,valid,361,0-0-4,one_pair,4,1.0
3D Lotto,9PM,2017-01-02,8-9-9,8,9,9,4500.0,785,valid,362,8-9-9,one_pair,26,0.0
3D Lotto,9PM,2017-01-03,9-7-1,9,7,1,4500.0,542,valid,363,1-7-9,all_distinct,17,1.0
3D Lotto,9PM,2017-01-04,2-1-6,2,1,6,4500.0,1375,valid,364,1-2-6,all_distinct,9,1.0
3D Lotto,9PM,2017-01-05,3-0-1,3,0,1,4500.0,1023,valid,365,0-1-3,all_distinct,4,1.0
3D Lotto,9PM,2017-01-06,0-2-9,0,2,9,4500.0,669,valid,366,0-2-9,all_distinct,11,1.0
3D Lotto,9PM,2017-01-07,9-5-9,9,5,9,4500.0,494,valid,367,5-9-9,one_pair,23,1.0
3D Lotto,9PM,2017-01-08,8-6-6,8,6,6,4500.0,616,valid,368,6-6-8,one_pair,20,0.0
3D Lotto,9PM,2017-01-09,6-0-8,6,0,8,4500.0,1011,valid,369,0-6-8,all_distinct,14,2.0
3D Lotto,9PM,2017-01-10,5-1-0,5,1,0,4500.0,1173,valid,370,0-1-5,all_distinct,6,1.0
3D Lotto,9PM,2017-01-11,7-4-8,7,4,8,4500.0,911,valid,371,4-7-8,all_distinct,19,0.0
3D Lotto,9PM,2017-01-12,1-5-9,1,5,9,4500.0,1174,valid,372,1-5-9,all_distinct,15,0.0
3D Lotto,9PM,2017-01-13,8-8-8,8,8,8,4500.0,1272,valid,373,8-8-8,triple,24,0.0
3D Lotto,9PM,2017-01-14,1-6-3,1,6,3,4500.0,1286,valid,374,1-3-6,all_distinct,10,0.0
3D Lotto,9PM,2017-01-15,2-1-8,2,1,8,4500.0,1094,valid,375,1-2-8,all_distinct,11,1.0
3D Lotto,9PM,2017-01-16,1-9-2,1,9,2,4500.0,1225,valid,376,1-2-9,all_distinct,12,2.0
3D Lotto,9PM,2017-01-17,9-5-0,9,5,0,4500.0,494,valid,377,0-5-9,all_distinct,14,1.0
3D Lotto,9PM,2017-01-18,2-1-5,2,1,5,4500.0,1206,valid,378,1-2-5,all_distinct,8,1.0
3D Lotto,9PM,2017-01-19,8-0-9,8,0,9,4500.0,1118,valid,379,0-8-9,all_distinct,17,0.0
3D Lotto,9PM,2017-01-20,8-6-3,8,6,3,4500.0,844,valid,380,3-6-8,all_distinct,17,1.0
3D Lotto,9PM,2017-01-21,4-3-6,4,3,6,4500.0,703,valid,381,3-4-6,all_distinct,13,2.0
3D Lotto,9PM,2017-01-22,3-0-8,3,0,8,4500.0,1139,valid,382,0-3-8,all_distinct,11,1.0
3D Lotto,9PM,2017-01-23,5-8-3,5,8,3,4500.0,740,valid,383,3-5-8,all_distinct,16,2.0
3D Lotto,9PM,2017-01-24,8-0-6,8,0,6,4500.0,1013,valid,384,0-6-8,all_distinct,14,1.0
3D Lotto,9PM,2017-01-25,5-0-9,5,0,9,4500.0,831,valid,385,0-5-9,all_distinct,14,1.0
3D Lotto,9PM,2017-01-26,4-8-1,4,8,1,4500.0,1371,valid,386,1-4-8,all_distinct,13,0.0
3D Lotto,9PM,2017-01-27,3-4-7,3,4,7,4500.0,1292,valid,387,3-4-7,all_distinct,14,1.0
3D Lotto,9PM,2017-01-28,0-7-4,0,7,4,4500.0,415,valid,388,0-4-7,all_distinct,11,2.0
3D Lotto,9PM,2017-01-29,1-1-3,1,1,3,4500.0,1315,valid,389,1-1-3,one_pair,5,0.0
3D Lotto,9PM,2017-01-30,7-1-6,7,1,6,4500.0,1284,valid,390,1-6-7,all_distinct,14,1.0
3D Lotto,9PM,2017-01-31,2-1-9,2,1,9,4500.0,1304,valid,391,1-2-9,all_distinct,12,1.0
3D Lotto,9PM,2017-02-01,2-8-7,2,8,7,4500.0,936,valid,392,2-7-8,all_distinct,17,1.0
3D Lotto,9PM,2017-02-02,7-2-0,7,2,0,4500.0,1196,valid,393,0-2-7,all_distinct,9,2.0
3D Lotto,9PM,2017-02-03,3-6-6,3,6,6,4500.0,585,valid,394,3-6-6,one_pair,15,0.0
3D Lotto,9PM,2017-02-04,5-7-3,5,7,3,4500.0,895,valid,395,3-5-7,all_distinct,15,1.0
3D Lotto,9PM,2017-02-05,7-1-8,7,1,8,4500.0,1120,valid,396,1-7-8,all_distinct,16,1.0
3D Lotto,9PM,2017-02-06,6-4-6,6,4,6,4500.0,794,valid,397,4-6-6,one_pair,16,0.0
3D Lotto,9PM,2017-02-07,6-5-3,6,5,3,4500.0,852,valid,398,3-5-6,all_distinct,14,1.0
3D Lotto,9PM,2017-02-08,4-4-2,4,4,2,4500.0,560,valid,399,2-4-4,one_pair,10,0.0
3D Lotto,9PM,2017-02-09,3-1-6,3,1,6,4500.0,973,valid,400,1-3-6,all_distinct,10,0.0
3D Lotto,9PM,2017-02-10,6-7-7,6,7,7,4500.0,537,valid,401,6-7-7,one_pair,20,1.0
3D Lotto,9PM,2017-02-11,5-4-6,5,4,6,4500.0,727,valid,402,4-5-6,all_distinct,15,1.0
3D Lotto,9PM,2017-02-12,0-2-3,0,2,3,4500.0,1004,valid,403,0-2-3,all_distinct,5,0.0
3D Lotto,9PM,2017-02-13,2-8-3,2,8,3,4500.0,867,valid,404,2-3-8,all_distinct,13,2.0
3D Lotto,9PM,2017-02-14,5-4-4,5,4,4,4500.0,922,valid,405,4-4-5,one_pair,13,0.0
3D Lotto,9PM,2017-02-15,0-8-8,0,8,8,4500.0,567,valid,406,0-8-8,one_pair,16,0.0
3D Lotto,9PM,2017-02-16,5-6-7,5,6,7,4500.0,406,valid,407,5-6-7,all_distinct,18,0.0
3D Lotto,9PM,2017-02-17,2-5-0,2,5,0,4500.0,1618,valid,408,0-2-5,all_distinct,7,1.0
3D Lotto,9PM,2017-02-18,0-7-6,0,7,6,4500.0,1194,valid,409,0-6-7,all_distinct,13,1.0
3D Lotto,9PM,2017-02-19,8-7-9,8,7,9,4500.0,868,valid,410,7-8-9,all_distinct,24,1.0
3D Lotto,9PM,2017-02-20,0-2-9,0,2,9,4500.0,772,valid,411,0-2-9,all_distinct,11,1.0
3D Lotto,9PM,2017-02-21,8-1-9,8,1,9,4500.0,1583,valid,412,1-8-9,all_distinct,18,1.0
3D Lotto,9PM,2017-02-22,7-5-7,7,5,7,4500.0,827,valid,413,5-7-7,one_pair,19,0.0
3D Lotto,9PM,2017-02-23,8-6-0,8,6,0,4500.0,1193,valid,414,0-6-8,all_distinct,14,0.0
3D Lotto,9PM,2017-02-24,6-8-6,6,8,6,4500.0,1617,valid,415,6-6-8,one_pair,20,2.0
3D Lotto,9PM,2017-02-25,8-5-0,8,5,0,4500.0,730,valid,416,0-5-8,all_distinct,13,1.0
3D Lotto,9PM,2017-02-26,2-4-2,2,4,2,4500.0,1464,valid,417,2-2-4,one_pair,8,0.0
3D Lotto,9PM,2017-02-27,4-0-8,4,0,8,4500.0,1578,valid,418,0-4-8,all_distinct,12,1.0
3D Lotto,9PM,2017-02-28,7-4-6,7,4,6,4500.0,1666,valid,419,4-6-7,all_distinct,17,1.0
3D Lotto,9PM,2017-03-01,2-9-5,2,9,5,4500.0,778,valid,420,2-5-9,all_distinct,16,0.0
3D Lotto,9PM,2017-03-02,8-7-2,8,7,2,4500.0,897,valid,421,2-7-8,all_distinct,17,1.0
3D Lotto,9PM,2017-03-03,4-4-5,4,4,5,4500.0,1046,valid,422,4-4-5,one_pair,13,0.0
3D Lotto,9PM,2017-03-04,0-9-9,0,9,9,4500.0,813,valid,423,0-9-9,one_pair,18,0.0
3D Lotto,9PM,2017-03-05,8-6-2,8,6,2,4500.0,904,valid,424,2-6-8,all_distinct,16,0.0
3D Lotto,9PM,2017-03-06,6-9-8,6,9,8,4500.0,877,valid,425,6-8-9,all_distinct,23,2.0
3D Lotto,9PM,2017-03-07,4-9-4,4,9,4,4500.0,557,valid,426,4-4-9,one_pair,17,1.0
3D Lotto,9PM,2017-03-08,1-5-3,1,5,3,4500.0,1483,valid,427,1-3-5,all_distinct,9,0.0
3D Lotto,9PM,2017-03-09,0-5-2,0,5,2,4500.0,572,valid,428,0-2-5,all_distinct,7,1.0
3D Lotto,9PM,2017-03-10,5-2-5,5,2,5,4500.0,1449,valid,429,2-5-5,one_pair,12,2.0
3D Lotto,9PM,2017-03-11,5-7-7,5,7,7,4500.0,878,valid,430,5-7-7,one_pair,19,1.0
3D Lotto,9PM,2017-03-12,8-8-1,8,8,1,4500.0,1003,valid,431,1-8-8,one_pair,17,0.0
3D Lotto,9PM,2017-03-13,0-5-6,0,5,6,4500.0,588,valid,432,0-5-6,all_distinct,11,0.0
3D Lotto,9PM,2017-03-14,4-7-6,4,7,6,4500.0,877,valid,433,4-6-7,all_distinct,17,1.0
3D Lotto,9PM,2017-03-15,1-5-2,1,5,2,4500.0,978,valid,434,1-2-5,all_distinct,8,0.0
3D Lotto,9PM,2017-03-16,4-6-8,4,6,8,4500.0,885,valid,435,4-6-8,all_distinct,18,0.0
3D Lotto,9PM,2017-03-17,7-2-7,7,2,7,4500.0,1537,valid,436,2-7-7,one_pair,16,0.0
3D Lotto,9PM,2017-03-18,1-2-6,1,2,6,4500.0,1133,valid,437,1-2-6,all_distinct,9,1.0
3D Lotto,9PM,2017-03-19,4-7-5,4,7,5,4500.0,1130,valid,438,4-5-7,all_distinct,16,0.0
3D Lotto,9PM,2017-03-20,1-4-7,1,4,7,4500.0,1461,valid,439,1-4-7,all_distinct,12,2.0
3D Lotto,9PM,2017-03-21,4-2-9,4,2,9,4500.0,1503,valid,440,2-4-9,all_distinct,15,1.0
3D Lotto,9PM,2017-03-22,5-0-7,5,0,7,4500.0,1220,valid,441,0-5-7,all_distinct,12,0.0
3D Lotto,9PM,2017-03-23,7-0-5,7,0,5,4500.0,1137,valid,442,0-5-7,all_distinct,12,3.0
3D Lotto,9PM,2017-03-24,2-5-8,2,5,8,4500.0,1497,valid,443,2-5-8,all_distinct,15,1.0
3D Lotto,9PM,2017-03-25,2-7-9,2,7,9,4500.0,1208,valid,444,2-7-9,all_distinct,18,1.0
3D Lotto,9PM,2017-03-26,7-6-2,7,6,2,4500.0,708,valid,445,2-6-7,all_distinct,15,2.0
3D Lotto,9PM,2017-03-27,8-8-5,8,8,5,4500.0,658,valid,446,5-8-8,one_pair,21,0.0
3D Lotto,9PM,2017-03-28,3-2-1,3,2,1,4500.0,1491,valid,447,1-2-3,all_distinct,6,0.0
3D Lotto,9PM,2017-03-29,1-0-8,1,0,8,4500.0,1483,valid,448,0-1-8,all_distinct,9,1.0
3D Lotto,9PM,2017-03-30,3-6-5,3,6,5,4500.0,1208,valid,449,3-5-6,all_distinct,14,0.0
3D Lotto,9PM,2017-03-31,9-4-5,9,4,5,4500.0,1268,valid,450,4-5-9,all_distinct,18,1.0
3D Lotto,9PM,2017-04-01,6-8-2,6,8,2,4500.0,767,valid,451,2-6-8,all_distinct,16,0.0
3D Lotto,9PM,2017-04-02,5-0-6,5,0,6,4500.0,942,valid,452,0-5-6,all_distinct,11,1.0
3D Lotto,9PM,2017-04-03,0-4-4,0,4,4,4500.0,891,valid,453,0-4-4,one_pair,8,1.0
3D Lotto,9PM,2017-04-04,4-7-9,4,7,9,4500.0,1380,valid,454,4-7-9,all_distinct,20,1.0
3D Lotto,9PM,2017-04-05,6-5-8,6,5,8,4500.0,1038,valid,455,5-6-8,all_distinct,19,0.0
3D Lotto,9PM,2017-04-06,5-4-5,5,4,5,4500.0,710,valid,456,4-5-5,one_pair,14,1.0
3D Lotto,9PM,2017-04-07,1-5-0,1,5,0,4500.0,1469,valid,457,0-1-5,all_distinct,6,1.0
3D Lotto,9PM,2017-04-08,4-0-7,4,0,7,4500.0,1496,valid,458,0-4-7,all_distinct,11,1.0
3D Lotto,9PM,2017-04-09,4-1-6,4,1,6,4500.0,1425,valid,459,1-4-6,all_distinct,11,1.0
3D Lotto,9PM,2017-04-10,5-2-5,5,2,5,4500.0,1390,valid,460,2-5-5,one_pair,12,0.0
3D Lotto,9PM,2017-04-11,2-7-2,2,7,2,4500.0,1123,valid,461,2-2-7,one_pair,11,1.0
3D Lotto,9PM,2017-04-12,1-6-9,1,6,9,4500.0,1547,valid,462,1-6-9,all_distinct,16,0.0
3D Lotto,9PM,2017-04-17,4-2-1,4,2,1,4500.0,1344,valid,463,1-2-4,all_distinct,7,1.0
3D Lotto,9PM,2017-04-18,2-7-7,2,7,7,4500.0,641,valid,464,2-7-7,one_pair,16,1.0
3D Lotto,9PM,2017-04-19,0-5-5,0,5,5,4500.0,612,valid,465,0-5-5,one_pair,10,0.0
3D Lotto,9PM,2017-04-20,0-2-1,0,2,1,4500.0,846,valid,466,0-1-2,all_distinct,3,1.0
3D Lotto,9PM,2017-04-21,2-8-2,2,8,2,4500.0,487,valid,467,2-2-8,one_pair,12,1.0
3D Lotto,9PM,2017-04-22,6-0-1,6,0,1,4500.0,1126,valid,468,0-1-6,all_distinct,7,0.0
3D Lotto,9PM,2017-04-23,4-0-4,4,0,4,4500.0,1201,valid,469,0-4-4,one_pair,8,1.0
3D Lotto,9PM,2017-04-24,2-2-9,2,2,9,4500.0,1377,valid,470,2-2-9,one_pair,13,0.0
3D Lotto,9PM,2017-04-25,6-2-0,6,2,0,4500.0,1064,valid,471,0-2-6,all_distinct,8,1.0
3D Lotto,9PM,2017-04-26,7-4-4,7,4,4,4500.0,1240,valid,472,4-4-7,one_pair,15,0.0
3D Lotto,9PM,2017-04-27,8-9-0,8,9,0,4500.0,692,valid,473,0-8-9,all_distinct,17,0.0
3D Lotto,9PM,2017-04-28,0-0-3,0,0,3,4500.0,533,valid,474,0-0-3,one_pair,3,1.0
3D Lotto,9PM,2017-04-29,1-7-0,1,7,0,4500.0,1321,valid,475,0-1-7,all_distinct,8,1.0
3D Lotto,9PM,2017-04-30,2-8-5,2,8,5,4500.0,1117,valid,476,2-5-8,all_distinct,15,0.0
3D Lotto,9PM,2017-05-01,4-8-8,4,8,8,4500.0,639,valid,477,4-8-8,one_pair,20,1.0
3D Lotto,9PM,2017-05-02,1-1-3,1,1,3,4500.0,1324,valid,478,1-1-3,one_pair,5,0.0
3D Lotto,9PM,2017-05-03,0-3-7,0,3,7,4500.0,776,valid,479,0-3-7,all_distinct,10,1.0
3D Lotto,9PM,2017-05-04,8-5-4,8,5,4,4500.0,825,valid,480,4-5-8,all_distinct,17,0.0
3D Lotto,9PM,2017-05-05,2-8-6,2,8,6,4500.0,917,valid,481,2-6-8,all_distinct,16,1.0
3D Lotto,9PM,2017-05-06,2-4-8,2,4,8,4500.0,1380,valid,482,2-4-8,all_distinct,14,2.0
3D Lotto,9PM,2017-05-07,8-3-0,8,3,0,4500.0,455,valid,483,0-3-8,all_distinct,11,1.0
3D Lotto,9PM,2017-05-08,2-5-0,2,5,0,4500.0,1304,valid,484,0-2-5,all_distinct,7,1.0
3D Lotto,9PM,2017-05-09,7-4-7,7,4,7,4500.0,1269,valid,485,4-7-7,one_pair,18,0.0
3D Lotto,9PM,2017-05-10,7-4-7,7,4,7,4500.0,256,valid,486,4-7-7,one_pair,18,3.0
3D Lotto,9PM,2017-05-11,3-2-3,3,2,3,4500.0,1235,valid,487,2-3-3,one_pair,8,0.0
3D Lotto,9PM,2017-05-12,3-8-1,3,8,1,4500.0,735,valid,488,1-3-8,all_distinct,12,1.0
3D Lotto,9PM,2017-05-13,3-6-9,3,6,9,4500.0,1003,valid,489,3-6-9,all_distinct,18,1.0
3D Lotto,9PM,2017-05-14,6-9-6,6,9,6,4500.0,385,valid,490,6-6-9,one_pair,21,2.0
3D Lotto,9PM,2017-05-15,9-7-1,9,7,1,4500.0,854,valid,491,1-7-9,all_distinct,17,1.0
3D Lotto,9PM,2017-05-16,7-7-5,7,7,5,4500.0,644,valid,492,5-7-7,one_pair,19,1.0
3D Lotto,9PM,2017-05-17,7-0-3,7,0,3,4500.0,914,valid,493,0-3-7,all_distinct,10,1.0
3D Lotto,9PM,2017-05-18,6-9-0,6,9,0,4500.0,1087,valid,494,0-6-9,all_distinct,15,1.0
3D Lotto,9PM,2017-05-19,8-2-4,8,2,4,4500.0,905,valid,495,2-4-8,all_distinct,14,0.0
3D Lotto,9PM,2017-05-20,6-0-9,6,0,9,4500.0,690,valid,496,0-6-9,all_distinct,15,0.0
3D Lotto,9PM,2017-05-21,7-2-1,7,2,1,4500.0,1234,valid,497,1-2-7,all_distinct,10,0.0
3D Lotto,9PM,2017-05-22,2-0-2,2,0,2,4500.0,1384,valid,498,0-2-2,one_pair,4,1.0
3D Lotto,9PM,2017-05-23,0-5-3,0,5,3,4500.0,577,valid,499,0-3-5,all_distinct,8,1.0
3D Lotto,9PM,2017-05-24,9-7-3,9,7,3,4500.0,902,valid,500,3-7-9,all_distinct,19,1.0
3D Lotto,9PM,2017-05-25,1-4-8,1,4,8,4500.0,1328,valid,501,1-4-8,all_distinct,13,0.0
3D Lotto,9PM,2017-05-26,7-3-1,7,3,1,4500.0,1150,valid,502,1-3-7,all_distinct,11,1.0
3D Lotto,9PM,2017-05-27,7-4-6,7,4,6,4500.0,1017,valid,503,4-6-7,all_distinct,17,1.0
3D Lotto,9PM,2017-05-28,1-3-3,1,3,3,4500.0,1140,valid,504,1-3-3,one_pair,7,0.0
3D Lotto,9PM,2017-05-29,8-6-8,8,6,8,4500.0,609,valid,505,6-8-8,one_pair,22,0.0
3D Lotto,9PM,2017-05-30,7-4-7,7,4,7,4500.0,1350,valid,506,4-7-7,one_pair,18,0.0
3D Lotto,9PM,2017-05-31,0-4-8,0,4,8,4500.0,438,valid,507,0-4-8,all_distinct,12,1.0
3D Lotto,9PM,2017-06-01,7-9-9,7,9,9,4500.0,411,valid,508,7-9-9,one_pair,25,0.0
3D Lotto,9PM,2017-06-02,3-5-4,3,5,4,4500.0,759,valid,509,3-4-5,all_distinct,12,0.0
3D Lotto,9PM,2017-06-03,9-4-3,9,4,3,4500.0,821,valid,510,3-4-9,all_distinct,16,2.0
3D Lotto,9PM,2017-06-04,1-7-9,1,7,9,4500.0,986,valid,511,1-7-9,all_distinct,17,1.0
3D Lotto,9PM,2017-06-05,3-8-1,3,8,1,4500.0,1334,valid,512,1-3-8,all_distinct,12,1.0
3D Lotto,9PM,2017-06-06,6-6-3,6,6,3,4500.0,789,valid,513,3-6-6,one_pair,15,1.0
3D Lotto,9PM,2017-06-07,9-0-6,9,0,6,4500.0,757,valid,514,0-6-9,all_distinct,15,1.0
3D Lotto,9PM,2017-06-08,5-7-9,5,7,9,4500.0,1201,valid,515,5-7-9,all_distinct,21,1.0
3D Lotto,9PM,2017-06-09,0-8-4,0,8,4,4500.0,255,valid,516,0-4-8,all_distinct,12,0.0
3D Lotto,9PM,2017-06-10,6-8-7,6,8,7,4500.0,1055,valid,517,6-7-8,all_distinct,21,1.0
3D Lotto,9PM,2017-06-11,0-0-2,0,0,2,4500.0,394,valid,518,0-0-2,one_pair,2,0.0
3D Lotto,9PM,2017-06-12,4-0-2,4,0,2,4500.0,1146,valid,519,0-2-4,all_distinct,6,2.0
3D Lotto,9PM,2017-06-13,1-2-1,1,2,1,4500.0,1214,valid,520,1-1-2,one_pair,4,1.0
3D Lotto,9PM,2017-06-14,0-8-6,0,8,6,4500.0,528,valid,521,0-6-8,all_distinct,14,0.0
3D Lotto,9PM,2017-06-15,0-2-2,0,2,2,4500.0,838,valid,522,0-2-2,one_pair,4,1.0
3D Lotto,9PM,2017-06-16,7-4-3,7,4,3,4500.0,1000,valid,523,3-4-7,all_distinct,14,0.0
3D Lotto,9PM,2017-06-17,6-7-8,6,7,8,4500.0,371,valid,524,6-7-8,all_distinct,21,1.0
3D Lotto,9PM,2017-06-18,4-4-1,4,4,1,4500.0,801,valid,525,1-4-4,one_pair,9,0.0
3D Lotto,9PM,2017-06-19,6-7-8,6,7,8,4500.0,234,valid,526,6-7-8,all_distinct,21,0.0
3D Lotto,9PM,2017-06-20,0-8-8,0,8,8,4500.0,601,valid,527,0-8-8,one_pair,16,1.0
3D Lotto,9PM,2017-06-21,8-3-2,8,3,2,4500.0,912,valid,528,2-3-8,all_distinct,13,1.0
3D Lotto,9PM,2017-06-22,2-0-5,2,0,5,4500.0,953,valid,529,0-2-5,all_distinct,7,1.0
3D Lotto,9PM,2017-06-23,8-5-6,8,5,6,4500.0,836,valid,530,5-6-8,all_distinct,19,1.0
3D Lotto,9PM,2017-06-24,8-9-4,8,9,4,4500.0,391,valid,531,4-8-9,all_distinct,21,1.0
3D Lotto,9PM,2017-06-25,0-6-4,0,6,4,4500.0,206,valid,532,0-4-6,all_distinct,10,1.0
3D Lotto,9PM,2017-06-26,6-2-9,6,2,9,4500.0,1268,valid,533,2-6-9,all_distinct,17,1.0
3D Lotto,9PM,2017-06-27,2-3-9,2,3,9,4500.0,757,valid,534,2-3-9,all_distinct,14,2.0
3D Lotto,9PM,2017-06-28,4-6-7,4,6,7,4500.0,535,valid,535,4-6-7,all_distinct,17,0.0
3D Lotto,9PM,2017-06-29,6-8-3,6,8,3,4500.0,566,valid,536,3-6-8,all_distinct,17,1.0
3D Lotto,9PM,2017-06-30,9-7-0,9,7,0,4500.0,710,valid,537,0-7-9,all_distinct,16,0.0
3D Lotto,9PM,2017-07-01,6-2-7,6,2,7,4500.0,1354,valid,538,2-6-7,all_distinct,15,1.0
3D Lotto,9PM,2017-07-02,8-1-6,8,1,6,4500.0,1116,valid,539,1-6-8,all_distinct,15,1.0
3D Lotto,9PM,2017-07-03,6-4-4,6,4,4,4500.0,1029,valid,540,4-4-6,one_pair,14,1.0
3D Lotto,9PM,2017-07-04,9-0-8,9,0,8,4500.0,809,valid,541,0-8-9,all_distinct,17,0.0
3D Lotto,9PM,2017-07-05,9-1-2,9,1,2,4500.0,1044,valid,542,1-2-9,all_distinct,12,1.0
3D Lotto,9PM,2017-07-06,9-8-8,9,8,8,4500.0,783,valid,543,8-8-9,one_pair,25,1.0
3D Lotto,9PM,2017-07-07,4-0-5,4,0,5,4500.0,867,valid,544,0-4-5,all_distinct,9,0.0
3D Lotto,9PM,2017-07-08,7-5-9,7,5,9,4500.0,651,valid,545,5-7-9,all_distinct,21,1.0
3D Lotto,9PM,2017-07-09,3-3-8,3,3,8,4500.0,816,valid,546,3-3-8,one_pair,14,0.0
3D Lotto,9PM,2017-07-10,5-1-3,5,1,3,4500.0,1215,valid,547,1-3-5,all_distinct,9,1.0
3D Lotto,9PM,2017-07-11,5-5-1,5,5,1,4500.0,720,valid,548,1-5-5,one_pair,11,2.0
3D Lotto,9PM,2017-07-12,5-0-9,5,0,9,4500.0,1054,valid,549,0-5-9,all_distinct,14,1.0
3D Lotto,9PM,2017-07-13,4-6-8,4,6,8,4500.0,867,valid,550,4-6-8,all_distinct,18,0.0
3D Lotto,9PM,2017-07-14,2-3-3,2,3,3,4500.0,497,valid,551,2-3-3,one_pair,8,0.0
3D Lotto,9PM,2017-07-15,8-9-3,8,9,3,4500.0,395,valid,552,3-8-9,all_distinct,20,1.0
3D Lotto,9PM,2017-07-16,7-2-9,7,2,9,4500.0,1266,valid,553,2-7-9,all_distinct,18,1.0
3D Lotto,9PM,2017-07-17,0-2-7,0,2,7,4500.0,1097,valid,554,0-2-7,all_distinct,9,2.0
3D Lotto,9PM,2017-07-18,2-6-5,2,6,5,4500.0,796,valid,555,2-5-6,all_distinct,13,1.0
3D Lotto,9PM,2017-07-19,4-7-4,4,7,4,4500.0,761,valid,556,4-4-7,one_pair,15,0.0
3D Lotto,9PM,2017-07-20,6-0-4,6,0,4,4500.0,695,valid,557,0-4-6,all_distinct,10,1.0
3D Lotto,9PM,2017-07-21,0-9-3,0,9,3,4500.0,501,valid,558,0-3-9,all_distinct,12,1.0
3D Lotto,9PM,2017-07-22,2-6-7,2,6,7,4500.0,736,valid,559,2-6-7,all_distinct,15,0.0
3D Lotto,9PM,2017-07-23,3-4-0,3,4,0,4500.0,828,valid,560,0-3-4,all_distinct,7,0.0
3D Lotto,9PM,2017-07-24,5-0-1,5,0,1,4500.0,1273,valid,561,0-1-5,all_distinct,6,1.0
3D Lotto,9PM,2017-07-25,8-3-6,8,3,6,4500.0,876,valid,562,3-6-8,all_distinct,17,0.0
3D Lotto,9PM,2017-07-26,6-6-3,6,6,3,4500.0,498,valid,563,3-6-6,one_pair,15,2.0
3D Lotto,9PM,2017-07-27,5-1-8,5,1,8,4500.0,1316,valid,564,1-5-8,all_distinct,14,0.0
3D Lotto,9PM,2017-07-28,5-1-9,5,1,9,4500.0,1331,valid,565,1-5-9,all_distinct,15,2.0
3D Lotto,9PM,2017-07-29,0-7-9,0,7,9,4500.0,477,valid,566,0-7-9,all_distinct,16,1.0
3D Lotto,9PM,2017-07-30,0-9-2,0,9,2,4500.0,440,valid,567,0-2-9,all_distinct,11,2.0
3D Lotto,9PM,2017-07-31,3-4-4,3,4,4,4500.0,1007,valid,568,3-4-4,one_pair,11,0.0
3D Lotto,9PM,2017-08-01,5-5-8,5,5,8,4500.0,1210,valid,569,5-5-8,one_pair,18,0.0
3D Lotto,9PM,2017-08-02,3-1-2,3,1,2,4500.0,1368,valid,570,1-2-3,all_distinct,6,0.0
3D Lotto,9PM,2017-08-03,1-1-7,1,1,7,4500.0,1421,valid,571,1-1-7,one_pair,9,1.0
3D Lotto,9PM,2017-08-04,9-0-5,9,0,5,4500.0,1005,valid,572,0-5-9,all_distinct,14,0.0
3D Lotto,9PM,2017-08-05,1-3-1,1,3,1,4500.0,1444,valid,573,1-1-3,one_pair,5,0.0
3D Lotto,9PM,2017-08-06,7-0-0,7,0,0,4500.0,914,valid,574,0-0-7,one_pair,7,0.0
3D Lotto,9PM,2017-08-07,7-0-0,7,0,0,4500.0,337,valid,575,0-0-7,one_pair,7,3.0
3D Lotto,9PM,2017-08-08,5-4-1,5,4,1,4500.0,1118,valid,576,1-4-5,all_distinct,10,0.0
3D Lotto,9PM,2017-08-09,7-3-8,7,3,8,4500.0,762,valid,577,3-7-8,all_distinct,18,0.0
3D Lotto,9PM,2017-08-10,9-3-3,9,3,3,4500.0,1384,valid,578,3-3-9,one_pair,15,1.0
3D Lotto,9PM,2017-08-11,1-6-4,1,6,4,4500.0,1120,valid,579,1-4-6,all_distinct,11,0.0
3D Lotto,9PM,2017-08-12,7-6-6,7,6,6,4500.0,524,valid,580,6-6-7,one_pair,19,1.0
3D Lotto,9PM,2017-08-13,9-7-4,9,7,4,4500.0,578,valid,581,4-7-9,all_distinct,20,1.0
3D Lotto,9PM,2017-08-14,6-6-2,6,6,2,4500.0,684,valid,582,2-6-6,one_pair,14,0.0
3D Lotto,9PM,2017-08-15,1-5-8,1,5,8,4500.0,1394,valid,583,1-5-8,all_distinct,14,0.0
3D Lotto,9PM,2017-08-16,2-7-2,2,7,2,4500.0,953,valid,584,2-2-7,one_pair,11,0.0
3D Lotto,9PM,2017-08-17,7-5-4,7,5,4,4500.0,1234,valid,585,4-5-7,all_distinct,16,1.0
3D Lotto,9PM,2017-08-18,5-2-6,5,2,6,4500.0,1380,valid,586,2-5-6,all_distinct,13,1.0
3D Lotto,9PM,2017-08-19,7-6-0,7,6,0,4500.0,859,valid,587,0-6-7,all_distinct,13,1.0
3D Lotto,9PM,2017-08-20,2-6-6,2,6,6,4500.0,877,valid,588,2-6-6,one_pair,14,1.0
3D Lotto,9PM,2017-08-21,8-1-0,8,1,0,4500.0,1154,valid,589,0-1-8,all_distinct,9,0.0
3D Lotto,9PM,2017-08-22,9-9-8,9,9,8,4500.0,894,valid,590,8-9-9,one_pair,26,1.0
3D Lotto,9PM,2017-08-23,1-1-1,1,1,1,4500.0,1238,valid,591,1-1-1,triple,3,0.0
3D Lotto,9PM,2017-08-24,9-9-9,9,9,9,4500.0,1210,valid,592,9-9-9,triple,27,0.0
3D Lotto,9PM,2017-08-25,2-6-2,2,6,2,4500.0,575,valid,593,2-2-6,one_pair,10,0.0
3D Lotto,9PM,2017-08-26,5-0-2,5,0,2,4500.0,1342,valid,594,0-2-5,all_distinct,7,1.0
3D Lotto,9PM,2017-08-27,6-7-7,6,7,7,4500.0,658,valid,595,6-7-7,one_pair,20,0.0
3D Lotto,9PM,2017-08-28,0-8-7,0,8,7,4500.0,416,valid,596,0-7-8,all_distinct,15,1.0
3D Lotto,9PM,2017-08-29,0-7-8,0,7,8,4500.0,336,valid,597,0-7-8,all_distinct,15,3.0
3D Lotto,9PM,2017-08-30,3-4-8,3,4,8,4500.0,583,valid,598,3-4-8,all_distinct,15,1.0
3D Lotto,9PM,2017-08-31,4-2-3,4,2,3,4500.0,906,valid,599,2-3-4,all_distinct,9,2.0
3D Lotto,9PM,2017-09-01,6-4-1,6,4,1,4500.0,605,valid,600,1-4-6,all_distinct,11,1.0
3D Lotto,9PM,2017-09-02,1-0-0,1,0,0,4500.0,1373,valid,601,0-0-1,one_pair,1,1.0
3D Lotto,9PM,2017-09-03,8-9-8,8,9,8,4500.0,717,valid,602,8-8-9,one_pair,25,0.0
3D Lotto,9PM,2017-09-04,9-1-2,9,1,2,4500.0,1359,valid,603,1-2-9,all_distinct,12,1.0
3D Lotto,9PM,2017-09-05,8-5-7,8,5,7,4500.0,755,valid,604,5-7-8,all_distinct,20,0.0
3D Lotto,9PM,2017-09-06,5-6-1,5,6,1,4500.0,1427,valid,605,1-5-6,all_distinct,12,1.0
3D Lotto,9PM,2017-09-07,3-7-7,3,7,7,4500.0,846,valid,606,3-7-7,one_pair,17,0.0
3D Lotto,9PM,2017-09-08,1-6-8,1,6,8,4500.0,1419,valid,607,1-6-8,all_distinct,15,0.0
3D Lotto,9PM,2017-09-09,8-4-2,8,4,2,4500.0,726,valid,608,2-4-8,all_distinct,14,1.0
3D Lotto,9PM,2017-09-10,9-7-3,9,7,3,4500.0,1117,valid,609,3-7-9,all_distinct,19,0.0
3D Lotto,9PM,2017-09-11,6-1-9,6,1,9,4500.0,1346,valid,610,1-6-9,all_distinct,16,1.0
3D Lotto,9PM,2017-09-12,3-2-5,3,2,5,4500.0,1358,valid,611,2-3-5,all_distinct,10,0.0
3D Lotto,9PM,2017-09-13,4-2-0,4,2,0,4500.0,1133,valid,612,0-2-4,all_distinct,6,1.0
3D Lotto,9PM,2017-09-14,2-9-5,2,9,5,4500.0,351,valid,613,2-5-9,all_distinct,16,1.0
3D Lotto,9PM,2017-09-15,3-1-3,3,1,3,4500.0,1429,valid,614,1-3-3,one_pair,7,0.0
3D Lotto,9PM,2017-09-16,6-0-4,6,0,4,4500.0,589,valid,615,0-4-6,all_distinct,10,0.0
3D Lotto,9PM,2017-09-17,2-4-5,2,4,5,4500.0,687,valid,616,2-4-5,all_distinct,11,1.0
3D Lotto,9PM,2017-09-18,1-8-9,1,8,9,4500.0,1378,valid,617,1-8-9,all_distinct,18,0.0
3D Lotto,9PM,2017-09-19,4-1-7,4,1,7,4500.0,895,valid,618,1-4-7,all_distinct,12,1.0
3D Lotto,9PM,2017-09-20,6-9-8,6,9,8,4500.0,463,valid,619,6-8-9,all_distinct,23,0.0
3D Lotto,9PM,2017-09-21,5-6-2,5,6,2,4500.0,1043,valid,620,2-5-6,all_distinct,13,1.0
3D Lotto,9PM,2017-09-22,0-5-1,0,5,1,4500.0,917,valid,621,0-1-5,all_distinct,6,1.0
3D Lotto,9PM,2017-09-23,3-6-9,3,6,9,4500.0,1425,valid,622,3-6-9,all_distinct,18,0.0
3D Lotto,9PM,2017-09-24,9-4-6,9,4,6,4500.0,771,valid,623,4-6-9,all_distinct,19,2.0
3D Lotto,9PM,2017-09-25,7-8-1,7,8,1,4500.0,660,valid,624,1-7-8,all_distinct,16,0.0
3D Lotto,9PM,2017-09-26,4-1-4,4,1,4,4500.0,861,valid,625,1-4-4,one_pair,9,1.0
3D Lotto,9PM,2017-09-27,9-7-5,9,7,5,4500.0,1273,valid,626,5-7-9,all_distinct,21,0.0
3D Lotto,9PM,2017-09-28,8-3-1,8,3,1,4500.0,772,valid,627,1-3-8,all_distinct,12,0.0
3D Lotto,9PM,2017-09-29,1-2-9,1,2,9,4500.0,1391,valid,628,1-2-9,all_distinct,12,1.0
3D Lotto,9PM,2017-09-30,7-3-3,7,3,3,4500.0,911,valid,629,3-3-7,one_pair,13,0.0
3D Lotto,9PM,2017-10-01,4-7-3,4,7,3,4500.0,1048,valid,630,3-4-7,all_distinct,14,2.0
3D Lotto,9PM,2017-10-02,3-1-2,3,1,2,4500.0,1393,valid,631,1-2-3,all_distinct,6,1.0
3D Lotto,9PM,2017-10-03,2-1-6,2,1,6,4500.0,1390,valid,632,1-2-6,all_distinct,9,2.0
3D Lotto,9PM,2017-10-04,5-0-5,5,0,5,4500.0,1180,valid,633,0-5-5,one_pair,10,0.0
3D Lotto,9PM,2017-10-05,6-8-9,6,8,9,4500.0,762,valid,634,6-8-9,all_distinct,23,0.0
3D Lotto,9PM,2017-10-06,7-0-7,7,0,7,4500.0,1364,valid,635,0-7-7,one_pair,14,0.0
3D Lotto,9PM,2017-10-07,8-5-5,8,5,5,4500.0,429,valid,636,5-5-8,one_pair,18,0.0
3D Lotto,9PM,2017-10-08,1-3-5,1,3,5,4500.0,1301,valid,637,1-3-5,all_distinct,9,1.0
3D Lotto,9PM,2017-10-09,5-7-1,5,7,1,4500.0,879,valid,638,1-5-7,all_distinct,13,2.0
3D Lotto,9PM,2017-10-10,1-4-0,1,4,0,4500.0,1364,valid,639,0-1-4,all_distinct,5,1.0
3D Lotto,9PM,2017-10-11,1-0-0,1,0,0,4500.0,1373,valid,640,0-0-1,one_pair,1,2.0
3D Lotto,9PM,2017-10-12,5-2-0,5,2,0,4500.0,1401,valid,641,0-2-5,all_distinct,7,1.0
3D Lotto,9PM,2017-10-13,6-0-4,6,0,4,4500.0,787,valid,642,0-4-6,all_distinct,10,1.0
3D Lotto,9PM,2017-10-14,7-0-0,7,0,0,4500.0,1123,valid,643,0-0-7,one_pair,7,1.0
3D Lotto,9PM,2017-10-15,5-7-4,5,7,4,4500.0,1082,valid,644,4-5-7,all_distinct,16,1.0
3D Lotto,9PM,2017-10-16,0-3-4,0,3,4,4500.0,278,valid,645,0-3-4,all_distinct,7,1.0
3D Lotto,9PM,2017-10-17,5-8-8,5,8,8,4500.0,1106,valid,646,5-8-8,one_pair,21,0.0
3D Lotto,9PM,2017-10-18,4-2-0,4,2,0,4500.0,799,valid,647,0-2-4,all_distinct,6,0.0
3D Lotto,9PM,2017-10-19,4-2-4,4,2,4,4500.0,1334,valid,648,2-4-4,one_pair,10,2.0
3D Lotto,9PM,2017-10-20,6-2-1,6,2,1,4500.0,1159,valid,649,1-2-6,all_distinct,9,1.0
3D Lotto,9PM,2017-10-21,2-3-8,2,3,8,4500.0,1005,valid,650,2-3-8,all_distinct,13,1.0
3D Lotto,9PM,2017-10-22,6-8-0,6,8,0,4500.0,494,valid,651,0-6-8,all_distinct,14,1.0
3D Lotto,9PM,2017-10-23,2-5-3,2,5,3,4500.0,962,valid,652,2-3-5,all_distinct,10,0.0
3D Lotto,9PM,2017-10-24,6-9-1,6,9,1,4500.0,687,valid,653,1-6-9,all_distinct,16,0.0
3D Lotto,9PM,2017-10-25,7-3-0,7,3,0,4500.0,1362,valid,654,0-3-7,all_distinct,10,0.0
3D Lotto,9PM,2017-10-26,3-1-6,3,1,6,4500.0,1377,valid,655,1-3-6,all_distinct,10,1.0
3D Lotto,9PM,2017-10-27,8-6-4,8,6,4,4500.0,523,valid,656,4-6-8,all_distinct,18,1.0
3D Lotto,9PM,2017-10-28,1-3-1,1,3,1,4500.0,1397,valid,657,1-1-3,one_pair,5,0.0
3D Lotto,9PM,2017-10-29,2-9-8,2,9,8,4500.0,858,valid,658,2-8-9,all_distinct,19,0.0
3D Lotto,9PM,2017-10-30,5-1-5,5,1,5,4500.0,1231,valid,659,1-5-5,one_pair,11,0.0
3D Lotto,9PM,2017-10-31,0-7-2,0,7,2,4500.0,704,valid,660,0-2-7,all_distinct,9,0.0
3D Lotto,9PM,2017-11-01,4-1-1,4,1,1,4500.0,949,valid,661,1-1-4,one_pair,6,0.0
3D Lotto,9PM,2017-11-02,7-2-4,7,2,4,4500.0,1421,valid,662,2-4-7,all_distinct,13,1.0
3D Lotto,9PM,2017-11-03,4-6-5,4,6,5,4500.0,981,valid,663,4-5-6,all_distinct,15,1.0
3D Lotto,9PM,2017-11-04,8-5-8,8,5,8,4500.0,749,valid,664,5-8-8,one_pair,21,1.0
3D Lotto,9PM,2017-11-05,9-1-6,9,1,6,4500.0,951,valid,665,1-6-9,all_distinct,16,0.0
3D Lotto,9PM,2017-11-06,2-1-9,2,1,9,4500.0,1367,valid,666,1-2-9,all_distinct,12,2.0
3D Lotto,9PM,2017-11-07,1-4-2,1,4,2,4500.0,791,valid,667,1-2-4,all_distinct,7,2.0
3D Lotto,9PM,2017-11-08,0-6-0,0,6,0,4500.0,292,valid,668,0-0-6,one_pair,6,0.0
3D Lotto,9PM,2017-11-09,7-2-0,7,2,0,4500.0,1272,valid,669,0-2-7,all_distinct,9,1.0
3D Lotto,9PM,2017-11-10,7-2-2,7,2,2,4500.0,1199,valid,670,2-2-7,one_pair,11,2.0
3D Lotto,9PM,2017-11-11,9-9-2,9,9,2,4500.0,701,valid,671,2-9-9,one_pair,20,1.0
3D Lotto,9PM,2017-11-12,6-3-6,6,3,6,4500.0,734,valid,672,3-6-6,one_pair,15,0.0
3D Lotto,9PM,2017-11-13,2-4-2,2,4,2,4500.0,1042,valid,673,2-2-4,one_pair,8,0.0
3D Lotto,9PM,2017-11-14,0-8-3,0,8,3,4500.0,471,valid,674,0-3-8,all_distinct,11,0.0
3D Lotto,9PM,2017-11-15,8-2-2,8,2,2,4500.0,792,valid,675,2-2-8,one_pair,12,1.0
3D Lotto,9PM,2017-11-16,3-9-8,3,9,8,4500.0,452,valid,676,3-8-9,all_distinct,20,1.0
3D Lotto,9PM,2017-11-17,1-1-0,1,1,0,4500.0,1384,valid,677,0-1-1,one_pair,2,0.0
3D Lotto,9PM,2017-11-18,0-3-4,0,3,4,4500.0,433,valid,678,0-3-4,all_distinct,7,1.0
3D Lotto,9PM,2017-11-19,8-6-3,8,6,3,4500.0,680,valid,679,3-6-8,all_distinct,17,1.0
3D Lotto,9PM,2017-11-20,7-7-4,7,7,4,4500.0,748,valid,680,4-7-7,one_pair,18,0.0
3D Lotto,9PM,2017-11-21,6-1-8,6,1,8,4500.0,879,valid,681,1-6-8,all_distinct,15,0.0
3D Lotto,9PM,2017-11-22,5-7-7,5,7,7,4500.0,556,valid,682,5-7-7,one_pair,19,0.0
3D Lotto,9PM,2017-11-23,0-5-9,0,5,9,4500.0,704,valid,683,0-5-9,all_distinct,14,1.0
3D Lotto,9PM,2017-11-24,3-6-7,3,6,7,4500.0,823,valid,684,3-6-7,all_distinct,16,0.0
3D Lotto,9PM,2017-11-25,5-4-5,5,4,5,4500.0,867,valid,685,4-5-5,one_pair,14,0.0
3D Lotto,9PM,2017-11-26,7-4-1,7,4,1,4500.0,1268,valid,686,1-4-7,all_distinct,12,1.0
3D Lotto,9PM,2017-11-27,4-5-5,4,5,5,4500.0,599,valid,687,4-5-5,one_pair,14,1.0
3D Lotto,9PM,2017-11-28,9-1-9,9,1,9,4500.0,918,valid,688,1-9-9,one_pair,19,0.0
3D Lotto,9PM,2017-11-29,9-1-9,9,1,9,4500.0,633,valid,689,1-9-9,one_pair,19,3.0
3D Lotto,9PM,2017-11-30,1-9-3,1,9,3,4500.0,1325,valid,690,1-3-9,all_distinct,13,2.0
3D Lotto,9PM,2017-12-01,5-9-1,5,9,1,4500.0,810,valid,691,1-5-9,all_distinct,15,2.0
3D Lotto,9PM,2017-12-02,6-9-9,6,9,9,4500.0,1053,valid,692,6-9-9,one_pair,24,1.0
3D Lotto,9PM,2017-12-03,0-1-7,0,1,7,4500.0,984,valid,693,0-1-7,all_distinct,8,0.0
3D Lotto,9PM,2017-12-04,4-5-8,4,5,8,4500.0,1191,valid,694,4-5-8,all_distinct,17,0.0
3D Lotto,9PM,2017-12-05,2-8-3,2,8,3,4500.0,789,valid,695,2-3-8,all_distinct,13,1.0
3D Lotto,9PM,2017-12-06,1-4-0,1,4,0,4500.0,1084,valid,696,0-1-4,all_distinct,5,0.0
3D Lotto,9PM,2017-12-07,8-7-0,8,7,0,4500.0,570,valid,697,0-7-8,all_distinct,15,1.0
3D Lotto,9PM,2017-12-08,0-8-1,0,8,1,4500.0,981,valid,698,0-1-8,all_distinct,9,2.0
3D Lotto,9PM,2017-12-09,3-4-8,3,4,8,4500.0,901,valid,699,3-4-8,all_distinct,15,1.0
3D Lotto,9PM,2017-12-10,5-7-3,5,7,3,4500.0,969,valid,700,3-5-7,all_distinct,15,1.0
3D Lotto,9PM,2017-12-11,8-6-3,8,6,3,4500.0,506,valid,701,3-6-8,all_distinct,17,1.0
3D Lotto,9PM,2017-12-12,4-5-5,4,5,5,4500.0,538,valid,702,4-5-5,one_pair,14,0.0
3D Lotto,9PM,2017-12-13,8-2-2,8,2,2,4500.0,1138,valid,703,2-2-8,one_pair,12,0.0
3D Lotto,9PM,2017-12-14,5-9-3,5,9,3,4500.0,496,valid,704,3-5-9,all_distinct,17,0.0
3D Lotto,9PM,2017-12-15,8-0-3,8,0,3,4500.0,716,valid,705,0-3-8,all_distinct,11,1.0
3D Lotto,9PM,2017-12-16,9-6-2,9,6,2,4500.0,478,valid,706,2-6-9,all_distinct,17,0.0
3D Lotto,9PM,2017-12-17,8-8-5,8,8,5,4500.0,713,valid,707,5-8-8,one_pair,21,0.0
3D Lotto,9PM,2017-12-18,4-0-2,4,0,2,4500.0,568,valid,708,0-2-4,all_distinct,6,0.0
3D Lotto,9PM,2017-12-19,5-6-2,5,6,2,4500.0,844,valid,709,2-5-6,all_distinct,13,1.0
3D Lotto,9PM,2017-12-20,1-4-6,1,4,6,4500.0,1109,valid,710,1-4-6,all_distinct,11,1.0
3D Lotto,9PM,2017-12-21,3-6-3,3,6,3,4500.0,1364,valid,711,3-3-6,one_pair,12,1.0
3D Lotto,9PM,2017-12-22,6-2-0,6,2,0,4500.0,1147,valid,712,0-2-6,all_distinct,8,1.0
3D Lotto,9PM,2017-12-23,9-2-6,9,2,6,4500.0,1014,valid,713,2-6-9,all_distinct,17,2.0
3D Lotto,9PM,2017-12-24,7-5-3,7,5,3,4500.0,339,valid,714,3-5-7,all_distinct,15,0.0
3D Lotto,9PM,2017-12-26,5-4-0,5,4,0,4500.0,576,valid,715,0-4-5,all_distinct,9,1.0
3D Lotto,9PM,2017-12-27,2-8-4,2,8,4,4500.0,686,valid,716,2-4-8,all_distinct,14,1.0
3D Lotto,9PM,2017-12-28,1-8-1,1,8,1,4500.0,1378,valid,717,1-1-8,one_pair,10,1.0
3D Lotto,9PM,2017-12-29,5-0-7,5,0,7,4500.0,1144,valid,718,0-5-7,all_distinct,12,0.0
3D Lotto,9PM,2017-12-30,8-7-6,8,7,6,4500.0,474,valid,719,6-7-8,all_distinct,21,1.0
3D Lotto,9PM,2017-12-31,0-9-5,0,9,5,4500.0,91,valid,720,0-5-9,all_distinct,14,0.0
3D Lotto,9PM,2018-01-02,4-4-9,4,4,9,4500.0,817,valid,721,4-4-9,one_pair,17,1.0
3D Lotto,9PM,2018-01-03,2-6-8,2,6,8,4500.0,1213,valid,722,2-6-8,all_distinct,16,0.0
3D Lotto,9PM,2018-01-04,5-1-9,5,1,9,4500.0,1212,valid,723,1-5-9,all_distinct,15,0.0
3D Lotto,9PM,2018-01-05,2-1-3,2,1,3,4500.0,1332,valid,724,1-2-3,all_distinct,6,1.0
3D Lotto,9PM,2018-01-06,7-2-3,7,2,3,4500.0,1163,valid,725,2-3-7,all_distinct,12,2.0
3D Lotto,9PM,2018-01-07,4-6-1,4,6,1,4500.0,620,valid,726,1-4-6,all_distinct,11,0.0
3D Lotto,9PM,2018-01-08,2-0-0,2,0,0,4500.0,1312,valid,727,0-0-2,one_pair,2,0.0
3D Lotto,9PM,2018-01-09,6-5-5,6,5,5,4500.0,564,valid,728,5-5-6,one_pair,16,0.0
3D Lotto,9PM,2018-01-10,2-8-0,2,8,0,4500.0,1127,valid,729,0-2-8,all_distinct,10,0.0
3D Lotto,9PM,2018-01-11,7-8-3,7,8,3,4500.0,659,valid,730,3-7-8,all_distinct,18,1.0
3D Lotto,9PM,2018-01-12,3-0-6,3,0,6,4500.0,870,valid,731,0-3-6,all_distinct,9,1.0
3D Lotto,9PM,2018-01-13,4-2-4,4,2,4,4500.0,887,valid,732,2-4-4,one_pair,10,0.0
3D Lotto,9PM,2018-01-14,1-1-8,1,1,8,4500.0,1230,valid,733,1-1-8,one_pair,10,0.0
3D Lotto,9PM,2018-01-15,4-7-9,4,7,9,4500.0,654,valid,734,4-7-9,all_distinct,20,0.0
3D Lotto,9PM,2018-01-16,8-8-7,8,8,7,4500.0,647,valid,735,7-8-8,one_pair,23,1.0
3D Lotto,9PM,2018-01-17,5-2-1,5,2,1,4500.0,1301,valid,736,1-2-5,all_distinct,8,0.0
3D Lotto,9PM,2018-01-18,8-0-5,8,0,5,4500.0,926,valid,737,0-5-8,all_distinct,13,1.0
3D Lotto,9PM,2018-01-19,0-4-7,0,4,7,4500.0,678,valid,738,0-4-7,all_distinct,11,1.0
3D Lotto,9PM,2018-01-20,4-7-5,4,7,5,4500.0,967,valid,739,4-5-7,all_distinct,16,2.0
3D Lotto,9PM,2018-01-21,2-8-8,2,8,8,4500.0,785,valid,740,2-8-8,one_pair,18,0.0
3D Lotto,9PM,2018-01-22,5-3-0,5,3,0,4500.0,1262,valid,741,0-3-5,all_distinct,8,0.0
3D Lotto,9PM,2018-01-23,6-5-8,6,5,8,4500.0,894,valid,742,5-6-8,all_distinct,19,1.0
3D Lotto,9PM,2018-01-24,2-6-7,2,6,7,4500.0,555,valid,743,2-6-7,all_distinct,15,1.0
3D Lotto,9PM,2018-01-25,2-1-4,2,1,4,4500.0,1283,valid,744,1-2-4,all_distinct,7,1.0
3D Lotto,9PM,2018-01-26,0-0-1,0,0,1,4500.0,1021,valid,745,0-0-1,one_pair,1,1.0
3D Lotto,9PM,2018-01-27,3-8-4,3,8,4,4500.0,439,valid,746,3-4-8,all_distinct,15,0.0
3D Lotto,9PM,2018-01-28,1-6-4,1,6,4,4500.0,657,valid,747,1-4-6,all_distinct,11,1.0
3D Lotto,9PM,2018-01-29,3-1-2,3,1,2,4500.0,1265,valid,748,1-2-3,all_distinct,6,1.0
3D Lotto,9PM,2018-01-30,0-8-5,0,8,5,4500.0,283,valid,749,0-5-8,all_distinct,13,0.0
3D Lotto,9PM,2018-01-31,0-0-1,0,0,1,4500.0,607,valid,750,0-0-1,one_pair,1,1.0
3D Lotto,9PM,2018-02-01,8-8-0,8,8,0,4500.0,1152,valid,751,0-8-8,one_pair,16,1.0
3D Lotto,9PM,2018-02-02,8-5-5,8,5,5,4500.0,1223,valid,752,5-5-8,one_pair,18,1.0
3D Lotto,9PM,2018-02-03,1-4-6,1,4,6,4500.0,597,valid,753,1-4-6,all_distinct,11,0.0
3D Lotto,9PM,2018-02-04,9-6-7,9,6,7,4500.0,595,valid,754,6-7-9,all_distinct,22,1.0
3D Lotto,9PM,2018-02-05,7-5-1,7,5,1,4500.0,697,valid,755,1-5-7,all_distinct,13,1.0
3D Lotto,9PM,2018-02-06,4-8-2,4,8,2,4500.0,745,valid,756,2-4-8,all_distinct,14,0.0
3D Lotto,9PM,2018-02-07,2-1-6,2,1,6,4500.0,1283,valid,757,1-2-6,all_distinct,9,1.0
3D Lotto,9PM,2018-02-08,8-5-6,8,5,6,4500.0,703,valid,758,5-6-8,all_distinct,19,1.0
3D Lotto,9PM,2018-02-09,7-5-1,7,5,1,4500.0,524,valid,759,1-5-7,all_distinct,13,1.0
3D Lotto,9PM,2018-02-10,9-7-4,9,7,4,4500.0,806,valid,760,4-7-9,all_distinct,20,1.0
3D Lotto,9PM,2018-02-11,5-1-6,5,1,6,4500.0,1239,valid,761,1-5-6,all_distinct,12,0.0
3D Lotto,9PM,2018-02-12,9-1-9,9,1,9,4500.0,782,valid,762,1-9-9,one_pair,19,1.0
3D Lotto,9PM,2018-02-13,9-8-8,9,8,8,4500.0,597,valid,763,8-8-9,one_pair,25,1.0
3D Lotto,9PM,2018-02-14,9-4-1,9,4,1,4500.0,800,valid,764,1-4-9,all_distinct,14,1.0
3D Lotto,9PM,2018-02-15,4-3-8,4,3,8,4500.0,682,valid,765,3-4-8,all_distinct,15,1.0
3D Lotto,9PM,2018-02-16,0-0-8,0,0,8,4500.0,858,valid,766,0-0-8,one_pair,8,1.0
3D Lotto,9PM,2018-02-17,9-9-1,9,9,1,4500.0,353,valid,767,1-9-9,one_pair,19,0.0
3D Lotto,9PM,2018-02-18,8-7-6,8,7,6,4500.0,388,valid,768,6-7-8,all_distinct,21,0.0
3D Lotto,9PM,2018-02-19,2-6-9,2,6,9,4500.0,895,valid,769,2-6-9,all_distinct,17,1.0
3D Lotto,9PM,2018-02-20,3-7-7,3,7,7,4500.0,692,valid,770,3-7-7,one_pair,17,0.0
3D Lotto,9PM,2018-02-21,3-1-9,3,1,9,4500.0,1244,valid,771,1-3-9,all_distinct,13,1.0
3D Lotto,9PM,2018-02-22,3-8-7,3,8,7,4500.0,638,valid,772,3-7-8,all_distinct,18,1.0
3D Lotto,9PM,2018-02-23,6-7-1,6,7,1,4500.0,800,valid,773,1-6-7,all_distinct,14,1.0
3D Lotto,9PM,2018-02-24,8-4-2,8,4,2,4500.0,606,valid,774,2-4-8,all_distinct,14,0.0
3D Lotto,9PM,2018-02-25,1-6-4,1,6,4,4500.0,724,valid,775,1-4-6,all_distinct,11,1.0
3D Lotto,9PM,2018-02-26,0-9-6,0,9,6,4500.0,277,valid,776,0-6-9,all_distinct,15,1.0
3D Lotto,9PM,2018-02-27,5-9-3,5,9,3,4500.0,570,valid,777,3-5-9,all_distinct,17,1.0
3D Lotto,9PM,2018-02-28,0-1-1,0,1,1,4500.0,1160,valid,778,0-1-1,one_pair,2,0.0
3D Lotto,9PM,2018-03-01,3-5-3,3,5,3,4500.0,730,valid,779,3-3-5,one_pair,11,0.0
3D Lotto,9PM,2018-03-02,2-3-6,2,3,6,4500.0,1231,valid,780,2-3-6,all_distinct,11,1.0
3D Lotto,9PM,2018-03-03,3-0-3,3,0,3,4500.0,1303,valid,781,0-3-3,one_pair,6,1.0
3D Lotto,9PM,2018-03-04,3-1-8,3,1,8,4500.0,1252,valid,782,1-3-8,all_distinct,12,1.0
3D Lotto,9PM,2018-03-05,3-8-2,3,8,2,4500.0,697,valid,783,2-3-8,all_distinct,13,2.0
3D Lotto,9PM,2018-03-06,5-1-5,5,1,5,4500.0,1278,valid,784,1-5-5,one_pair,11,0.0
3D Lotto,9PM,2018-03-07,2-9-8,2,9,8,4500.0,689,valid,785,2-8-9,all_distinct,19,0.0
3D Lotto,9PM,2018-03-08,8-0-8,8,0,8,4500.0,1322,valid,786,0-8-8,one_pair,16,1.0
3D Lotto,9PM,2018-03-09,6-6-5,6,6,5,4500.0,1302,valid,787,5-6-6,one_pair,17,0.0
3D Lotto,9PM,2018-03-10,8-0-6,8,0,6,4500.0,742,valid,790,0-6-8,all_distinct,14,1.0
3D Lotto,9PM,2018-03-11,7-7-0,7,7,0,4500.0,915,valid,789,0-7-7,one_pair,14,1.0
3D Lotto,9PM,2018-03-12,3-3-9,3,3,9,4500.0,849,valid,788,3-3-9,one_pair,15,0.0
3D Lotto,9PM,2018-03-13,5-4-7,5,4,7,4500.0,650,valid,791,4-5-7,all_distinct,16,0.0
3D Lotto,9PM,2018-03-14,3-4-5,3,4,5,4500.0,867,valid,792,3-4-5,all_distinct,12,2.0
3D Lotto,9PM,2018-03-15,1-9-7,1,9,7,4500.0,759,valid,793,1-7-9,all_distinct,17,0.0
3D Lotto,9PM,2018-03-16,0-5-7,0,5,7,4500.0,579,valid,794,0-5-7,all_distinct,12,1.0
3D Lotto,9PM,2018-03-17,5-2-0,5,2,0,4500.0,1266,valid,795,0-2-5,all_distinct,7,2.0
3D Lotto,9PM,2018-03-18,8-7-4,8,7,4,4500.0,413,valid,796,4-7-8,all_distinct,19,0.0
3D Lotto,9PM,2018-03-19,7-2-7,7,2,7,4500.0,1148,valid,797,2-7-7,one_pair,16,1.0
3D Lotto,9PM,2018-03-20,0-9-8,0,9,8,4500.0,371,valid,798,0-8-9,all_distinct,17,0.0
3D Lotto,9PM,2018-03-21,3-6-9,3,6,9,4500.0,1270,valid,799,3-6-9,all_distinct,18,1.0
3D Lotto,9PM,2018-03-22,6-0-4,6,0,4,4500.0,349,valid,800,0-4-6,all_distinct,10,1.0
3D Lotto,9PM,2018-03-23,9-4-8,9,4,8,4500.0,744,valid,801,4-8-9,all_distinct,21,1.0
3D Lotto,9PM,2018-03-24,3-9-4,3,9,4,4500.0,634,valid,802,3-4-9,all_distinct,16,2.0
3D Lotto,9PM,2018-03-25,9-4-6,9,4,6,4500.0,618,valid,803,4-6-9,all_distinct,19,2.0
3D Lotto,9PM,2018-03-26,6-4-7,6,4,7,4500.0,1125,valid,804,4-6-7,all_distinct,17,2.0
3D Lotto,9PM,2018-03-27,4-1-6,4,1,6,4500.0,1322,valid,805,1-4-6,all_distinct,11,2.0
3D Lotto,9PM,2018-03-28,3-1-3,3,1,3,4500.0,1345,valid,806,1-3-3,one_pair,7,1.0
3D Lotto,9PM,2018-04-02,8-1-0,8,1,0,4500.0,1112,valid,807,0-1-8,all_distinct,9,1.0
3D Lotto,9PM,2018-04-03,3-8-0,3,8,0,4500.0,724,valid,808,0-3-8,all_distinct,11,2.0
3D Lotto,9PM,2018-04-04,3-6-4,3,6,4,4500.0,817,valid,809,3-4-6,all_distinct,13,1.0
3D Lotto,9PM,2018-04-05,9-9-2,9,9,2,4500.0,433,valid,810,2-9-9,one_pair,20,0.0
3D Lotto,9PM,2018-04-06,2-5-7,2,5,7,4500.0,1260,valid,811,2-5-7,all_distinct,14,1.0
3D Lotto,9PM,2018-04-07,9-6-4,9,6,4,4500.0,490,valid,812,4-6-9,all_distinct,19,0.0
3D Lotto,9PM,2018-04-08,5-9-5,5,9,5,4500.0,418,valid,813,5-5-9,one_pair,19,1.0
3D Lotto,9PM,2018-04-09,9-2-1,9,2,1,4500.0,1072,valid,814,1-2-9,all_distinct,12,1.0
3D Lotto,9PM,2018-04-10,9-9-4,9,9,4,4500.0,470,valid,815,4-9-9,one_pair,22,1.0
3D Lotto,9PM,2018-04-11,9-8-1,9,8,1,4500.0,705,valid,816,1-8-9,all_distinct,18,1.0
3D Lotto,9PM,2018-04-12,7-5-3,7,5,3,4500.0,748,valid,817,3-5-7,all_distinct,15,0.0
3D Lotto,9PM,2018-04-13,4-4-3,4,4,3,4500.0,916,valid,818,3-4-4,one_pair,11,1.0
3D Lotto,9PM,2018-04-14,6-1-4,6,1,4,4500.0,1235,valid,819,1-4-6,all_distinct,11,1.0
3D Lotto,9PM,2018-04-15,8-7-9,8,7,9,4500.0,721,valid,820,7-8-9,all_distinct,24,0.0
3D Lotto,9PM,2018-04-16,0-0-2,0,0,2,4500.0,544,valid,821,0-0-2,one_pair,2,0.0
3D Lotto,9PM,2018-04-17,7-0-9,7,0,9,4500.0,1033,valid,822,0-7-9,all_distinct,16,1.0
3D Lotto,9PM,2018-04-18,5-5-5,5,5,5,4500.0,1088,valid,823,5-5-5,triple,15,0.0
3D Lotto,9PM,2018-04-19,1-3-1,1,3,1,4500.0,1145,valid,824,1-1-3,one_pair,5,0.0
3D Lotto,9PM,2018-04-20,1-7-6,1,7,6,4500.0,709,valid,825,1-6-7,all_distinct,14,1.0
3D Lotto,9PM,2018-04-21,4-1-4,4,1,4,4500.0,1235,valid,826,1-4-4,one_pair,9,1.0
3D Lotto,9PM,2018-04-22,3-8-5,3,8,5,4500.0,747,valid,827,3-5-8,all_distinct,16,0.0
3D Lotto,9PM,2018-04-23,2-1-0,2,1,0,4500.0,1229,valid,828,0-1-2,all_distinct,3,0.0
3D Lotto,9PM,2018-04-24,4-0-0,4,0,0,4500.0,549,valid,829,0-0-4,one_pair,4,1.0
3D Lotto,9PM,2018-04-25,8-9-4,8,9,4,4500.0,433,valid,830,4-8-9,all_distinct,21,1.0
3D Lotto,9PM,2018-04-26,3-1-8,3,1,8,4500.0,1147,valid,831,1-3-8,all_distinct,12,1.0
3D Lotto,9PM,2018-04-27,9-9-4,9,9,4,4500.0,419,valid,832,4-9-9,one_pair,22,0.0
3D Lotto,9PM,2018-04-28,4-9-2,4,9,2,4500.0,988,valid,833,2-4-9,all_distinct,15,2.0
3D Lotto,9PM,2018-04-29,6-6-2,6,6,2,4500.0,535,valid,834,2-6-6,one_pair,14,1.0
3D Lotto,9PM,2018-04-30,9-9-5,9,9,5,4500.0,564,valid,835,5-9-9,one_pair,23,0.0
3D Lotto,9PM,2018-05-01,6-5-7,6,5,7,4500.0,962,valid,836,5-6-7,all_distinct,18,1.0
3D Lotto,9PM,2018-05-02,9-3-5,9,3,5,4500.0,605,valid,837,3-5-9,all_distinct,17,1.0
3D Lotto,9PM,2018-05-03,8-1-3,8,1,3,4500.0,831,valid,838,1-3-8,all_distinct,12,1.0
3D Lotto,9PM,2018-05-04,9-8-6,9,8,6,4500.0,634,valid,839,6-8-9,all_distinct,23,1.0
3D Lotto,9PM,2018-05-05,6-9-3,6,9,3,4500.0,560,valid,840,3-6-9,all_distinct,18,2.0
3D Lotto,9PM,2018-05-06,9-8-3,9,8,3,4500.0,620,valid,841,3-8-9,all_distinct,20,2.0
3D Lotto,9PM,2018-05-07,1-3-3,1,3,3,4500.0,1090,valid,842,1-3-3,one_pair,7,1.0
3D Lotto,9PM,2018-05-08,5-7-6,5,7,6,4500.0,571,valid,843,5-6-7,all_distinct,18,0.0
3D Lotto,9PM,2018-05-09,1-4-0,1,4,0,4500.0,1148,valid,844,0-1-4,all_distinct,5,0.0
3D Lotto,9PM,2018-05-10,1-4-3,1,4,3,4500.0,1231,valid,845,1-3-4,all_distinct,8,2.0
3D Lotto,9PM,2018-05-11,2-6-2,2,6,2,4500.0,744,valid,846,2-2-6,one_pair,10,0.0
3D Lotto,9PM,2018-05-12,1-9-7,1,9,7,4500.0,880,valid,847,1-7-9,all_distinct,17,0.0
3D Lotto,9PM,2018-05-13,7-6-7,7,6,7,4500.0,653,valid,848,6-7-7,one_pair,20,1.0
3D Lotto,9PM,2018-05-14,7-1-0,7,1,0,4500.0,819,valid,849,0-1-7,all_distinct,8,1.0
3D Lotto,9PM,2018-05-15,4-7-5,4,7,5,4500.0,1018,valid,850,4-5-7,all_distinct,16,1.0
3D Lotto,9PM,2018-05-16,3-7-8,3,7,8,4500.0,734,valid,851,3-7-8,all_distinct,18,1.0
3D Lotto,9PM,2018-05-17,0-5-2,0,5,2,4500.0,385,valid,852,0-2-5,all_distinct,7,0.0
3D Lotto,9PM,2018-05-18,7-1-6,7,1,6,4500.0,865,valid,853,1-6-7,all_distinct,14,0.0
3D Lotto,9PM,2018-05-19,8-8-8,8,8,8,4500.0,1091,valid,854,8-8-8,triple,24,0.0
3D Lotto,9PM,2018-05-20,0-9-3,0,9,3,4500.0,351,valid,855,0-3-9,all_distinct,12,0.0
3D Lotto,9PM,2018-05-21,2-3-9,2,3,9,4500.0,1085,valid,856,2-3-9,all_distinct,14,2.0
3D Lotto,9PM,2018-05-22,6-4-2,6,4,2,4500.0,601,valid,857,2-4-6,all_distinct,12,1.0
3D Lotto,9PM,2018-05-23,9-8-1,9,8,1,4500.0,546,valid,858,1-8-9,all_distinct,18,0.0
3D Lotto,9PM,2018-05-24,6-3-3,6,3,3,4500.0,800,valid,859,3-3-6,one_pair,12,0.0
3D Lotto,9PM,2018-05-25,8-0-5,8,0,5,4500.0,752,valid,860,0-5-8,all_distinct,13,0.0
3D Lotto,9PM,2018-05-26,1-1-2,1,1,2,4500.0,1229,valid,862,1-1-2,one_pair,4,0.0
3D Lotto,9PM,2018-05-27,4-1-1,4,1,1,4500.0,832,valid,861,1-1-4,one_pair,6,2.0
3D Lotto,9PM,2018-05-28,7-7-5,7,7,5,4500.0,506,valid,863,5-7-7,one_pair,19,0.0
3D Lotto,9PM,2018-05-29,2-9-7,2,9,7,4500.0,632,valid,864,2-7-9,all_distinct,18,1.0
3D Lotto,9PM,2018-05-30,0-2-0,0,2,0,4500.0,392,valid,865,0-0-2,one_pair,2,1.0
3D Lotto,9PM,2018-05-31,3-8-8,3,8,8,4500.0,1123,valid,866,3-8-8,one_pair,19,0.0
3D Lotto,9PM,2018-06-01,1-2-6,1,2,6,4500.0,1233,valid,867,1-2-6,all_distinct,9,0.0
3D Lotto,9PM,2018-06-02,0-0-9,0,0,9,4500.0,507,valid,868,0-0-9,one_pair,9,0.0
3D Lotto,9PM,2018-06-03,2-2-8,2,2,8,4500.0,1226,valid,869,2-2-8,one_pair,12,0.0
3D Lotto,9PM,2018-06-04,4-6-4,4,6,4,4500.0,722,valid,870,4-4-6,one_pair,14,0.0
3D Lotto,9PM,2018-06-05,0-7-3,0,7,3,4500.0,256,valid,871,0-3-7,all_distinct,10,0.0
3D Lotto,9PM,2018-06-06,1-3-0,1,3,0,4500.0,1231,valid,872,0-1-3,all_distinct,4,2.0
3D Lotto,9PM,2018-06-07,2-5-0,2,5,0,4500.0,1242,valid,873,0-2-5,all_distinct,7,1.0
3D Lotto,9PM,2018-06-08,5-1-3,5,1,3,4500.0,1225,valid,874,1-3-5,all_distinct,9,1.0
3D Lotto,9PM,2018-06-09,1-5-5,1,5,5,4500.0,960,valid,875,1-5-5,one_pair,11,2.0
3D Lotto,9PM,2018-06-10,4-7-5,4,7,5,4500.0,484,valid,876,4-5-7,all_distinct,16,1.0
3D Lotto,9PM,2018-06-11,8-1-7,8,1,7,4500.0,940,valid,877,1-7-8,all_distinct,16,1.0
3D Lotto,9PM,2018-06-12,0-4-9,0,4,9,4500.0,358,valid,878,0-4-9,all_distinct,13,0.0
3D Lotto,9PM,2018-06-13,0-7-1,0,7,1,4500.0,486,valid,879,0-1-7,all_distinct,8,1.0
3D Lotto,9PM,2018-06-14,3-8-0,3,8,0,4500.0,394,valid,880,0-3-8,all_distinct,11,1.0
3D Lotto,9PM,2018-06-15,2-1-2,2,1,2,4500.0,1226,valid,881,1-2-2,one_pair,5,0.0
3D Lotto,9PM,2018-06-16,7-6-9,7,6,9,4500.0,798,valid,882,6-7-9,all_distinct,22,0.0
3D Lotto,9PM,2018-06-17,4-7-6,4,7,6,4500.0,823,valid,883,4-6-7,all_distinct,17,2.0
3D Lotto,9PM,2018-06-18,7-0-4,7,0,4,4500.0,963,valid,884,0-4-7,all_distinct,11,2.0
3D Lotto,9PM,2018-06-19,0-7-5,0,7,5,4500.0,605,valid,885,0-5-7,all_distinct,12,2.0
3D Lotto,9PM,2018-06-20,6-4-3,6,4,3,4500.0,684,valid,886,3-4-6,all_distinct,13,0.0
3D Lotto,9PM,2018-06-21,0-3-4,0,3,4,4500.0,613,valid,887,0-3-4,all_distinct,7,2.0
3D Lotto,9PM,2018-06-22,3-2-0,3,2,0,4500.0,1154,valid,888,0-2-3,all_distinct,5,2.0
3D Lotto,9PM,2018-06-23,9-7-5,9,7,5,4500.0,1233,valid,889,5-7-9,all_distinct,21,0.0
3D Lotto,9PM,2018-06-24,1-2-5,1,2,5,4500.0,1227,valid,890,1-2-5,all_distinct,8,1.0
3D Lotto,9PM,2018-06-25,8-8-2,8,8,2,4500.0,340,valid,891,2-8-8,one_pair,18,1.0
3D Lotto,9PM,2018-06-26,7-7-2,7,7,2,4500.0,849,valid,892,2-7-7,one_pair,16,1.0
3D Lotto,9PM,2018-06-27,0-7-6,0,7,6,4500.0,492,valid,893,0-6-7,all_distinct,13,1.0
3D Lotto,9PM,2018-06-28,5-3-4,5,3,4,4500.0,711,valid,894,3-4-5,all_distinct,12,0.0
3D Lotto,9PM,2018-06-29,6-1-3,6,1,3,4500.0,1233,valid,895,1-3-6,all_distinct,10,1.0
3D Lotto,9PM,2018-06-30,5-2-4,5,2,4,4500.0,492,valid,896,2-4-5,all_distinct,11,0.0
3D Lotto,9PM,2018-07-01,0-8-1,0,8,1,4500.0,524,valid,897,0-1-8,all_distinct,9,0.0
3D Lotto,9PM,2018-07-02,7-8-6,7,8,6,4500.0,677,valid,898,6-7-8,all_distinct,21,1.0
3D Lotto,9PM,2018-07-03,4-2-9,4,2,9,4500.0,1004,valid,899,2-4-9,all_distinct,15,0.0
3D Lotto,9PM,2018-07-04,0-7-7,0,7,7,4500.0,710,valid,900,0-7-7,one_pair,14,0.0
3D Lotto,9PM,2018-07-05,1-6-3,1,6,3,4500.0,677,valid,901,1-3-6,all_distinct,10,0.0
3D Lotto,9PM,2018-07-06,2-3-1,2,3,1,4500.0,1149,valid,902,1-2-3,all_distinct,6,2.0
3D Lotto,9PM,2018-07-07,8-4-1,8,4,1,4500.0,840,valid,903,1-4-8,all_distinct,13,1.0
3D Lotto,9PM,2018-07-08,7-1-3,7,1,3,4500.0,1233,valid,904,1-3-7,all_distinct,11,1.0
3D Lotto,9PM,2018-07-09,7-4-9,7,4,9,4500.0,1095,valid,905,4-7-9,all_distinct,20,1.0
3D Lotto,9PM,2018-07-10,2-3-3,2,3,3,4500.0,508,valid,906,2-3-3,one_pair,8,0.0
3D Lotto,9PM,2018-07-11,8-0-9,8,0,9,4500.0,580,valid,907,0-8-9,all_distinct,17,0.0
3D Lotto,9PM,2018-07-12,2-5-5,2,5,5,4500.0,1123,valid,908,2-5-5,one_pair,12,0.0
3D Lotto,9PM,2018-07-13,8-8-6,8,8,6,4500.0,432,valid,909,6-8-8,one_pair,22,0.0
3D Lotto,9PM,2018-07-14,4-3-4,4,3,4,4500.0,714,valid,910,3-4-4,one_pair,11,0.0
3D Lotto,9PM,2018-07-15,0-5-1,0,5,1,4500.0,271,valid,911,0-1-5,all_distinct,6,0.0
3D Lotto,9PM,2018-07-16,5-6-9,5,6,9,4500.0,549,valid,912,5-6-9,all_distinct,20,1.0
3D Lotto,9PM,2018-07-17,0-4-5,0,4,5,4500.0,341,valid,913,0-4-5,all_distinct,9,1.0
3D Lotto,9PM,2018-07-18,2-0-7,2,0,7,4500.0,992,valid,914,0-2-7,all_distinct,9,1.0
3D Lotto,9PM,2018-07-19,8-0-1,8,0,1,4500.0,868,valid,915,0-1-8,all_distinct,9,1.0
3D Lotto,9PM,2018-07-20,5-0-6,5,0,6,4500.0,582,valid,916,0-5-6,all_distinct,11,1.0
3D Lotto,9PM,2018-07-21,5-5-3,5,5,3,4500.0,539,valid,917,3-5-5,one_pair,13,1.0
3D Lotto,9PM,2018-07-22,0-1-7,0,1,7,4500.0,635,valid,918,0-1-7,all_distinct,8,0.0
3D Lotto,9PM,2018-07-23,3-7-2,3,7,2,4500.0,927,valid,919,2-3-7,all_distinct,12,1.0
3D Lotto,9PM,2018-07-24,9-4-4,9,4,4,4500.0,554,valid,920,4-4-9,one_pair,17,0.0
3D Lotto,9PM,2018-07-25,9-6-0,9,6,0,4500.0,393,valid,921,0-6-9,all_distinct,15,1.0
3D Lotto,9PM,2018-07-26,4-4-1,4,4,1,4500.0,452,valid,922,1-4-4,one_pair,9,0.0
3D Lotto,9PM,2018-07-27,1-9-3,1,9,3,4500.0,596,valid,923,1-3-9,all_distinct,13,1.0
3D Lotto,9PM,2018-07-28,5-2-9,5,2,9,4500.0,957,valid,924,2-5-9,all_distinct,16,1.0
3D Lotto,9PM,2018-07-29,9-3-2,9,3,2,4500.0,708,valid,925,2-3-9,all_distinct,14,2.0
3D Lotto,9PM,2018-07-30,7-1-2,7,1,2,4500.0,730,valid,926,1-2-7,all_distinct,10,1.0
3D Lotto,9PM,2018-07-31,1-5-2,1,5,2,4500.0,676,valid,927,1-2-5,all_distinct,8,2.0
3D Lotto,9PM,2018-08-01,3-8-6,3,8,6,4500.0,568,valid,928,3-6-8,all_distinct,17,0.0
3D Lotto,9PM,2018-08-02,7-1-1,7,1,1,4500.0,642,valid,929,1-1-7,one_pair,9,0.0
3D Lotto,9PM,2018-08-03,8-3-7,8,3,7,4500.0,473,valid,930,3-7-8,all_distinct,18,1.0
3D Lotto,9PM,2018-08-04,3-9-6,3,9,6,4500.0,340,valid,931,3-6-9,all_distinct,18,1.0
3D Lotto,9PM,2018-08-05,0-4-7,0,4,7,4500.0,282,valid,932,0-4-7,all_distinct,11,0.0
3D Lotto,9PM,2018-08-06,3-9-5,3,9,5,4500.0,252,valid,933,3-5-9,all_distinct,17,0.0
3D Lotto,9PM,2018-08-07,9-8-9,9,8,9,4500.0,306,valid,934,8-9-9,one_pair,26,1.0
3D Lotto,9PM,2018-08-08,6-3-9,6,3,9,4500.0,422,valid,935,3-6-9,all_distinct,18,1.0
3D Lotto,9PM,2018-08-09,1-3-2,1,3,2,4500.0,551,valid,936,1-2-3,all_distinct,6,1.0
3D Lotto,9PM,2018-08-10,2-0-9,2,0,9,4500.0,417,valid,937,0-2-9,all_distinct,11,1.0
3D Lotto,9PM,2018-08-11,8-7-3,8,7,3,4500.0,273,valid,938,3-7-8,all_distinct,18,0.0
3D Lotto,9PM,2018-08-12,7-7-4,7,7,4,4500.0,434,valid,939,4-7-7,one_pair,18,1.0
3D Lotto,9PM,2018-08-13,9-1-5,9,1,5,4500.0,583,valid,940,1-5-9,all_distinct,15,0.0
3D Lotto,9PM,2018-08-14,7-1-5,7,1,5,4500.0,1197,valid,941,1-5-7,all_distinct,13,2.0
3D Lotto,9PM,2018-08-15,0-2-3,0,2,3,4500.0,557,valid,942,0-2-3,all_distinct,5,0.0
3D Lotto,9PM,2018-08-16,8-0-4,8,0,4,4500.0,596,valid,943,0-4-8,all_distinct,12,1.0
3D Lotto,9PM,2018-08-17,6-4-4,6,4,4,4500.0,383,valid,944,4-4-6,one_pair,14,1.0
3D Lotto,9PM,2018-08-18,4-7-6,4,7,6,4500.0,370,valid,945,4-6-7,all_distinct,17,2.0
3D Lotto,9PM,2018-08-19,9-6-0,9,6,0,4500.0,325,valid,946,0-6-9,all_distinct,15,1.0
3D Lotto,9PM,2018-08-20,4-9-2,4,9,2,4500.0,264,valid,947,2-4-9,all_distinct,15,1.0
3D Lotto,9PM,2018-08-21,8-0-1,8,0,1,4500.0,383,valid,948,0-1-8,all_distinct,9,0.0
3D Lotto,9PM,2018-08-22,1-2-0,1,2,0,4500.0,1191,valid,949,0-1-2,all_distinct,3,2.0
3D Lotto,9PM,2018-08-23,5-4-1,5,4,1,4500.0,508,valid,950,1-4-5,all_distinct,10,1.0
3D Lotto,9PM,2018-08-24,9-4-5,9,4,5,4500.0,334,valid,951,4-5-9,all_distinct,18,2.0
3D Lotto,9PM,2018-08-25,9-0-5,9,0,5,4500.0,362,valid,952,0-5-9,all_distinct,14,2.0
3D Lotto,9PM,2018-08-26,2-6-4,2,6,4,4500.0,429,valid,953,2-4-6,all_distinct,12,0.0
3D Lotto,9PM,2018-08-27,4-5-7,4,5,7,4500.0,371,valid,954,4-5-7,all_distinct,16,1.0
3D Lotto,9PM,2018-08-28,1-9-0,1,9,0,4500.0,627,valid,955,0-1-9,all_distinct,10,0.0
3D Lotto,9PM,2018-08-29,2-6-5,2,6,5,4500.0,513,valid,956,2-5-6,all_distinct,13,0.0
3D Lotto,9PM,2018-08-30,9-1-3,9,1,3,4500.0,1139,valid,957,1-3-9,all_distinct,13,0.0
3D Lotto,9PM,2018-08-31,5-9-2,5,9,2,4500.0,341,valid,958,2-5-9,all_distinct,16,1.0
3D Lotto,9PM,2018-09-01,6-5-6,6,5,6,4500.0,257,valid,959,5-6-6,one_pair,17,1.0
3D Lotto,9PM,2018-09-02,1-5-4,1,5,4,4500.0,266,valid,960,1-4-5,all_distinct,10,1.0
3D Lotto,9PM,2018-09-03,9-0-6,9,0,6,4500.0,501,valid,961,0-6-9,all_distinct,15,0.0
3D Lotto,9PM,2018-09-04,4-1-9,4,1,9,4500.0,927,valid,962,1-4-9,all_distinct,14,1.0
3D Lotto,9PM,2018-09-05,8-2-1,8,2,1,4500.0,668,valid,963,1-2-8,all_distinct,11,1.0
3D Lotto,9PM,2018-09-06,5-6-1,5,6,1,4500.0,622,valid,964,1-5-6,all_distinct,12,1.0
3D Lotto,9PM,2018-09-07,1-0-2,1,0,2,4500.0,629,valid,965,0-1-2,all_distinct,3,1.0
3D Lotto,9PM,2018-09-08,1-3-5,1,3,5,4500.0,658,valid,966,1-3-5,all_distinct,9,1.0
3D Lotto,9PM,2018-09-09,5-3-2,5,3,2,4500.0,1033,valid,967,2-3-5,all_distinct,10,2.0
3D Lotto,9PM,2018-09-10,5-4-0,5,4,0,4500.0,317,valid,968,0-4-5,all_distinct,9,1.0
3D Lotto,9PM,2018-09-11,2-5-4,2,5,4,4500.0,528,valid,969,2-4-5,all_distinct,11,2.0
3D Lotto,9PM,2018-09-12,2-2-9,2,2,9,4500.0,640,valid,970,2-2-9,one_pair,13,1.0
3D Lotto,9PM,2018-09-13,6-8-4,6,8,4,4500.0,294,valid,971,4-6-8,all_distinct,18,0.0
3D Lotto,9PM,2018-09-14,8-0-1,8,0,1,4500.0,554,valid,972,0-1-8,all_distinct,9,1.0
3D Lotto,9PM,2018-09-15,2-7-3,2,7,3,4500.0,367,valid,973,2-3-7,all_distinct,12,0.0
3D Lotto,9PM,2018-09-16,9-9-7,9,9,7,4500.0,231,valid,974,7-9-9,one_pair,25,1.0
3D Lotto,9PM,2018-09-17,5-3-9,5,3,9,4500.0,538,valid,975,3-5-9,all_distinct,17,1.0
3D Lotto,9PM,2018-09-18,9-0-3,9,0,3,4500.0,581,valid,976,0-3-9,all_distinct,12,2.0
3D Lotto,9PM,2018-09-19,2-6-0,2,6,0,4500.0,522,valid,977,0-2-6,all_distinct,8,1.0
3D Lotto,9PM,2018-09-20,2-2-8,2,2,8,4500.0,515,valid,978,2-2-8,one_pair,12,1.0
3D Lotto,9PM,2018-09-21,0-4-3,0,4,3,4500.0,222,valid,979,0-3-4,all_distinct,7,0.0
3D Lotto,9PM,2018-09-22,0-0-9,0,0,9,4500.0,194,valid,980,0-0-9,one_pair,9,1.0
3D Lotto,9PM,2018-09-23,0-2-7,0,2,7,4500.0,293,valid,981,0-2-7,all_distinct,9,1.0
3D Lotto,9PM,2018-09-24,0-9-5,0,9,5,4500.0,160,valid,982,0-5-9,all_distinct,14,1.0
3D Lotto,9PM,2018-09-25,5-7-1,5,7,1,4500.0,374,valid,983,1-5-7,all_distinct,13,1.0
3D Lotto,9PM,2018-09-26,4-6-3,4,6,3,4500.0,289,valid,984,3-4-6,all_distinct,13,0.0
3D Lotto,9PM,2018-09-27,2-5-2,2,5,2,4500.0,718,valid,985,2-2-5,one_pair,9,0.0
3D Lotto,9PM,2018-09-28,0-1-9,0,1,9,4500.0,382,valid,986,0-1-9,all_distinct,10,0.0
3D Lotto,9PM,2018-09-29,1-9-2,1,9,2,4500.0,571,valid,987,1-2-9,all_distinct,12,2.0
3D Lotto,9PM,2018-09-30,8-9-0,8,9,0,4500.0,555,valid,988,0-8-9,all_distinct,17,1.0
3D Lotto,9PM,2018-10-01,0-5-6,0,5,6,4500.0,220,valid,989,0-5-6,all_distinct,11,1.0
3D Lotto,9PM,2018-10-02,2-9-5,2,9,5,4500.0,293,valid,990,2-5-9,all_distinct,16,1.0
3D Lotto,9PM,2018-10-03,9-6-0,9,6,0,4500.0,393,valid,991,0-6-9,all_distinct,15,1.0
3D Lotto,9PM,2018-10-04,5-4-3,5,4,3,4500.0,335,valid,992,3-4-5,all_distinct,12,0.0
3D Lotto,9PM,2018-10-05,6-5-6,6,5,6,4500.0,279,valid,993,5-6-6,one_pair,17,1.0
3D Lotto,9PM,2018-10-06,5-6-4,5,6,4,4500.0,546,valid,994,4-5-6,all_distinct,15,2.0
3D Lotto,9PM,2018-10-07,0-6-8,0,6,8,4500.0,327,valid,995,0-6-8,all_distinct,14,1.0
3D Lotto,9PM,2018-10-08,6-0-3,6,0,3,4500.0,500,valid,996,0-3-6,all_distinct,9,2.0
3D Lotto,9PM,2018-10-09,2-2-0,2,2,0,4500.0,877,valid,997,0-2-2,one_pair,4,1.0
3D Lotto,9PM,2018-10-10,2-9-1,2,9,1,4500.0,401,valid,998,1-2-9,all_distinct,12,1.0
3D Lotto,9PM,2018-10-11,9-7-9,9,7,9,4500.0,254,valid,999,7-9-9,one_pair,25,1.0
3D Lotto,9PM,2018-10-12,4-8-6,4,8,6,4500.0,388,valid,1000,4-6-8,all_distinct,18,0.0
3D Lotto,9PM,2018-10-13,1-6-1,1,6,1,4500.0,484,valid,1001,1-1-6,one_pair,8,1.0
3D Lotto,9PM,2018-10-14,6-0-1,6,0,1,4500.0,832,valid,1002,0-1-6,all_distinct,7,2.0
3D Lotto,9PM,2018-10-15,7-6-9,7,6,9,4500.0,227,valid,1003,6-7-9,all_distinct,22,1.0
3D Lotto,9PM,2018-10-16,7-7-2,7,7,2,4500.0,355,valid,1004,2-7-7,one_pair,16,1.0
3D Lotto,9PM,2018-10-17,3-3-8,3,3,8,4500.0,473,valid,1005,3-3-8,one_pair,14,0.0
3D Lotto,9PM,2018-10-18,7-9-5,7,9,5,4500.0,217,valid,1006,5-7-9,all_distinct,21,0.0
3D Lotto,9PM,2018-10-19,4-5-7,4,5,7,4500.0,330,valid,1007,4-5-7,all_distinct,16,2.0
3D Lotto,9PM,2018-10-20,3-1-6,3,1,6,4500.0,706,valid,1008,1-3-6,all_distinct,10,0.0
3D Lotto,9PM,2018-10-21,2-6-4,2,6,4,4500.0,386,valid,1009,2-4-6,all_distinct,12,1.0
3D Lotto,9PM,2018-10-22,1-5-3,1,5,3,4500.0,561,valid,1010,1-3-5,all_distinct,9,0.0
3D Lotto,9PM,2018-10-23,6-6-4,6,6,4,4500.0,434,valid,1011,4-6-6,one_pair,16,0.0
3D Lotto,9PM,2018-10-24,0-8-0,0,8,0,4500.0,258,valid,1012,0-0-8,one_pair,8,0.0
3D Lotto,9PM,2018-10-25,5-6-3,5,6,3,4500.0,268,valid,1013,3-5-6,all_distinct,14,0.0
3D Lotto,9PM,2018-10-26,8-8-9,8,8,9,4500.0,392,valid,1014,8-8-9,one_pair,25,0.0
3D Lotto,9PM,2018-10-27,4-8-7,4,8,7,4500.0,398,valid,1015,4-7-8,all_distinct,19,1.0
3D Lotto,9PM,2018-10-28,1-5-0,1,5,0,4500.0,1083,valid,1016,0-1-5,all_distinct,6,0.0
3D Lotto,9PM,2018-10-29,6-9-5,6,9,5,4500.0,180,valid,1017,5-6-9,all_distinct,20,1.0
3D Lotto,9PM,2018-10-30,1-2-7,1,2,7,4500.0,816,valid,1018,1-2-7,all_distinct,10,0.0
3D Lotto,9PM,2018-10-31,5-9-2,5,9,2,4500.0,231,valid,1019,2-5-9,all_distinct,16,1.0
3D Lotto,9PM,2018-11-01,3-3-5,3,3,5,4500.0,370,valid,1020,3-3-5,one_pair,11,1.0
3D Lotto,9PM,2018-11-02,0-5-0,0,5,0,4500.0,811,valid,1021,0-0-5,one_pair,5,1.0
3D Lotto,9PM,2018-11-03,9-5-3,9,5,3,4500.0,282,valid,1022,3-5-9,all_distinct,17,1.0
3D Lotto,9PM,2018-11-04,6-1-3,6,1,3,4500.0,948,valid,1023,1-3-6,all_distinct,10,1.0
3D Lotto,9PM,2018-11-05,7-2-5,7,2,5,4500.0,534,valid,1024,2-5-7,all_distinct,14,0.0
3D Lotto,9PM,2018-11-06,2-6-1,2,6,1,4500.0,484,valid,1025,1-2-6,all_distinct,9,1.0
3D Lotto,9PM,2018-11-07,4-2-3,4,2,3,4500.0,381,valid,1026,2-3-4,all_distinct,9,1.0
3D Lotto,9PM,2018-11-08,0-6-3,0,6,3,4500.0,97,valid,1027,0-3-6,all_distinct,9,1.0
3D Lotto,9PM,2018-11-09,9-6-7,9,6,7,4500.0,278,valid,1028,6-7-9,all_distinct,22,1.0
3D Lotto,9PM,2018-11-10,1-4-6,1,4,6,4500.0,721,valid,1029,1-4-6,all_distinct,11,1.0
3D Lotto,9PM,2018-11-11,4-5-8,4,5,8,4500.0,268,valid,1030,4-5-8,all_distinct,17,1.0
3D Lotto,9PM,2018-11-12,2-5-9,2,5,9,4500.0,452,valid,1031,2-5-9,all_distinct,16,1.0
3D Lotto,9PM,2018-11-13,2-4-2,2,4,2,4500.0,549,valid,1032,2-2-4,one_pair,8,1.0
3D Lotto,9PM,2018-11-14,9-2-6,9,2,6,4500.0,461,valid,1033,2-6-9,all_distinct,17,1.0
3D Lotto,9PM,2018-11-15,4-1-8,4,1,8,4500.0,555,valid,1034,1-4-8,all_distinct,13,0.0
3D Lotto,9PM,2018-11-16,3-8-9,3,8,9,4500.0,500,valid,1035,3-8-9,all_distinct,20,1.0
3D Lotto,9PM,2018-11-17,3-7-1,3,7,1,4500.0,335,valid,1036,1-3-7,all_distinct,11,1.0
3D Lotto,9PM,2018-11-18,2-4-8,2,4,8,4500.0,580,valid,1037,2-4-8,all_distinct,14,0.0
3D Lotto,9PM,2018-11-19,5-3-6,5,3,6,4500.0,388,valid,1038,3-5-6,all_distinct,14,0.0
3D Lotto,9PM,2018-11-20,2-8-8,2,8,8,4500.0,467,valid,1039,2-8-8,one_pair,18,0.0
3D Lotto,9PM,2018-11-21,3-2-7,3,2,7,4500.0,350,valid,1040,2-3-7,all_distinct,12,1.0
3D Lotto,9PM,2018-11-22,3-6-4,3,6,4,4500.0,334,valid,1041,3-4-6,all_distinct,13,1.0
3D Lotto,9PM,2018-11-23,4-9-4,4,9,4,4500.0,179,valid,1042,4-4-9,one_pair,17,1.0
3D Lotto,9PM,2018-11-24,3-2-7,3,2,7,4500.0,285,valid,1043,2-3-7,all_distinct,12,0.0
3D Lotto,9PM,2018-11-25,9-7-4,9,7,4,4500.0,251,valid,1044,4-7-9,all_distinct,20,1.0
3D Lotto,9PM,2018-11-26,3-2-5,3,2,5,4500.0,720,valid,1045,2-3-5,all_distinct,10,0.0
3D Lotto,9PM,2018-11-27,7-5-7,7,5,7,4500.0,362,valid,1046,5-7-7,one_pair,19,1.0
3D Lotto,9PM,2018-11-28,6-5-9,6,5,9,4500.0,349,valid,1047,5-6-9,all_distinct,20,1.0
3D Lotto,9PM,2018-11-29,6-3-1,6,3,1,4500.0,441,valid,1048,1-3-6,all_distinct,10,1.0
3D Lotto,9PM,2018-11-30,6-8-2,6,8,2,4500.0,225,valid,1049,2-6-8,all_distinct,16,1.0
3D Lotto,9PM,2018-12-01,0-8-3,0,8,3,4500.0,121,valid,1050,0-3-8,all_distinct,11,1.0
3D Lotto,9PM,2018-12-02,5-1-6,5,1,6,4500.0,592,valid,1051,1-5-6,all_distinct,12,0.0
3D Lotto,9PM,2018-12-03,9-5-5,9,5,5,4500.0,246,valid,1052,5-5-9,one_pair,19,1.0
3D Lotto,9PM,2018-12-04,5-2-0,5,2,0,4500.0,548,valid,1053,0-2-5,all_distinct,7,1.0
3D Lotto,9PM,2018-12-05,0-2-0,0,2,0,4500.0,465,valid,1054,0-0-2,one_pair,2,2.0
3D Lotto,9PM,2018-12-06,4-6-8,4,6,8,4500.0,442,valid,1055,4-6-8,all_distinct,18,0.0
3D Lotto,9PM,2018-12-07,0-6-3,0,6,3,4500.0,157,valid,1056,0-3-6,all_distinct,9,1.0
3D Lotto,9PM,2018-12-08,7-6-3,7,6,3,4500.0,503,valid,1057,3-6-7,all_distinct,16,2.0
3D Lotto,9PM,2018-12-09,7-6-3,7,6,3,4500.0,311,valid,1058,3-6-7,all_distinct,16,3.0
3D Lotto,9PM,2018-12-10,2-5-4,2,5,4,4500.0,415,valid,1059,2-4-5,all_distinct,11,0.0
3D Lotto,9PM,2018-12-11,2-8-6,2,8,6,4500.0,241,valid,1060,2-6-8,all_distinct,16,1.0
3D Lotto,9PM,2018-12-12,7-3-3,7,3,3,4500.0,533,valid,1061,3-3-7,one_pair,13,0.0
3D Lotto,9PM,2018-12-13,4-3-2,4,3,2,4500.0,459,valid,1062,2-3-4,all_distinct,9,1.0
3D Lotto,9PM,2018-12-14,1-4-0,1,4,0,4500.0,783,valid,1063,0-1-4,all_distinct,5,1.0
3D Lotto,9PM,2018-12-15,1-1-7,1,1,7,4500.0,1215,valid,1064,1-1-7,one_pair,9,1.0
3D Lotto,9PM,2018-12-16,6-1-3,6,1,3,4500.0,742,valid,1065,1-3-6,all_distinct,10,1.0
3D Lotto,9PM,2018-12-17,1-7-1,1,7,1,4500.0,680,valid,1066,1-1-7,one_pair,9,1.0
3D Lotto,9PM,2018-12-18,8-4-4,8,4,4,4500.0,315,valid,1067,4-4-8,one_pair,16,0.0
3D Lotto,9PM,2018-12-19,5-4-3,5,4,3,4500.0,336,valid,1068,3-4-5,all_distinct,12,1.0
3D Lotto,9PM,2018-12-20,7-5-0,7,5,0,4500.0,597,valid,1069,0-5-7,all_distinct,12,1.0
3D Lotto,9PM,2018-12-21,5-0-6,5,0,6,4500.0,495,valid,1070,0-5-6,all_distinct,11,2.0
3D Lotto,9PM,2018-12-22,6-4-0,6,4,0,4500.0,428,valid,1071,0-4-6,all_distinct,10,2.0
3D Lotto,9PM,2018-12-23,7-0-4,7,0,4,4500.0,637,valid,1072,0-4-7,all_distinct,11,2.0
3D Lotto,9PM,2018-12-26,9-1-2,9,1,2,4500.0,860,valid,1073,1-2-9,all_distinct,12,0.0
3D Lotto,9PM,2018-12-27,0-3-5,0,3,5,4500.0,436,valid,1074,0-3-5,all_distinct,8,0.0
3D Lotto,9PM,2018-12-28,6-5-3,6,5,3,4500.0,312,valid,1075,3-5-6,all_distinct,14,2.0
3D Lotto,9PM,2018-12-29,6-2-6,6,2,6,4500.0,752,valid,1076,2-6-6,one_pair,14,1.0
3D Lotto,9PM,2018-12-30,7-3-3,7,3,3,4500.0,392,valid,1077,3-3-7,one_pair,13,0.0
3D Lotto,9PM,2019-01-02,2-2-0,2,2,0,4500.0,557,valid,1078,0-2-2,one_pair,4,0.0
3D Lotto,9PM,2019-01-03,9-6-9,9,6,9,4500.0,151,valid,1079,6-9-9,one_pair,24,0.0
3D Lotto,9PM,2019-01-04,0-1-9,0,1,9,4500.0,1149,valid,1080,0-1-9,all_distinct,10,1.0
3D Lotto,9PM,2019-01-05,5-5-4,5,5,4,4500.0,350,valid,1081,4-5-5,one_pair,14,0.0
3D Lotto,9PM,2019-01-06,0-0-4,0,0,4,4500.0,107,valid,1082,0-0-4,one_pair,4,1.0
3D Lotto,9PM,2019-01-07,4-0-5,4,0,5,4500.0,295,valid,1083,0-4-5,all_distinct,9,2.0
3D Lotto,9PM,2019-01-08,1-6-7,1,6,7,4500.0,307,valid,1084,1-6-7,all_distinct,14,0.0
3D Lotto,9PM,2019-01-09,4-1-9,4,1,9,4500.0,700,valid,1085,1-4-9,all_distinct,14,1.0
3D Lotto,9PM,2019-01-10,6-5-0,6,5,0,4500.0,312,valid,1086,0-5-6,all_distinct,11,0.0
3D Lotto,9PM,2019-01-11,7-0-3,7,0,3,4500.0,380,valid,1087,0-3-7,all_distinct,10,1.0
3D Lotto,9PM,2019-01-12,0-2-0,0,2,0,4500.0,285,valid,1088,0-0-2,one_pair,2,1.0
3D Lotto,9PM,2019-01-13,3-8-5,3,8,5,4500.0,292,valid,1089,3-5-8,all_distinct,16,0.0
3D Lotto,9PM,2019-01-14,2-8-7,2,8,7,4500.0,400,valid,1090,2-7-8,all_distinct,17,1.0
3D Lotto,9PM,2019-01-15,9-6-0,9,6,0,4500.0,279,valid,1091,0-6-9,all_distinct,15,0.0
3D Lotto,9PM,2019-01-16,7-1-5,7,1,5,4500.0,493,valid,1092,1-5-7,all_distinct,13,0.0
3D Lotto,9PM,2019-01-17,4-8-0,4,8,0,4500.0,656,valid,1093,0-4-8,all_distinct,12,0.0
3D Lotto,9PM,2019-01-18,5-0-7,5,0,7,4500.0,410,valid,1094,0-5-7,all_distinct,12,1.0
3D Lotto,9PM,2019-01-19,1-4-4,1,4,4,4500.0,526,valid,1095,1-4-4,one_pair,9,0.0
3D Lotto,9PM,2019-01-20,8-5-6,8,5,6,4500.0,448,valid,1097,5-6-8,all_distinct,19,0.0
3D Lotto,9PM,2019-01-21,8-0-3,8,0,3,4500.0,426,valid,1096,0-3-8,all_distinct,11,1.0
3D Lotto,9PM,2019-01-22,6-1-4,6,1,4,4500.0,501,valid,1098,1-4-6,all_distinct,11,0.0
3D Lotto,9PM,2019-01-23,1-5-0,1,5,0,4500.0,1195,valid,1099,0-1-5,all_distinct,6,1.0
3D Lotto,9PM,2019-01-24,1-7-3,1,7,3,4500.0,449,valid,1100,1-3-7,all_distinct,11,1.0
3D Lotto,9PM,2019-01-25,9-0-2,9,0,2,4500.0,326,valid,1101,0-2-9,all_distinct,11,0.0
3D Lotto,9PM,2019-01-26,2-2-5,2,2,5,4500.0,802,valid,1102,2-2-5,one_pair,9,1.0
3D Lotto,9PM,2019-01-27,2-8-7,2,8,7,4500.0,267,valid,1103,2-7-8,all_distinct,17,1.0
3D Lotto,9PM,2019-01-28,0-0-0,0,0,0,4500.0,483,valid,1104,0-0-0,triple,0,0.0
3D Lotto,9PM,2019-01-29,5-8-7,5,8,7,4500.0,325,valid,1105,5-7-8,all_distinct,20,0.0
3D Lotto,9PM,2019-01-30,5-2-2,5,2,2,4500.0,522,valid,1107,2-2-5,one_pair,9,1.0
3D Lotto,9PM,2019-01-31,4-8-0,4,8,0,4500.0,327,valid,1106,0-4-8,all_distinct,12,0.0
3D Lotto,9PM,2019-02-01,4-5-6,4,5,6,4500.0,232,valid,1108,4-5-6,all_distinct,15,1.0
3D Lotto,9PM,2019-02-02,0-3-7,0,3,7,4500.0,280,valid,1109,0-3-7,all_distinct,10,0.0
3D Lotto,9PM,2019-02-03,7-7-2,7,7,2,4500.0,289,valid,1110,2-7-7,one_pair,16,1.0
3D Lotto,9PM,2019-02-04,3-0-2,3,0,2,4500.0,444,valid,1111,0-2-3,all_distinct,5,1.0
3D Lotto,9PM,2019-02-05,7-3-8,7,3,8,4500.0,397,valid,1112,3-7-8,all_distinct,18,1.0
3D Lotto,9PM,2019-02-06,6-9-5,6,9,5,4500.0,208,valid,1113,5-6-9,all_distinct,20,0.0
3D Lotto,9PM,2019-02-07,0-9-6,0,9,6,4500.0,165,valid,1114,0-6-9,all_distinct,15,2.0
3D Lotto,9PM,2019-02-08,1-2-1,1,2,1,4500.0,1021,valid,1115,1-1-2,one_pair,4,0.0
3D Lotto,9PM,2019-02-09,4-0-5,4,0,5,4500.0,298,valid,1116,0-4-5,all_distinct,9,0.0
3D Lotto,9PM,2019-02-10,7-7-0,7,7,0,4500.0,255,valid,1117,0-7-7,one_pair,14,1.0
3D Lotto,9PM,2019-02-11,4-0-5,4,0,5,4500.0,175,valid,1118,0-4-5,all_distinct,9,1.0
3D Lotto,9PM,2019-02-12,4-8-0,4,8,0,4500.0,291,valid,1119,0-4-8,all_distinct,12,2.0
3D Lotto,9PM,2019-02-13,1-4-5,1,4,5,4500.0,516,valid,1120,1-4-5,all_distinct,10,1.0
3D Lotto,9PM,2019-02-14,4-4-3,4,4,3,4500.0,421,valid,1121,3-4-4,one_pair,11,1.0
3D Lotto,9PM,2019-02-15,8-9-7,8,9,7,4500.0,254,valid,1122,7-8-9,all_distinct,24,0.0
3D Lotto,9PM,2019-02-16,7-5-1,7,5,1,4500.0,383,valid,1123,1-5-7,all_distinct,13,1.0
3D Lotto,9PM,2019-02-17,5-5-5,5,5,5,4500.0,870,valid,1124,5-5-5,triple,15,1.0
3D Lotto,9PM,2019-02-18,5-6-8,5,6,8,4500.0,433,valid,1125,5-6-8,all_distinct,19,1.0
3D Lotto,9PM,2019-02-19,3-2-7,3,2,7,4500.0,562,valid,1126,2-3-7,all_distinct,12,0.0
3D Lotto,9PM,2019-02-20,6-8-5,6,8,5,4500.0,202,valid,1127,5-6-8,all_distinct,19,0.0
3D Lotto,9PM,2019-02-21,7-9-5,7,9,5,4500.0,272,valid,1128,5-7-9,all_distinct,21,1.0
3D Lotto,9PM,2019-02-22,7-0-5,7,0,5,4500.0,467,valid,1129,0-5-7,all_distinct,12,2.0
3D Lotto,9PM,2019-02-23,5-5-1,5,5,1,4500.0,445,valid,1130,1-5-5,one_pair,11,1.0
3D Lotto,9PM,2019-02-24,1-8-6,1,8,6,4500.0,310,valid,1131,1-6-8,all_distinct,15,1.0
3D Lotto,9PM,2019-02-25,1-8-1,1,8,1,4500.0,679,valid,1132,1-1-8,one_pair,10,2.0
3D Lotto,9PM,2019-02-26,0-8-7,0,8,7,4500.0,140,valid,1133,0-7-8,all_distinct,15,1.0
3D Lotto,9PM,2019-02-27,8-9-5,8,9,5,4500.0,192,valid,1134,5-8-9,all_distinct,22,1.0
3D Lotto,9PM,2019-02-28,6-7-7,6,7,7,4500.0,284,valid,1135,6-7-7,one_pair,20,0.0
3D Lotto,9PM,2019-03-01,6-7-0,6,7,0,4500.0,254,valid,1136,0-6-7,all_distinct,13,2.0
3D Lotto,9PM,2019-03-02,3-6-9,3,6,9,4500.0,787,valid,1137,3-6-9,all_distinct,18,1.0
3D Lotto,9PM,2019-03-03,9-4-1,9,4,1,4500.0,353,valid,1138,1-4-9,all_distinct,14,1.0
3D Lotto,9PM,2019-03-04,5-2-9,5,2,9,4500.0,573,valid,1139,2-5-9,all_distinct,16,1.0
3D Lotto,9PM,2019-03-05,5-6-9,5,6,9,4500.0,372,valid,1140,5-6-9,all_distinct,20,2.0
3D Lotto,9PM,2019-03-06,0-0-5,0,0,5,4500.0,335,valid,1141,0-0-5,one_pair,5,1.0
3D Lotto,9PM,2019-03-07,5-0-7,5,0,7,4500.0,444,valid,1142,0-5-7,all_distinct,12,2.0
3D Lotto,9PM,2019-03-08,7-8-0,7,8,0,4500.0,239,valid,1143,0-7-8,all_distinct,15,2.0
3D Lotto,9PM,2019-03-09,0-5-7,0,5,7,4500.0,235,valid,1144,0-5-7,all_distinct,12,2.0
3D Lotto,9PM,2019-03-10,5-6-2,5,6,2,4500.0,565,valid,1145,2-5-6,all_distinct,13,1.0
3D Lotto,9PM,2019-03-11,2-7-0,2,7,0,4500.0,465,valid,1146,0-2-7,all_distinct,9,1.0
3D Lotto,9PM,2019-03-12,9-2-6,9,2,6,4500.0,445,valid,1147,2-6-9,all_distinct,17,1.0
3D Lotto,9PM,2019-03-13,9-2-8,9,2,8,4500.0,381,valid,1148,2-8-9,all_distinct,19,2.0
3D Lotto,9PM,2019-03-14,9-6-1,9,6,1,4500.0,294,valid,1149,1-6-9,all_distinct,16,1.0
3D Lotto,9PM,2019-03-15,3-8-9,3,8,9,4500.0,346,valid,1150,3-8-9,all_distinct,20,1.0
3D Lotto,9PM,2019-03-16,6-0-0,6,0,0,4500.0,495,valid,1151,0-0-6,one_pair,6,0.0
3D Lotto,9PM,2019-03-17,2-1-5,2,1,5,4500.0,593,valid,1152,1-2-5,all_distinct,8,0.0
3D Lotto,9PM,2019-03-18,4-2-5,4,2,5,4500.0,536,valid,1153,2-4-5,all_distinct,11,2.0
3D Lotto,9PM,2019-03-19,5-8-3,5,8,3,4500.0,330,valid,1154,3-5-8,all_distinct,16,1.0
3D Lotto,9PM,2019-03-20,5-3-8,5,3,8,4500.0,299,valid,1155,3-5-8,all_distinct,16,3.0
3D Lotto,9PM,2019-03-21,9-6-0,9,6,0,4500.0,362,valid,1156,0-6-9,all_distinct,15,0.0
3D Lotto,9PM,2019-03-22,7-6-4,7,6,4,4500.0,219,valid,1157,4-6-7,all_distinct,17,1.0
3D Lotto,9PM,2019-03-23,7-3-3,7,3,3,4500.0,215,valid,1158,3-3-7,one_pair,13,1.0
3D Lotto,9PM,2019-03-24,2-3-6,2,3,6,4500.0,399,valid,1159,2-3-6,all_distinct,11,1.0
3D Lotto,9PM,2019-03-25,6-1-7,6,1,7,4500.0,350,valid,1160,1-6-7,all_distinct,14,1.0
3D Lotto,9PM,2019-03-26,6-2-9,6,2,9,4500.0,430,valid,1161,2-6-9,all_distinct,17,1.0
3D Lotto,9PM,2019-03-27,8-9-1,8,9,1,4500.0,332,valid,1162,1-8-9,all_distinct,18,1.0
3D Lotto,9PM,2019-03-28,3-1-5,3,1,5,4500.0,643,valid,1163,1-3-5,all_distinct,9,1.0
3D Lotto,9PM,2019-03-29,8-4-6,8,4,6,4500.0,339,valid,1164,4-6-8,all_distinct,18,0.0
3D Lotto,9PM,2019-03-30,4-3-6,4,3,6,4500.0,447,valid,1165,3-4-6,all_distinct,13,2.0
3D Lotto,9PM,2019-03-31,0-7-1,0,7,1,4500.0,149,valid,1166,0-1-7,all_distinct,8,0.0
3D Lotto,9PM,2019-04-01,6-6-3,6,6,3,4500.0,415,valid,1167,3-6-6,one_pair,15,0.0
3D Lotto,9PM,2019-04-02,7-4-4,7,4,4,4500.0,576,valid,1168,4-4-7,one_pair,15,0.0
3D Lotto,9PM,2019-04-03,8-0-1,8,0,1,4500.0,570,valid,1169,0-1-8,all_distinct,9,0.0
3D Lotto,9PM,2019-04-04,5-6-0,5,6,0,4500.0,283,valid,1170,0-5-6,all_distinct,11,1.0
3D Lotto,9PM,2019-04-05,7-0-2,7,0,2,4500.0,181,valid,1171,0-2-7,all_distinct,9,1.0
3D Lotto,9PM,2019-04-06,4-2-4,4,2,4,4500.0,479,valid,1172,2-4-4,one_pair,10,1.0
3D Lotto,9PM,2019-04-07,6-5-6,6,5,6,4500.0,182,valid,1173,5-6-6,one_pair,17,0.0
3D Lotto,9PM,2019-04-08,0-2-0,0,2,0,4500.0,244,valid,1174,0-0-2,one_pair,2,0.0
3D Lotto,9PM,2019-04-09,9-4-3,9,4,3,4500.0,174,valid,1175,3-4-9,all_distinct,16,0.0
3D Lotto,9PM,2019-04-10,0-1-9,0,1,9,4500.0,512,valid,1176,0-1-9,all_distinct,10,1.0
3D Lotto,9PM,2019-04-11,7-0-4,7,0,4,4500.0,423,valid,1177,0-4-7,all_distinct,11,1.0
3D Lotto,9PM,2019-04-12,8-4-7,8,4,7,4500.0,317,valid,1178,4-7-8,all_distinct,19,2.0
3D Lotto,9PM,2019-04-13,5-8-5,5,8,5,4500.0,402,valid,1179,5-5-8,one_pair,18,1.0
3D Lotto,9PM,2019-04-14,4-4-8,4,4,8,4500.0,346,valid,1180,4-4-8,one_pair,16,1.0
3D Lotto,9PM,2019-04-15,2-4-0,2,4,0,4500.0,460,valid,1181,0-2-4,all_distinct,6,1.0
3D Lotto,9PM,2019-04-16,7-3-9,7,3,9,4500.0,288,valid,1182,3-7-9,all_distinct,19,0.0
3D Lotto,9PM,2019-04-17,5-7-1,5,7,1,4500.0,408,valid,1183,1-5-7,all_distinct,13,1.0
3D Lotto,9PM,2019-04-22,4-8-7,4,8,7,4500.0,544,valid,1184,4-7-8,all_distinct,19,1.0
3D Lotto,9PM,2019-04-23,9-6-2,9,6,2,4500.0,134,valid,1185,2-6-9,all_distinct,17,0.0
3D Lotto,9PM,2019-04-24,3-8-3,3,8,3,4500.0,231,valid,1186,3-3-8,one_pair,14,0.0
3D Lotto,9PM,2019-04-25,8-9-0,8,9,0,4500.0,118,valid,1187,0-8-9,all_distinct,17,1.0
3D Lotto,9PM,2019-04-26,9-5-9,9,5,9,4500.0,123,valid,1188,5-9-9,one_pair,23,1.0
3D Lotto,9PM,2019-04-27,5-8-0,5,8,0,4500.0,440,valid,1189,0-5-8,all_distinct,13,1.0
3D Lotto,9PM,2019-04-28,4-0-6,4,0,6,4500.0,181,valid,1190,0-4-6,all_distinct,10,1.0
3D Lotto,9PM,2019-04-29,0-8-3,0,8,3,4500.0,186,valid,1191,0-3-8,all_distinct,11,1.0
3D Lotto,9PM,2019-04-30,5-9-7,5,9,7,4500.0,337,valid,1192,5-7-9,all_distinct,21,0.0
3D Lotto,9PM,2019-05-01,0-6-5,0,6,5,4500.0,166,valid,1193,0-5-6,all_distinct,11,1.0
3D Lotto,9PM,2019-05-02,6-5-7,6,5,7,4500.0,373,valid,1194,5-6-7,all_distinct,18,2.0
3D Lotto,9PM,2019-05-03,2-1-4,2,1,4,4500.0,331,valid,1195,1-2-4,all_distinct,7,0.0
3D Lotto,9PM,2019-05-04,5-7-4,5,7,4,4500.0,557,valid,1196,4-5-7,all_distinct,16,1.0
3D Lotto,9PM,2019-05-05,1-8-4,1,8,4,4500.0,197,valid,1197,1-4-8,all_distinct,13,1.0
3D Lotto,9PM,2019-05-06,7-9-6,7,9,6,4500.0,196,valid,1198,6-7-9,all_distinct,22,0.0
3D Lotto,9PM,2019-05-07,7-0-5,7,0,5,4500.0,318,valid,1199,0-5-7,all_distinct,12,1.0
3D Lotto,9PM,2019-05-08,4-2-8,4,2,8,4500.0,417,valid,1200,2-4-8,all_distinct,14,0.0
3D Lotto,9PM,2019-05-09,8-8-5,8,8,5,4500.0,273,valid,1201,5-8-8,one_pair,21,1.0
3D Lotto,9PM,2019-05-10,3-3-5,3,3,5,4500.0,264,valid,1202,3-3-5,one_pair,11,1.0
3D Lotto,9PM,2019-05-11,4-9-3,4,9,3,4500.0,149,valid,1203,3-4-9,all_distinct,16,1.0
3D Lotto,9PM,2019-05-12,3-1-9,3,1,9,4500.0,467,valid,1204,1-3-9,all_distinct,13,2.0
3D Lotto,9PM,2019-05-13,7-7-4,7,7,4,4500.0,267,valid,1205,4-7-7,one_pair,18,0.0
3D Lotto,9PM,2019-05-14,5-5-3,5,5,3,4500.0,464,valid,1206,3-5-5,one_pair,13,0.0
3D Lotto,9PM,2019-05-15,8-3-7,8,3,7,4500.0,154,valid,1207,3-7-8,all_distinct,18,1.0
3D Lotto,9PM,2019-05-16,4-8-3,4,8,3,4500.0,319,valid,1208,3-4-8,all_distinct,15,2.0
3D Lotto,9PM,2019-05-17,6-6-1,6,6,1,4500.0,329,valid,1209,1-6-6,one_pair,13,0.0
3D Lotto,9PM,2019-05-18,9-1-8,9,1,8,4500.0,563,valid,1210,1-8-9,all_distinct,18,1.0
3D Lotto,9PM,2019-05-19,2-8-8,2,8,8,4500.0,287,valid,1211,2-8-8,one_pair,18,1.0
3D Lotto,9PM,2019-05-20,1-1-5,1,1,5,4500.0,515,valid,1212,1-1-5,one_pair,7,0.0
3D Lotto,9PM,2019-05-21,0-1-7,0,1,7,4500.0,256,valid,1213,0-1-7,all_distinct,8,1.0
3D Lotto,9PM,2019-05-22,1-8-4,1,8,4,4500.0,146,valid,1214,1-4-8,all_distinct,13,1.0
3D Lotto,9PM,2019-05-23,5-4-5,5,4,5,4500.0,368,valid,1215,4-5-5,one_pair,14,1.0
3D Lotto,9PM,2019-05-24,2-3-3,2,3,3,4500.0,276,valid,1216,2-3-3,one_pair,8,0.0
3D Lotto,9PM,2019-05-25,9-3-5,9,3,5,4500.0,335,valid,1217,3-5-9,all_distinct,17,1.0
3D Lotto,9PM,2019-05-26,9-1-3,9,1,3,4500.0,303,valid,1218,1-3-9,all_distinct,13,2.0
3D Lotto,9PM,2019-05-27,5-5-7,5,5,7,4500.0,210,valid,1219,5-5-7,one_pair,17,0.0
3D Lotto,9PM,2019-05-28,0-6-7,0,6,7,4500.0,117,valid,1220,0-6-7,all_distinct,13,1.0
3D Lotto,9PM,2019-05-29,8-8-7,8,8,7,4500.0,160,valid,1221,7-8-8,one_pair,23,1.0
3D Lotto,9PM,2019-05-30,1-5-5,1,5,5,4500.0,333,valid,1222,1-5-5,one_pair,11,0.0
3D Lotto,9PM,2019-05-31,4-2-6,4,2,6,4500.0,879,valid,1223,2-4-6,all_distinct,12,0.0
3D Lotto,9PM,2019-06-01,6-3-9,6,3,9,4500.0,312,valid,1224,3-6-9,all_distinct,18,1.0
3D Lotto,9PM,2019-06-02,1-9-7,1,9,7,4500.0,595,valid,1225,1-7-9,all_distinct,17,1.0
3D Lotto,9PM,2019-06-03,8-8-6,8,8,6,4500.0,136,valid,1226,6-8-8,one_pair,22,0.0
3D Lotto,9PM,2019-06-04,1-5-5,1,5,5,4500.0,246,valid,1227,1-5-5,one_pair,11,0.0
3D Lotto,9PM,2019-06-05,2-6-2,2,6,2,4500.0,338,valid,1228,2-2-6,one_pair,10,0.0
3D Lotto,9PM,2019-06-06,1-6-0,1,6,0,4500.0,338,valid,1229,0-1-6,all_distinct,7,1.0
3D Lotto,9PM,2019-06-07,9-8-0,9,8,0,4500.0,261,valid,1230,0-8-9,all_distinct,17,1.0
3D Lotto,9PM,2019-06-08,0-5-5,0,5,5,4500.0,215,valid,1231,0-5-5,one_pair,10,1.0
3D Lotto,9PM,2019-06-09,6-3-4,6,3,4,4500.0,287,valid,1232,3-4-6,all_distinct,13,0.0
3D Lotto,9PM,2019-06-10,0-2-8,0,2,8,4500.0,165,valid,1233,0-2-8,all_distinct,10,0.0
3D Lotto,9PM,2019-06-11,0-5-4,0,5,4,4500.0,145,valid,1234,0-4-5,all_distinct,9,1.0
3D Lotto,9PM,2019-06-12,0-6-1,0,6,1,4500.0,136,valid,1235,0-1-6,all_distinct,7,1.0
3D Lotto,9PM,2019-06-13,0-5-1,0,5,1,4500.0,610,valid,1236,0-1-5,all_distinct,6,2.0
3D Lotto,9PM,2019-06-14,4-8-2,4,8,2,4500.0,260,valid,1237,2-4-8,all_distinct,14,0.0
3D Lotto,9PM,2019-06-15,0-7-1,0,7,1,4500.0,175,valid,1238,0-1-7,all_distinct,8,0.0
3D Lotto,9PM,2019-06-16,5-4-2,5,4,2,4500.0,254,valid,1239,2-4-5,all_distinct,11,0.0
3D Lotto,9PM,2019-06-17,3-3-8,3,3,8,4500.0,128,valid,1240,3-3-8,one_pair,14,0.0
3D Lotto,9PM,2019-06-18,8-7-5,8,7,5,4500.0,310,valid,1241,5-7-8,all_distinct,20,1.0
3D Lotto,9PM,2019-06-19,9-1-1,9,1,1,4500.0,399,valid,1242,1-1-9,one_pair,11,0.0
3D Lotto,9PM,2019-06-20,1-0-4,1,0,4,4500.0,403,valid,1243,0-1-4,all_distinct,5,1.0
3D Lotto,9PM,2019-06-21,6-9-1,6,9,1,4500.0,182,valid,1244,1-6-9,all_distinct,16,1.0
3D Lotto,9PM,2019-06-22,2-4-1,2,4,1,4500.0,337,valid,1245,1-2-4,all_distinct,7,1.0
3D Lotto,9PM,2019-06-23,7-3-4,7,3,4,4500.0,226,valid,1246,3-4-7,all_distinct,14,1.0
3D Lotto,9PM,2019-06-24,7-2-0,7,2,0,4500.0,654,valid,1247,0-2-7,all_distinct,9,1.0
3D Lotto,9PM,2019-06-25,6-9-5,6,9,5,4500.0,267,valid,1248,5-6-9,all_distinct,20,0.0
3D Lotto,9PM,2019-06-26,1-7-0,1,7,0,4500.0,447,valid,1249,0-1-7,all_distinct,8,0.0
3D Lotto,9PM,2019-06-27,7-5-5,7,5,5,4500.0,302,valid,1250,5-5-7,one_pair,17,1.0
3D Lotto,9PM,2019-06-28,5-1-8,5,1,8,4500.0,363,valid,1251,1-5-8,all_distinct,14,1.0
3D Lotto,9PM,2019-06-29,4-8-2,4,8,2,4500.0,263,valid,1252,2-4-8,all_distinct,14,1.0
3D Lotto,9PM,2019-06-30,8-3-5,8,3,5,4500.0,325,valid,1253,3-5-8,all_distinct,16,1.0
3D Lotto,9PM,2019-07-01,3-1-0,3,1,0,4500.0,613,valid,1254,0-1-3,all_distinct,4,1.0
3D Lotto,9PM,2019-07-02,5-6-3,5,6,3,4500.0,224,valid,1255,3-5-6,all_distinct,14,1.0
3D Lotto,9PM,2019-07-03,1-7-4,1,7,4,4500.0,319,valid,1256,1-4-7,all_distinct,12,0.0
3D Lotto,9PM,2019-07-04,9-3-1,9,3,1,4500.0,257,valid,1257,1-3-9,all_distinct,13,1.0
3D Lotto,9PM,2019-07-05,6-7-8,6,7,8,4500.0,155,valid,1258,6-7-8,all_distinct,21,0.0
3D Lotto,9PM,2019-07-06,2-1-7,2,1,7,4500.0,682,valid,1259,1-2-7,all_distinct,10,1.0
3D Lotto,9PM,2019-07-07,0-0-7,0,0,7,4500.0,232,valid,1260,0-0-7,one_pair,7,1.0
3D Lotto,9PM,2019-07-08,1-0-9,1,0,9,4500.0,559,valid,1261,0-1-9,all_distinct,10,1.0
3D Lotto,9PM,2019-07-09,6-6-0,6,6,0,4500.0,193,valid,1262,0-6-6,one_pair,12,1.0
3D Lotto,9PM,2019-07-10,9-5-1,9,5,1,4500.0,145,valid,1263,1-5-9,all_distinct,15,0.0
3D Lotto,9PM,2019-07-11,0-0-5,0,0,5,4500.0,253,valid,1264,0-0-5,one_pair,5,1.0
3D Lotto,9PM,2019-07-12,7-1-6,7,1,6,4500.0,730,valid,1265,1-6-7,all_distinct,14,0.0
3D Lotto,9PM,2019-07-13,1-6-5,1,6,5,4500.0,425,valid,1266,1-5-6,all_distinct,12,2.0
3D Lotto,9PM,2019-07-14,3-9-0,3,9,0,4500.0,161,valid,1267,0-3-9,all_distinct,12,0.0
3D Lotto,9PM,2019-07-15,8-2-0,8,2,0,4500.0,300,valid,1268,0-2-8,all_distinct,10,1.0
3D Lotto,9PM,2019-07-16,6-0-7,6,0,7,4500.0,209,valid,1269,0-6-7,all_distinct,13,1.0
3D Lotto,9PM,2019-07-17,6-2-5,6,2,5,4500.0,505,valid,1270,2-5-6,all_distinct,13,1.0
3D Lotto,9PM,2019-07-18,6-9-1,6,9,1,4500.0,167,valid,1271,1-6-9,all_distinct,16,1.0
3D Lotto,9PM,2019-07-19,2-7-9,2,7,9,4500.0,409,valid,1272,2-7-9,all_distinct,18,1.0
3D Lotto,9PM,2019-07-20,6-4-6,6,4,6,4500.0,233,valid,1273,4-6-6,one_pair,16,0.0
3D Lotto,9PM,2019-07-21,5-7-5,5,7,5,4500.0,208,valid,1274,5-5-7,one_pair,17,0.0
3D Lotto,9PM,2019-07-22,1-4-8,1,4,8,4500.0,362,valid,1275,1-4-8,all_distinct,13,0.0
3D Lotto,9PM,2019-07-23,5-3-4,5,3,4,4500.0,309,valid,1276,3-4-5,all_distinct,12,1.0
3D Lotto,9PM,2019-07-24,0-8-9,0,8,9,4500.0,187,valid,1277,0-8-9,all_distinct,17,0.0
3D Lotto,9PM,2019-07-25,8-6-4,8,6,4,4500.0,428,valid,1278,4-6-8,all_distinct,18,1.0
3D Lotto,9PM,2019-07-26,9-3-5,9,3,5,4500.0,454,valid,1279,3-5-9,all_distinct,17,0.0
3D Lotto,9PM,2019-07-27,9-0-7,9,0,7,4500.0,0,valid,1280,0-7-9,all_distinct,16,1.0
3D Lotto,9PM,2019-07-28,7-8-3,7,8,3,4500.0,0,valid,1281,3-7-8,all_distinct,18,1.0
3D Lotto,9PM,2019-07-29,9-4-9,9,4,9,4500.0,0,valid,1282,4-9-9,one_pair,22,0.0
3D Lotto,9PM,2019-07-30,7-1-8,7,1,8,4500.0,0,valid,1283,1-7-8,all_distinct,16,0.0
3D Lotto,9PM,2019-07-31,0-3-1,0,3,1,4500.0,257,valid,1284,0-1-3,all_distinct,4,1.0
3D Lotto,9PM,2019-08-01,1-7-0,1,7,0,4500.0,836,valid,1285,0-1-7,all_distinct,8,2.0
3D Lotto,9PM,2019-08-02,2-6-1,2,6,1,4500.0,672,valid,1286,1-2-6,all_distinct,9,1.0
3D Lotto,9PM,2019-08-03,1-7-5,1,7,5,4500.0,1118,valid,1287,1-5-7,all_distinct,13,1.0
3D Lotto,9PM,2019-08-04,6-3-6,6,3,6,4500.0,491,valid,1288,3-6-6,one_pair,15,0.0
3D Lotto,9PM,2019-08-05,2-4-9,2,4,9,4500.0,1008,valid,1289,2-4-9,all_distinct,15,0.0
3D Lotto,9PM,2019-08-06,8-6-5,8,6,5,4500.0,1291,valid,1290,5-6-8,all_distinct,19,0.0
3D Lotto,9PM,2019-08-07,8-7-6,8,7,6,4500.0,948,valid,1291,6-7-8,all_distinct,21,2.0
3D Lotto,9PM,2019-08-08,5-0-2,5,0,2,4500.0,1259,valid,1292,0-2-5,all_distinct,7,0.0
3D Lotto,9PM,2019-08-09,4-6-8,4,6,8,4500.0,732,valid,1293,4-6-8,all_distinct,18,0.0
3D Lotto,9PM,2019-08-10,5-5-4,5,5,4,4500.0,699,valid,1294,4-5-5,one_pair,14,1.0
3D Lotto,9PM,2019-08-11,8-4-0,8,4,0,4500.0,1043,valid,1295,0-4-8,all_distinct,12,1.0
3D Lotto,9PM,2019-08-12,2-2-2,2,2,2,4500.0,1171,valid,1296,2-2-2,triple,6,0.0
3D Lotto,9PM,2019-08-13,7-3-5,7,3,5,4500.0,1273,valid,1297,3-5-7,all_distinct,15,0.0
3D Lotto,9PM,2019-08-14,5-5-0,5,5,0,4500.0,1248,valid,1298,0-5-5,one_pair,10,1.0
3D Lotto,9PM,2019-08-15,0-4-7,0,4,7,4500.0,993,valid,1299,0-4-7,all_distinct,11,1.0
3D Lotto,9PM,2019-08-16,4-1-5,4,1,5,4500.0,1281,valid,1300,1-4-5,all_distinct,10,1.0
3D Lotto,9PM,2019-08-17,3-2-3,3,2,3,4500.0,1030,valid,1301,2-3-3,one_pair,8,0.0
3D Lotto,9PM,2019-08-18,4-6-6,4,6,6,4500.0,438,valid,1302,4-6-6,one_pair,16,0.0
3D Lotto,9PM,2019-08-19,2-1-6,2,1,6,4500.0,1213,valid,1303,1-2-6,all_distinct,9,1.0
3D Lotto,9PM,2019-08-20,3-7-0,3,7,0,4500.0,841,valid,1304,0-3-7,all_distinct,10,0.0
3D Lotto,9PM,2019-08-21,1-6-4,1,6,4,4500.0,1062,valid,1305,1-4-6,all_distinct,11,0.0
3D Lotto,9PM,2019-08-22,7-8-6,7,8,6,4500.0,619,valid,1306,6-7-8,all_distinct,21,1.0
3D Lotto,9PM,2019-08-23,8-8-3,8,8,3,4500.0,546,valid,1307,3-8-8,one_pair,19,1.0
3D Lotto,9PM,2019-08-24,7-1-0,7,1,0,4500.0,1056,valid,1308,0-1-7,all_distinct,8,0.0
3D Lotto,9PM,2019-08-25,9-5-2,9,5,2,4500.0,700,valid,1309,2-5-9,all_distinct,16,0.0
3D Lotto,9PM,2019-08-26,1-1-0,1,1,0,4500.0,1179,valid,1310,0-1-1,one_pair,2,0.0
3D Lotto,9PM,2019-08-27,6-4-5,6,4,5,4500.0,481,valid,1311,4-5-6,all_distinct,15,0.0
3D Lotto,9PM,2019-08-28,2-9-2,2,9,2,4500.0,633,valid,1312,2-2-9,one_pair,13,0.0
3D Lotto,9PM,2019-08-29,8-4-6,8,4,6,4500.0,856,valid,1313,4-6-8,all_distinct,18,0.0
3D Lotto,9PM,2019-08-30,2-9-7,2,9,7,4500.0,780,valid,1314,2-7-9,all_distinct,18,0.0
3D Lotto,9PM,2019-08-31,5-2-2,5,2,2,4500.0,989,valid,1315,2-2-5,one_pair,9,1.0
3D Lotto,9PM,2019-09-01,6-3-6,6,3,6,4500.0,311,valid,1316,3-6-6,one_pair,15,0.0
3D Lotto,9PM,2019-09-02,5-9-1,5,9,1,4500.0,606,valid,1317,1-5-9,all_distinct,15,0.0
3D Lotto,9PM,2019-09-03,9-8-4,9,8,4,4500.0,522,valid,1318,4-8-9,all_distinct,21,1.0
3D Lotto,9PM,2019-09-04,5-1-2,5,1,2,4500.0,965,valid,1319,1-2-5,all_distinct,8,0.0
3D Lotto,9PM,2019-09-05,8-7-8,8,7,8,4500.0,319,valid,1320,7-8-8,one_pair,23,0.0
3D Lotto,9PM,2019-09-06,4-1-1,4,1,1,4500.0,1011,valid,1321,1-1-4,one_pair,6,0.0
3D Lotto,9PM,2019-09-07,7-3-9,7,3,9,4500.0,920,valid,1322,3-7-9,all_distinct,19,0.0
3D Lotto,9PM,2019-09-08,1-8-1,1,8,1,4500.0,680,valid,1323,1-1-8,one_pair,10,0.0
3D Lotto,9PM,2019-09-09,5-7-8,5,7,8,4500.0,656,valid,1324,5-7-8,all_distinct,20,1.0
3D Lotto,9PM,2019-09-10,8-3-5,8,3,5,4500.0,770,valid,1325,3-5-8,all_distinct,16,2.0
3D Lotto,9PM,2019-09-11,4-3-7,4,3,7,4500.0,716,valid,1326,3-4-7,all_distinct,14,1.0
3D Lotto,9PM,2019-09-12,6-0-7,6,0,7,4500.0,522,valid,1327,0-6-7,all_distinct,13,1.0
3D Lotto,9PM,2019-09-13,7-9-7,7,9,7,4500.0,635,valid,1328,7-7-9,one_pair,23,1.0
3D Lotto,9PM,2019-09-14,5-3-1,5,3,1,4500.0,612,valid,1329,1-3-5,all_distinct,9,0.0
3D Lotto,9PM,2019-09-15,4-7-9,4,7,9,4500.0,692,valid,1331,4-7-9,all_distinct,20,0.0
3D Lotto,9PM,2019-09-16,4-8-6,4,8,6,4500.0,607,valid,1332,4-6-8,all_distinct,18,1.0
3D Lotto,9PM,2019-09-17,1-7-5,1,7,5,4500.0,819,valid,1333,1-5-7,all_distinct,13,0.0
3D Lotto,9PM,2019-09-18,3-3-8,3,3,8,4500.0,335,valid,1334,3-3-8,one_pair,14,0.0
3D Lotto,9PM,2019-09-19,4-2-0,4,2,0,4500.0,973,valid,1335,0-2-4,all_distinct,6,0.0
3D Lotto,9PM,2019-09-20,8-4-0,8,4,0,4500.0,456,valid,1336,0-4-8,all_distinct,12,2.0
3D Lotto,9PM,2019-09-21,0-6-6,0,6,6,4500.0,266,valid,1337,0-6-6,one_pair,12,1.0
3D Lotto,9PM,2019-09-22,2-1-6,2,1,6,4500.0,675,valid,1338,1-2-6,all_distinct,9,1.0
3D Lotto,9PM,2019-09-23,7-3-3,7,3,3,4500.0,719,valid,1339,3-3-7,one_pair,13,0.0
3D Lotto,9PM,2019-09-24,7-2-9,7,2,9,4500.0,965,valid,1340,2-7-9,all_distinct,18,1.0
3D Lotto,9PM,2019-09-25,4-1-2,4,1,2,4500.0,722,valid,1341,1-2-4,all_distinct,7,1.0
3D Lotto,9PM,2019-09-26,6-8-1,6,8,1,4500.0,432,valid,1342,1-6-8,all_distinct,15,1.0
3D Lotto,9PM,2019-09-27,1-4-6,1,4,6,4500.0,764,valid,1343,1-4-6,all_distinct,11,2.0
3D Lotto,9PM,2019-09-28,2-3-2,2,3,2,4500.0,544,valid,1344,2-2-3,one_pair,7,0.0
3D Lotto,9PM,2019-09-29,7-7-3,7,7,3,4500.0,292,valid,1345,3-7-7,one_pair,17,1.0
3D Lotto,9PM,2019-09-30,9-0-4,9,0,4,4500.0,543,valid,1346,0-4-9,all_distinct,13,0.0
3D Lotto,9PM,2019-10-01,7-3-2,7,3,2,4500.0,576,valid,1347,2-3-7,all_distinct,12,0.0
3D Lotto,9PM,2019-10-02,0-2-4,0,2,4,4500.0,277,valid,1348,0-2-4,all_distinct,6,1.0
3D Lotto,9PM,2019-10-03,6-6-4,6,6,4,4500.0,257,valid,1349,4-6-6,one_pair,16,1.0
3D Lotto,9PM,2019-10-04,1-4-4,1,4,4,4500.0,580,valid,1350,1-4-4,one_pair,9,1.0
3D Lotto,9PM,2019-10-05,5-9-9,5,9,9,4500.0,402,valid,1351,5-9-9,one_pair,23,0.0
3D Lotto,9PM,2019-10-06,5-6-2,5,6,2,4500.0,338,valid,1352,2-5-6,all_distinct,13,1.0
3D Lotto,9PM,2019-10-07,2-2-5,2,2,5,4500.0,753,valid,1353,2-2-5,one_pair,9,2.0
3D Lotto,9PM,2019-10-08,5-5-9,5,5,9,4500.0,375,valid,1354,5-5-9,one_pair,19,1.0
3D Lotto,9PM,2019-10-09,3-9-2,3,9,2,4500.0,309,valid,1356,2-3-9,all_distinct,14,1.0
3D Lotto,9PM,2019-10-10,9-1-7,9,1,7,4500.0,850,valid,1355,1-7-9,all_distinct,17,1.0
3D Lotto,9PM,2019-10-11,5-8-6,5,8,6,4500.0,281,valid,1357,5-6-8,all_distinct,19,0.0
3D Lotto,9PM,2019-10-12,3-2-7,3,2,7,4500.0,696,valid,1358,2-3-7,all_distinct,12,0.0
3D Lotto,9PM,2019-10-13,2-7-5,2,7,5,4500.0,619,valid,1359,2-5-7,all_distinct,14,2.0
3D Lotto,9PM,2019-10-14,1-1-1,1,1,1,4500.0,1088,valid,1360,1-1-1,triple,3,0.0
3D Lotto,9PM,2019-10-15,5-9-5,5,9,5,4500.0,178,valid,1361,5-5-9,one_pair,19,0.0
3D Lotto,9PM,2019-10-16,7-5-6,7,5,6,4500.0,660,valid,1362,5-6-7,all_distinct,18,1.0
3D Lotto,9PM,2019-10-17,6-8-1,6,8,1,4500.0,232,valid,1363,1-6-8,all_distinct,15,1.0
3D Lotto,9PM,2019-10-18,6-6-2,6,6,2,4500.0,374,valid,1364,2-6-6,one_pair,14,1.0
3D Lotto,9PM,2019-10-19,6-6-7,6,6,7,4500.0,447,valid,1365,6-6-7,one_pair,19,2.0
3D Lotto,9PM,2019-10-20,2-5-4,2,5,4,4500.0,474,valid,1366,2-4-5,all_distinct,11,0.0
3D Lotto,9PM,2019-10-21,0-2-7,0,2,7,4500.0,467,valid,1367,0-2-7,all_distinct,9,1.0
3D Lotto,9PM,2019-10-22,2-0-8,2,0,8,4500.0,894,valid,1368,0-2-8,all_distinct,10,2.0
3D Lotto,9PM,2019-10-23,3-9-6,3,9,6,4500.0,628,valid,1369,3-6-9,all_distinct,18,0.0
3D Lotto,9PM,2019-10-24,1-8-2,1,8,2,4500.0,530,valid,1370,1-2-8,all_distinct,11,0.0
3D Lotto,9PM,2019-10-25,8-4-3,8,4,3,4500.0,264,valid,1371,3-4-8,all_distinct,15,1.0
3D Lotto,9PM,2019-10-26,9-4-2,9,4,2,4500.0,410,valid,1373,2-4-9,all_distinct,15,1.0
3D Lotto,9PM,2019-10-27,0-1-1,0,1,1,4500.0,517,valid,1374,0-1-1,one_pair,2,0.0
3D Lotto,9PM,2019-10-28,7-5-4,7,5,4,4500.0,359,valid,1375,4-5-7,all_distinct,16,0.0
3D Lotto,9PM,2019-10-29,1-1-4,1,1,4,4500.0,888,valid,1376,1-1-4,one_pair,6,1.0
3D Lotto,9PM,2019-10-30,4-6-4,4,6,4,4500.0,778,valid,1377,4-4-6,one_pair,14,1.0
3D Lotto,9PM,2019-10-31,4-4-0,4,4,0,4500.0,590,valid,1378,0-4-4,one_pair,8,2.0
3D Lotto,9PM,2019-11-01,3-7-4,3,7,4,4500.0,376,valid,1379,3-4-7,all_distinct,14,1.0
3D Lotto,9PM,2019-11-02,5-7-6,5,7,6,4500.0,214,valid,1380,5-6-7,all_distinct,18,1.0
3D Lotto,9PM,2019-11-03,3-3-7,3,3,7,4500.0,355,valid,1381,3-3-7,one_pair,13,1.0
3D Lotto,9PM,2019-11-04,3-1-7,3,1,7,4500.0,1178,valid,1382,1-3-7,all_distinct,11,2.0
3D Lotto,9PM,2019-11-05,2-1-1,2,1,1,4500.0,1163,valid,1383,1-1-2,one_pair,4,1.0
3D Lotto,9PM,2019-11-06,9-9-9,9,9,9,4500.0,1088,valid,1384,9-9-9,triple,27,0.0
3D Lotto,9PM,2019-11-07,1-4-1,1,4,1,4500.0,478,valid,1385,1-1-4,one_pair,6,0.0
3D Lotto,9PM,2019-11-08,9-9-1,9,9,1,4500.0,442,valid,1386,1-9-9,one_pair,19,1.0
3D Lotto,9PM,2019-11-09,6-6-0,6,6,0,4500.0,296,valid,1387,0-6-6,one_pair,12,0.0
3D Lotto,9PM,2019-11-10,2-4-8,2,4,8,4500.0,434,valid,1388,2-4-8,all_distinct,14,0.0
3D Lotto,9PM,2019-11-11,0-4-4,0,4,4,4500.0,188,valid,1389,0-4-4,one_pair,8,1.0
3D Lotto,9PM,2019-11-12,9-3-1,9,3,1,4500.0,330,valid,1390,1-3-9,all_distinct,13,0.0
3D Lotto,9PM,2019-11-13,9-7-3,9,7,3,4500.0,342,valid,1391,3-7-9,all_distinct,19,2.0
3D Lotto,9PM,2019-11-14,9-7-7,9,7,7,4500.0,340,valid,1392,7-7-9,one_pair,23,2.0
3D Lotto,9PM,2019-11-15,4-3-4,4,3,4,4500.0,306,valid,1393,3-4-4,one_pair,11,0.0
3D Lotto,9PM,2019-11-16,2-4-4,2,4,4,4500.0,319,valid,1394,2-4-4,one_pair,10,2.0
3D Lotto,9PM,2019-11-17,7-7-7,7,7,7,4500.0,1088,valid,1395,7-7-7,triple,21,0.0
3D Lotto,9PM,2019-11-18,6-0-8,6,0,8,4500.0,456,valid,1396,0-6-8,all_distinct,14,0.0
3D Lotto,9PM,2019-11-19,8-7-9,8,7,9,4500.0,351,valid,1397,7-8-9,all_distinct,24,1.0
3D Lotto,9PM,2019-11-20,4-3-8,4,3,8,4500.0,270,valid,1398,3-4-8,all_distinct,15,1.0
3D Lotto,9PM,2019-11-21,2-1-1,2,1,1,4500.0,926,valid,1399,1-1-2,one_pair,4,0.0
3D Lotto,9PM,2019-11-22,3-3-7,3,3,7,4500.0,290,valid,1400,3-3-7,one_pair,13,0.0
3D Lotto,9PM,2019-11-23,2-4-7,2,4,7,4500.0,533,valid,1401,2-4-7,all_distinct,13,1.0
3D Lotto,9PM,2019-11-24,2-3-2,2,3,2,4500.0,468,valid,1402,2-2-3,one_pair,7,1.0
3D Lotto,9PM,2019-11-25,4-5-2,4,5,2,4500.0,449,valid,1403,2-4-5,all_distinct,11,1.0
3D Lotto,9PM,2019-11-26,9-8-4,9,8,4,4500.0,224,valid,1404,4-8-9,all_distinct,21,1.0
3D Lotto,9PM,2019-11-27,1-8-2,1,8,2,4500.0,523,valid,1405,1-2-8,all_distinct,11,1.0
3D Lotto,9PM,2019-11-28,7-6-9,7,6,9,4500.0,238,valid,1406,6-7-9,all_distinct,22,0.0
3D Lotto,9PM,2019-11-29,1-0-0,1,0,0,4500.0,1190,valid,1407,0-0-1,one_pair,1,0.0
3D Lotto,9PM,2019-11-30,2-6-1,2,6,1,4500.0,336,valid,1408,1-2-6,all_distinct,9,1.0
3D Lotto,9PM,2019-12-01,0-3-1,0,3,1,4500.0,243,valid,1409,0-1-3,all_distinct,4,1.0
3D Lotto,9PM,2019-12-02,3-4-0,3,4,0,4500.0,261,valid,1410,0-3-4,all_distinct,7,2.0
3D Lotto,9PM,2019-12-03,4-2-0,4,2,0,4500.0,467,valid,1411,0-2-4,all_distinct,6,2.0
3D Lotto,9PM,2019-12-04,1-0-5,1,0,5,4500.0,850,valid,1412,0-1-5,all_distinct,6,1.0
3D Lotto,9PM,2019-12-05,2-4-3,2,4,3,4500.0,486,valid,1413,2-3-4,all_distinct,9,0.0
3D Lotto,9PM,2019-12-06,3-6-5,3,6,5,4500.0,470,valid,1414,3-5-6,all_distinct,14,1.0
3D Lotto,9PM,2019-12-07,0-4-0,0,4,0,4500.0,252,valid,1415,0-0-4,one_pair,4,0.0
3D Lotto,9PM,2019-12-08,3-5-0,3,5,0,4500.0,652,valid,1416,0-3-5,all_distinct,8,1.0
3D Lotto,9PM,2019-12-09,6-3-6,6,3,6,4500.0,296,valid,1417,3-6-6,one_pair,15,1.0
3D Lotto,9PM,2019-12-10,4-3-0,4,3,0,4500.0,463,valid,1418,0-3-4,all_distinct,7,1.0
3D Lotto,9PM,2019-12-11,8-9-1,8,9,1,4500.0,383,valid,1419,1-8-9,all_distinct,18,0.0
3D Lotto,9PM,2019-12-12,4-4-9,4,4,9,4500.0,373,valid,1420,4-4-9,one_pair,17,1.0
3D Lotto,9PM,2019-12-13,8-6-0,8,6,0,4500.0,340,valid,1421,0-6-8,all_distinct,14,0.0
3D Lotto,9PM,2019-12-14,1-9-2,1,9,2,4500.0,462,valid,1422,1-2-9,all_distinct,12,0.0
3D Lotto,9PM,2019-12-15,8-0-8,8,0,8,4500.0,526,valid,1423,0-8-8,one_pair,16,0.0
3D Lotto,9PM,2019-12-16,4-1-1,4,1,1,4500.0,667,valid,1424,1-1-4,one_pair,6,0.0
3D Lotto,9PM,2019-12-17,3-0-3,3,0,3,4500.0,539,valid,1425,0-3-3,one_pair,6,0.0
3D Lotto,9PM,2019-12-18,3-1-4,3,1,4,4500.0,550,valid,1426,1-3-4,all_distinct,8,1.0
3D Lotto,9PM,2019-12-19,2-0-5,2,0,5,4500.0,861,valid,1427,0-2-5,all_distinct,7,0.0
3D Lotto,9PM,2019-12-20,9-2-0,9,2,0,4500.0,927,valid,1428,0-2-9,all_distinct,11,2.0
3D Lotto,9PM,2019-12-21,2-7-1,2,7,1,4500.0,516,valid,1429,1-2-7,all_distinct,10,1.0
3D Lotto,9PM,2019-12-22,5-9-8,5,9,8,4500.0,187,valid,1430,5-8-9,all_distinct,22,0.0
3D Lotto,9PM,2019-12-23,2-0-4,2,0,4,4500.0,732,valid,1431,0-2-4,all_distinct,6,0.0
3D Lotto,9PM,2019-12-24,1-6-7,1,6,7,4500.0,126,valid,1432,1-6-7,all_distinct,14,0.0
3D Lotto,9PM,2019-12-26,8-1-8,8,1,8,4500.0,439,valid,1433,1-8-8,one_pair,17,1.0
3D Lotto,9PM,2019-12-27,4-9-2,4,9,2,4500.0,373,valid,1434,2-4-9,all_distinct,15,0.0
3D Lotto,9PM,2019-12-28,8-3-1,8,3,1,4500.0,511,valid,1435,1-3-8,all_distinct,12,0.0
3D Lotto,9PM,2019-12-29,2-9-2,2,9,2,4500.0,727,valid,1436,2-2-9,one_pair,13,0.0
3D Lotto,9PM,2019-12-30,1-8-2,1,8,2,4500.0,467,valid,1437,1-2-8,all_distinct,11,1.0
3D Lotto,9PM,2019-12-31,9-6-3,9,6,3,4500.0,159,valid,1438,3-6-9,all_distinct,18,0.0
3D Lotto,9PM,2020-01-02,0-6-2,0,6,2,4500.0,250,valid,1439,0-2-6,all_distinct,8,1.0
3D Lotto,9PM,2020-01-03,7-4-4,7,4,4,4500.0,414,valid,1440,4-4-7,one_pair,15,0.0
3D Lotto,9PM,2020-01-04,7-4-9,7,4,9,4500.0,500,valid,1441,4-7-9,all_distinct,20,2.0
3D Lotto,9PM,2020-01-05,7-0-6,7,0,6,4500.0,275,valid,1442,0-6-7,all_distinct,13,1.0
3D Lotto,9PM,2020-01-06,5-7-7,5,7,7,4500.0,287,valid,1443,5-7-7,one_pair,19,1.0
3D Lotto,9PM,2020-01-07,9-6-7,9,6,7,4500.0,479,valid,1444,6-7-9,all_distinct,22,1.0
3D Lotto,9PM,2020-01-08,7-6-3,7,6,3,4500.0,284,valid,1445,3-6-7,all_distinct,16,2.0
3D Lotto,9PM,2020-01-09,8-6-9,8,6,9,4500.0,267,valid,1446,6-8-9,all_distinct,23,1.0
3D Lotto,9PM,2020-01-10,4-6-9,4,6,9,4500.0,330,valid,1447,4-6-9,all_distinct,19,2.0
3D Lotto,9PM,2020-01-11,4-1-8,4,1,8,4500.0,798,valid,1448,1-4-8,all_distinct,13,1.0
3D Lotto,9PM,2020-01-12,8-3-1,8,3,1,4500.0,326,valid,1449,1-3-8,all_distinct,12,2.0
3D Lotto,9PM,2020-01-13,5-9-2,5,9,2,4500.0,175,valid,1450,2-5-9,all_distinct,16,0.0
3D Lotto,9PM,2020-01-14,8-9-1,8,9,1,4500.0,298,valid,1451,1-8-9,all_distinct,18,1.0
3D Lotto,9PM,2020-01-15,5-7-4,5,7,4,4500.0,315,valid,1452,4-5-7,all_distinct,16,0.0
3D Lotto,9PM,2020-01-16,3-4-7,3,4,7,4500.0,408,valid,1453,3-4-7,all_distinct,14,2.0
3D Lotto,9PM,2020-01-17,4-6-5,4,6,5,4500.0,258,valid,1454,4-5-6,all_distinct,15,1.0
3D Lotto,9PM,2020-01-18,1-4-0,1,4,0,4500.0,743,valid,1455,0-1-4,all_distinct,5,1.0
3D Lotto,9PM,2020-01-19,4-0-4,4,0,4,4500.0,492,valid,1456,0-4-4,one_pair,8,2.0
3D Lotto,9PM,2020-01-20,7-4-3,7,4,3,4500.0,318,valid,1457,3-4-7,all_distinct,14,1.0
3D Lotto,9PM,2020-01-21,7-5-7,7,5,7,4500.0,317,valid,1458,5-7-7,one_pair,19,1.0
3D Lotto,9PM,2020-01-22,1-1-0,1,1,0,4500.0,786,valid,1459,0-1-1,one_pair,2,0.0
3D Lotto,9PM,2020-01-23,5-3-3,5,3,3,4500.0,243,valid,1460,3-3-5,one_pair,11,0.0
3D Lotto,9PM,2020-01-24,8-2-5,8,2,5,4500.0,916,valid,1461,2-5-8,all_distinct,15,1.0
3D Lotto,9PM,2020-01-25,8-1-2,8,1,2,4500.0,494,valid,1462,1-2-8,all_distinct,11,2.0
3D Lotto,9PM,2020-01-26,6-0-5,6,0,5,4500.0,449,valid,1463,0-5-6,all_distinct,11,0.0
3D Lotto,9PM,2020-01-27,4-0-6,4,0,6,4500.0,286,valid,1464,0-4-6,all_distinct,10,2.0
3D Lotto,9PM,2020-01-28,9-3-3,9,3,3,4500.0,362,valid,1465,3-3-9,one_pair,15,0.0
3D Lotto,9PM,2020-01-29,6-3-9,6,3,9,4500.0,591,valid,1466,3-6-9,all_distinct,18,2.0
3D Lotto,9PM,2020-01-30,5-6-2,5,6,2,4500.0,655,valid,1467,2-5-6,all_distinct,13,1.0
3D Lotto,9PM,2020-01-31,0-7-1,0,7,1,4500.0,166,valid,1468,0-1-7,all_distinct,8,0.0
3D Lotto,9PM,2020-02-01,0-3-4,0,3,4,4500.0,189,valid,1469,0-3-4,all_distinct,7,1.0
3D Lotto,9PM,2020-02-02,6-0-5,6,0,5,4500.0,156,valid,1470,0-5-6,all_distinct,11,1.0
3D Lotto,9PM,2020-02-03,1-3-0,1,3,0,4500.0,982,valid,1471,0-1-3,all_distinct,4,1.0
3D Lotto,9PM,2020-02-04,2-4-2,2,4,2,4500.0,1192,valid,1472,2-2-4,one_pair,8,0.0
3D Lotto,9PM,2020-02-05,5-8-0,5,8,0,4500.0,514,valid,1473,0-5-8,all_distinct,13,0.0
3D Lotto,9PM,2020-02-06,3-6-8,3,6,8,4500.0,458,valid,1474,3-6-8,all_distinct,17,1.0
3D Lotto,9PM,2020-02-07,9-6-5,9,6,5,4500.0,261,valid,1475,5-6-9,all_distinct,20,1.0
3D Lotto,9PM,2020-02-08,0-1-5,0,1,5,4500.0,365,valid,1476,0-1-5,all_distinct,6,1.0
3D Lotto,9PM,2020-02-09,0-2-8,0,2,8,4500.0,233,valid,1477,0-2-8,all_distinct,10,1.0
3D Lotto,9PM,2020-02-10,1-6-2,1,6,2,4500.0,427,valid,1478,1-2-6,all_distinct,9,1.0
3D Lotto,9PM,2020-02-11,2-1-2,2,1,2,4500.0,1192,valid,1479,1-2-2,one_pair,5,2.0
3D Lotto,9PM,2020-02-12,2-1-1,2,1,1,4500.0,1188,valid,1480,1-1-2,one_pair,4,2.0
3D Lotto,9PM,2020-02-13,3-7-3,3,7,3,4500.0,547,valid,1481,3-3-7,one_pair,13,0.0
3D Lotto,9PM,2020-02-14,9-5-2,9,5,2,4500.0,314,valid,1482,2-5-9,all_distinct,16,0.0
3D Lotto,9PM,2020-02-15,2-0-6,2,0,6,4500.0,678,valid,1483,0-2-6,all_distinct,8,1.0
3D Lotto,9PM,2020-02-16,0-5-8,0,5,8,4500.0,256,valid,1484,0-5-8,all_distinct,13,1.0
3D Lotto,9PM,2020-02-17,8-4-0,8,4,0,4500.0,390,valid,1485,0-4-8,all_distinct,12,2.0
3D Lotto,9PM,2020-02-18,2-2-7,2,2,7,4500.0,1094,valid,1486,2-2-7,one_pair,11,0.0
3D Lotto,9PM,2020-02-19,8-8-6,8,8,6,4500.0,314,valid,1487,6-8-8,one_pair,22,0.0
3D Lotto,9PM,2020-02-20,7-4-1,7,4,1,4500.0,641,valid,1488,1-4-7,all_distinct,12,0.0
3D Lotto,9PM,2020-02-21,0-0-2,0,0,2,4500.0,386,valid,1489,0-0-2,one_pair,2,0.0
3D Lotto,9PM,2020-02-22,3-0-8,3,0,8,4500.0,685,valid,1490,0-3-8,all_distinct,11,1.0
3D Lotto,9PM,2020-02-23,1-7-7,1,7,7,4500.0,539,valid,1491,1-7-7,one_pair,15,0.0
3D Lotto,9PM,2020-02-24,3-1-0,3,1,0,4500.0,716,valid,1493,0-1-3,all_distinct,4,1.0
3D Lotto,9PM,2020-02-25,8-5-4,8,5,4,4500.0,437,valid,1492,4-5-8,all_distinct,17,0.0
3D Lotto,9PM,2020-02-26,2-3-0,2,3,0,4500.0,737,valid,1494,0-2-3,all_distinct,5,0.0
3D Lotto,9PM,2020-02-27,4-8-4,4,8,4,4500.0,338,valid,1495,4-4-8,one_pair,16,0.0
3D Lotto,9PM,2020-02-28,4-2-6,4,2,6,4500.0,841,valid,1496,2-4-6,all_distinct,12,1.0
3D Lotto,9PM,2020-02-29,8-2-4,8,2,4,4500.0,988,valid,1497,2-4-8,all_distinct,14,2.0
3D Lotto,9PM,2020-03-01,7-0-8,7,0,8,4500.0,603,valid,1498,0-7-8,all_distinct,15,1.0
3D Lotto,9PM,2020-03-02,3-1-0,3,1,0,4500.0,1041,valid,1499,0-1-3,all_distinct,4,1.0
3D Lotto,9PM,2020-03-03,7-9-5,7,9,5,4500.0,220,valid,1500,5-7-9,all_distinct,21,0.0
3D Lotto,9PM,2020-03-04,8-8-6,8,8,6,4500.0,377,valid,1501,6-8-8,one_pair,22,0.0
3D Lotto,9PM,2020-03-05,2-2-1,2,2,1,4500.0,719,valid,1502,1-2-2,one_pair,5,0.0
3D Lotto,9PM,2020-03-06,9-6-6,9,6,6,4500.0,569,valid,1504,6-6-9,one_pair,21,0.0
3D Lotto,9PM,2020-03-07,8-0-0,8,0,0,4500.0,602,valid,1505,0-0-8,one_pair,8,0.0
3D Lotto,9PM,2020-03-08,1-0-5,1,0,5,4500.0,982,valid,1506,0-1-5,all_distinct,6,1.0
3D Lotto,9PM,2020-03-09,9-9-9,9,9,9,4500.0,1088,valid,1507,9-9-9,triple,27,0.0
3D Lotto,9PM,2020-03-10,1-7-1,1,7,1,4500.0,931,valid,1508,1-1-7,one_pair,9,0.0
3D Lotto,9PM,2020-03-11,7-6-4,7,6,4,4500.0,283,valid,1509,4-6-7,all_distinct,17,1.0
3D Lotto,9PM,2020-03-12,4-3-9,4,3,9,4500.0,331,valid,1510,3-4-9,all_distinct,16,1.0
3D Lotto,9PM,2020-03-13,7-5-9,7,5,9,4500.0,251,valid,1511,5-7-9,all_distinct,21,1.0
3D Lotto,9PM,2020-03-14,0-0-4,0,0,4,4500.0,160,valid,1512,0-0-4,one_pair,4,0.0
3D Lotto,9PM,2020-03-15,3-5-8,3,5,8,4500.0,554,valid,1513,3-5-8,all_distinct,16,0.0
3D Lotto,9PM,2020-03-16,5-8-1,5,8,1,4500.0,281,valid,1514,1-5-8,all_distinct,14,2.0
3D Lotto,9PM,2020-03-17,4-0-3,4,0,3,4500.0,3,valid,1515,0-3-4,all_distinct,7,0.0
3D Lotto,9PM,2020-03-18,1-4-8,1,4,8,4500.0,3,valid,1516,1-4-8,all_distinct,13,1.0
3D Lotto,9PM,2020-08-24,9-7-4,9,7,4,4500.0,78,valid,1522,4-7-9,all_distinct,20,1.0
3D Lotto,9PM,2020-08-25,3-4-8,3,4,8,4500.0,150,valid,1523,3-4-8,all_distinct,15,1.0
3D Lotto,9PM,2020-08-26,3-0-4,3,0,4,4500.0,72,valid,1524,0-3-4,all_distinct,7,2.0
3D Lotto,9PM,2020-08-27,7-5-4,7,5,4,4500.0,201,valid,1525,4-5-7,all_distinct,16,1.0
3D Lotto,9PM,2020-08-28,7-7-6,7,7,6,4500.0,71,valid,1526,6-7-7,one_pair,20,1.0
3D Lotto,9PM,2020-08-29,6-8-3,6,8,3,4500.0,125,valid,1527,3-6-8,all_distinct,17,1.0
3D Lotto,9PM,2020-08-30,8-8-0,8,8,0,4500.0,97,valid,1528,0-8-8,one_pair,16,1.0
3D Lotto,9PM,2020-08-31,3-8-9,3,8,9,4500.0,187,valid,1529,3-8-9,all_distinct,20,1.0
3D Lotto,9PM,2020-09-01,9-5-5,9,5,5,4500.0,163,valid,1530,5-5-9,one_pair,19,1.0
3D Lotto,9PM,2020-09-02,6-0-1,6,0,1,4500.0,184,valid,1531,0-1-6,all_distinct,7,0.0
3D Lotto,9PM,2020-09-03,5-2-5,5,2,5,4500.0,541,valid,1532,2-5-5,one_pair,12,0.0
3D Lotto,9PM,2020-09-04,0-5-1,0,5,1,4500.0,158,valid,1533,0-1-5,all_distinct,6,1.0
3D Lotto,9PM,2020-09-05,6-9-4,6,9,4,4500.0,132,valid,1534,4-6-9,all_distinct,19,0.0
3D Lotto,9PM,2020-09-06,7-8-4,7,8,4,4500.0,179,valid,1535,4-7-8,all_distinct,19,1.0
3D Lotto,9PM,2020-09-07,9-0-2,9,0,2,4500.0,263,valid,1536,0-2-9,all_distinct,11,0.0
3D Lotto,9PM,2020-09-08,1-7-3,1,7,3,4500.0,271,valid,1537,1-3-7,all_distinct,11,0.0
3D Lotto,9PM,2020-09-09,5-6-3,5,6,3,4500.0,179,valid,1538,3-5-6,all_distinct,14,1.0
3D Lotto,9PM,2020-09-10,1-8-4,1,8,4,4500.0,404,valid,1539,1-4-8,all_distinct,13,0.0
3D Lotto,9PM,2020-09-11,9-9-2,9,9,2,4500.0,267,valid,1540,2-9-9,one_pair,20,0.0
3D Lotto,9PM,2020-09-12,2-8-5,2,8,5,4500.0,195,valid,1541,2-5-8,all_distinct,15,1.0
3D Lotto,9PM,2020-09-13,3-3-1,3,3,1,4500.0,380,valid,1542,1-3-3,one_pair,7,0.0
3D Lotto,9PM,2020-09-14,6-3-8,6,3,8,4500.0,192,valid,1543,3-6-8,all_distinct,17,1.0
3D Lotto,9PM,2020-09-15,5-2-2,5,2,2,4500.0,193,valid,1544,2-2-5,one_pair,9,0.0
3D Lotto,9PM,2020-09-16,1-5-1,1,5,1,4500.0,296,valid,1545,1-1-5,one_pair,7,1.0
3D Lotto,9PM,2020-09-17,5-5-8,5,5,8,4500.0,228,valid,1546,5-5-8,one_pair,18,1.0
3D Lotto,9PM,2020-09-18,5-0-4,5,0,4,4500.0,207,valid,1547,0-4-5,all_distinct,9,1.0
3D Lotto,9PM,2020-09-19,1-7-6,1,7,6,4500.0,268,valid,1548,1-6-7,all_distinct,14,0.0
3D Lotto,9PM,2020-09-20,1-7-1,1,7,1,4500.0,540,valid,1549,1-1-7,one_pair,9,2.0
3D Lotto,9PM,2020-09-21,5-6-2,5,6,2,4500.0,312,valid,1550,2-5-6,all_distinct,13,0.0
3D Lotto,9PM,2020-09-22,2-1-8,2,1,8,4500.0,688,valid,1551,1-2-8,all_distinct,11,1.0
3D Lotto,9PM,2020-09-23,0-3-1,0,3,1,4500.0,350,valid,1552,0-1-3,all_distinct,4,1.0
3D Lotto,9PM,2020-09-24,6-3-4,6,3,4,4500.0,173,valid,1553,3-4-6,all_distinct,13,1.0
3D Lotto,9PM,2020-09-25,2-4-5,2,4,5,4500.0,423,valid,1554,2-4-5,all_distinct,11,1.0
3D Lotto,9PM,2020-09-26,9-0-1,9,0,1,4500.0,515,valid,1555,0-1-9,all_distinct,10,0.0
3D Lotto,9PM,2020-09-27,7-3-2,7,3,2,4500.0,228,valid,1556,2-3-7,all_distinct,12,0.0
3D Lotto,9PM,2020-09-28,2-9-0,2,9,0,4500.0,253,valid,1557,0-2-9,all_distinct,11,1.0
3D Lotto,9PM,2020-09-29,2-7-9,2,7,9,4500.0,693,valid,1558,2-7-9,all_distinct,18,2.0
3D Lotto,9PM,2020-09-30,0-2-9,0,2,9,4500.0,193,valid,1559,0-2-9,all_distinct,11,2.0
3D Lotto,9PM,2020-10-01,5-5-9,5,5,9,4500.0,161,valid,1560,5-5-9,one_pair,19,1.0
3D Lotto,9PM,2020-10-02,0-8-1,0,8,1,4500.0,219,valid,1561,0-1-8,all_distinct,9,0.0
3D Lotto,9PM,2020-10-03,3-4-9,3,4,9,4500.0,364,valid,1562,3-4-9,all_distinct,16,0.0
3D Lotto,9PM,2020-10-04,3-9-7,3,9,7,4500.0,202,valid,1563,3-7-9,all_distinct,19,2.0
3D Lotto,9PM,2020-10-05,9-7-1,9,7,1,4500.0,392,valid,1564,1-7-9,all_distinct,17,2.0
3D Lotto,9PM,2020-10-06,9-6-2,9,6,2,4500.0,207,valid,1565,2-6-9,all_distinct,17,1.0
3D Lotto,9PM,2020-10-07,5-3-5,5,3,5,4500.0,187,valid,1566,3-5-5,one_pair,13,0.0
3D Lotto,9PM,2020-10-08,6-5-0,6,5,0,4500.0,262,valid,1567,0-5-6,all_distinct,11,1.0
3D Lotto,9PM,2020-10-09,5-3-1,5,3,1,4500.0,414,valid,1568,1-3-5,all_distinct,9,1.0
3D Lotto,9PM,2020-10-10,9-6-1,9,6,1,4500.0,227,valid,1569,1-6-9,all_distinct,16,1.0
3D Lotto,9PM,2020-10-11,8-5-1,8,5,1,4500.0,296,valid,1570,1-5-8,all_distinct,14,1.0
3D Lotto,9PM,2020-10-12,1-2-8,1,2,8,4500.0,560,valid,1571,1-2-8,all_distinct,11,2.0
3D Lotto,9PM,2020-10-13,7-2-6,7,2,6,4500.0,401,valid,1572,2-6-7,all_distinct,15,1.0
3D Lotto,9PM,2020-10-14,7-2-2,7,2,2,4500.0,267,valid,1573,2-2-7,one_pair,11,2.0
3D Lotto,9PM,2020-10-15,8-6-3,8,6,3,4500.0,168,valid,1574,3-6-8,all_distinct,17,0.0
3D Lotto,9PM,2020-10-16,3-2-6,3,2,6,4500.0,281,valid,1575,2-3-6,all_distinct,11,2.0
3D Lotto,9PM,2020-10-17,4-3-7,4,3,7,4500.0,344,valid,1576,3-4-7,all_distinct,14,1.0
3D Lotto,9PM,2020-10-18,6-2-5,6,2,5,4500.0,283,valid,1577,2-5-6,all_distinct,13,0.0
3D Lotto,9PM,2020-10-19,5-9-9,5,9,9,4500.0,61,valid,1578,5-9-9,one_pair,23,1.0
3D Lotto,9PM,2020-10-20,9-2-3,9,2,3,4500.0,360,valid,1579,2-3-9,all_distinct,14,1.0
3D Lotto,9PM,2020-10-21,2-0-4,2,0,4,4500.0,382,valid,1580,0-2-4,all_distinct,6,1.0
3D Lotto,9PM,2020-10-22,4-4-5,4,4,5,4500.0,179,valid,1581,4-4-5,one_pair,13,1.0
3D Lotto,9PM,2020-10-23,2-7-0,2,7,0,4500.0,171,valid,1582,0-2-7,all_distinct,9,0.0
3D Lotto,9PM,2020-10-24,3-4-3,3,4,3,4500.0,244,valid,1583,3-3-4,one_pair,10,0.0
3D Lotto,9PM,2020-10-25,8-3-3,8,3,3,4500.0,133,valid,1584,3-3-8,one_pair,14,2.0
3D Lotto,9PM,2020-10-26,3-0-5,3,0,5,4500.0,277,valid,1585,0-3-5,all_distinct,8,1.0
3D Lotto,9PM,2020-10-27,5-9-0,5,9,0,4500.0,209,valid,1586,0-5-9,all_distinct,14,2.0
3D Lotto,9PM,2020-10-28,5-9-2,5,9,2,4500.0,267,valid,1587,2-5-9,all_distinct,16,2.0
3D Lotto,9PM,2020-10-29,8-3-5,8,3,5,4500.0,299,valid,1588,3-5-8,all_distinct,16,1.0
3D Lotto,9PM,2020-10-30,3-6-2,3,6,2,4500.0,144,valid,1589,2-3-6,all_distinct,11,1.0
3D Lotto,9PM,2020-10-31,6-5-9,6,5,9,4500.0,167,valid,1590,5-6-9,all_distinct,20,1.0
3D Lotto,9PM,2020-11-01,7-1-2,7,1,2,4500.0,82,valid,1591,1-2-7,all_distinct,10,0.0
3D Lotto,9PM,2020-11-02,2-9-8,2,9,8,4500.0,133,valid,1592,2-8-9,all_distinct,19,1.0
3D Lotto,9PM,2020-11-03,6-9-7,6,9,7,4500.0,144,valid,1593,6-7-9,all_distinct,22,1.0
3D Lotto,9PM,2020-11-04,6-7-9,6,7,9,4500.0,179,valid,1594,6-7-9,all_distinct,22,3.0
3D Lotto,9PM,2020-11-05,8-0-3,8,0,3,4500.0,168,valid,1595,0-3-8,all_distinct,11,0.0
3D Lotto,9PM,2020-11-06,8-9-5,8,9,5,4500.0,161,valid,1596,5-8-9,all_distinct,22,1.0
3D Lotto,9PM,2020-11-07,9-1-1,9,1,1,4500.0,738,valid,1597,1-1-9,one_pair,11,1.0
3D Lotto,9PM,2020-11-08,5-4-5,5,4,5,4500.0,244,valid,1598,4-5-5,one_pair,14,0.0
3D Lotto,9PM,2020-11-09,8-1-0,8,1,0,4500.0,511,valid,1599,0-1-8,all_distinct,9,0.0
3D Lotto,9PM,2020-11-10,1-9-1,1,9,1,4500.0,240,valid,1600,1-1-9,one_pair,11,1.0
3D Lotto,9PM,2020-11-11,2-2-0,2,2,0,4500.0,508,valid,1601,0-2-2,one_pair,4,0.0
3D Lotto,9PM,2020-11-12,2-7-6,2,7,6,4500.0,107,valid,1602,2-6-7,all_distinct,15,1.0
3D Lotto,9PM,2020-11-13,3-9-8,3,9,8,4500.0,197,valid,1603,3-8-9,all_distinct,20,0.0
3D Lotto,9PM,2020-11-14,5-2-7,5,2,7,4500.0,344,valid,1604,2-5-7,all_distinct,14,0.0
3D Lotto,9PM,2020-11-15,0-2-7,0,2,7,4500.0,184,valid,1605,0-2-7,all_distinct,9,2.0
3D Lotto,9PM,2020-11-16,1-2-9,1,2,9,4500.0,610,valid,1606,1-2-9,all_distinct,12,1.0
3D Lotto,9PM,2020-11-17,4-5-1,4,5,1,4500.0,335,valid,1607,1-4-5,all_distinct,10,1.0
3D Lotto,9PM,2020-11-18,3-5-4,3,5,4,4500.0,158,valid,1608,3-4-5,all_distinct,12,2.0
3D Lotto,9PM,2020-11-19,4-7-4,4,7,4,4500.0,298,valid,1609,4-4-7,one_pair,15,1.0
3D Lotto,9PM,2020-11-20,8-1-4,8,1,4,4500.0,434,valid,1610,1-4-8,all_distinct,13,1.0
3D Lotto,9PM,2020-11-21,4-2-7,4,2,7,4500.0,541,valid,1611,2-4-7,all_distinct,13,1.0
3D Lotto,9PM,2020-11-22,8-1-7,8,1,7,4500.0,427,valid,1612,1-7-8,all_distinct,16,1.0
3D Lotto,9PM,2020-11-23,9-9-0,9,9,0,4500.0,288,valid,1613,0-9-9,one_pair,18,0.0
3D Lotto,9PM,2020-11-24,7-7-1,7,7,1,4500.0,221,valid,1614,1-7-7,one_pair,15,0.0
3D Lotto,9PM,2020-11-25,8-5-2,8,5,2,4500.0,357,valid,1615,2-5-8,all_distinct,15,0.0
3D Lotto,9PM,2020-11-26,9-4-3,9,4,3,4500.0,163,valid,1616,3-4-9,all_distinct,16,0.0
3D Lotto,9PM,2020-11-27,8-7-7,8,7,7,4500.0,132,valid,1617,7-7-8,one_pair,22,0.0
3D Lotto,9PM,2020-11-28,7-9-1,7,9,1,4500.0,256,valid,1618,1-7-9,all_distinct,17,1.0
3D Lotto,9PM,2020-11-29,3-9-5,3,9,5,4500.0,209,valid,1619,3-5-9,all_distinct,17,1.0
3D Lotto,9PM,2020-11-30,3-1-6,3,1,6,4500.0,681,valid,1620,1-3-6,all_distinct,10,1.0
3D Lotto,9PM,2020-12-01,7-2-9,7,2,9,4500.0,575,valid,1621,2-7-9,all_distinct,18,0.0
3D Lotto,9PM,2020-12-02,1-3-2,1,3,2,4500.0,855,valid,1622,1-2-3,all_distinct,6,1.0
3D Lotto,9PM,2020-12-03,6-2-0,6,2,0,4500.0,563,valid,1623,0-2-6,all_distinct,8,1.0
3D Lotto,9PM,2020-12-04,7-9-3,7,9,3,4500.0,239,valid,1624,3-7-9,all_distinct,19,0.0
3D Lotto,9PM,2020-12-05,3-6-5,3,6,5,4500.0,382,valid,1625,3-5-6,all_distinct,14,1.0
3D Lotto,9PM,2020-12-06,5-7-6,5,7,6,4500.0,305,valid,1626,5-6-7,all_distinct,18,2.0
3D Lotto,9PM,2020-12-07,9-1-9,9,1,9,4500.0,544,valid,1627,1-9-9,one_pair,19,0.0
3D Lotto,9PM,2020-12-08,0-0-3,0,0,3,4500.0,197,valid,1628,0-0-3,one_pair,3,0.0
3D Lotto,9PM,2020-12-09,6-8-0,6,8,0,4500.0,278,valid,1629,0-6-8,all_distinct,14,1.0
3D Lotto,9PM,2020-12-10,1-8-9,1,8,9,4500.0,451,valid,1630,1-8-9,all_distinct,18,1.0
3D Lotto,9PM,2020-12-11,9-0-3,9,0,3,4500.0,359,valid,1631,0-3-9,all_distinct,12,1.0
3D Lotto,9PM,2020-12-12,0-5-7,0,5,7,4500.0,257,valid,1632,0-5-7,all_distinct,12,1.0
3D Lotto,9PM,2020-12-13,2-1-1,2,1,1,4500.0,1021,valid,1633,1-1-2,one_pair,4,0.0
3D Lotto,9PM,2020-12-14,3-9-1,3,9,1,4500.0,432,valid,1634,1-3-9,all_distinct,13,1.0
3D Lotto,9PM,2020-12-15,6-5-5,6,5,5,4500.0,223,valid,1635,5-5-6,one_pair,16,0.0
3D Lotto,9PM,2020-12-16,4-6-8,4,6,8,4500.0,394,valid,1636,4-6-8,all_distinct,18,1.0
3D Lotto,9PM,2020-12-17,4-9-4,4,9,4,4500.0,338,valid,1637,4-4-9,one_pair,17,1.0
3D Lotto,9PM,2020-12-18,8-5-4,8,5,4,4500.0,389,valid,1638,4-5-8,all_distinct,17,1.0
3D Lotto,9PM,2020-12-19,3-4-8,3,4,8,4500.0,389,valid,1639,3-4-8,all_distinct,15,2.0
3D Lotto,9PM,2020-12-20,3-6-0,3,6,0,4500.0,530,valid,1640,0-3-6,all_distinct,9,1.0
3D Lotto,9PM,2020-12-21,2-3-6,2,3,6,4500.0,439,valid,1641,2-3-6,all_distinct,11,2.0
3D Lotto,9PM,2020-12-22,1-5-9,1,5,9,4500.0,590,valid,1642,1-5-9,all_distinct,15,0.0
3D Lotto,9PM,2020-12-23,0-0-3,0,0,3,4500.0,130,valid,1643,0-0-3,one_pair,3,0.0
3D Lotto,9PM,2020-12-24,8-0-8,8,0,8,4500.0,325,valid,1644,0-8-8,one_pair,16,1.0
3D Lotto,9PM,2020-12-26,0-8-6,0,8,6,4500.0,163,valid,1645,0-6-8,all_distinct,14,2.0
3D Lotto,9PM,2020-12-27,7-6-1,7,6,1,4500.0,352,valid,1646,1-6-7,all_distinct,14,1.0
3D Lotto,9PM,2020-12-28,7-9-2,7,9,2,4500.0,336,valid,1647,2-7-9,all_distinct,18,1.0
3D Lotto,9PM,2020-12-29,1-3-1,1,3,1,4500.0,1011,valid,1648,1-1-3,one_pair,5,0.0
3D Lotto,9PM,2020-12-30,7-0-0,7,0,0,4500.0,406,valid,1649,0-0-7,one_pair,7,0.0
3D Lotto,9PM,2020-12-31,4-6-3,4,6,3,4500.0,158,valid,1650,3-4-6,all_distinct,13,0.0
3D Lotto,9PM,2021-01-02,0-1-3,0,1,3,4500.0,446,valid,1651,0-1-3,all_distinct,4,1.0
3D Lotto,9PM,2021-01-03,9-0-9,9,0,9,4500.0,213,valid,1652,0-9-9,one_pair,18,1.0
3D Lotto,9PM,2021-01-04,5-8-9,5,8,9,4500.0,298,valid,1653,5-8-9,all_distinct,22,1.0
3D Lotto,9PM,2021-01-05,8-5-2,8,5,2,4500.0,285,valid,1654,2-5-8,all_distinct,15,2.0
3D Lotto,9PM,2021-01-06,9-4-1,9,4,1,4500.0,399,valid,1655,1-4-9,all_distinct,14,0.0
3D Lotto,9PM,2021-01-07,0-2-0,0,2,0,4500.0,433,valid,1656,0-0-2,one_pair,2,0.0
3D Lotto,9PM,2021-01-08,1-1-3,1,1,3,4500.0,886,valid,1657,1-1-3,one_pair,5,0.0
3D Lotto,9PM,2021-01-09,7-3-3,7,3,3,4500.0,321,valid,1658,3-3-7,one_pair,13,1.0
3D Lotto,9PM,2021-01-10,8-2-4,8,2,4,4500.0,714,valid,1659,2-4-8,all_distinct,14,0.0
3D Lotto,9PM,2021-01-11,6-6-8,6,6,8,4500.0,194,valid,1660,6-6-8,one_pair,20,1.0
3D Lotto,9PM,2021-01-12,1-0-1,1,0,1,4500.0,844,valid,1661,0-1-1,one_pair,2,0.0
3D Lotto,9PM,2021-01-13,5-0-8,5,0,8,4500.0,430,valid,1662,0-5-8,all_distinct,13,1.0
3D Lotto,9PM,2021-01-14,9-3-2,9,3,2,4500.0,398,valid,1663,2-3-9,all_distinct,14,0.0
3D Lotto,9PM,2021-01-15,4-9-8,4,9,8,4500.0,203,valid,1664,4-8-9,all_distinct,21,1.0
3D Lotto,9PM,2021-01-16,5-6-3,5,6,3,4500.0,297,valid,1665,3-5-6,all_distinct,14,0.0
3D Lotto,9PM,2021-01-17,2-2-6,2,2,6,4500.0,404,valid,1666,2-2-6,one_pair,10,1.0
3D Lotto,9PM,2021-01-18,7-6-7,7,6,7,4500.0,110,valid,1667,6-7-7,one_pair,20,1.0
3D Lotto,9PM,2021-01-19,9-1-3,9,1,3,4500.0,552,valid,1668,1-3-9,all_distinct,13,0.0
3D Lotto,9PM,2021-01-20,9-5-6,9,5,6,4500.0,170,valid,1669,5-6-9,all_distinct,20,1.0
3D Lotto,9PM,2021-01-21,1-0-9,1,0,9,4500.0,779,valid,1670,0-1-9,all_distinct,10,1.0
3D Lotto,9PM,2021-01-22,8-1-0,8,1,0,4500.0,470,valid,1671,0-1-8,all_distinct,9,2.0
3D Lotto,9PM,2021-01-23,5-1-3,5,1,3,4500.0,757,valid,1672,1-3-5,all_distinct,9,1.0
3D Lotto,9PM,2021-01-24,7-1-9,7,1,9,4500.0,349,valid,1673,1-7-9,all_distinct,17,1.0
3D Lotto,9PM,2021-01-25,0-9-3,0,9,3,4500.0,100,valid,1674,0-3-9,all_distinct,12,1.0
3D Lotto,9PM,2021-01-26,2-6-6,2,6,6,4500.0,366,valid,1675,2-6-6,one_pair,14,0.0
3D Lotto,9PM,2021-01-27,1-8-0,1,8,0,4500.0,348,valid,1676,0-1-8,all_distinct,9,0.0
3D Lotto,9PM,2021-01-28,0-9-3,0,9,3,4500.0,100,valid,1677,0-3-9,all_distinct,12,1.0
3D Lotto,9PM,2021-01-29,0-9-2,0,9,2,4500.0,163,valid,1678,0-2-9,all_distinct,11,2.0
3D Lotto,9PM,2021-01-30,0-6-3,0,6,3,4500.0,223,valid,1679,0-3-6,all_distinct,9,1.0
3D Lotto,9PM,2021-01-31,9-7-1,9,7,1,4500.0,260,valid,1680,1-7-9,all_distinct,17,0.0
3D Lotto,9PM,2021-02-01,5-4-0,5,4,0,4500.0,153,valid,1681,0-4-5,all_distinct,9,0.0
3D Lotto,9PM,2021-02-02,7-8-0,7,8,0,4500.0,166,valid,1682,0-7-8,all_distinct,15,1.0
3D Lotto,9PM,2021-02-03,0-4-8,0,4,8,4500.0,207,valid,1683,0-4-8,all_distinct,12,2.0
3D Lotto,9PM,2021-02-04,2-9-5,2,9,5,4500.0,283,valid,1684,2-5-9,all_distinct,16,0.0
3D Lotto,9PM,2021-02-05,9-7-7,9,7,7,4500.0,387,valid,1685,7-7-9,one_pair,23,1.0
3D Lotto,9PM,2021-02-06,8-5-4,8,5,4,4500.0,216,valid,1686,4-5-8,all_distinct,17,0.0
3D Lotto,9PM,2021-02-07,5-9-9,5,9,9,4500.0,181,valid,1687,5-9-9,one_pair,23,1.0
3D Lotto,9PM,2021-02-08,6-0-1,6,0,1,4500.0,318,valid,1688,0-1-6,all_distinct,7,0.0
3D Lotto,9PM,2021-02-09,7-7-2,7,7,2,4500.0,280,valid,1689,2-7-7,one_pair,16,0.0
3D Lotto,9PM,2021-02-10,1-0-9,1,0,9,4500.0,556,valid,1690,0-1-9,all_distinct,10,0.0
3D Lotto,9PM,2021-02-11,6-0-5,6,0,5,4500.0,307,valid,1691,0-5-6,all_distinct,11,1.0
3D Lotto,9PM,2021-02-12,8-8-7,8,8,7,4500.0,192,valid,1692,7-8-8,one_pair,23,0.0
3D Lotto,9PM,2021-02-13,9-3-3,9,3,3,4500.0,283,valid,1693,3-3-9,one_pair,15,0.0
3D Lotto,9PM,2021-02-14,5-9-7,5,9,7,4500.0,128,valid,1694,5-7-9,all_distinct,21,1.0
3D Lotto,9PM,2021-02-15,3-2-4,3,2,4,4500.0,359,valid,1695,2-3-4,all_distinct,9,0.0
3D Lotto,9PM,2021-02-16,1-0-7,1,0,7,4500.0,478,valid,1696,0-1-7,all_distinct,8,0.0
3D Lotto,9PM,2021-02-17,8-0-0,8,0,0,4500.0,413,valid,1697,0-0-8,one_pair,8,1.0
3D Lotto,9PM,2021-02-18,2-5-1,2,5,1,4500.0,453,valid,1698,1-2-5,all_distinct,8,0.0
3D Lotto,9PM,2021-02-19,4-4-6,4,4,6,4500.0,160,valid,1699,4-4-6,one_pair,14,0.0
3D Lotto,9PM,2021-02-20,9-3-7,9,3,7,4500.0,185,valid,1700,3-7-9,all_distinct,19,0.0
3D Lotto,9PM,2021-02-21,5-3-2,5,3,2,4500.0,335,valid,1701,2-3-5,all_distinct,10,1.0
3D Lotto,9PM,2021-02-22,8-4-2,8,4,2,4500.0,182,valid,1702,2-4-8,all_distinct,14,1.0
3D Lotto,9PM,2021-02-23,7-0-6,7,0,6,4500.0,239,valid,1703,0-6-7,all_distinct,13,0.0
3D Lotto,9PM,2021-02-24,3-7-3,3,7,3,4500.0,211,valid,1704,3-3-7,one_pair,13,1.0
3D Lotto,9PM,2021-02-25,6-4-4,6,4,4,4500.0,225,valid,1705,4-4-6,one_pair,14,0.0
3D Lotto,9PM,2021-02-26,3-2-2,3,2,2,4500.0,470,valid,1706,2-2-3,one_pair,7,0.0
3D Lotto,9PM,2021-02-27,8-0-7,8,0,7,4500.0,197,valid,1707,0-7-8,all_distinct,15,0.0
3D Lotto,9PM,2021-02-28,7-8-0,7,8,0,4500.0,242,valid,1708,0-7-8,all_distinct,15,3.0
3D Lotto,9PM,2021-03-01,1-0-7,1,0,7,4500.0,311,valid,1709,0-1-7,all_distinct,8,2.0
3D Lotto,9PM,2021-03-02,1-1-3,1,1,3,4500.0,558,valid,1710,1-1-3,one_pair,5,1.0
3D Lotto,9PM,2021-03-03,3-1-0,3,1,0,4500.0,1135,valid,1711,0-1-3,all_distinct,4,2.0
3D Lotto,9PM,2021-03-04,8-1-3,8,1,3,4500.0,537,valid,1712,1-3-8,all_distinct,12,2.0
3D Lotto,9PM,2021-03-05,0-8-9,0,8,9,4500.0,213,valid,1713,0-8-9,all_distinct,17,1.0
3D Lotto,9PM,2021-03-06,0-7-9,0,7,9,4500.0,292,valid,1714,0-7-9,all_distinct,16,2.0
3D Lotto,9PM,2021-03-07,1-9-7,1,9,7,4500.0,414,valid,1715,1-7-9,all_distinct,17,2.0
3D Lotto,9PM,2021-03-08,6-8-1,6,8,1,4500.0,188,valid,1716,1-6-8,all_distinct,15,1.0
3D Lotto,9PM,2021-03-09,3-6-3,3,6,3,4500.0,211,valid,1717,3-3-6,one_pair,12,1.0
3D Lotto,9PM,2021-03-10,6-0-7,6,0,7,4500.0,214,valid,1718,0-6-7,all_distinct,13,1.0
3D Lotto,9PM,2021-03-11,8-1-1,8,1,1,4500.0,466,valid,1719,1-1-8,one_pair,10,0.0
3D Lotto,9PM,2021-03-12,9-9-6,9,9,6,4500.0,222,valid,1720,6-9-9,one_pair,24,0.0
3D Lotto,9PM,2021-03-13,4-4-2,4,4,2,4500.0,221,valid,1721,2-4-4,one_pair,10,0.0
3D Lotto,9PM,2021-03-14,1-2-6,1,2,6,4500.0,456,valid,1722,1-2-6,all_distinct,9,1.0
3D Lotto,9PM,2021-03-15,9-5-0,9,5,0,4500.0,153,valid,1723,0-5-9,all_distinct,14,0.0
3D Lotto,9PM,2021-03-16,2-7-4,2,7,4,4500.0,249,valid,1724,2-4-7,all_distinct,13,0.0
3D Lotto,9PM,2021-03-17,5-8-4,5,8,4,4500.0,152,valid,1725,4-5-8,all_distinct,17,1.0
3D Lotto,9PM,2021-03-18,9-5-2,9,5,2,4500.0,264,valid,1726,2-5-9,all_distinct,16,1.0
3D Lotto,9PM,2021-03-19,5-3-0,5,3,0,4500.0,422,valid,1727,0-3-5,all_distinct,8,1.0
3D Lotto,9PM,2021-03-20,6-3-1,6,3,1,4500.0,414,valid,1728,1-3-6,all_distinct,10,1.0
3D Lotto,9PM,2021-03-21,7-9-0,7,9,0,4500.0,209,valid,1729,0-7-9,all_distinct,16,0.0
3D Lotto,9PM,2021-03-22,1-3-4,1,3,4,4500.0,263,valid,1730,1-3-4,all_distinct,8,0.0
3D Lotto,9PM,2021-03-23,5-6-0,5,6,0,4500.0,205,valid,1731,0-5-6,all_distinct,11,0.0
3D Lotto,9PM,2021-03-24,3-7-0,3,7,0,4500.0,260,valid,1732,0-3-7,all_distinct,10,1.0
3D Lotto,9PM,2021-03-25,4-6-1,4,6,1,4500.0,395,valid,1733,1-4-6,all_distinct,11,0.0
3D Lotto,9PM,2021-03-26,9-1-3,9,1,3,4500.0,392,valid,1734,1-3-9,all_distinct,13,1.0
3D Lotto,9PM,2021-03-27,7-8-8,7,8,8,4500.0,193,valid,1735,7-8-8,one_pair,23,0.0
3D Lotto,9PM,2021-03-28,0-9-4,0,9,4,4500.0,111,valid,1736,0-4-9,all_distinct,13,0.0
3D Lotto,9PM,2021-03-29,9-9-4,9,9,4,4500.0,0,valid,1737,4-9-9,one_pair,22,2.0
3D Lotto,9PM,2021-03-30,9-3-9,9,3,9,4500.0,51,valid,1738,3-9-9,one_pair,21,2.0
3D Lotto,9PM,2021-03-31,8-8-6,8,8,6,4500.0,159,valid,1739,6-8-8,one_pair,22,0.0
3D Lotto,9PM,2021-04-05,3-2-3,3,2,3,4500.0,179,valid,1740,2-3-3,one_pair,8,0.0
3D Lotto,9PM,2021-04-06,6-5-0,6,5,0,4500.0,125,valid,1741,0-5-6,all_distinct,11,0.0
3D Lotto,9PM,2021-04-07,1-5-5,1,5,5,4500.0,209,valid,1742,1-5-5,one_pair,11,1.0
3D Lotto,9PM,2021-04-08,8-1-6,8,1,6,4500.0,255,valid,1743,1-6-8,all_distinct,15,1.0
3D Lotto,9PM,2021-04-09,1-9-8,1,9,8,4500.0,161,valid,1744,1-8-9,all_distinct,18,2.0
3D Lotto,9PM,2021-04-10,1-6-8,1,6,8,4500.0,213,valid,1745,1-6-8,all_distinct,15,2.0
3D Lotto,9PM,2021-04-11,3-4-0,3,4,0,4500.0,70,valid,1746,0-3-4,all_distinct,7,0.0
3D Lotto,9PM,2021-04-12,3-6-8,3,6,8,4500.0,142,valid,1747,3-6-8,all_distinct,17,1.0
3D Lotto,9PM,2021-04-13,4-7-1,4,7,1,4500.0,356,valid,1748,1-4-7,all_distinct,12,0.0
3D Lotto,9PM,2021-04-14,3-9-2,3,9,2,4500.0,113,valid,1749,2-3-9,all_distinct,14,0.0
3D Lotto,9PM,2021-04-15,5-4-6,5,4,6,4500.0,180,valid,1750,4-5-6,all_distinct,15,0.0
3D Lotto,9PM,2021-04-16,0-9-7,0,9,7,4500.0,109,valid,1751,0-7-9,all_distinct,16,0.0
3D Lotto,9PM,2021-04-17,1-1-6,1,1,6,4500.0,442,valid,1752,1-1-6,one_pair,8,0.0
3D Lotto,9PM,2021-04-18,9-7-6,9,7,6,4500.0,73,valid,1753,6-7-9,all_distinct,22,1.0
3D Lotto,9PM,2021-04-19,4-0-8,4,0,8,4500.0,188,valid,1754,0-4-8,all_distinct,12,0.0
3D Lotto,9PM,2021-04-20,6-0-1,6,0,1,4500.0,131,valid,1755,0-1-6,all_distinct,7,1.0
3D Lotto,9PM,2021-04-21,1-4-5,1,4,5,4500.0,264,valid,1756,1-4-5,all_distinct,10,1.0
3D Lotto,9PM,2021-04-22,1-1-7,1,1,7,4500.0,319,valid,1757,1-1-7,one_pair,9,1.0
3D Lotto,9PM,2021-04-23,8-6-3,8,6,3,4500.0,122,valid,1758,3-6-8,all_distinct,17,0.0
3D Lotto,9PM,2021-04-24,8-8-7,8,8,7,4500.0,67,valid,1759,7-8-8,one_pair,23,1.0
3D Lotto,9PM,2021-04-25,0-5-0,0,5,0,4500.0,110,valid,1760,0-0-5,one_pair,5,0.0
3D Lotto,9PM,2021-04-26,8-0-8,8,0,8,4500.0,177,valid,1761,0-8-8,one_pair,16,1.0
3D Lotto,9PM,2021-04-27,2-5-5,2,5,5,4500.0,201,valid,1762,2-5-5,one_pair,12,0.0
3D Lotto,9PM,2021-04-28,0-0-1,0,0,1,4500.0,212,valid,1763,0-0-1,one_pair,1,0.0
3D Lotto,9PM,2021-04-29,9-2-6,9,2,6,4500.0,131,valid,1764,2-6-9,all_distinct,17,0.0
3D Lotto,9PM,2021-04-30,3-7-8,3,7,8,4500.0,139,valid,1765,3-7-8,all_distinct,18,0.0
3D Lotto,9PM,2021-05-01,4-0-3,4,0,3,4500.0,137,valid,1766,0-3-4,all_distinct,7,1.0
3D Lotto,9PM,2021-05-02,0-5-2,0,5,2,4500.0,92,valid,1767,0-2-5,all_distinct,7,1.0
3D Lotto,9PM,2021-05-03,2-5-9,2,5,9,4500.0,291,valid,1768,2-5-9,all_distinct,16,2.0
3D Lotto,9PM,2021-05-04,3-0-8,3,0,8,4500.0,208,valid,1769,0-3-8,all_distinct,11,0.0
3D Lotto,9PM,2021-05-05,7-8-9,7,8,9,4500.0,237,valid,1770,7-8-9,all_distinct,24,1.0
3D Lotto,9PM,2021-05-06,4-1-7,4,1,7,4500.0,378,valid,1771,1-4-7,all_distinct,12,1.0
3D Lotto,9PM,2021-05-07,6-3-5,6,3,5,4500.0,171,valid,1772,3-5-6,all_distinct,14,0.0
3D Lotto,9PM,2021-05-08,1-4-8,1,4,8,4500.0,296,valid,1773,1-4-8,all_distinct,13,0.0
3D Lotto,9PM,2021-05-09,3-8-0,3,8,0,4500.0,140,valid,1774,0-3-8,all_distinct,11,1.0
3D Lotto,9PM,2021-05-10,3-7-3,3,7,3,4500.0,43,valid,1775,3-3-7,one_pair,13,1.0
3D Lotto,9PM,2021-05-11,5-3-6,5,3,6,4500.0,123,valid,1776,3-5-6,all_distinct,14,1.0
3D Lotto,9PM,2021-05-12,8-8-1,8,8,1,4500.0,89,valid,1777,1-8-8,one_pair,17,0.0
3D Lotto,9PM,2021-05-13,2-3-6,2,3,6,4500.0,90,valid,1778,2-3-6,all_distinct,11,0.0
3D Lotto,9PM,2021-05-14,0-6-6,0,6,6,4500.0,48,valid,1779,0-6-6,one_pair,12,1.0
3D Lotto,9PM,2021-05-15,6-3-7,6,3,7,4500.0,267,valid,1780,3-6-7,all_distinct,16,1.0
3D Lotto,9PM,2021-05-16,1-1-6,1,1,6,4500.0,349,valid,1781,1-1-6,one_pair,8,1.0
3D Lotto,9PM,2021-05-17,2-4-4,2,4,4,4500.0,135,valid,1782,2-4-4,one_pair,10,0.0
3D Lotto,9PM,2021-05-18,3-7-4,3,7,4,4500.0,163,valid,1783,3-4-7,all_distinct,14,1.0
3D Lotto,9PM,2021-05-19,5-9-2,5,9,2,4500.0,183,valid,1784,2-5-9,all_distinct,16,0.0
3D Lotto,9PM,2021-05-20,5-6-4,5,6,4,4500.0,119,valid,1785,4-5-6,all_distinct,15,1.0
3D Lotto,9PM,2021-05-21,2-0-9,2,0,9,4500.0,333,valid,1786,0-2-9,all_distinct,11,0.0
3D Lotto,9PM,2021-05-22,0-5-4,0,5,4,4500.0,168,valid,1787,0-4-5,all_distinct,9,1.0
3D Lotto,9PM,2021-05-23,1-7-9,1,7,9,4500.0,291,valid,1788,1-7-9,all_distinct,17,0.0
3D Lotto,9PM,2021-05-24,1-5-3,1,5,3,4500.0,388,valid,1789,1-3-5,all_distinct,9,1.0
3D Lotto,9PM,2021-05-25,1-9-8,1,9,8,4500.0,111,valid,1790,1-8-9,all_distinct,18,1.0
3D Lotto,9PM,2021-05-26,7-1-4,7,1,4,4500.0,506,valid,1791,1-4-7,all_distinct,12,1.0
3D Lotto,9PM,2021-05-27,1-4-2,1,4,2,4500.0,195,valid,1792,1-2-4,all_distinct,7,2.0
3D Lotto,9PM,2021-05-28,3-0-5,3,0,5,4500.0,303,valid,1793,0-3-5,all_distinct,8,0.0
3D Lotto,9PM,2021-05-29,0-6-7,0,6,7,4500.0,128,valid,1794,0-6-7,all_distinct,13,1.0
3D Lotto,9PM,2021-05-30,3-2-5,3,2,5,4500.0,294,valid,1795,2-3-5,all_distinct,10,0.0
3D Lotto,9PM,2021-05-31,5-8-8,5,8,8,4500.0,236,valid,1796,5-8-8,one_pair,21,1.0
3D Lotto,9PM,2021-06-01,7-7-8,7,7,8,4500.0,160,valid,1797,7-7-8,one_pair,22,1.0
3D Lotto,9PM,2021-06-02,4-2-5,4,2,5,4500.0,364,valid,1798,2-4-5,all_distinct,11,0.0
3D Lotto,9PM,2021-06-03,8-4-0,8,4,0,4500.0,291,valid,1799,0-4-8,all_distinct,12,1.0
3D Lotto,9PM,2021-06-04,8-4-5,8,4,5,4500.0,237,valid,1800,4-5-8,all_distinct,17,2.0
3D Lotto,9PM,2021-06-05,0-5-5,0,5,5,4500.0,167,valid,1801,0-5-5,one_pair,10,1.0
3D Lotto,9PM,2021-06-06,6-3-7,6,3,7,4500.0,237,valid,1802,3-6-7,all_distinct,16,0.0
3D Lotto,9PM,2021-06-07,7-5-4,7,5,4,4500.0,240,valid,1803,4-5-7,all_distinct,16,1.0
3D Lotto,9PM,2021-06-08,4-3-0,4,3,0,4500.0,174,valid,1804,0-3-4,all_distinct,7,1.0
3D Lotto,9PM,2021-06-09,8-6-8,8,6,8,4500.0,81,valid,1805,6-8-8,one_pair,22,0.0
3D Lotto,9PM,2021-06-10,4-6-6,4,6,6,4500.0,187,valid,1806,4-6-6,one_pair,16,1.0
3D Lotto,9PM,2021-06-11,1-8-2,1,8,2,4500.0,215,valid,1807,1-2-8,all_distinct,11,0.0
3D Lotto,9PM,2021-06-12,4-7-7,4,7,7,4500.0,109,valid,1808,4-7-7,one_pair,18,0.0
3D Lotto,9PM,2021-06-13,7-6-1,7,6,1,4500.0,207,valid,1809,1-6-7,all_distinct,14,1.0
3D Lotto,9PM,2021-06-14,7-5-2,7,5,2,4500.0,374,valid,1810,2-5-7,all_distinct,14,1.0
3D Lotto,9PM,2021-06-15,8-2-3,8,2,3,4500.0,351,valid,1811,2-3-8,all_distinct,13,1.0
3D Lotto,9PM,2021-06-16,0-5-8,0,5,8,4500.0,134,valid,1812,0-5-8,all_distinct,13,1.0
3D Lotto,9PM,2021-06-17,7-5-0,7,5,0,4500.0,310,valid,1813,0-5-7,all_distinct,12,2.0
3D Lotto,9PM,2021-06-18,7-7-6,7,7,6,4500.0,124,valid,1814,6-7-7,one_pair,20,1.0
3D Lotto,9PM,2021-06-19,1-0-8,1,0,8,4500.0,518,valid,1815,0-1-8,all_distinct,9,0.0
3D Lotto,9PM,2021-06-20,4-3-9,4,3,9,4500.0,179,valid,1816,3-4-9,all_distinct,16,0.0
3D Lotto,9PM,2021-06-21,2-9-6,2,9,6,4500.0,175,valid,1817,2-6-9,all_distinct,17,1.0
3D Lotto,9PM,2021-06-22,1-9-3,1,9,3,4500.0,260,valid,1818,1-3-9,all_distinct,13,1.0
3D Lotto,9PM,2021-06-23,2-5-8,2,5,8,4500.0,386,valid,1819,2-5-8,all_distinct,15,0.0
3D Lotto,9PM,2021-06-24,3-8-7,3,8,7,4500.0,147,valid,1820,3-7-8,all_distinct,18,1.0
3D Lotto,9PM,2021-06-25,1-7-2,1,7,2,4500.0,236,valid,1821,1-2-7,all_distinct,10,1.0
3D Lotto,9PM,2021-06-26,3-7-3,3,7,3,4500.0,143,valid,1822,3-3-7,one_pair,13,1.0
3D Lotto,9PM,2021-06-27,4-6-9,4,6,9,4500.0,178,valid,1823,4-6-9,all_distinct,19,0.0
3D Lotto,9PM,2021-06-28,4-0-9,4,0,9,4500.0,522,valid,1824,0-4-9,all_distinct,13,2.0
3D Lotto,9PM,2021-06-29,8-9-5,8,9,5,4500.0,123,valid,1825,5-8-9,all_distinct,22,1.0
3D Lotto,9PM,2021-06-30,6-6-4,6,6,4,4500.0,131,valid,1826,4-6-6,one_pair,16,0.0
3D Lotto,9PM,2021-07-01,6-4-8,6,4,8,4500.0,244,valid,1827,4-6-8,all_distinct,18,2.0
3D Lotto,9PM,2021-07-02,4-1-7,4,1,7,4500.0,543,valid,1828,1-4-7,all_distinct,12,1.0
3D Lotto,9PM,2021-07-03,4-7-4,4,7,4,4500.0,245,valid,1829,4-4-7,one_pair,15,2.0
3D Lotto,9PM,2021-07-04,9-6-7,9,6,7,4500.0,148,valid,1830,6-7-9,all_distinct,22,1.0
3D Lotto,9PM,2021-07-05,5-7-2,5,7,2,4500.0,303,valid,1831,2-5-7,all_distinct,14,1.0
3D Lotto,9PM,2021-07-06,8-0-7,8,0,7,4500.0,339,valid,1832,0-7-8,all_distinct,15,1.0
3D Lotto,9PM,2021-07-07,4-9-1,4,9,1,4500.0,112,valid,1833,1-4-9,all_distinct,14,0.0
3D Lotto,9PM,2021-07-08,2-8-5,2,8,5,4500.0,192,valid,1834,2-5-8,all_distinct,15,0.0
3D Lotto,9PM,2021-07-09,4-6-4,4,6,4,4500.0,177,valid,1835,4-4-6,one_pair,14,0.0
3D Lotto,9PM,2021-07-10,4-9-1,4,9,1,4500.0,79,valid,1836,1-4-9,all_distinct,14,1.0
3D Lotto,9PM,2021-07-11,2-4-5,2,4,5,4500.0,171,valid,1837,2-4-5,all_distinct,11,1.0
3D Lotto,9PM,2021-07-12,7-9-2,7,9,2,4500.0,238,valid,1838,2-7-9,all_distinct,18,1.0
3D Lotto,9PM,2021-07-13,7-2-9,7,2,9,4500.0,453,valid,1839,2-7-9,all_distinct,18,3.0
3D Lotto,9PM,2021-07-14,9-4-2,9,4,2,4500.0,156,valid,1840,2-4-9,all_distinct,15,2.0
3D Lotto,9PM,2021-07-15,9-5-1,9,5,1,4500.0,202,valid,1841,1-5-9,all_distinct,15,1.0
3D Lotto,9PM,2021-07-16,1-4-4,1,4,4,4500.0,343,valid,1842,1-4-4,one_pair,9,1.0
3D Lotto,9PM,2021-07-17,2-1-1,2,1,1,4500.0,390,valid,1843,1-1-2,one_pair,4,1.0
3D Lotto,9PM,2021-07-18,9-4-9,9,4,9,4500.0,122,valid,1844,4-9-9,one_pair,22,0.0
3D Lotto,9PM,2021-07-19,8-0-7,8,0,7,4500.0,253,valid,1845,0-7-8,all_distinct,15,0.0
3D Lotto,9PM,2021-07-20,9-7-2,9,7,2,4500.0,351,valid,1846,2-7-9,all_distinct,18,1.0
3D Lotto,9PM,2021-07-21,8-0-1,8,0,1,4500.0,741,valid,1847,0-1-8,all_distinct,9,0.0
3D Lotto,9PM,2021-07-22,2-2-3,2,2,3,4500.0,328,valid,1848,2-2-3,one_pair,7,0.0
3D Lotto,9PM,2021-07-23,8-3-0,8,3,0,4500.0,454,valid,1849,0-3-8,all_distinct,11,1.0
3D Lotto,9PM,2021-07-24,6-2-9,6,2,9,4500.0,486,valid,1850,2-6-9,all_distinct,17,0.0
3D Lotto,9PM,2021-07-25,2-9-5,2,9,5,4500.0,218,valid,1851,2-5-9,all_distinct,16,2.0
3D Lotto,9PM,2021-07-26,9-5-2,9,5,2,4500.0,265,valid,1852,2-5-9,all_distinct,16,3.0
3D Lotto,9PM,2021-07-27,1-1-7,1,1,7,4500.0,552,valid,1853,1-1-7,one_pair,9,0.0
3D Lotto,9PM,2021-07-28,8-5-5,8,5,5,4500.0,326,valid,1854,5-5-8,one_pair,18,0.0
3D Lotto,9PM,2021-07-29,6-1-1,6,1,1,4500.0,409,valid,1855,1-1-6,one_pair,8,0.0
3D Lotto,9PM,2021-07-30,0-1-5,0,1,5,4500.0,293,valid,1856,0-1-5,all_distinct,6,1.0
3D Lotto,9PM,2021-07-31,1-1-2,1,1,2,4500.0,950,valid,1857,1-1-2,one_pair,4,1.0
3D Lotto,9PM,2021-08-01,3-4-6,3,4,6,4500.0,118,valid,1858,3-4-6,all_distinct,13,0.0
3D Lotto,9PM,2021-08-02,1-5-2,1,5,2,4500.0,485,valid,1859,1-2-5,all_distinct,8,0.0
3D Lotto,9PM,2021-08-03,0-3-3,0,3,3,4500.0,189,valid,1860,0-3-3,one_pair,6,0.0
3D Lotto,9PM,2021-08-04,0-5-5,0,5,5,4500.0,154,valid,1861,0-5-5,one_pair,10,1.0
3D Lotto,9PM,2021-08-05,4-3-1,4,3,1,4500.0,146,valid,1862,1-3-4,all_distinct,8,0.0
3D Lotto,9PM,2021-08-06,0-4-0,0,4,0,4500.0,123,valid,1863,0-0-4,one_pair,4,1.0
3D Lotto,9PM,2021-08-07,7-0-7,7,0,7,4500.0,398,valid,1864,0-7-7,one_pair,14,1.0
3D Lotto,9PM,2021-08-08,5-3-1,5,3,1,4500.0,277,valid,1865,1-3-5,all_distinct,9,0.0
3D Lotto,9PM,2021-08-09,7-1-2,7,1,2,4500.0,213,valid,1866,1-2-7,all_distinct,10,1.0
3D Lotto,9PM,2021-08-10,0-5-1,0,5,1,4500.0,120,valid,1867,0-1-5,all_distinct,6,1.0
3D Lotto,9PM,2021-08-11,0-7-5,0,7,5,4500.0,141,valid,1868,0-5-7,all_distinct,12,2.0
3D Lotto,9PM,2021-08-12,3-0-2,3,0,2,4500.0,199,valid,1869,0-2-3,all_distinct,5,1.0
3D Lotto,9PM,2021-08-13,3-8-2,3,8,2,4500.0,206,valid,1870,2-3-8,all_distinct,13,2.0
3D Lotto,9PM,2021-08-14,3-6-4,3,6,4,4500.0,139,valid,1871,3-4-6,all_distinct,13,1.0
3D Lotto,9PM,2021-08-15,3-8-3,3,8,3,4500.0,127,valid,1872,3-3-8,one_pair,14,1.0
3D Lotto,9PM,2021-08-16,8-2-4,8,2,4,4500.0,594,valid,1873,2-4-8,all_distinct,14,1.0
3D Lotto,9PM,2021-08-17,3-6-0,3,6,0,4500.0,361,valid,1874,0-3-6,all_distinct,9,0.0
3D Lotto,9PM,2021-08-18,3-9-1,3,9,1,4500.0,184,valid,1875,1-3-9,all_distinct,13,1.0
3D Lotto,9PM,2021-08-19,1-0-8,1,0,8,4500.0,612,valid,1876,0-1-8,all_distinct,9,1.0
3D Lotto,9PM,2021-08-20,3-8-8,3,8,8,4500.0,303,valid,1877,3-8-8,one_pair,19,1.0
3D Lotto,9PM,2021-08-21,2-7-5,2,7,5,4500.0,620,valid,1878,2-5-7,all_distinct,14,0.0
3D Lotto,9PM,2021-08-22,3-7-7,3,7,7,4500.0,281,valid,1879,3-7-7,one_pair,17,1.0
3D Lotto,9PM,2021-08-23,5-1-1,5,1,1,4500.0,450,valid,1880,1-1-5,one_pair,7,0.0
3D Lotto,9PM,2021-08-24,9-5-5,9,5,5,4500.0,263,valid,1881,5-5-9,one_pair,19,1.0
3D Lotto,9PM,2021-08-25,7-0-7,7,0,7,4500.0,157,valid,1882,0-7-7,one_pair,14,0.0
3D Lotto,9PM,2021-08-26,4-7-9,4,7,9,4500.0,372,valid,1883,4-7-9,all_distinct,20,1.0
3D Lotto,9PM,2021-08-27,5-6-7,5,6,7,4500.0,159,valid,1884,5-6-7,all_distinct,18,1.0
3D Lotto,9PM,2021-08-28,2-2-2,2,2,2,4500.0,414,valid,1885,2-2-2,triple,6,0.0
3D Lotto,9PM,2021-08-29,1-4-6,1,4,6,4500.0,367,valid,1886,1-4-6,all_distinct,11,0.0
3D Lotto,9PM,2021-08-30,2-9-5,2,9,5,4500.0,173,valid,1887,2-5-9,all_distinct,16,0.0
3D Lotto,9PM,2021-08-31,5-4-5,5,4,5,4500.0,271,valid,1888,4-5-5,one_pair,14,1.0
3D Lotto,9PM,2021-09-01,9-4-8,9,4,8,4500.0,202,valid,1889,4-8-9,all_distinct,21,1.0
3D Lotto,9PM,2021-09-02,8-4-7,8,4,7,4500.0,330,valid,1890,4-7-8,all_distinct,19,2.0
3D Lotto,9PM,2021-09-03,2-2-9,2,2,9,4500.0,609,valid,1891,2-2-9,one_pair,13,0.0
3D Lotto,9PM,2021-09-04,2-6-4,2,6,4,4500.0,354,valid,1892,2-4-6,all_distinct,12,1.0
3D Lotto,9PM,2021-09-05,7-9-5,7,9,5,4500.0,266,valid,1893,5-7-9,all_distinct,21,0.0
3D Lotto,9PM,2021-09-06,3-6-2,3,6,2,4500.0,220,valid,1894,2-3-6,all_distinct,11,0.0
3D Lotto,9PM,2021-09-07,6-2-4,6,2,4,4500.0,310,valid,1895,2-4-6,all_distinct,12,2.0
3D Lotto,9PM,2021-09-08,0-3-2,0,3,2,4500.0,160,valid,1896,0-2-3,all_distinct,5,1.0
3D Lotto,9PM,2021-09-09,8-7-5,8,7,5,4500.0,149,valid,1897,5-7-8,all_distinct,20,0.0
3D Lotto,9PM,2021-09-10,5-5-3,5,5,3,4500.0,185,valid,1899,3-5-5,one_pair,13,1.0
3D Lotto,9PM,2021-09-11,2-0-3,2,0,3,4500.0,188,valid,1900,0-2-3,all_distinct,5,1.0
3D Lotto,9PM,2021-09-12,8-6-9,8,6,9,4500.0,264,valid,1898,6-8-9,all_distinct,23,0.0
3D Lotto,9PM,2021-09-13,0-1-6,0,1,6,4500.0,94,valid,1901,0-1-6,all_distinct,7,1.0
3D Lotto,9PM,2021-09-14,2-4-4,2,4,4,4500.0,243,valid,1902,2-4-4,one_pair,10,0.0
3D Lotto,9PM,2021-09-15,0-9-3,0,9,3,4500.0,136,valid,1903,0-3-9,all_distinct,12,0.0
3D Lotto,9PM,2021-09-16,6-8-5,6,8,5,4500.0,263,valid,1904,5-6-8,all_distinct,19,0.0
3D Lotto,9PM,2021-09-17,5-0-9,5,0,9,4500.0,489,valid,1905,0-5-9,all_distinct,14,1.0
3D Lotto,9PM,2021-09-18,0-9-2,0,9,2,4500.0,173,valid,1906,0-2-9,all_distinct,11,2.0
3D Lotto,9PM,2021-09-19,9-0-9,9,0,9,4500.0,410,valid,1907,0-9-9,one_pair,18,2.0
3D Lotto,9PM,2021-09-20,4-6-1,4,6,1,4500.0,142,valid,1908,1-4-6,all_distinct,11,0.0
3D Lotto,9PM,2021-09-21,3-6-9,3,6,9,4500.0,602,valid,1909,3-6-9,all_distinct,18,1.0
3D Lotto,9PM,2021-09-22,8-0-0,8,0,0,4500.0,245,valid,1910,0-0-8,one_pair,8,0.0
3D Lotto,9PM,2021-09-23,1-4-9,1,4,9,4500.0,535,valid,1911,1-4-9,all_distinct,14,0.0
3D Lotto,9PM,2021-09-24,7-4-1,7,4,1,4500.0,381,valid,1912,1-4-7,all_distinct,12,2.0
3D Lotto,9PM,2021-09-25,9-2-9,9,2,9,4500.0,1147,valid,1913,2-9-9,one_pair,20,0.0
3D Lotto,9PM,2021-09-26,5-9-7,5,9,7,4500.0,189,valid,1914,5-7-9,all_distinct,21,1.0
3D Lotto,9PM,2021-09-27,7-3-3,7,3,3,4500.0,414,valid,1915,3-3-7,one_pair,13,1.0
3D Lotto,9PM,2021-09-28,9-2-4,9,2,4,4500.0,676,valid,1916,2-4-9,all_distinct,15,0.0
3D Lotto,9PM,2021-09-29,1-3-8,1,3,8,4500.0,378,valid,1917,1-3-8,all_distinct,12,0.0
3D Lotto,9PM,2021-09-30,2-6-2,2,6,2,4500.0,326,valid,1918,2-2-6,one_pair,10,0.0
3D Lotto,9PM,2021-10-01,3-4-0,3,4,0,4500.0,212,valid,1919,0-3-4,all_distinct,7,0.0
3D Lotto,9PM,2021-10-02,6-4-7,6,4,7,4500.0,217,valid,1920,4-6-7,all_distinct,17,1.0
3D Lotto,9PM,2021-10-03,0-6-2,0,6,2,4500.0,131,valid,1921,0-2-6,all_distinct,8,1.0
3D Lotto,9PM,2021-10-04,3-3-5,3,3,5,4500.0,146,valid,1922,3-3-5,one_pair,11,0.0
3D Lotto,9PM,2021-10-05,3-5-9,3,5,9,4500.0,377,valid,1923,3-5-9,all_distinct,17,2.0
3D Lotto,9PM,2021-10-06,7-9-3,7,9,3,4500.0,290,valid,1924,3-7-9,all_distinct,19,2.0
3D Lotto,9PM,2021-10-07,1-6-5,1,6,5,4500.0,347,valid,1925,1-5-6,all_distinct,12,0.0
3D Lotto,9PM,2021-10-08,0-4-0,0,4,0,4500.0,140,valid,1926,0-0-4,one_pair,4,0.0
3D Lotto,9PM,2021-10-09,7-8-9,7,8,9,4500.0,241,valid,1927,7-8-9,all_distinct,24,0.0
3D Lotto,9PM,2021-10-10,5-6-2,5,6,2,4500.0,348,valid,1928,2-5-6,all_distinct,13,0.0
3D Lotto,9PM,2021-10-11,6-2-4,6,2,4,4500.0,314,valid,1929,2-4-6,all_distinct,12,2.0
3D Lotto,9PM,2021-10-12,7-9-0,7,9,0,4500.0,234,valid,1930,0-7-9,all_distinct,16,0.0
3D Lotto,9PM,2021-10-13,0-9-5,0,9,5,4500.0,130,valid,1931,0-5-9,all_distinct,14,2.0
3D Lotto,9PM,2021-10-14,8-1-3,8,1,3,4500.0,528,valid,1932,1-3-8,all_distinct,12,0.0
3D Lotto,9PM,2021-10-15,8-8-5,8,8,5,4500.0,220,valid,1934,5-8-8,one_pair,21,1.0
3D Lotto,9PM,2021-10-16,3-4-1,3,4,1,4500.0,224,valid,1935,1-3-4,all_distinct,8,0.0
3D Lotto,9PM,2021-10-17,4-1-4,4,1,4,4500.0,541,valid,1936,1-4-4,one_pair,9,2.0
3D Lotto,9PM,2021-10-18,8-6-5,8,6,5,4500.0,345,valid,1937,5-6-8,all_distinct,19,0.0
3D Lotto,9PM,2021-10-19,7-8-7,7,8,7,4500.0,145,valid,1938,7-7-8,one_pair,22,1.0
3D Lotto,9PM,2021-10-20,4-4-5,4,4,5,4500.0,131,valid,1939,4-4-5,one_pair,13,0.0
3D Lotto,9PM,2021-10-21,6-2-3,6,2,3,4500.0,406,valid,1940,2-3-6,all_distinct,11,0.0
3D Lotto,9PM,2021-10-22,8-9-9,8,9,9,4500.0,165,valid,1941,8-9-9,one_pair,26,0.0
3D Lotto,9PM,2021-10-23,9-5-8,9,5,8,4500.0,191,valid,1942,5-8-9,all_distinct,22,2.0
3D Lotto,9PM,2021-10-24,1-2-9,1,2,9,4500.0,679,valid,1943,1-2-9,all_distinct,12,1.0
3D Lotto,9PM,2021-10-25,1-0-2,1,0,2,4500.0,1101,valid,1944,0-1-2,all_distinct,3,2.0
3D Lotto,9PM,2021-10-26,0-4-3,0,4,3,4500.0,174,valid,1945,0-3-4,all_distinct,7,1.0
3D Lotto,9PM,2021-10-27,0-6-6,0,6,6,4500.0,114,valid,1946,0-6-6,one_pair,12,1.0
3D Lotto,9PM,2021-10-28,6-4-7,6,4,7,4500.0,345,valid,1947,4-6-7,all_distinct,17,1.0
3D Lotto,9PM,2021-10-29,0-6-7,0,6,7,4500.0,280,valid,1948,0-6-7,all_distinct,13,2.0
3D Lotto,9PM,2021-10-30,7-7-6,7,7,6,4500.0,246,valid,1950,6-7-7,one_pair,20,2.0
3D Lotto,9PM,2021-10-31,8-0-3,8,0,3,4500.0,190,valid,1951,0-3-8,all_distinct,11,0.0
3D Lotto,9PM,2021-11-01,9-5-0,9,5,0,4500.0,168,valid,1952,0-5-9,all_distinct,14,1.0
3D Lotto,9PM,2021-11-02,9-3-4,9,3,4,4500.0,147,valid,1953,3-4-9,all_distinct,16,1.0
3D Lotto,9PM,2021-11-03,7-7-1,7,7,1,4500.0,125,valid,1954,1-7-7,one_pair,15,0.0
3D Lotto,9PM,2021-11-04,7-3-4,7,3,4,4500.0,258,valid,1955,3-4-7,all_distinct,14,1.0
3D Lotto,9PM,2021-11-05,2-7-9,2,7,9,4500.0,440,valid,1956,2-7-9,all_distinct,18,1.0
3D Lotto,9PM,2021-11-06,2-7-7,2,7,7,4500.0,317,valid,1957,2-7-7,one_pair,16,2.0
3D Lotto,9PM,2021-11-07,4-5-2,4,5,2,4500.0,231,valid,1958,2-4-5,all_distinct,11,1.0
3D Lotto,9PM,2021-11-08,1-4-3,1,4,3,4500.0,463,valid,1959,1-3-4,all_distinct,8,1.0
3D Lotto,9PM,2021-11-09,9-4-0,9,4,0,4500.0,286,valid,1960,0-4-9,all_distinct,13,1.0
3D Lotto,9PM,2021-11-10,4-2-3,4,2,3,4500.0,217,valid,1961,2-3-4,all_distinct,9,1.0
3D Lotto,9PM,2021-11-11,2-8-8,2,8,8,4500.0,603,valid,1962,2-8-8,one_pair,18,1.0
3D Lotto,9PM,2021-11-12,6-6-6,6,6,6,4500.0,656,valid,1963,6-6-6,triple,18,0.0
3D Lotto,9PM,2021-11-13,6-2-5,6,2,5,4500.0,425,valid,1964,2-5-6,all_distinct,13,1.0
3D Lotto,9PM,2021-11-14,5-5-4,5,5,4,4500.0,178,valid,1965,4-5-5,one_pair,14,1.0
3D Lotto,9PM,2021-11-15,3-1-7,3,1,7,4500.0,499,valid,1966,1-3-7,all_distinct,11,0.0
3D Lotto,9PM,2021-11-16,0-9-5,0,9,5,4500.0,210,valid,1967,0-5-9,all_distinct,14,0.0
3D Lotto,9PM,2021-11-17,0-5-0,0,5,0,4500.0,358,valid,1968,0-0-5,one_pair,5,2.0
3D Lotto,9PM,2021-11-18,7-7-1,7,7,1,4500.0,196,valid,1969,1-7-7,one_pair,15,0.0
3D Lotto,9PM,2021-11-19,3-4-6,3,4,6,4500.0,248,valid,1970,3-4-6,all_distinct,13,0.0
3D Lotto,9PM,2021-11-20,9-6-9,9,6,9,4500.0,155,valid,1971,6-9-9,one_pair,24,1.0
3D Lotto,9PM,2021-11-21,8-9-8,8,9,8,4500.0,203,valid,1972,8-8-9,one_pair,25,1.0
3D Lotto,9PM,2021-11-22,4-5-0,4,5,0,4500.0,404,valid,1973,0-4-5,all_distinct,9,0.0
3D Lotto,9PM,2021-11-23,6-9-8,6,9,8,4500.0,236,valid,1974,6-8-9,all_distinct,23,0.0
3D Lotto,9PM,2021-11-24,3-9-7,3,9,7,4500.0,258,valid,1975,3-7-9,all_distinct,19,1.0
3D Lotto,9PM,2021-11-25,2-8-5,2,8,5,4500.0,377,valid,1976,2-5-8,all_distinct,15,0.0
3D Lotto,9PM,2021-11-26,9-2-2,9,2,2,4500.0,380,valid,1977,2-2-9,one_pair,13,1.0
3D Lotto,9PM,2021-11-27,0-6-8,0,6,8,4500.0,131,valid,1978,0-6-8,all_distinct,14,0.0
3D Lotto,9PM,2021-11-28,1-6-9,1,6,9,4500.0,577,valid,1979,1-6-9,all_distinct,16,1.0
3D Lotto,9PM,2021-11-29,3-7-4,3,7,4,4500.0,263,valid,1980,3-4-7,all_distinct,14,0.0
3D Lotto,9PM,2021-11-30,7-4-2,7,4,2,4500.0,432,valid,1981,2-4-7,all_distinct,13,2.0
3D Lotto,9PM,2021-12-01,3-8-7,3,8,7,4500.0,403,valid,1982,3-7-8,all_distinct,18,1.0
3D Lotto,9PM,2021-12-02,9-3-6,9,3,6,4500.0,445,valid,1983,3-6-9,all_distinct,18,1.0
3D Lotto,9PM,2021-12-03,1-4-1,1,4,1,4500.0,490,valid,1984,1-1-4,one_pair,6,0.0
3D Lotto,9PM,2021-12-04,1-8-7,1,8,7,4500.0,397,valid,1985,1-7-8,all_distinct,16,1.0
3D Lotto,9PM,2021-12-05,2-6-6,2,6,6,4500.0,329,valid,1986,2-6-6,one_pair,14,0.0
3D Lotto,9PM,2021-12-06,1-5-1,1,5,1,4500.0,426,valid,1987,1-1-5,one_pair,7,0.0
3D Lotto,9PM,2021-12-07,3-7-7,3,7,7,4500.0,445,valid,1988,3-7-7,one_pair,17,0.0
3D Lotto,9PM,2021-12-08,6-6-3,6,6,3,4500.0,334,valid,1989,3-6-6,one_pair,15,1.0
3D Lotto,9PM,2021-12-09,6-1-3,6,1,3,4500.0,1056,valid,1990,1-3-6,all_distinct,10,2.0
3D Lotto,9PM,2021-12-10,5-8-3,5,8,3,4500.0,355,valid,1993,3-5-8,all_distinct,16,1.0
3D Lotto,9PM,2021-12-11,1-4-7,1,4,7,4500.0,824,valid,1991,1-4-7,all_distinct,12,0.0
3D Lotto,9PM,2021-12-12,4-1-3,4,1,3,4500.0,571,valid,1992,1-3-4,all_distinct,8,2.0
3D Lotto,9PM,2021-12-13,9-4-5,9,4,5,4500.0,335,valid,1994,4-5-9,all_distinct,18,1.0
3D Lotto,9PM,2021-12-14,6-2-6,6,2,6,4500.0,432,valid,1995,2-6-6,one_pair,14,0.0
3D Lotto,9PM,2021-12-15,3-4-2,3,4,2,4500.0,162,valid,1996,2-3-4,all_distinct,9,1.0
3D Lotto,9PM,2021-12-16,6-7-8,6,7,8,4500.0,270,valid,1997,6-7-8,all_distinct,21,0.0
3D Lotto,9PM,2021-12-17,1-6-2,1,6,2,4500.0,221,valid,1998,1-2-6,all_distinct,9,1.0
3D Lotto,9PM,2021-12-18,2-5-1,2,5,1,4500.0,454,valid,1999,1-2-5,all_distinct,8,2.0
3D Lotto,9PM,2021-12-19,7-1-6,7,1,6,4500.0,272,valid,2000,1-6-7,all_distinct,14,1.0
3D Lotto,9PM,2021-12-20,3-1-7,3,1,7,4500.0,543,valid,2001,1-3-7,all_distinct,11,2.0
3D Lotto,9PM,2021-12-21,1-0-9,1,0,9,4500.0,820,valid,2002,0-1-9,all_distinct,10,1.0
3D Lotto,9PM,2021-12-22,2-8-8,2,8,8,4500.0,394,valid,2003,2-8-8,one_pair,18,0.0
3D Lotto,9PM,2021-12-23,1-8-0,1,8,0,4500.0,467,valid,2004,0-1-8,all_distinct,9,1.0
3D Lotto,9PM,2021-12-24,4-5-0,4,5,0,4500.0,110,valid,2005,0-4-5,all_distinct,9,1.0
3D Lotto,9PM,2021-12-26,8-5-5,8,5,5,4500.0,326,valid,2006,5-5-8,one_pair,18,1.0
3D Lotto,9PM,2021-12-27,5-5-2,5,5,2,4500.0,390,valid,2007,2-5-5,one_pair,12,2.0
3D Lotto,9PM,2021-12-28,4-8-8,4,8,8,4500.0,183,valid,2008,4-8-8,one_pair,20,0.0
3D Lotto,9PM,2021-12-29,5-1-9,5,1,9,4500.0,475,valid,2009,1-5-9,all_distinct,15,0.0
3D Lotto,9PM,2021-12-30,2-7-8,2,7,8,4500.0,515,valid,2010,2-7-8,all_distinct,17,0.0
3D Lotto,9PM,2021-12-31,5-1-6,5,1,6,4500.0,367,valid,2011,1-5-6,all_distinct,12,0.0
3D Lotto,9PM,2022-01-02,1-8-6,1,8,6,4500.0,407,valid,2012,1-6-8,all_distinct,15,2.0
3D Lotto,9PM,2022-01-03,0-3-0,0,3,0,4500.0,197,valid,2013,0-0-3,one_pair,3,0.0
3D Lotto,9PM,2022-01-04,8-6-4,8,6,4,4500.0,279,valid,2015,4-6-8,all_distinct,18,0.0
3D Lotto,9PM,2022-01-05,2-9-2,2,9,2,4500.0,293,valid,2016,2-2-9,one_pair,13,0.0
3D Lotto,9PM,2022-01-06,9-6-4,9,6,4,4500.0,189,valid,2014,4-6-9,all_distinct,19,1.0
3D Lotto,9PM,2022-01-07,9-1-9,9,1,9,4500.0,473,valid,2017,1-9-9,one_pair,19,1.0
3D Lotto,9PM,2022-01-08,8-6-8,8,6,8,4500.0,255,valid,2018,6-8-8,one_pair,22,0.0
3D Lotto,9PM,2022-01-09,7-4-4,7,4,4,4500.0,234,valid,2049,4-4-7,one_pair,15,0.0
3D Lotto,9PM,2022-01-10,4-3-2,4,3,2,4500.0,118,valid,2019,2-3-4,all_distinct,9,1.0
3D Lotto,9PM,2022-01-11,0-9-0,0,9,0,4500.0,60,valid,2020,0-0-9,one_pair,9,0.0
3D Lotto,9PM,2022-01-12,1-4-5,1,4,5,4500.0,89,valid,2021,1-4-5,all_distinct,10,0.0
3D Lotto,9PM,2022-01-13,3-8-7,3,8,7,4500.0,209,valid,2022,3-7-8,all_distinct,18,0.0
3D Lotto,9PM,2022-01-14,8-4-3,8,4,3,4500.0,179,valid,2023,3-4-8,all_distinct,15,2.0
3D Lotto,9PM,2022-01-15,4-2-5,4,2,5,4500.0,528,valid,2024,2-4-5,all_distinct,11,1.0
3D Lotto,9PM,2022-01-16,8-6-7,8,6,7,4500.0,131,valid,2025,6-7-8,all_distinct,21,0.0
3D Lotto,9PM,2022-01-17,7-7-4,7,7,4,4500.0,345,valid,2026,4-7-7,one_pair,18,1.0
3D Lotto,9PM,2022-01-18,2-2-1,2,2,1,4500.0,738,valid,2027,1-2-2,one_pair,5,0.0
3D Lotto,9PM,2022-01-19,7-8-9,7,8,9,4500.0,341,valid,2028,7-8-9,all_distinct,24,0.0
3D Lotto,9PM,2022-01-20,0-5-1,0,5,1,4500.0,233,valid,2029,0-1-5,all_distinct,6,0.0
3D Lotto,9PM,2022-01-21,1-5-6,1,5,6,4500.0,472,valid,2030,1-5-6,all_distinct,12,2.0
3D Lotto,9PM,2022-01-22,2-5-3,2,5,3,4500.0,436,valid,2031,2-3-5,all_distinct,10,1.0
3D Lotto,9PM,2022-01-23,3-2-9,3,2,9,4500.0,376,valid,2032,2-3-9,all_distinct,14,2.0
3D Lotto,9PM,2022-01-24,3-6-1,3,6,1,4500.0,390,valid,2033,1-3-6,all_distinct,10,1.0
3D Lotto,9PM,2022-01-25,4-9-4,4,9,4,4500.0,113,valid,2034,4-4-9,one_pair,17,0.0
3D Lotto,9PM,2022-01-26,6-9-3,6,9,3,4500.0,239,valid,2035,3-6-9,all_distinct,18,1.0
3D Lotto,9PM,2022-01-27,3-4-2,3,4,2,4500.0,191,valid,2036,2-3-4,all_distinct,9,1.0
3D Lotto,9PM,2022-01-28,8-9-5,8,9,5,4500.0,176,valid,2037,5-8-9,all_distinct,22,0.0
3D Lotto,9PM,2022-01-29,2-4-3,2,4,3,4500.0,324,valid,2038,2-3-4,all_distinct,9,0.0
3D Lotto,9PM,2022-01-30,3-2-4,3,2,4,4500.0,386,valid,2039,2-3-4,all_distinct,9,3.0
3D Lotto,9PM,2022-01-31,3-9-1,3,9,1,4500.0,297,valid,2040,1-3-9,all_distinct,13,1.0
3D Lotto,9PM,2022-02-01,8-4-7,8,4,7,4500.0,376,valid,2041,4-7-8,all_distinct,19,0.0
3D Lotto,9PM,2022-02-02,3-5-3,3,5,3,4500.0,353,valid,2042,3-3-5,one_pair,11,0.0
3D Lotto,9PM,2022-02-03,5-8-8,5,8,8,4500.0,436,valid,2043,5-8-8,one_pair,21,1.0
3D Lotto,9PM,2022-02-04,1-7-7,1,7,7,4500.0,403,valid,2044,1-7-7,one_pair,15,0.0
3D Lotto,9PM,2022-02-05,2-3-0,2,3,0,4500.0,396,valid,2045,0-2-3,all_distinct,5,0.0
3D Lotto,9PM,2022-02-06,8-2-6,8,2,6,4500.0,400,valid,2046,2-6-8,all_distinct,16,1.0
3D Lotto,9PM,2022-02-07,1-1-6,1,1,6,4500.0,696,valid,2047,1-1-6,one_pair,8,1.0
3D Lotto,9PM,2022-02-08,1-0-5,1,0,5,4500.0,520,valid,2048,0-1-5,all_distinct,6,1.0
3D Lotto,9PM,2022-02-09,7-3-7,7,3,7,4500.0,232,valid,2050,3-7-7,one_pair,17,0.0
3D Lotto,9PM,2022-02-10,2-4-0,2,4,0,4500.0,532,valid,2051,0-2-4,all_distinct,6,0.0
3D Lotto,9PM,2022-02-11,8-2-7,8,2,7,4500.0,308,valid,2052,2-7-8,all_distinct,17,1.0
3D Lotto,9PM,2022-02-12,6-1-4,6,1,4,4500.0,423,valid,2053,1-4-6,all_distinct,11,0.0
3D Lotto,9PM,2022-02-13,7-9-4,7,9,4,4500.0,146,valid,2054,4-7-9,all_distinct,20,1.0
3D Lotto,9PM,2022-02-14,2-8-2,2,8,2,4500.0,410,valid,2055,2-2-8,one_pair,12,0.0
3D Lotto,9PM,2022-02-15,8-0-5,8,0,5,4500.0,333,valid,2056,0-5-8,all_distinct,13,1.0
3D Lotto,9PM,2022-02-16,1-6-9,1,6,9,4500.0,570,valid,2057,1-6-9,all_distinct,16,0.0
3D Lotto,9PM,2022-02-17,2-8-1,2,8,1,4500.0,377,valid,2058,1-2-8,all_distinct,11,1.0
3D Lotto,9PM,2022-02-18,6-0-6,6,0,6,4500.0,195,valid,2059,0-6-6,one_pair,12,0.0
3D Lotto,9PM,2022-02-19,2-4-6,2,4,6,4500.0,434,valid,2060,2-4-6,all_distinct,12,1.0
3D Lotto,9PM,2022-02-20,7-9-7,7,9,7,4500.0,322,valid,2061,7-7-9,one_pair,23,0.0
3D Lotto,9PM,2022-02-21,6-6-4,6,6,4,4500.0,232,valid,2062,4-6-6,one_pair,16,0.0
3D Lotto,9PM,2022-02-22,7-7-6,7,7,6,4500.0,180,valid,2063,6-7-7,one_pair,20,1.0
3D Lotto,9PM,2022-02-23,9-3-9,9,3,9,4500.0,195,valid,2064,3-9-9,one_pair,21,0.0
3D Lotto,9PM,2022-02-24,1-8-6,1,8,6,4500.0,297,valid,2065,1-6-8,all_distinct,15,0.0
3D Lotto,9PM,2022-02-25,4-2-7,4,2,7,4500.0,539,valid,2066,2-4-7,all_distinct,13,0.0
3D Lotto,9PM,2022-02-26,5-9-3,5,9,3,4500.0,349,valid,2067,3-5-9,all_distinct,17,0.0
3D Lotto,9PM,2022-02-27,5-6-7,5,6,7,4500.0,162,valid,2068,5-6-7,all_distinct,18,1.0
3D Lotto,9PM,2022-02-28,6-1-5,6,1,5,4500.0,423,valid,2069,1-5-6,all_distinct,12,2.0
3D Lotto,9PM,2022-03-01,4-8-9,4,8,9,4500.0,217,valid,2070,4-8-9,all_distinct,21,0.0
3D Lotto,9PM,2022-03-02,0-6-6,0,6,6,4500.0,128,valid,2071,0-6-6,one_pair,12,0.0
3D Lotto,9PM,2022-03-03,5-1-4,5,1,4,4500.0,535,valid,2072,1-4-5,all_distinct,10,0.0
3D Lotto,9PM,2022-03-04,3-8-5,3,8,5,4500.0,497,valid,2073,3-5-8,all_distinct,16,1.0
3D Lotto,9PM,2022-03-05,7-4-2,7,4,2,4500.0,271,valid,2074,2-4-7,all_distinct,13,0.0
3D Lotto,9PM,2022-03-06,0-6-3,0,6,3,4500.0,223,valid,2075,0-3-6,all_distinct,9,0.0
3D Lotto,9PM,2022-03-07,2-1-1,2,1,1,4500.0,534,valid,2076,1-1-2,one_pair,4,0.0
3D Lotto,9PM,2022-03-08,4-3-5,4,3,5,4500.0,272,valid,2077,3-4-5,all_distinct,12,0.0
3D Lotto,9PM,2022-03-09,2-3-2,2,3,2,4500.0,485,valid,2078,2-2-3,one_pair,7,1.0
3D Lotto,9PM,2022-03-10,5-9-7,5,9,7,4500.0,218,valid,2079,5-7-9,all_distinct,21,0.0
3D Lotto,9PM,2022-03-11,8-4-0,8,4,0,4500.0,287,valid,2080,0-4-8,all_distinct,12,0.0
3D Lotto,9PM,2022-03-12,5-4-9,5,4,9,4500.0,365,valid,2081,4-5-9,all_distinct,18,1.0
3D Lotto,9PM,2022-03-13,3-5-1,3,5,1,4500.0,427,valid,2082,1-3-5,all_distinct,9,1.0
3D Lotto,9PM,2022-03-14,2-4-7,2,4,7,4500.0,513,valid,2083,2-4-7,all_distinct,13,0.0
3D Lotto,9PM,2022-03-15,6-0-8,6,0,8,4500.0,291,valid,2084,0-6-8,all_distinct,14,0.0
3D Lotto,9PM,2022-03-16,4-1-2,4,1,2,4500.0,636,valid,2085,1-2-4,all_distinct,7,0.0
3D Lotto,9PM,2022-03-17,8-4-4,8,4,4,4500.0,313,valid,2086,4-4-8,one_pair,16,1.0
3D Lotto,9PM,2022-03-18,6-5-6,6,5,6,4500.0,150,valid,2087,5-6-6,one_pair,17,0.0
3D Lotto,9PM,2022-03-19,3-8-0,3,8,0,4500.0,389,valid,2088,0-3-8,all_distinct,11,0.0
3D Lotto,9PM,2022-03-20,5-6-5,5,6,5,4500.0,308,valid,2089,5-5-6,one_pair,16,0.0
3D Lotto,9PM,2022-03-21,9-5-1,9,5,1,4500.0,289,valid,2090,1-5-9,all_distinct,15,1.0
3D Lotto,9PM,2022-03-22,4-6-0,4,6,0,4500.0,240,valid,2091,0-4-6,all_distinct,10,0.0
3D Lotto,9PM,2022-03-23,6-0-5,6,0,5,4500.0,436,valid,2092,0-5-6,all_distinct,11,2.0
3D Lotto,9PM,2022-03-24,0-5-9,0,5,9,4500.0,321,valid,2093,0-5-9,all_distinct,14,2.0
3D Lotto,9PM,2022-03-25,1-0-9,1,0,9,4500.0,729,valid,2094,0-1-9,all_distinct,10,2.0
3D Lotto,9PM,2022-03-26,9-2-0,9,2,0,4500.0,337,valid,2095,0-2-9,all_distinct,11,2.0
3D Lotto,9PM,2022-03-27,7-8-7,7,8,7,4500.0,170,valid,2096,7-7-8,one_pair,22,0.0
3D Lotto,9PM,2022-03-28,2-9-9,2,9,9,4500.0,498,valid,2097,2-9-9,one_pair,20,0.0
3D Lotto,9PM,2022-03-29,0-9-7,0,9,7,4500.0,135,valid,2098,0-7-9,all_distinct,16,1.0
3D Lotto,9PM,2022-03-30,1-1-7,1,1,7,4500.0,885,valid,2099,1-1-7,one_pair,9,1.0
3D Lotto,9PM,2022-03-31,1-9-0,1,9,0,4500.0,270,valid,2100,0-1-9,all_distinct,10,1.0
3D Lotto,9PM,2022-04-01,2-4-6,2,4,6,4500.0,437,valid,2101,2-4-6,all_distinct,12,0.0
3D Lotto,9PM,2022-04-02,4-0-6,4,0,6,4500.0,440,valid,2102,0-4-6,all_distinct,10,2.0
3D Lotto,9PM,2022-04-03,4-4-6,4,4,6,4500.0,577,valid,2103,4-4-6,one_pair,14,2.0
3D Lotto,9PM,2022-04-04,7-8-9,7,8,9,4500.0,281,valid,2104,7-8-9,all_distinct,24,0.0
3D Lotto,9PM,2022-04-05,0-5-1,0,5,1,4500.0,528,valid,2105,0-1-5,all_distinct,6,0.0
3D Lotto,9PM,2022-04-06,5-0-8,5,0,8,4500.0,423,valid,2106,0-5-8,all_distinct,13,2.0
3D Lotto,9PM,2022-04-07,5-7-5,5,7,5,4500.0,267,valid,2107,5-5-7,one_pair,17,1.0
3D Lotto,9PM,2022-04-08,3-4-0,3,4,0,4500.0,326,valid,2108,0-3-4,all_distinct,7,0.0
3D Lotto,9PM,2022-04-09,9-7-9,9,7,9,4500.0,192,valid,2109,7-9-9,one_pair,25,0.0
3D Lotto,9PM,2022-04-10,2-6-8,2,6,8,4500.0,277,valid,2110,2-6-8,all_distinct,16,0.0
3D Lotto,9PM,2022-04-11,7-7-8,7,7,8,4500.0,129,valid,2111,7-7-8,one_pair,22,1.0
3D Lotto,9PM,2022-04-12,8-0-7,8,0,7,4500.0,429,valid,2112,0-7-8,all_distinct,15,2.0
3D Lotto,9PM,2022-04-13,5-1-7,5,1,7,4500.0,961,valid,2113,1-5-7,all_distinct,13,1.0
3D Lotto,9PM,2022-04-18,3-6-8,3,6,8,4500.0,392,valid,2114,3-6-8,all_distinct,17,0.0
3D Lotto,9PM,2022-04-19,7-1-2,7,1,2,4500.0,377,valid,2115,1-2-7,all_distinct,10,0.0
3D Lotto,9PM,2022-04-20,6-0-6,6,0,6,4500.0,207,valid,2116,0-6-6,one_pair,12,0.0
3D Lotto,9PM,2022-04-21,8-7-1,8,7,1,4500.0,194,valid,2117,1-7-8,all_distinct,16,0.0
3D Lotto,9PM,2022-04-22,9-0-4,9,0,4,4500.0,275,valid,2118,0-4-9,all_distinct,13,0.0
3D Lotto,9PM,2022-04-23,5-1-2,5,1,2,4500.0,564,valid,2119,1-2-5,all_distinct,8,0.0
3D Lotto,9PM,2022-04-24,2-8-7,2,8,7,4500.0,326,valid,2120,2-7-8,all_distinct,17,1.0
3D Lotto,9PM,2022-04-25,2-6-1,2,6,1,4500.0,336,valid,2121,1-2-6,all_distinct,9,1.0
3D Lotto,9PM,2022-04-26,8-5-2,8,5,2,4500.0,281,valid,2122,2-5-8,all_distinct,15,1.0
3D Lotto,9PM,2022-04-27,0-3-9,0,3,9,4500.0,172,valid,2123,0-3-9,all_distinct,12,0.0
3D Lotto,9PM,2022-04-28,0-9-9,0,9,9,4500.0,190,valid,2124,0-9-9,one_pair,18,2.0
3D Lotto,9PM,2022-04-29,1-7-3,1,7,3,4500.0,518,valid,2125,1-3-7,all_distinct,11,0.0
3D Lotto,9PM,2022-04-30,8-9-3,8,9,3,4500.0,239,valid,2126,3-8-9,all_distinct,20,1.0
3D Lotto,9PM,2022-05-01,2-7-7,2,7,7,4500.0,308,valid,2127,2-7-7,one_pair,16,0.0
3D Lotto,9PM,2022-05-02,4-6-4,4,6,4,4500.0,243,valid,2128,4-4-6,one_pair,14,0.0
3D Lotto,9PM,2022-05-03,6-4-8,6,4,8,4500.0,363,valid,2129,4-6-8,all_distinct,18,2.0
3D Lotto,9PM,2022-05-04,8-3-8,8,3,8,4500.0,189,valid,2130,3-8-8,one_pair,19,1.0
3D Lotto,9PM,2022-05-05,7-0-9,7,0,9,4500.0,336,valid,2131,0-7-9,all_distinct,16,0.0
3D Lotto,9PM,2022-05-06,5-8-0,5,8,0,4500.0,318,valid,2132,0-5-8,all_distinct,13,1.0
3D Lotto,9PM,2022-05-07,2-5-7,2,5,7,4500.0,553,valid,2133,2-5-7,all_distinct,14,1.0
3D Lotto,9PM,2022-05-08,7-6-2,7,6,2,4500.0,258,valid,2134,2-6-7,all_distinct,15,2.0
3D Lotto,9PM,2022-05-09,8-8-4,8,8,4,4500.0,131,valid,2135,4-8-8,one_pair,20,0.0
3D Lotto,9PM,2022-05-10,4-0-4,4,0,4,4500.0,481,valid,2136,0-4-4,one_pair,8,1.0
3D Lotto,9PM,2022-05-11,9-1-4,9,1,4,4500.0,442,valid,2137,1-4-9,all_distinct,14,1.0
3D Lotto,9PM,2022-05-12,2-2-8,2,2,8,4500.0,514,valid,2138,2-2-8,one_pair,12,0.0
3D Lotto,9PM,2022-05-13,6-2-0,6,2,0,4500.0,375,valid,2139,0-2-6,all_distinct,8,1.0
3D Lotto,9PM,2022-05-14,3-7-4,3,7,4,4500.0,449,valid,2140,3-4-7,all_distinct,14,0.0
3D Lotto,9PM,2022-05-15,8-8-9,8,8,9,4500.0,172,valid,2141,8-8-9,one_pair,25,0.0
3D Lotto,9PM,2022-05-16,0-6-8,0,6,8,4500.0,199,valid,2142,0-6-8,all_distinct,14,1.0
3D Lotto,9PM,2022-05-17,1-3-7,1,3,7,4500.0,521,valid,2143,1-3-7,all_distinct,11,0.0
3D Lotto,9PM,2022-05-18,6-9-9,6,9,9,4500.0,269,valid,2144,6-9-9,one_pair,24,0.0
3D Lotto,9PM,2022-05-19,6-6-1,6,6,1,4500.0,549,valid,2145,1-6-6,one_pair,13,1.0
3D Lotto,9PM,2022-05-20,9-6-7,9,6,7,4500.0,174,valid,2146,6-7-9,all_distinct,22,1.0
3D Lotto,9PM,2022-05-21,2-3-6,2,3,6,4500.0,406,valid,2147,2-3-6,all_distinct,11,1.0
3D Lotto,9PM,2022-05-22,5-7-6,5,7,6,4500.0,243,valid,2148,5-6-7,all_distinct,18,1.0
3D Lotto,9PM,2022-05-23,4-7-0,4,7,0,4500.0,263,valid,2149,0-4-7,all_distinct,11,1.0
3D Lotto,9PM,2022-05-24,0-7-4,0,7,4,4500.0,124,valid,2150,0-4-7,all_distinct,11,3.0
3D Lotto,9PM,2022-05-25,8-8-7,8,8,7,4500.0,278,valid,2151,7-8-8,one_pair,23,1.0
3D Lotto,9PM,2022-05-26,3-6-5,3,6,5,4500.0,331,valid,2152,3-5-6,all_distinct,14,0.0
3D Lotto,9PM,2022-05-27,6-6-9,6,6,9,4500.0,399,valid,2153,6-6-9,one_pair,21,1.0
3D Lotto,9PM,2022-05-28,2-1-6,2,1,6,4500.0,659,valid,2154,1-2-6,all_distinct,9,1.0
3D Lotto,9PM,2022-05-29,9-3-8,9,3,8,4500.0,155,valid,2155,3-8-9,all_distinct,20,0.0
3D Lotto,9PM,2022-05-30,8-6-5,8,6,5,4500.0,334,valid,2156,5-6-8,all_distinct,19,1.0
3D Lotto,9PM,2022-05-31,7-6-3,7,6,3,4500.0,218,valid,2157,3-6-7,all_distinct,16,1.0
3D Lotto,9PM,2022-06-01,3-6-8,3,6,8,4500.0,589,valid,2158,3-6-8,all_distinct,17,2.0
3D Lotto,9PM,2022-06-02,5-1-7,5,1,7,4500.0,639,valid,2159,1-5-7,all_distinct,13,0.0
3D Lotto,9PM,2022-06-03,1-4-6,1,4,6,4500.0,616,valid,2160,1-4-6,all_distinct,11,1.0
3D Lotto,9PM,2022-06-04,4-2-2,4,2,2,4500.0,445,valid,2161,2-2-4,one_pair,8,1.0
3D Lotto,9PM,2022-06-05,0-0-8,0,0,8,4500.0,123,valid,2162,0-0-8,one_pair,8,0.0
3D Lotto,9PM,2022-06-06,5-4-1,5,4,1,4500.0,428,valid,2163,1-4-5,all_distinct,10,0.0
3D Lotto,9PM,2022-06-07,7-1-4,7,1,4,4500.0,898,valid,2164,1-4-7,all_distinct,12,2.0
3D Lotto,9PM,2022-06-08,6-9-2,6,9,2,4500.0,432,valid,2165,2-6-9,all_distinct,17,0.0
3D Lotto,9PM,2022-06-09,8-2-4,8,2,4,4500.0,855,valid,2166,2-4-8,all_distinct,14,1.0
3D Lotto,9PM,2022-06-10,8-7-3,8,7,3,4500.0,247,valid,2167,3-7-8,all_distinct,18,1.0
3D Lotto,9PM,2022-06-11,3-7-9,3,7,9,4500.0,460,valid,2168,3-7-9,all_distinct,19,2.0
3D Lotto,9PM,2022-06-12,4-1-5,4,1,5,4500.0,384,valid,2169,1-4-5,all_distinct,10,0.0
3D Lotto,9PM,2022-06-13,1-0-7,1,0,7,4500.0,751,valid,2170,0-1-7,all_distinct,8,1.0
3D Lotto,9PM,2022-06-14,1-9-1,1,9,1,4500.0,455,valid,2171,1-1-9,one_pair,11,1.0
3D Lotto,9PM,2022-06-15,9-0-0,9,0,0,4500.0,361,valid,2172,0-0-9,one_pair,9,1.0
3D Lotto,9PM,2022-06-16,9-4-7,9,4,7,4500.0,297,valid,2173,4-7-9,all_distinct,20,1.0
3D Lotto,9PM,2022-06-17,6-2-9,6,2,9,4500.0,818,valid,2174,2-6-9,all_distinct,17,1.0
3D Lotto,9PM,2022-06-18,4-9-1,4,9,1,4500.0,239,valid,2175,1-4-9,all_distinct,14,1.0
3D Lotto,9PM,2022-06-19,3-2-9,3,2,9,4500.0,304,valid,2176,2-3-9,all_distinct,14,1.0
3D Lotto,9PM,2022-06-20,9-5-3,9,5,3,4500.0,296,valid,2177,3-5-9,all_distinct,17,2.0
3D Lotto,9PM,2022-06-21,3-2-7,3,2,7,4500.0,458,valid,2178,2-3-7,all_distinct,12,1.0
3D Lotto,9PM,2022-06-22,1-0-0,1,0,0,4500.0,1086,valid,2179,0-0-1,one_pair,1,0.0
3D Lotto,9PM,2022-06-23,3-3-7,3,3,7,4500.0,391,valid,2180,3-3-7,one_pair,13,0.0
3D Lotto,9PM,2022-06-24,6-2-9,6,2,9,4500.0,706,valid,2181,2-6-9,all_distinct,17,0.0
3D Lotto,9PM,2022-06-25,9-3-4,9,3,4,4500.0,245,valid,2182,3-4-9,all_distinct,16,1.0
3D Lotto,9PM,2022-06-26,8-8-5,8,8,5,4500.0,221,valid,2183,5-8-8,one_pair,21,0.0
3D Lotto,9PM,2022-06-27,8-2-2,8,2,2,4500.0,467,valid,2184,2-2-8,one_pair,12,1.0
3D Lotto,9PM,2022-06-28,9-5-3,9,5,3,4500.0,174,valid,2185,3-5-9,all_distinct,17,0.0
3D Lotto,9PM,2022-06-29,7-5-8,7,5,8,4500.0,436,valid,2186,5-7-8,all_distinct,20,1.0
3D Lotto,9PM,2022-06-30,2-1-6,2,1,6,4500.0,503,valid,2187,1-2-6,all_distinct,9,0.0
3D Lotto,9PM,2022-07-01,2-5-4,2,5,4,4500.0,354,valid,2188,2-4-5,all_distinct,11,1.0
3D Lotto,9PM,2022-07-02,4-7-2,4,7,2,4500.0,512,valid,2189,2-4-7,all_distinct,13,2.0
3D Lotto,9PM,2022-07-03,4-5-8,4,5,8,4500.0,315,valid,2190,4-5-8,all_distinct,17,1.0
3D Lotto,9PM,2022-07-04,0-4-9,0,4,9,4500.0,193,valid,2191,0-4-9,all_distinct,13,1.0
3D Lotto,9PM,2022-07-05,0-7-4,0,7,4,4500.0,130,valid,2192,0-4-7,all_distinct,11,2.0
3D Lotto,9PM,2022-07-06,5-0-8,5,0,8,4500.0,476,valid,2193,0-5-8,all_distinct,13,1.0
3D Lotto,9PM,2022-07-07,9-2-1,9,2,1,4500.0,442,valid,2194,1-2-9,all_distinct,12,0.0
3D Lotto,9PM,2022-07-08,8-8-5,8,8,5,4500.0,259,valid,2195,5-8-8,one_pair,21,0.0
3D Lotto,9PM,2022-07-09,2-5-7,2,5,7,4500.0,613,valid,2196,2-5-7,all_distinct,14,1.0
3D Lotto,9PM,2022-07-10,9-2-3,9,2,3,4500.0,478,valid,2197,2-3-9,all_distinct,14,1.0
3D Lotto,9PM,2022-07-11,0-4-3,0,4,3,4500.0,112,valid,2198,0-3-4,all_distinct,7,1.0
3D Lotto,9PM,2022-07-12,6-8-0,6,8,0,4500.0,160,valid,2199,0-6-8,all_distinct,14,1.0
3D Lotto,9PM,2022-07-13,5-4-5,5,4,5,4500.0,371,valid,2200,4-5-5,one_pair,14,0.0
3D Lotto,9PM,2022-07-14,6-5-8,6,5,8,4500.0,305,valid,2201,5-6-8,all_distinct,19,1.0
3D Lotto,9PM,2022-07-15,8-8-1,8,8,1,4500.0,352,valid,2202,1-8-8,one_pair,17,1.0
3D Lotto,9PM,2022-07-16,0-4-5,0,4,5,4500.0,194,valid,2203,0-4-5,all_distinct,9,0.0
3D Lotto,9PM,2022-07-17,1-7-3,1,7,3,4500.0,590,valid,2204,1-3-7,all_distinct,11,0.0
3D Lotto,9PM,2022-07-18,1-3-0,1,3,0,4500.0,705,valid,2205,0-1-3,all_distinct,4,2.0
3D Lotto,9PM,2022-07-19,1-8-1,1,8,1,4500.0,598,valid,2206,1-1-8,one_pair,10,1.0
3D Lotto,9PM,2022-07-20,0-8-8,0,8,8,4500.0,277,valid,2207,0-8-8,one_pair,16,1.0
3D Lotto,9PM,2022-07-21,4-1-9,4,1,9,4500.0,675,valid,2208,1-4-9,all_distinct,14,0.0
3D Lotto,9PM,2022-07-22,9-6-4,9,6,4,4500.0,288,valid,2209,4-6-9,all_distinct,19,2.0
3D Lotto,9PM,2022-07-23,3-2-7,3,2,7,4500.0,698,valid,2210,2-3-7,all_distinct,12,0.0
3D Lotto,9PM,2022-07-24,8-0-0,8,0,0,4500.0,299,valid,2211,0-0-8,one_pair,8,0.0
3D Lotto,9PM,2022-07-25,5-5-7,5,5,7,4500.0,328,valid,2212,5-5-7,one_pair,17,0.0
3D Lotto,9PM,2022-07-26,2-1-3,2,1,3,4500.0,786,valid,2213,1-2-3,all_distinct,6,0.0
3D Lotto,9PM,2022-07-27,0-1-3,0,1,3,4500.0,251,valid,2214,0-1-3,all_distinct,4,2.0
3D Lotto,9PM,2022-07-28,1-0-6,1,0,6,4500.0,536,valid,2215,0-1-6,all_distinct,7,2.0
3D Lotto,9PM,2022-07-29,6-2-3,6,2,3,4500.0,501,valid,2216,2-3-6,all_distinct,11,1.0
3D Lotto,9PM,2022-07-30,2-9-3,2,9,3,4500.0,277,valid,2217,2-3-9,all_distinct,14,2.0
3D Lotto,9PM,2022-07-31,7-5-4,7,5,4,4500.0,428,valid,2218,4-5-7,all_distinct,16,0.0
3D Lotto,9PM,2022-08-01,0-4-9,0,4,9,4500.0,176,valid,2219,0-4-9,all_distinct,13,1.0
3D Lotto,9PM,2022-08-02,0-6-7,0,6,7,4500.0,254,valid,2220,0-6-7,all_distinct,13,1.0
3D Lotto,9PM,2022-08-03,9-5-7,9,5,7,4500.0,334,valid,2221,5-7-9,all_distinct,21,1.0
3D Lotto,9PM,2022-08-04,2-0-2,2,0,2,4500.0,353,valid,2222,0-2-2,one_pair,4,0.0
3D Lotto,9PM,2022-08-05,1-7-7,1,7,7,4500.0,573,valid,2223,1-7-7,one_pair,15,0.0
3D Lotto,9PM,2022-08-06,7-3-0,7,3,0,4500.0,636,valid,2224,0-3-7,all_distinct,10,1.0
3D Lotto,9PM,2022-08-07,0-3-6,0,3,6,4500.0,182,valid,2225,0-3-6,all_distinct,9,2.0
3D Lotto,9PM,2022-08-08,2-7-2,2,7,2,4500.0,370,valid,2226,2-2-7,one_pair,11,0.0
3D Lotto,9PM,2022-08-09,9-0-4,9,0,4,4500.0,221,valid,2227,0-4-9,all_distinct,13,0.0
3D Lotto,9PM,2022-08-10,9-6-7,9,6,7,4500.0,244,valid,2228,6-7-9,all_distinct,22,1.0
3D Lotto,9PM,2022-08-11,4-8-1,4,8,1,4500.0,428,valid,2229,1-4-8,all_distinct,13,0.0
3D Lotto,9PM,2022-08-12,3-0-9,3,0,9,4500.0,436,valid,2230,0-3-9,all_distinct,12,0.0
3D Lotto,9PM,2022-08-13,9-3-0,9,3,0,4500.0,551,valid,2231,0-3-9,all_distinct,12,3.0
3D Lotto,9PM,2022-08-14,0-5-5,0,5,5,4500.0,254,valid,2232,0-5-5,one_pair,10,1.0
3D Lotto,9PM,2022-08-15,2-8-8,2,8,8,4500.0,566,valid,2233,2-8-8,one_pair,18,0.0
3D Lotto,9PM,2022-08-16,9-7-0,9,7,0,4500.0,317,valid,2234,0-7-9,all_distinct,16,0.0
3D Lotto,9PM,2022-08-17,9-9-6,9,9,6,4500.0,148,valid,2235,6-9-9,one_pair,24,1.0
3D Lotto,9PM,2022-08-18,5-4-3,5,4,3,4500.0,250,valid,2236,3-4-5,all_distinct,12,0.0
3D Lotto,9PM,2022-08-19,7-2-5,7,2,5,4500.0,734,valid,2237,2-5-7,all_distinct,14,1.0
3D Lotto,9PM,2022-08-20,1-0-5,1,0,5,4500.0,714,valid,2238,0-1-5,all_distinct,6,1.0
3D Lotto,9PM,2022-08-21,4-7-5,4,7,5,4500.0,460,valid,2239,4-5-7,all_distinct,16,1.0
3D Lotto,9PM,2022-08-22,6-8-5,6,8,5,4500.0,185,valid,2240,5-6-8,all_distinct,19,1.0
3D Lotto,9PM,2022-08-23,2-0-9,2,0,9,4500.0,516,valid,2241,0-2-9,all_distinct,11,0.0
3D Lotto,9PM,2022-08-24,3-0-2,3,0,2,4500.0,422,valid,2242,0-2-3,all_distinct,5,2.0
3D Lotto,9PM,2022-08-25,2-6-6,2,6,6,4500.0,289,valid,2243,2-6-6,one_pair,14,1.0
3D Lotto,9PM,2022-08-26,7-6-9,7,6,9,4500.0,317,valid,2244,6-7-9,all_distinct,22,1.0
3D Lotto,9PM,2022-08-27,3-1-9,3,1,9,4500.0,660,valid,2245,1-3-9,all_distinct,13,1.0
3D Lotto,9PM,2022-08-28,1-0-1,1,0,1,4500.0,1029,valid,2246,0-1-1,one_pair,2,1.0
3D Lotto,9PM,2022-08-29,1-1-1,1,1,1,4500.0,1088,valid,2247,1-1-1,triple,3,2.0
3D Lotto,9PM,2022-08-30,3-6-1,3,6,1,4500.0,413,valid,2248,1-3-6,all_distinct,10,1.0
3D Lotto,9PM,2022-08-31,4-4-7,4,4,7,4500.0,322,valid,2249,4-4-7,one_pair,15,0.0
3D Lotto,9PM,2022-09-01,1-1-1,1,1,1,4500.0,389,valid,2250,1-1-1,triple,3,0.0
3D Lotto,9PM,2022-09-02,9-4-6,9,4,6,4500.0,330,valid,2251,4-6-9,all_distinct,19,0.0
3D Lotto,9PM,2022-09-03,4-9-5,4,9,5,4500.0,364,valid,2252,4-5-9,all_distinct,18,2.0
3D Lotto,9PM,2022-09-04,7-6-9,7,6,9,4500.0,245,valid,2253,6-7-9,all_distinct,22,1.0
3D Lotto,9PM,2022-09-05,8-1-1,8,1,1,4500.0,429,valid,2254,1-1-8,one_pair,10,0.0
3D Lotto,9PM,2022-09-06,4-5-7,4,5,7,4500.0,223,valid,2255,4-5-7,all_distinct,16,0.0
3D Lotto,9PM,2022-09-07,5-7-0,5,7,0,4500.0,299,valid,2256,0-5-7,all_distinct,12,2.0
3D Lotto,9PM,2022-09-08,1-7-6,1,7,6,4500.0,296,valid,2257,1-6-7,all_distinct,14,1.0
3D Lotto,9PM,2022-09-09,6-6-1,6,6,1,4500.0,216,valid,2258,1-6-6,one_pair,13,2.0
3D Lotto,9PM,2022-09-10,1-5-6,1,5,6,4500.0,624,valid,2259,1-5-6,all_distinct,12,2.0
3D Lotto,9PM,2022-09-11,6-8-5,6,8,5,4500.0,207,valid,2260,5-6-8,all_distinct,19,2.0
3D Lotto,9PM,2022-09-12,5-0-6,5,0,6,4500.0,590,valid,2261,0-5-6,all_distinct,11,2.0
3D Lotto,9PM,2022-09-13,5-7-3,5,7,3,4500.0,261,valid,2262,3-5-7,all_distinct,15,1.0
3D Lotto,9PM,2022-09-14,2-5-0,2,5,0,4500.0,787,valid,2263,0-2-5,all_distinct,7,1.0
3D Lotto,9PM,2022-09-15,3-9-8,3,9,8,4500.0,253,valid,2264,3-8-9,all_distinct,20,0.0
3D Lotto,9PM,2022-09-16,2-6-0,2,6,0,4500.0,486,valid,2265,0-2-6,all_distinct,8,0.0
3D Lotto,9PM,2022-09-17,3-0-3,3,0,3,4500.0,667,valid,2266,0-3-3,one_pair,6,1.0
3D Lotto,9PM,2022-09-18,6-4-0,6,4,0,4500.0,323,valid,2268,0-4-6,all_distinct,10,1.0
3D Lotto,9PM,2022-09-19,1-7-1,1,7,1,4500.0,514,valid,2269,1-1-7,one_pair,9,0.0
3D Lotto,9PM,2022-09-20,8-6-7,8,6,7,4500.0,205,valid,2270,6-7-8,all_distinct,21,1.0
3D Lotto,9PM,2022-09-21,1-6-3,1,6,3,4500.0,643,valid,2271,1-3-6,all_distinct,10,1.0
3D Lotto,9PM,2022-09-22,9-2-9,9,2,9,4500.0,1196,valid,2272,2-9-9,one_pair,20,0.0
3D Lotto,9PM,2022-09-23,0-9-4,0,9,4,4500.0,167,valid,2273,0-4-9,all_distinct,13,1.0
3D Lotto,9PM,2022-09-24,4-4-5,4,4,5,4500.0,260,valid,2274,4-4-5,one_pair,13,1.0
3D Lotto,9PM,2022-09-25,4-6-1,4,6,1,4500.0,172,valid,2275,1-4-6,all_distinct,11,1.0
3D Lotto,9PM,2022-09-26,7-6-1,7,6,1,4500.0,319,valid,2276,1-6-7,all_distinct,14,2.0
3D Lotto,9PM,2022-09-27,4-7-8,4,7,8,4500.0,279,valid,2277,4-7-8,all_distinct,19,1.0
3D Lotto,9PM,2022-09-28,5-3-1,5,3,1,4500.0,656,valid,2278,1-3-5,all_distinct,9,0.0
3D Lotto,9PM,2022-09-29,9-1-8,9,1,8,4500.0,1190,valid,2279,1-8-9,all_distinct,18,1.0
3D Lotto,9PM,2022-09-30,8-5-0,8,5,0,4500.0,431,valid,2280,0-5-8,all_distinct,13,1.0
3D Lotto,9PM,2022-10-01,5-6-3,5,6,3,4500.0,313,valid,2281,3-5-6,all_distinct,14,1.0
3D Lotto,9PM,2022-10-02,6-3-7,6,3,7,4500.0,414,valid,2282,3-6-7,all_distinct,16,2.0
3D Lotto,9PM,2022-10-03,6-6-9,6,6,9,4500.0,903,valid,2283,6-6-9,one_pair,21,1.0
3D Lotto,9PM,2022-10-04,3-5-1,3,5,1,4500.0,335,valid,2284,1-3-5,all_distinct,9,0.0
3D Lotto,9PM,2022-10-05,2-0-1,2,0,1,4500.0,630,valid,2285,0-1-2,all_distinct,3,1.0
3D Lotto,9PM,2022-10-06,8-5-4,8,5,4,4500.0,294,valid,2286,4-5-8,all_distinct,17,0.0
3D Lotto,9PM,2022-10-07,8-7-6,8,7,6,4500.0,177,valid,2287,6-7-8,all_distinct,21,1.0
3D Lotto,9PM,2022-10-08,7-2-4,7,2,4,4500.0,931,valid,2288,2-4-7,all_distinct,13,1.0
3D Lotto,9PM,2022-10-09,8-6-8,8,6,8,4500.0,409,valid,2289,6-8-8,one_pair,22,0.0
3D Lotto,9PM,2022-10-10,0-8-2,0,8,2,4500.0,366,valid,2290,0-2-8,all_distinct,10,1.0
3D Lotto,9PM,2022-10-11,2-0-9,2,0,9,4500.0,486,valid,2291,0-2-9,all_distinct,11,2.0
3D Lotto,9PM,2022-10-12,5-6-2,5,6,2,4500.0,625,valid,2292,2-5-6,all_distinct,13,1.0
3D Lotto,9PM,2022-10-13,9-8-8,9,8,8,4500.0,71,valid,2293,8-8-9,one_pair,25,0.0
3D Lotto,9PM,2022-10-14,9-1-0,9,1,0,4500.0,757,valid,2294,0-1-9,all_distinct,10,1.0
3D Lotto,9PM,2022-10-15,5-0-1,5,0,1,4500.0,1204,valid,2295,0-1-5,all_distinct,6,2.0
3D Lotto,9PM,2022-10-16,7-2-1,7,2,1,4500.0,467,valid,2296,1-2-7,all_distinct,10,1.0
3D Lotto,9PM,2022-10-17,8-3-2,8,3,2,4500.0,212,valid,2297,2-3-8,all_distinct,13,1.0
3D Lotto,9PM,2022-10-18,2-4-8,2,4,8,4500.0,878,valid,2298,2-4-8,all_distinct,14,2.0
3D Lotto,9PM,2022-10-19,5-8-6,5,8,6,4500.0,287,valid,2299,5-6-8,all_distinct,19,1.0
3D Lotto,9PM,2022-10-20,5-0-2,5,0,2,4500.0,680,valid,2300,0-2-5,all_distinct,7,1.0
3D Lotto,9PM,2022-10-21,7-0-6,7,0,6,4500.0,215,valid,2301,0-6-7,all_distinct,13,1.0
3D Lotto,9PM,2022-10-22,2-6-8,2,6,8,4500.0,477,valid,2302,2-6-8,all_distinct,16,1.0
3D Lotto,9PM,2022-10-23,2-5-4,2,5,4,4500.0,290,valid,2303,2-4-5,all_distinct,11,1.0
3D Lotto,9PM,2022-10-24,8-8-3,8,8,3,4500.0,209,valid,2304,3-8-8,one_pair,19,0.0
3D Lotto,9PM,2022-10-25,6-9-3,6,9,3,4500.0,265,valid,2305,3-6-9,all_distinct,18,1.0
3D Lotto,9PM,2022-10-26,0-3-0,0,3,0,4500.0,262,valid,2306,0-0-3,one_pair,3,1.0
3D Lotto,9PM,2022-10-27,1-6-6,1,6,6,4500.0,259,valid,2307,1-6-6,one_pair,13,0.0
3D Lotto,9PM,2022-10-28,0-5-8,0,5,8,4500.0,254,valid,2308,0-5-8,all_distinct,13,0.0
3D Lotto,9PM,2022-10-29,4-2-4,4,2,4,4500.0,350,valid,2309,2-4-4,one_pair,10,0.0
3D Lotto,9PM,2022-10-30,1-5-5,1,5,5,4500.0,608,valid,2310,1-5-5,one_pair,11,0.0
3D Lotto,9PM,2022-10-31,5-5-3,5,5,3,4500.0,261,valid,2311,3-5-5,one_pair,13,2.0
3D Lotto,9PM,2022-11-01,2-6-0,2,6,0,4500.0,414,valid,2312,0-2-6,all_distinct,8,0.0
3D Lotto,9PM,2022-11-02,3-5-2,3,5,2,4500.0,475,valid,2313,2-3-5,all_distinct,10,1.0
3D Lotto,9PM,2022-11-03,0-1-8,0,1,8,4500.0,333,valid,2314,0-1-8,all_distinct,9,0.0
3D Lotto,9PM,2022-11-04,0-7-9,0,7,9,4500.0,172,valid,2315,0-7-9,all_distinct,16,1.0
3D Lotto,9PM,2022-11-05,0-0-9,0,0,9,4500.0,259,valid,2316,0-0-9,one_pair,9,2.0
3D Lotto,9PM,2022-11-06,7-7-3,7,7,3,4500.0,339,valid,2317,3-7-7,one_pair,17,0.0
3D Lotto,9PM,2022-11-07,3-2-8,3,2,8,4500.0,479,valid,2318,2-3-8,all_distinct,13,1.0
3D Lotto,9PM,2022-11-08,8-4-9,8,4,9,4500.0,390,valid,2319,4-8-9,all_distinct,21,1.0
3D Lotto,9PM,2022-11-09,8-9-8,8,9,8,4500.0,169,valid,2320,8-8-9,one_pair,25,2.0
3D Lotto,9PM,2022-11-10,7-0-4,7,0,4,4500.0,278,valid,2321,0-4-7,all_distinct,11,0.0
3D Lotto,9PM,2022-11-11,1-1-6,1,1,6,4500.0,1202,valid,2322,1-1-6,one_pair,8,0.0
3D Lotto,9PM,2022-11-12,3-0-6,3,0,6,4500.0,285,valid,2323,0-3-6,all_distinct,9,1.0
3D Lotto,9PM,2022-11-13,8-4-6,8,4,6,4500.0,477,valid,2324,4-6-8,all_distinct,18,1.0
3D Lotto,9PM,2022-11-14,2-8-2,2,8,2,4500.0,631,valid,2325,2-2-8,one_pair,12,1.0
3D Lotto,9PM,2022-11-15,1-1-8,1,1,8,4500.0,1207,valid,2326,1-1-8,one_pair,10,1.0
3D Lotto,9PM,2022-11-16,3-1-9,3,1,9,4500.0,564,valid,2327,1-3-9,all_distinct,13,1.0
3D Lotto,9PM,2022-11-17,5-9-5,5,9,5,4500.0,452,valid,2328,5-5-9,one_pair,19,1.0
3D Lotto,9PM,2022-11-18,8-4-3,8,4,3,4500.0,266,valid,2329,3-4-8,all_distinct,15,0.0
3D Lotto,9PM,2022-11-19,2-3-1,2,3,1,4500.0,346,valid,2330,1-2-3,all_distinct,6,1.0
3D Lotto,9PM,2022-11-20,2-2-6,2,2,6,4500.0,732,valid,2331,2-2-6,one_pair,10,1.0
3D Lotto,9PM,2022-11-21,2-5-4,2,5,4,4500.0,404,valid,2332,2-4-5,all_distinct,11,1.0
3D Lotto,9PM,2022-11-22,6-5-6,6,5,6,4500.0,478,valid,2333,5-6-6,one_pair,17,1.0
3D Lotto,9PM,2022-11-23,8-2-9,8,2,9,4500.0,478,valid,2334,2-8-9,all_distinct,19,0.0
3D Lotto,9PM,2022-11-24,0-4-8,0,4,8,4500.0,330,valid,2335,0-4-8,all_distinct,12,1.0
3D Lotto,9PM,2022-11-25,0-7-1,0,7,1,4500.0,167,valid,2336,0-1-7,all_distinct,8,1.0
3D Lotto,9PM,2022-11-26,9-5-2,9,5,2,4500.0,473,valid,2337,2-5-9,all_distinct,16,0.0
3D Lotto,9PM,2022-11-27,8-3-3,8,3,3,4500.0,393,valid,2338,3-3-8,one_pair,14,0.0
3D Lotto,9PM,2022-11-28,6-7-2,6,7,2,4500.0,273,valid,2339,2-6-7,all_distinct,15,0.0
3D Lotto,9PM,2022-11-29,5-0-9,5,0,9,4500.0,713,valid,2340,0-5-9,all_distinct,14,0.0
3D Lotto,9PM,2022-11-30,6-7-8,6,7,8,4500.0,176,valid,2341,6-7-8,all_distinct,21,0.0
3D Lotto,9PM,2022-12-01,6-6-7,6,6,7,4500.0,272,valid,2342,6-6-7,one_pair,19,2.0
3D Lotto,9PM,2022-12-02,6-0-1,6,0,1,4500.0,608,valid,2343,0-1-6,all_distinct,7,1.0
3D Lotto,9PM,2022-12-03,3-2-6,3,2,6,4500.0,841,valid,2344,2-3-6,all_distinct,11,1.0
3D Lotto,9PM,2022-12-04,4-4-2,4,4,2,4500.0,236,valid,2345,2-4-4,one_pair,10,1.0
3D Lotto,9PM,2022-12-05,5-9-1,5,9,1,4500.0,403,valid,2346,1-5-9,all_distinct,15,0.0
3D Lotto,9PM,2022-12-06,3-8-5,3,8,5,4500.0,500,valid,2347,3-5-8,all_distinct,16,1.0
3D Lotto,9PM,2022-12-07,2-3-0,2,3,0,4500.0,499,valid,2348,0-2-3,all_distinct,5,1.0
3D Lotto,9PM,2022-12-08,3-5-7,3,5,7,4500.0,730,valid,2349,3-5-7,all_distinct,15,1.0
3D Lotto,9PM,2022-12-09,1-1-8,1,1,8,4500.0,1026,valid,2350,1-1-8,one_pair,10,0.0
3D Lotto,9PM,2022-12-10,8-6-4,8,6,4,4500.0,664,valid,2351,4-6-8,all_distinct,18,1.0
3D Lotto,9PM,2022-12-11,4-5-3,4,5,3,4500.0,396,valid,2352,3-4-5,all_distinct,12,1.0
3D Lotto,9PM,2022-12-12,4-5-1,4,5,1,4500.0,523,valid,2353,1-4-5,all_distinct,10,2.0
3D Lotto,9PM,2022-12-13,1-8-7,1,8,7,4500.0,603,valid,2354,1-7-8,all_distinct,16,1.0
3D Lotto,9PM,2022-12-14,8-8-9,8,8,9,4500.0,395,valid,2355,8-8-9,one_pair,25,1.0
3D Lotto,9PM,2022-12-15,7-0-6,7,0,6,4500.0,295,valid,2356,0-6-7,all_distinct,13,0.0
3D Lotto,9PM,2022-12-16,3-0-4,3,0,4,4500.0,552,valid,2357,0-3-4,all_distinct,7,1.0
3D Lotto,9PM,2022-12-17,7-6-8,7,6,8,4500.0,225,valid,2358,6-7-8,all_distinct,21,0.0
3D Lotto,9PM,2022-12-18,8-6-4,8,6,4,4500.0,357,valid,2359,4-6-8,all_distinct,18,2.0
3D Lotto,9PM,2022-12-19,6-9-1,6,9,1,4500.0,286,valid,2360,1-6-9,all_distinct,16,1.0
3D Lotto,9PM,2022-12-20,2-4-0,2,4,0,4500.0,533,valid,2361,0-2-4,all_distinct,6,0.0
3D Lotto,9PM,2022-12-21,9-8-0,9,8,0,4500.0,396,valid,2362,0-8-9,all_distinct,17,1.0
3D Lotto,9PM,2022-12-22,4-9-3,4,9,3,4500.0,397,valid,2363,3-4-9,all_distinct,16,1.0
3D Lotto,9PM,2022-12-23,2-2-0,2,2,0,4500.0,976,valid,2364,0-2-2,one_pair,4,0.0
3D Lotto,9PM,2022-12-24,9-0-6,9,0,6,4500.0,167,valid,2365,0-6-9,all_distinct,15,1.0
3D Lotto,9PM,2022-12-26,7-3-0,7,3,0,4500.0,523,valid,2366,0-3-7,all_distinct,10,1.0
3D Lotto,9PM,2022-12-27,3-0-7,3,0,7,4500.0,727,valid,2367,0-3-7,all_distinct,10,3.0
3D Lotto,9PM,2022-12-28,1-0-1,1,0,1,4500.0,1228,valid,2368,0-1-1,one_pair,2,1.0
3D Lotto,9PM,2022-12-29,0-1-0,0,1,0,4500.0,1238,valid,2369,0-0-1,one_pair,1,2.0
3D Lotto,9PM,2022-12-30,7-7-9,7,7,9,4500.0,414,valid,2370,7-7-9,one_pair,23,0.0
3D Lotto,9PM,2022-12-31,3-5-9,3,5,9,4500.0,388,valid,2371,3-5-9,all_distinct,17,1.0
3D Lotto,9PM,2023-01-02,1-4-7,1,4,7,4500.0,706,valid,2372,1-4-7,all_distinct,12,0.0
3D Lotto,9PM,2023-01-03,2-3-1,2,3,1,4500.0,993,valid,2373,1-2-3,all_distinct,6,1.0
3D Lotto,9PM,2023-01-04,3-7-8,3,7,8,4500.0,466,valid,2374,3-7-8,all_distinct,18,1.0
3D Lotto,9PM,2023-01-05,0-2-3,0,2,3,4500.0,1208,valid,2375,0-2-3,all_distinct,5,1.0
3D Lotto,9PM,2023-01-06,8-9-5,8,9,5,4500.0,254,valid,2376,5-8-9,all_distinct,22,0.0
3D Lotto,9PM,2023-01-07,7-3-4,7,3,4,4500.0,631,valid,2377,3-4-7,all_distinct,14,0.0
3D Lotto,9PM,2023-01-08,6-3-3,6,3,3,4500.0,367,valid,2378,3-3-6,one_pair,12,1.0
3D Lotto,9PM,2023-01-09,5-9-9,5,9,9,4500.0,357,valid,2379,5-9-9,one_pair,23,0.0
3D Lotto,9PM,2023-01-10,5-9-4,5,9,4,4500.0,506,valid,2380,4-5-9,all_distinct,18,2.0
3D Lotto,9PM,2023-01-11,0-5-6,0,5,6,4500.0,321,valid,2381,0-5-6,all_distinct,11,1.0
3D Lotto,9PM,2023-01-12,7-7-7,7,7,7,4500.0,1088,valid,2382,7-7-7,triple,21,0.0
3D Lotto,9PM,2023-01-13,9-2-0,9,2,0,4500.0,545,valid,2383,0-2-9,all_distinct,11,0.0
3D Lotto,9PM,2023-01-14,0-8-9,0,8,9,4500.0,285,valid,2384,0-8-9,all_distinct,17,2.0
3D Lotto,9PM,2023-01-15,9-3-3,9,3,3,4500.0,489,valid,2385,3-3-9,one_pair,15,1.0
3D Lotto,9PM,2023-01-16,1-1-4,1,1,4,4500.0,1221,valid,2386,1-1-4,one_pair,6,0.0
3D Lotto,9PM,2023-01-17,7-8-0,7,8,0,4500.0,320,valid,2387,0-7-8,all_distinct,15,0.0
3D Lotto,9PM,2023-01-18,5-4-8,5,4,8,4500.0,437,valid,2388,4-5-8,all_distinct,17,1.0
3D Lotto,9PM,2023-01-19,5-5-3,5,5,3,4500.0,316,valid,2389,3-5-5,one_pair,13,1.0
3D Lotto,9PM,2023-01-20,6-0-1,6,0,1,4500.0,436,valid,2390,0-1-6,all_distinct,7,0.0
3D Lotto,9PM,2023-01-21,0-2-3,0,2,3,4500.0,364,valid,2391,0-2-3,all_distinct,5,1.0
3D Lotto,9PM,2023-01-22,0-5-4,0,5,4,4500.0,198,valid,2392,0-4-5,all_distinct,9,1.0
3D Lotto,9PM,2023-01-23,1-9-9,1,9,9,4500.0,428,valid,2393,1-9-9,one_pair,19,0.0
3D Lotto,9PM,2023-01-24,6-4-9,6,4,9,4500.0,394,valid,2394,4-6-9,all_distinct,19,1.0
3D Lotto,9PM,2023-01-25,3-8-7,3,8,7,4500.0,391,valid,2395,3-7-8,all_distinct,18,0.0
3D Lotto,9PM,2023-01-26,0-9-8,0,9,8,4500.0,233,valid,2396,0-8-9,all_distinct,17,1.0
3D Lotto,9PM,2023-01-27,5-6-4,5,6,4,4500.0,376,valid,2397,4-5-6,all_distinct,15,0.0
3D Lotto,9PM,2023-01-28,0-3-4,0,3,4,4500.0,207,valid,2398,0-3-4,all_distinct,7,1.0
3D Lotto,9PM,2023-01-29,3-1-5,3,1,5,4500.0,661,valid,2399,1-3-5,all_distinct,9,1.0
3D Lotto,9PM,2023-01-30,3-8-2,3,8,2,4500.0,287,valid,2400,2-3-8,all_distinct,13,1.0
3D Lotto,9PM,2023-01-31,4-5-9,4,5,9,4500.0,382,valid,2401,4-5-9,all_distinct,18,0.0
3D Lotto,9PM,2023-02-01,4-5-8,4,5,8,4500.0,769,valid,2402,4-5-8,all_distinct,17,2.0
3D Lotto,9PM,2023-02-02,2-8-1,2,8,1,4500.0,596,valid,2403,1-2-8,all_distinct,11,1.0
3D Lotto,9PM,2023-02-03,5-3-0,5,3,0,4500.0,651,valid,2404,0-3-5,all_distinct,8,0.0
3D Lotto,9PM,2023-02-04,2-7-2,2,7,2,4500.0,527,valid,2405,2-2-7,one_pair,11,0.0
3D Lotto,9PM,2023-02-05,5-3-5,5,3,5,4500.0,359,valid,2406,3-5-5,one_pair,13,0.0
3D Lotto,9PM,2023-02-06,8-7-4,8,7,4,4500.0,283,valid,2407,4-7-8,all_distinct,19,0.0
3D Lotto,9PM,2023-02-07,8-4-8,8,4,8,4500.0,334,valid,2408,4-8-8,one_pair,20,2.0
3D Lotto,9PM,2023-02-08,3-3-7,3,3,7,4500.0,385,valid,2409,3-3-7,one_pair,13,0.0
3D Lotto,9PM,2023-02-09,5-4-3,5,4,3,4500.0,385,valid,2410,3-4-5,all_distinct,12,1.0
3D Lotto,9PM,2023-02-10,2-0-6,2,0,6,4500.0,749,valid,2411,0-2-6,all_distinct,8,0.0
3D Lotto,9PM,2023-02-11,2-8-1,2,8,1,4500.0,354,valid,2412,1-2-8,all_distinct,11,1.0
3D Lotto,9PM,2023-02-12,8-1-1,8,1,1,4500.0,888,valid,2413,1-1-8,one_pair,10,2.0
3D Lotto,9PM,2023-02-13,5-0-7,5,0,7,4500.0,711,valid,2414,0-5-7,all_distinct,12,0.0
3D Lotto,9PM,2023-02-14,4-7-9,4,7,9,4500.0,538,valid,2415,4-7-9,all_distinct,20,1.0
3D Lotto,9PM,2023-02-15,4-3-5,4,3,5,4500.0,272,valid,2416,3-4-5,all_distinct,12,1.0
3D Lotto,9PM,2023-02-16,2-9-9,2,9,9,4500.0,453,valid,2417,2-9-9,one_pair,20,0.0
3D Lotto,9PM,2023-02-17,8-5-8,8,5,8,4500.0,468,valid,2418,5-8-8,one_pair,21,0.0
3D Lotto,9PM,2023-02-18,7-4-0,7,4,0,4500.0,215,valid,2419,0-4-7,all_distinct,11,0.0
3D Lotto,9PM,2023-02-19,8-0-1,8,0,1,4500.0,757,valid,2420,0-1-8,all_distinct,9,1.0
3D Lotto,9PM,2023-02-20,0-4-3,0,4,3,4500.0,265,valid,2421,0-3-4,all_distinct,7,1.0
3D Lotto,9PM,2023-02-21,5-0-9,5,0,9,4500.0,565,valid,2422,0-5-9,all_distinct,14,1.0
3D Lotto,9PM,2023-02-22,0-4-1,0,4,1,4500.0,293,valid,2423,0-1-4,all_distinct,5,1.0
3D Lotto,9PM,2023-02-23,3-2-1,3,2,1,4500.0,671,valid,2424,1-2-3,all_distinct,6,1.0
3D Lotto,9PM,2023-02-24,9-6-1,9,6,1,4500.0,344,valid,2425,1-6-9,all_distinct,16,1.0
3D Lotto,9PM,2023-02-25,6-5-4,6,5,4,4500.0,450,valid,2426,4-5-6,all_distinct,15,1.0
3D Lotto,9PM,2023-02-26,2-3-5,2,3,5,4500.0,620,valid,2427,2-3-5,all_distinct,10,1.0
3D Lotto,9PM,2023-02-27,7-9-6,7,9,6,4500.0,122,valid,2428,6-7-9,all_distinct,22,0.0
3D Lotto,9PM,2023-02-28,8-7-3,8,7,3,4500.0,231,valid,2429,3-7-8,all_distinct,18,1.0
3D Lotto,9PM,2023-03-01,5-6-5,5,6,5,4500.0,668,valid,2430,5-5-6,one_pair,16,0.0
3D Lotto,9PM,2023-03-02,2-5-0,2,5,0,4500.0,1225,valid,2431,0-2-5,all_distinct,7,1.0
3D Lotto,9PM,2023-03-03,9-4-1,9,4,1,4500.0,511,valid,2432,1-4-9,all_distinct,14,0.0
3D Lotto,9PM,2023-03-04,1-4-8,1,4,8,4500.0,1155,valid,2433,1-4-8,all_distinct,13,2.0
3D Lotto,9PM,2023-03-05,0-8-0,0,8,0,4500.0,209,valid,2434,0-0-8,one_pair,8,1.0
3D Lotto,9PM,2023-03-06,0-8-6,0,8,6,4500.0,325,valid,2435,0-6-8,all_distinct,14,2.0
3D Lotto,9PM,2023-03-07,9-3-6,9,3,6,4500.0,409,valid,2436,3-6-9,all_distinct,18,1.0
3D Lotto,9PM,2023-03-08,8-3-2,8,3,2,4500.0,627,valid,2437,2-3-8,all_distinct,13,1.0
3D Lotto,9PM,2023-03-09,6-4-4,6,4,4,4500.0,411,valid,2438,4-4-6,one_pair,14,0.0
3D Lotto,9PM,2023-03-10,1-2-3,1,2,3,4500.0,547,valid,2439,1-2-3,all_distinct,6,0.0
3D Lotto,9PM,2023-03-11,9-7-3,9,7,3,4500.0,223,valid,2440,3-7-9,all_distinct,19,1.0
3D Lotto,9PM,2023-03-12,5-7-1,5,7,1,4500.0,707,valid,2441,1-5-7,all_distinct,13,1.0
3D Lotto,9PM,2023-03-13,9-0-4,9,0,4,4500.0,472,valid,2442,0-4-9,all_distinct,13,0.0
3D Lotto,9PM,2023-03-14,4-6-3,4,6,3,4500.0,553,valid,2443,3-4-6,all_distinct,13,1.0
3D Lotto,9PM,2023-03-15,7-2-6,7,2,6,4500.0,491,valid,2444,2-6-7,all_distinct,15,1.0
3D Lotto,9PM,2023-03-16,2-1-3,2,1,3,4500.0,710,valid,2445,1-2-3,all_distinct,6,1.0
3D Lotto,9PM,2023-03-17,7-0-6,7,0,6,4500.0,579,valid,2446,0-6-7,all_distinct,13,0.0
3D Lotto,9PM,2023-03-18,7-5-9,7,5,9,4500.0,383,valid,2447,5-7-9,all_distinct,21,1.0
3D Lotto,9PM,2023-03-19,0-1-4,0,1,4,4500.0,345,valid,2448,0-1-4,all_distinct,5,0.0
3D Lotto,9PM,2023-03-20,7-6-8,7,6,8,4500.0,400,valid,2449,6-7-8,all_distinct,21,0.0
3D Lotto,9PM,2023-03-21,7-5-7,7,5,7,4500.0,587,valid,2450,5-7-7,one_pair,19,1.0
3D Lotto,9PM,2023-03-22,6-9-9,6,9,9,4500.0,221,valid,2451,6-9-9,one_pair,24,0.0
3D Lotto,9PM,2023-03-23,6-1-4,6,1,4,4500.0,597,valid,2452,1-4-6,all_distinct,11,1.0
3D Lotto,9PM,2023-03-24,8-3-8,8,3,8,4500.0,278,valid,2453,3-8-8,one_pair,19,0.0
3D Lotto,9PM,2023-03-25,1-2-4,1,2,4,4500.0,579,valid,2454,1-2-4,all_distinct,7,0.0
3D Lotto,9PM,2023-03-26,7-6-7,7,6,7,4500.0,155,valid,2455,6-7-7,one_pair,20,0.0
3D Lotto,9PM,2023-03-27,8-1-5,8,1,5,4500.0,452,valid,2456,1-5-8,all_distinct,14,0.0
3D Lotto,9PM,2023-03-28,0-7-3,0,7,3,4500.0,206,valid,2457,0-3-7,all_distinct,10,0.0
3D Lotto,9PM,2023-03-29,0-6-8,0,6,8,4500.0,283,valid,2458,0-6-8,all_distinct,14,1.0
3D Lotto,9PM,2023-03-30,6-6-2,6,6,2,4500.0,237,valid,2459,2-6-6,one_pair,14,1.0
3D Lotto,9PM,2023-03-31,1-0-6,1,0,6,4500.0,804,valid,2460,0-1-6,all_distinct,7,1.0
3D Lotto,9PM,2023-04-01,5-8-5,5,8,5,4500.0,439,valid,2461,5-5-8,one_pair,18,0.0
3D Lotto,9PM,2023-04-02,5-6-4,5,6,4,4500.0,365,valid,2462,4-5-6,all_distinct,15,1.0
3D Lotto,9PM,2023-04-03,3-0-1,3,0,1,4500.0,802,valid,2463,0-1-3,all_distinct,4,0.0
3D Lotto,9PM,2023-04-04,5-4-9,5,4,9,4500.0,656,valid,2464,4-5-9,all_distinct,18,0.0
3D Lotto,9PM,2023-04-05,6-8-7,6,8,7,4500.0,243,valid,2465,6-7-8,all_distinct,21,0.0
3D Lotto,9PM,2023-04-10,3-7-7,3,7,7,4500.0,344,valid,2466,3-7-7,one_pair,17,1.0
3D Lotto,9PM,2023-04-11,4-9-2,4,9,2,4500.0,338,valid,2467,2-4-9,all_distinct,15,0.0
3D Lotto,9PM,2023-04-12,4-2-6,4,2,6,4500.0,960,valid,2468,2-4-6,all_distinct,12,2.0
3D Lotto,9PM,2023-04-13,6-9-2,6,9,2,4500.0,198,valid,2469,2-6-9,all_distinct,17,2.0
3D Lotto,9PM,2023-04-14,1-6-5,1,6,5,4500.0,562,valid,2470,1-5-6,all_distinct,12,1.0
3D Lotto,9PM,2023-04-15,5-0-8,5,0,8,4500.0,671,valid,2471,0-5-8,all_distinct,13,1.0
3D Lotto,9PM,2023-04-16,5-4-8,5,4,8,4500.0,347,valid,2472,4-5-8,all_distinct,17,2.0
3D Lotto,9PM,2023-04-17,5-4-1,5,4,1,4500.0,564,valid,2473,1-4-5,all_distinct,10,2.0
3D Lotto,9PM,2023-04-18,2-2-7,2,2,7,4500.0,364,valid,2474,2-2-7,one_pair,11,0.0
3D Lotto,9PM,2023-04-19,3-0-9,3,0,9,4500.0,435,valid,2475,0-3-9,all_distinct,12,0.0
3D Lotto,9PM,2023-04-20,8-0-2,8,0,2,4500.0,331,valid,2476,0-2-8,all_distinct,10,1.0
3D Lotto,9PM,2023-04-21,4-6-9,4,6,9,4500.0,359,valid,2477,4-6-9,all_distinct,19,0.0
3D Lotto,9PM,2023-04-22,3-8-1,3,8,1,4500.0,583,valid,2478,1-3-8,all_distinct,12,0.0
3D Lotto,9PM,2023-04-23,4-3-5,4,3,5,4500.0,285,valid,2479,3-4-5,all_distinct,12,1.0
3D Lotto,9PM,2023-04-24,8-2-2,8,2,2,4500.0,544,valid,2480,2-2-8,one_pair,12,0.0
3D Lotto,9PM,2023-04-25,0-7-3,0,7,3,4500.0,131,valid,2481,0-3-7,all_distinct,10,0.0
3D Lotto,9PM,2023-04-26,6-9-0,6,9,0,4500.0,302,valid,2482,0-6-9,all_distinct,15,1.0
3D Lotto,9PM,2023-04-27,2-4-2,2,4,2,4500.0,580,valid,2483,2-2-4,one_pair,8,0.0
3D Lotto,9PM,2023-04-28,4-7-2,4,7,2,4500.0,374,valid,2484,2-4-7,all_distinct,13,2.0
3D Lotto,9PM,2023-04-29,5-3-2,5,3,2,4500.0,738,valid,2485,2-3-5,all_distinct,10,1.0
3D Lotto,9PM,2023-04-30,0-1-2,0,1,2,4500.0,301,valid,2486,0-1-2,all_distinct,3,1.0
3D Lotto,9PM,2023-05-01,8-0-2,8,0,2,4500.0,181,valid,2487,0-2-8,all_distinct,10,2.0
3D Lotto,9PM,2023-05-02,2-4-2,2,4,2,4500.0,303,valid,2488,2-2-4,one_pair,8,1.0
3D Lotto,9PM,2023-05-03,5-5-1,5,5,1,4500.0,560,valid,2489,1-5-5,one_pair,11,0.0
3D Lotto,9PM,2023-05-04,9-4-1,9,4,1,4500.0,309,valid,2490,1-4-9,all_distinct,14,1.0
3D Lotto,9PM,2023-05-05,1-2-2,1,2,2,4500.0,914,valid,2491,1-2-2,one_pair,5,1.0
3D Lotto,9PM,2023-05-06,6-2-2,6,2,2,4500.0,594,valid,2492,2-2-6,one_pair,10,2.0
3D Lotto,9PM,2023-05-07,9-8-4,9,8,4,4500.0,209,valid,2493,4-8-9,all_distinct,21,0.0
3D Lotto,9PM,2023-05-08,9-0-2,9,0,2,4500.0,204,valid,2494,0-2-9,all_distinct,11,1.0
3D Lotto,9PM,2023-05-09,8-0-7,8,0,7,4500.0,518,valid,2495,0-7-8,all_distinct,15,1.0
3D Lotto,9PM,2023-05-10,7-3-3,7,3,3,4500.0,645,valid,2496,3-3-7,one_pair,13,1.0
3D Lotto,9PM,2023-05-11,0-3-7,0,3,7,4500.0,293,valid,2497,0-3-7,all_distinct,10,2.0
3D Lotto,9PM,2023-05-12,5-9-3,5,9,3,4500.0,267,valid,2498,3-5-9,all_distinct,17,1.0
3D Lotto,9PM,2023-05-13,1-0-3,1,0,3,4500.0,1199,valid,2499,0-1-3,all_distinct,4,1.0
3D Lotto,9PM,2023-05-14,7-5-8,7,5,8,4500.0,338,valid,2500,5-7-8,all_distinct,20,0.0
3D Lotto,9PM,2023-05-15,9-1-1,9,1,1,4500.0,714,valid,2501,1-1-9,one_pair,11,0.0
3D Lotto,9PM,2023-05-16,7-5-1,7,5,1,4500.0,907,valid,2502,1-5-7,all_distinct,13,1.0
3D Lotto,9PM,2023-05-17,8-7-6,8,7,6,4500.0,496,valid,2503,6-7-8,all_distinct,21,1.0
3D Lotto,9PM,2023-05-18,9-7-1,9,7,1,4500.0,683,valid,2504,1-7-9,all_distinct,17,1.0
3D Lotto,9PM,2023-05-19,6-2-8,6,2,8,4500.0,622,valid,2505,2-6-8,all_distinct,16,0.0
3D Lotto,9PM,2023-05-20,0-5-0,0,5,0,4500.0,171,valid,2506,0-0-5,one_pair,5,0.0
3D Lotto,9PM,2023-05-21,5-7-7,5,7,7,4500.0,457,valid,2507,5-7-7,one_pair,19,1.0
3D Lotto,9PM,2023-05-22,1-6-6,1,6,6,4500.0,388,valid,2508,1-6-6,one_pair,13,0.0
3D Lotto,9PM,2023-05-23,2-0-7,2,0,7,4500.0,589,valid,2509,0-2-7,all_distinct,9,0.0
3D Lotto,9PM,2023-05-24,9-3-7,9,3,7,4500.0,304,valid,2510,3-7-9,all_distinct,19,1.0
3D Lotto,9PM,2023-05-25,2-8-8,2,8,8,4500.0,656,valid,2511,2-8-8,one_pair,18,0.0
3D Lotto,9PM,2023-05-26,6-8-8,6,8,8,4500.0,433,valid,2512,6-8-8,one_pair,22,2.0
3D Lotto,9PM,2023-05-27,7-7-3,7,7,3,4500.0,339,valid,2513,3-7-7,one_pair,17,0.0
3D Lotto,9PM,2023-05-28,8-9-9,8,9,9,4500.0,311,valid,2514,8-9-9,one_pair,26,0.0
3D Lotto,9PM,2023-05-29,4-2-0,4,2,0,4500.0,626,valid,2515,0-2-4,all_distinct,6,0.0
3D Lotto,9PM,2023-05-30,1-3-5,1,3,5,4500.0,901,valid,2516,1-3-5,all_distinct,9,0.0
3D Lotto,9PM,2023-05-31,3-1-5,3,1,5,4500.0,1037,valid,2517,1-3-5,all_distinct,9,3.0
3D Lotto,9PM,2023-06-01,2-2-5,2,2,5,4500.0,1210,valid,2518,2-2-5,one_pair,9,1.0
3D Lotto,9PM,2023-06-02,1-7-0,1,7,0,4500.0,552,valid,2519,0-1-7,all_distinct,8,0.0
3D Lotto,9PM,2023-06-03,1-6-7,1,6,7,4500.0,580,valid,2520,1-6-7,all_distinct,14,2.0
3D Lotto,9PM,2023-06-04,4-8-0,4,8,0,4500.0,359,valid,2521,0-4-8,all_distinct,12,0.0
3D Lotto,9PM,2023-06-05,9-5-5,9,5,5,4500.0,291,valid,2522,5-5-9,one_pair,19,0.0
3D Lotto,9PM,2023-06-06,0-2-8,0,2,8,4500.0,334,valid,2523,0-2-8,all_distinct,10,0.0
3D Lotto,9PM,2023-06-07,8-3-4,8,3,4,4500.0,263,valid,2524,3-4-8,all_distinct,15,1.0
3D Lotto,9PM,2023-06-08,3-8-7,3,8,7,4500.0,543,valid,2525,3-7-8,all_distinct,18,2.0
3D Lotto,9PM,2023-06-09,2-9-0,2,9,0,4500.0,290,valid,2526,0-2-9,all_distinct,11,0.0
3D Lotto,9PM,2023-06-10,3-0-2,3,0,2,4500.0,547,valid,2527,0-2-3,all_distinct,5,2.0
3D Lotto,9PM,2023-06-11,6-7-9,6,7,9,4500.0,371,valid,2528,6-7-9,all_distinct,22,0.0
3D Lotto,9PM,2023-06-12,8-8-5,8,8,5,4500.0,350,valid,2529,5-8-8,one_pair,21,0.0
3D Lotto,9PM,2023-06-13,8-9-3,8,9,3,4500.0,207,valid,2530,3-8-9,all_distinct,20,1.0
3D Lotto,9PM,2023-06-14,4-0-9,4,0,9,4500.0,349,valid,2531,0-4-9,all_distinct,13,1.0
3D Lotto,9PM,2023-06-15,0-9-1,0,9,1,4500.0,345,valid,2532,0-1-9,all_distinct,10,2.0
3D Lotto,9PM,2023-06-16,0-8-4,0,8,4,4500.0,157,valid,2533,0-4-8,all_distinct,12,1.0
3D Lotto,9PM,2023-06-17,9-8-7,9,8,7,4500.0,606,valid,2534,7-8-9,all_distinct,24,1.0
3D Lotto,9PM,2023-06-18,3-9-1,3,9,1,4500.0,230,valid,2535,1-3-9,all_distinct,13,1.0
3D Lotto,9PM,2023-06-19,5-1-2,5,1,2,4500.0,591,valid,2536,1-2-5,all_distinct,8,1.0
3D Lotto,9PM,2023-06-20,3-9-9,3,9,9,4500.0,331,valid,2537,3-9-9,one_pair,21,0.0
3D Lotto,9PM,2023-06-21,4-9-6,4,9,6,4500.0,216,valid,2538,4-6-9,all_distinct,19,1.0
3D Lotto,9PM,2023-06-22,7-8-0,7,8,0,4500.0,253,valid,2539,0-7-8,all_distinct,15,0.0
3D Lotto,9PM,2023-06-23,7-7-2,7,7,2,4500.0,305,valid,2540,2-7-7,one_pair,16,1.0
3D Lotto,9PM,2023-06-24,9-9-5,9,9,5,4500.0,246,valid,2541,5-9-9,one_pair,23,0.0
3D Lotto,9PM,2023-06-25,9-3-6,9,3,6,4500.0,364,valid,2542,3-6-9,all_distinct,18,1.0
3D Lotto,9PM,2023-06-26,0-3-3,0,3,3,4500.0,289,valid,2543,0-3-3,one_pair,6,1.0
3D Lotto,9PM,2023-06-27,5-5-4,5,5,4,4500.0,224,valid,2544,4-5-5,one_pair,14,0.0
3D Lotto,9PM,2023-06-28,1-1-3,1,1,3,4500.0,973,valid,2545,1-1-3,one_pair,5,0.0
3D Lotto,9PM,2023-06-29,6-6-5,6,6,5,4500.0,321,valid,2546,5-6-6,one_pair,17,0.0
3D Lotto,9PM,2023-06-30,6-7-8,6,7,8,4500.0,471,valid,2547,6-7-8,all_distinct,21,1.0
3D Lotto,9PM,2023-07-01,2-8-7,2,8,7,4500.0,547,valid,2548,2-7-8,all_distinct,17,2.0
3D Lotto,9PM,2023-07-02,4-1-5,4,1,5,4500.0,650,valid,2549,1-4-5,all_distinct,10,0.0
3D Lotto,9PM,2023-07-03,1-6-9,1,6,9,4500.0,718,valid,2550,1-6-9,all_distinct,16,1.0
3D Lotto,9PM,2023-07-04,4-3-2,4,3,2,4500.0,438,valid,2551,2-3-4,all_distinct,9,0.0
3D Lotto,9PM,2023-07-05,7-9-7,7,9,7,4500.0,326,valid,2552,7-7-9,one_pair,23,0.0
3D Lotto,9PM,2023-07-06,5-7-1,5,7,1,4500.0,491,valid,2553,1-5-7,all_distinct,13,1.0
3D Lotto,9PM,2023-07-07,0-5-9,0,5,9,4500.0,397,valid,2554,0-5-9,all_distinct,14,1.0
3D Lotto,9PM,2023-07-08,5-0-1,5,0,1,4500.0,787,valid,2555,0-1-5,all_distinct,6,2.0
3D Lotto,9PM,2023-07-09,4-8-5,4,8,5,4500.0,209,valid,2556,4-5-8,all_distinct,17,1.0
3D Lotto,9PM,2023-07-10,1-1-6,1,1,6,4500.0,936,valid,2557,1-1-6,one_pair,8,0.0
3D Lotto,9PM,2023-07-11,1-7-9,1,7,9,4500.0,737,valid,2558,1-7-9,all_distinct,17,1.0
3D Lotto,9PM,2023-07-12,1-2-8,1,2,8,4500.0,920,valid,2559,1-2-8,all_distinct,11,1.0
3D Lotto,9PM,2023-07-13,2-3-3,2,3,3,4500.0,448,valid,2560,2-3-3,one_pair,8,1.0
3D Lotto,9PM,2023-07-14,9-1-2,9,1,2,4500.0,591,valid,2561,1-2-9,all_distinct,12,1.0
3D Lotto,9PM,2023-07-15,7-2-0,7,2,0,4500.0,1212,valid,2562,0-2-7,all_distinct,9,1.0
3D Lotto,9PM,2023-07-16,5-2-8,5,2,8,4500.0,954,valid,2563,2-5-8,all_distinct,15,1.0
3D Lotto,9PM,2023-07-17,1-1-7,1,1,7,4500.0,1209,valid,2564,1-1-7,one_pair,9,0.0
3D Lotto,9PM,2023-07-18,0-3-1,0,3,1,4500.0,348,valid,2565,0-1-3,all_distinct,4,1.0
3D Lotto,9PM,2023-07-19,9-1-2,9,1,2,4500.0,404,valid,2566,1-2-9,all_distinct,12,1.0
3D Lotto,9PM,2023-07-20,2-6-7,2,6,7,4500.0,658,valid,2567,2-6-7,all_distinct,15,1.0
3D Lotto,9PM,2023-07-21,4-2-3,4,2,3,4500.0,473,valid,2568,2-3-4,all_distinct,9,1.0
3D Lotto,9PM,2023-07-22,1-2-8,1,2,8,4500.0,544,valid,2569,1-2-8,all_distinct,11,1.0
3D Lotto,9PM,2023-07-23,5-1-7,5,1,7,4500.0,949,valid,2570,1-5-7,all_distinct,13,1.0
3D Lotto,9PM,2023-07-24,3-4-5,3,4,5,4500.0,199,valid,2571,3-4-5,all_distinct,12,1.0
3D Lotto,9PM,2023-07-25,1-4-7,1,4,7,4500.0,916,valid,2572,1-4-7,all_distinct,12,1.0
3D Lotto,9PM,2023-07-26,2-8-0,2,8,0,4500.0,574,valid,2573,0-2-8,all_distinct,10,0.0
3D Lotto,9PM,2023-07-27,0-2-6,0,2,6,4500.0,465,valid,2574,0-2-6,all_distinct,8,2.0
3D Lotto,9PM,2023-07-28,2-0-0,2,0,0,4500.0,1200,valid,2575,0-0-2,one_pair,2,2.0
3D Lotto,9PM,2023-07-29,4-3-5,4,3,5,4500.0,231,valid,2576,3-4-5,all_distinct,12,0.0
3D Lotto,9PM,2023-07-30,2-5-4,2,5,4,4500.0,547,valid,2577,2-4-5,all_distinct,11,2.0
3D Lotto,9PM,2023-07-31,2-7-0,2,7,0,4500.0,359,valid,2578,0-2-7,all_distinct,9,1.0
3D Lotto,9PM,2023-08-01,5-2-4,5,2,4,4500.0,565,valid,2579,2-4-5,all_distinct,11,1.0
3D Lotto,9PM,2023-08-02,5-2-7,5,2,7,4500.0,982,valid,2580,2-5-7,all_distinct,14,2.0
3D Lotto,9PM,2023-08-03,8-5-2,8,5,2,4500.0,541,valid,2581,2-5-8,all_distinct,15,2.0
3D Lotto,9PM,2023-08-04,6-3-3,6,3,3,4500.0,391,valid,2582,3-3-6,one_pair,12,0.0
3D Lotto,9PM,2023-08-05,5-6-8,5,6,8,4500.0,561,valid,2583,5-6-8,all_distinct,19,1.0
3D Lotto,9PM,2023-08-06,6-8-9,6,8,9,4500.0,575,valid,2584,6-8-9,all_distinct,23,2.0
3D Lotto,9PM,2023-08-07,4-8-4,4,8,4,4500.0,455,valid,2585,4-4-8,one_pair,16,1.0
3D Lotto,9PM,2023-08-08,9-0-4,9,0,4,4500.0,319,valid,2586,0-4-9,all_distinct,13,1.0
3D Lotto,9PM,2023-08-09,8-6-1,8,6,1,4500.0,526,valid,2587,1-6-8,all_distinct,15,0.0
3D Lotto,9PM,2023-08-10,3-2-0,3,2,0,4500.0,594,valid,2588,0-2-3,all_distinct,5,0.0
3D Lotto,9PM,2023-08-11,9-9-9,9,9,9,4500.0,1088,valid,2589,9-9-9,triple,27,0.0
3D Lotto,9PM,2023-08-12,0-1-0,0,1,0,4500.0,878,valid,2590,0-0-1,one_pair,1,0.0
3D Lotto,9PM,2023-08-13,2-6-6,2,6,6,4500.0,290,valid,2591,2-6-6,one_pair,14,0.0
3D Lotto,9PM,2023-08-14,7-3-6,7,3,6,4500.0,456,valid,2592,3-6-7,all_distinct,16,1.0
3D Lotto,9PM,2023-08-15,1-2-4,1,2,4,4500.0,529,valid,2593,1-2-4,all_distinct,7,0.0
3D Lotto,9PM,2023-08-16,3-9-4,3,9,4,4500.0,207,valid,2594,3-4-9,all_distinct,16,1.0
3D Lotto,9PM,2023-08-17,0-5-3,0,5,3,4500.0,508,valid,2595,0-3-5,all_distinct,8,1.0
3D Lotto,9PM,2023-08-18,7-6-1,7,6,1,4500.0,343,valid,2596,1-6-7,all_distinct,14,0.0
3D Lotto,9PM,2023-08-19,4-0-9,4,0,9,4500.0,285,valid,2597,0-4-9,all_distinct,13,0.0
3D Lotto,9PM,2023-08-20,0-7-7,0,7,7,4500.0,139,valid,2598,0-7-7,one_pair,14,1.0
3D Lotto,9PM,2023-08-21,0-8-7,0,8,7,4500.0,356,valid,2599,0-7-8,all_distinct,15,2.0
3D Lotto,9PM,2023-08-22,2-2-3,2,2,3,4500.0,974,valid,2600,2-2-3,one_pair,7,0.0
3D Lotto,9PM,2023-08-23,8-8-8,8,8,8,4500.0,1088,valid,2601,8-8-8,triple,24,0.0
3D Lotto,9PM,2023-08-24,9-6-1,9,6,1,4500.0,483,valid,2602,1-6-9,all_distinct,16,0.0
3D Lotto,9PM,2023-08-25,8-8-6,8,8,6,4500.0,492,valid,2603,6-8-8,one_pair,22,1.0
3D Lotto,9PM,2023-08-26,2-0-5,2,0,5,4500.0,525,valid,2604,0-2-5,all_distinct,7,0.0
3D Lotto,9PM,2023-08-27,7-3-4,7,3,4,4500.0,360,valid,2605,3-4-7,all_distinct,14,0.0
3D Lotto,9PM,2023-08-28,0-2-4,0,2,4,4500.0,303,valid,2606,0-2-4,all_distinct,6,1.0
3D Lotto,9PM,2023-08-29,0-6-7,0,6,7,4500.0,277,valid,2607,0-6-7,all_distinct,13,1.0
3D Lotto,9PM,2023-08-30,0-0-0,0,0,0,4500.0,1088,valid,2608,0-0-0,triple,0,1.0
3D Lotto,9PM,2023-08-31,9-4-7,9,4,7,4500.0,382,valid,2609,4-7-9,all_distinct,20,0.0
3D Lotto,9PM,2023-09-01,5-7-8,5,7,8,4500.0,578,valid,2610,5-7-8,all_distinct,20,1.0
3D Lotto,9PM,2023-09-02,9-8-8,9,8,8,4500.0,563,valid,2611,8-8-9,one_pair,25,1.0
3D Lotto,9PM,2023-09-03,2-4-6,2,4,6,4500.0,658,valid,2612,2-4-6,all_distinct,12,0.0
3D Lotto,9PM,2023-09-04,8-0-8,8,0,8,4500.0,845,valid,2613,0-8-8,one_pair,16,0.0
3D Lotto,9PM,2023-09-05,7-6-7,7,6,7,4500.0,219,valid,2614,6-7-7,one_pair,20,0.0
3D Lotto,9PM,2023-09-06,3-9-0,3,9,0,4500.0,278,valid,2615,0-3-9,all_distinct,12,0.0
3D Lotto,9PM,2023-09-07,6-3-1,6,3,1,4500.0,879,valid,2616,1-3-6,all_distinct,10,1.0
3D Lotto,9PM,2023-09-08,9-9-9,9,9,9,4500.0,1088,valid,2617,9-9-9,triple,27,0.0
3D Lotto,9PM,2023-09-09,5-9-2,5,9,2,4500.0,465,valid,2618,2-5-9,all_distinct,16,1.0
3D Lotto,9PM,2023-09-10,8-0-7,8,0,7,4500.0,416,valid,2619,0-7-8,all_distinct,15,0.0
3D Lotto,9PM,2023-09-11,6-9-2,6,9,2,4500.0,173,valid,2620,2-6-9,all_distinct,17,0.0
3D Lotto,9PM,2023-09-12,7-0-9,7,0,9,4500.0,382,valid,2621,0-7-9,all_distinct,16,1.0
3D Lotto,9PM,2023-09-13,9-8-1,9,8,1,4500.0,604,valid,2622,1-8-9,all_distinct,18,1.0
3D Lotto,9PM,2023-09-14,9-7-5,9,7,5,4500.0,750,valid,2623,5-7-9,all_distinct,21,1.0
3D Lotto,9PM,2023-09-15,2-3-5,2,3,5,4500.0,791,valid,2624,2-3-5,all_distinct,10,1.0
3D Lotto,9PM,2023-09-16,8-8-2,8,8,2,4500.0,525,valid,2625,2-8-8,one_pair,18,1.0
3D Lotto,9PM,2023-09-17,3-7-3,3,7,3,4500.0,288,valid,2626,3-3-7,one_pair,13,0.0
3D Lotto,9PM,2023-09-18,6-1-5,6,1,5,4500.0,530,valid,2627,1-5-6,all_distinct,12,0.0
3D Lotto,9PM,2023-09-19,7-2-4,7,2,4,4500.0,454,valid,2628,2-4-7,all_distinct,13,0.0
3D Lotto,9PM,2023-09-20,6-1-7,6,1,7,4500.0,404,valid,2629,1-6-7,all_distinct,14,1.0
3D Lotto,9PM,2023-09-21,9-7-7,9,7,7,4500.0,347,valid,2630,7-7-9,one_pair,23,1.0
3D Lotto,9PM,2023-09-22,1-9-7,1,9,7,4500.0,676,valid,2631,1-7-9,all_distinct,17,2.0
3D Lotto,9PM,2023-09-23,1-1-3,1,1,3,4500.0,799,valid,2632,1-1-3,one_pair,5,1.0
3D Lotto,9PM,2023-09-24,8-9-4,8,9,4,4500.0,282,valid,2633,4-8-9,all_distinct,21,0.0
3D Lotto,9PM,2023-09-25,6-4-5,6,4,5,4500.0,308,valid,2634,4-5-6,all_distinct,15,1.0
3D Lotto,9PM,2023-09-26,9-9-8,9,9,8,4500.0,419,valid,2635,8-9-9,one_pair,26,0.0
3D Lotto,9PM,2023-09-27,6-3-0,6,3,0,4500.0,418,valid,2636,0-3-6,all_distinct,9,0.0
3D Lotto,9PM,2023-09-28,0-2-1,0,2,1,4500.0,500,valid,2637,0-1-2,all_distinct,3,1.0
3D Lotto,9PM,2023-09-29,4-0-6,4,0,6,4500.0,215,valid,2638,0-4-6,all_distinct,10,1.0
3D Lotto,9PM,2023-09-30,2-5-8,2,5,8,4500.0,541,valid,2639,2-5-8,all_distinct,15,0.0
3D Lotto,9PM,2023-10-01,7-8-4,7,8,4,4500.0,123,valid,2640,4-7-8,all_distinct,19,1.0
3D Lotto,9PM,2023-10-02,0-4-8,0,4,8,4500.0,166,valid,2641,0-4-8,all_distinct,12,2.0
3D Lotto,9PM,2023-10-03,3-5-4,3,5,4,4500.0,439,valid,2642,3-4-5,all_distinct,12,1.0
3D Lotto,9PM,2023-10-04,8-5-7,8,5,7,4500.0,592,valid,2643,5-7-8,all_distinct,20,1.0
3D Lotto,9PM,2023-10-05,6-7-9,6,7,9,4500.0,335,valid,2644,6-7-9,all_distinct,22,1.0
3D Lotto,9PM,2023-10-06,4-4-3,4,4,3,4500.0,246,valid,2645,3-4-4,one_pair,11,0.0
3D Lotto,9PM,2023-10-07,9-7-1,9,7,1,4500.0,332,valid,2646,1-7-9,all_distinct,17,0.0
3D Lotto,9PM,2023-10-08,9-3-4,9,3,4,4500.0,425,valid,2647,3-4-9,all_distinct,16,1.0
3D Lotto,9PM,2023-10-09,0-9-0,0,9,0,4500.0,143,valid,2648,0-0-9,one_pair,9,1.0
3D Lotto,9PM,2023-10-10,7-9-7,7,9,7,4500.0,277,valid,2649,7-7-9,one_pair,23,1.0
3D Lotto,9PM,2023-10-11,9-4-0,9,4,0,4500.0,250,valid,2650,0-4-9,all_distinct,13,1.0
3D Lotto,9PM,2023-10-12,5-4-8,5,4,8,4500.0,363,valid,2651,4-5-8,all_distinct,17,1.0
3D Lotto,9PM,2023-10-13,9-9-9,9,9,9,4500.0,573,valid,2652,9-9-9,triple,27,0.0
3D Lotto,9PM,2023-10-14,5-2-1,5,2,1,4500.0,554,valid,2653,1-2-5,all_distinct,8,0.0
3D Lotto,9PM,2023-10-15,1-5-5,1,5,5,4500.0,592,valid,2654,1-5-5,one_pair,11,2.0
3D Lotto,9PM,2023-10-16,9-0-0,9,0,0,4500.0,511,valid,2655,0-0-9,one_pair,9,0.0
3D Lotto,9PM,2023-10-17,3-4-6,3,4,6,4500.0,431,valid,2656,3-4-6,all_distinct,13,0.0
3D Lotto,9PM,2023-10-18,3-7-3,3,7,3,4500.0,375,valid,2657,3-3-7,one_pair,13,1.0
3D Lotto,9PM,2023-10-19,0-5-0,0,5,0,4500.0,592,valid,2658,0-0-5,one_pair,5,0.0
3D Lotto,9PM,2023-10-20,0-9-9,0,9,9,4500.0,294,valid,2659,0-9-9,one_pair,18,1.0
3D Lotto,9PM,2023-10-21,4-5-1,4,5,1,4500.0,592,valid,2660,1-4-5,all_distinct,10,0.0
3D Lotto,9PM,2023-10-22,7-4-3,7,4,3,4500.0,327,valid,2661,3-4-7,all_distinct,14,1.0
3D Lotto,9PM,2023-10-23,8-3-7,8,3,7,4500.0,383,valid,2662,3-7-8,all_distinct,18,2.0
3D Lotto,9PM,2023-10-24,2-6-3,2,6,3,4500.0,331,valid,2663,2-3-6,all_distinct,11,1.0
3D Lotto,9PM,2023-10-25,8-2-9,8,2,9,4500.0,592,valid,2664,2-8-9,all_distinct,19,1.0
3D Lotto,9PM,2023-10-26,5-3-4,5,3,4,4500.0,350,valid,2665,3-4-5,all_distinct,12,0.0
3D Lotto,9PM,2023-10-27,9-4-2,9,4,2,4500.0,338,valid,2666,2-4-9,all_distinct,15,1.0
3D Lotto,9PM,2023-10-28,6-9-4,6,9,4,4500.0,296,valid,2667,4-6-9,all_distinct,19,2.0
3D Lotto,9PM,2023-10-29,5-6-6,5,6,6,4500.0,373,valid,2668,5-6-6,one_pair,17,1.0
3D Lotto,9PM,2023-10-30,3-7-3,3,7,3,4500.0,211,valid,2669,3-3-7,one_pair,13,0.0
3D Lotto,9PM,2023-10-31,1-4-4,1,4,4,4500.0,592,valid,2670,1-4-4,one_pair,9,0.0
3D Lotto,9PM,2023-11-01,4-9-8,4,9,8,4500.0,271,valid,2671,4-8-9,all_distinct,21,1.0
3D Lotto,9PM,2023-11-02,5-8-8,5,8,8,4500.0,592,valid,2672,5-8-8,one_pair,21,1.0
3D Lotto,9PM,2023-11-03,0-4-1,0,4,1,4500.0,140,valid,2673,0-1-4,all_distinct,5,0.0
3D Lotto,9PM,2023-11-04,4-9-6,4,9,6,4500.0,290,valid,2674,4-6-9,all_distinct,19,1.0
3D Lotto,9PM,2023-11-05,4-4-5,4,4,5,4500.0,295,valid,2675,4-4-5,one_pair,13,1.0
3D Lotto,9PM,2023-11-06,3-5-3,3,5,3,4500.0,553,valid,2676,3-3-5,one_pair,11,1.0
3D Lotto,9PM,2023-11-07,9-2-9,9,2,9,4500.0,592,valid,2677,2-9-9,one_pair,20,0.0
3D Lotto,9PM,2023-11-08,2-2-9,2,2,9,4500.0,592,valid,2678,2-2-9,one_pair,13,2.0
3D Lotto,9PM,2023-11-09,1-1-5,1,1,5,4500.0,592,valid,2679,1-1-5,one_pair,7,0.0
3D Lotto,9PM,2023-11-10,6-8-3,6,8,3,4500.0,226,valid,2680,3-6-8,all_distinct,17,0.0
3D Lotto,9PM,2023-11-11,8-8-2,8,8,2,4500.0,396,valid,2681,2-8-8,one_pair,18,1.0
3D Lotto,9PM,2023-11-12,8-2-2,8,2,2,4500.0,592,valid,2682,2-2-8,one_pair,12,2.0
3D Lotto,9PM,2023-11-13,5-1-0,5,1,0,4500.0,592,valid,2683,0-1-5,all_distinct,6,0.0
3D Lotto,9PM,2023-11-14,8-4-7,8,4,7,4500.0,529,valid,2684,4-7-8,all_distinct,19,0.0
3D Lotto,9PM,2023-11-15,1-0-8,1,0,8,4500.0,592,valid,2685,0-1-8,all_distinct,9,1.0
3D Lotto,9PM,2023-11-16,8-6-7,8,6,7,4500.0,491,valid,2686,6-7-8,all_distinct,21,1.0
3D Lotto,9PM,2023-11-17,7-3-5,7,3,5,4500.0,334,valid,2687,3-5-7,all_distinct,15,1.0
3D Lotto,9PM,2023-11-18,6-1-7,6,1,7,4500.0,559,valid,2688,1-6-7,all_distinct,14,1.0
3D Lotto,9PM,2023-11-19,4-7-6,4,7,6,4500.0,352,valid,2689,4-6-7,all_distinct,17,2.0
3D Lotto,9PM,2023-11-20,1-1-2,1,1,2,4500.0,592,valid,2690,1-1-2,one_pair,4,0.0
3D Lotto,9PM,2023-11-21,1-2-8,1,2,8,4500.0,592,valid,2691,1-2-8,all_distinct,11,2.0
3D Lotto,9PM,2023-11-22,7-7-6,7,7,6,4500.0,471,valid,2692,6-7-7,one_pair,20,0.0
3D Lotto,9PM,2023-11-23,0-7-5,0,7,5,4500.0,277,valid,2693,0-5-7,all_distinct,12,1.0
3D Lotto,9PM,2023-11-24,6-8-0,6,8,0,4500.0,540,valid,2694,0-6-8,all_distinct,14,1.0
3D Lotto,9PM,2023-11-25,6-0-5,6,0,5,4500.0,348,valid,2695,0-5-6,all_distinct,11,2.0
3D Lotto,9PM,2023-11-26,7-3-9,7,3,9,4500.0,458,valid,2696,3-7-9,all_distinct,19,0.0
3D Lotto,9PM,2023-11-27,7-7-5,7,7,5,4500.0,491,valid,2697,5-7-7,one_pair,19,1.0
3D Lotto,9PM,2023-11-28,2-3-1,2,3,1,4500.0,364,valid,2698,1-2-3,all_distinct,6,0.0
3D Lotto,9PM,2023-11-29,8-6-7,8,6,7,4500.0,434,valid,2699,6-7-8,all_distinct,21,0.0
3D Lotto,9PM,2023-11-30,0-8-1,0,8,1,4500.0,223,valid,2700,0-1-8,all_distinct,9,1.0
3D Lotto,9PM,2023-12-01,0-3-4,0,3,4,4500.0,206,valid,2701,0-3-4,all_distinct,7,1.0
3D Lotto,9PM,2023-12-02,5-0-0,5,0,0,4500.0,592,valid,2702,0-0-5,one_pair,5,1.0
3D Lotto,9PM,2023-12-03,6-5-4,6,5,4,4500.0,551,valid,2703,4-5-6,all_distinct,15,1.0
3D Lotto,9PM,2023-12-04,1-3-0,1,3,0,4500.0,592,valid,2704,0-1-3,all_distinct,4,0.0
3D Lotto,9PM,2023-12-05,1-4-2,1,4,2,4500.0,521,valid,2705,1-2-4,all_distinct,7,1.0
3D Lotto,9PM,2023-12-06,1-5-6,1,5,6,4500.0,592,valid,2706,1-5-6,all_distinct,12,1.0
3D Lotto,9PM,2023-12-07,5-1-7,5,1,7,4500.0,592,valid,2707,1-5-7,all_distinct,13,2.0
3D Lotto,9PM,2023-12-08,0-0-9,0,0,9,4500.0,320,valid,2708,0-0-9,one_pair,9,0.0
3D Lotto,9PM,2023-12-09,2-3-1,2,3,1,4500.0,444,valid,2709,1-2-3,all_distinct,6,0.0
3D Lotto,9PM,2023-12-10,5-6-0,5,6,0,4500.0,592,valid,2710,0-5-6,all_distinct,11,0.0
3D Lotto,9PM,2023-12-11,7-4-8,7,4,8,4500.0,346,valid,2711,4-7-8,all_distinct,19,0.0
3D Lotto,9PM,2023-12-12,6-6-0,6,6,0,4500.0,592,valid,2712,0-6-6,one_pair,12,0.0
3D Lotto,9PM,2023-12-13,3-5-3,3,5,3,4500.0,239,valid,2713,3-3-5,one_pair,11,0.0
3D Lotto,9PM,2023-12-14,9-0-7,9,0,7,4500.0,433,valid,2714,0-7-9,all_distinct,16,0.0
3D Lotto,9PM,2023-12-15,7-2-6,7,2,6,4500.0,592,valid,2715,2-6-7,all_distinct,15,1.0
3D Lotto,9PM,2023-12-16,6-8-6,6,8,6,4500.0,290,valid,2716,6-6-8,one_pair,20,1.0
3D Lotto,9PM,2023-12-17,9-9-7,9,9,7,4500.0,218,valid,2717,7-9-9,one_pair,25,0.0
3D Lotto,9PM,2023-12-18,0-7-5,0,7,5,4500.0,159,valid,2718,0-5-7,all_distinct,12,1.0
3D Lotto,9PM,2023-12-19,3-2-4,3,2,4,4500.0,593,valid,2719,2-3-4,all_distinct,9,0.0
3D Lotto,9PM,2023-12-20,4-2-4,4,2,4,4500.0,593,valid,2720,2-4-4,one_pair,10,2.0
3D Lotto,9PM,2023-12-21,9-7-6,9,7,6,4500.0,406,valid,2721,6-7-9,all_distinct,22,0.0
3D Lotto,9PM,2023-12-22,6-1-8,6,1,8,4500.0,598,valid,2722,1-6-8,all_distinct,15,1.0
3D Lotto,9PM,2023-12-23,9-4-3,9,4,3,4500.0,381,valid,2723,3-4-9,all_distinct,16,0.0
3D Lotto,9PM,2023-12-24,9-1-3,9,1,3,4500.0,347,valid,2724,1-3-9,all_distinct,13,2.0
3D Lotto,9PM,2023-12-26,7-6-9,7,6,9,4500.0,412,valid,2725,6-7-9,all_distinct,22,1.0
3D Lotto,9PM,2023-12-27,0-0-4,0,0,4,4500.0,213,valid,2726,0-0-4,one_pair,4,0.0
3D Lotto,9PM,2023-12-28,4-3-0,4,3,0,4500.0,596,valid,2727,0-3-4,all_distinct,7,2.0
3D Lotto,9PM,2023-12-29,9-2-8,9,2,8,4500.0,599,valid,2728,2-8-9,all_distinct,19,0.0
3D Lotto,9PM,2023-12-30,4-0-7,4,0,7,4500.0,594,valid,2729,0-4-7,all_distinct,11,0.0
3D Lotto,9PM,2023-12-31,1-5-6,1,5,6,4500.0,425,valid,2730,1-5-6,all_distinct,12,0.0
3D Lotto,9PM,2024-01-02,5-4-7,5,4,7,4500.0,486,valid,2731,4-5-7,all_distinct,16,1.0
3D Lotto,9PM,2024-01-03,0-3-0,0,3,0,4500.0,442,valid,2732,0-0-3,one_pair,3,0.0
3D Lotto,9PM,2024-01-04,1-4-3,1,4,3,4500.0,626,valid,2733,1-3-4,all_distinct,8,1.0
3D Lotto,9PM,2024-01-05,1-2-3,1,2,3,4500.0,612,valid,2734,1-2-3,all_distinct,6,2.0
3D Lotto,9PM,2024-01-06,9-9-7,9,9,7,4500.0,228,valid,2735,7-9-9,one_pair,25,0.0
3D Lotto,9PM,2024-01-07,9-1-5,9,1,5,4500.0,478,valid,2736,1-5-9,all_distinct,15,1.0
3D Lotto,9PM,2024-01-08,5-3-5,5,3,5,4500.0,525,valid,2737,3-5-5,one_pair,13,1.0
3D Lotto,9PM,2024-01-09,4-1-5,4,1,5,4500.0,615,valid,2738,1-4-5,all_distinct,10,1.0
3D Lotto,9PM,2024-01-10,8-1-0,8,1,0,4500.0,601,valid,2739,0-1-8,all_distinct,9,1.0
3D Lotto,9PM,2024-01-11,9-9-1,9,9,1,4500.0,324,valid,2740,1-9-9,one_pair,19,1.0
3D Lotto,9PM,2024-01-12,2-4-1,2,4,1,4500.0,595,valid,2741,1-2-4,all_distinct,7,1.0
3D Lotto,9PM,2024-01-13,0-2-4,0,2,4,4500.0,604,valid,2742,0-2-4,all_distinct,6,2.0
3D Lotto,9PM,2024-01-14,3-1-0,3,1,0,4500.0,606,valid,2743,0-1-3,all_distinct,4,1.0
3D Lotto,9PM,2024-01-15,1-3-8,1,3,8,4500.0,615,valid,2744,1-3-8,all_distinct,12,2.0
3D Lotto,9PM,2024-01-16,5-8-4,5,8,4,4500.0,296,valid,2745,4-5-8,all_distinct,17,1.0
3D Lotto,9PM,2024-01-17,1-2-9,1,2,9,4500.0,656,valid,2746,1-2-9,all_distinct,12,0.0
3D Lotto,9PM,2024-01-18,9-1-5,9,1,5,4500.0,592,valid,2747,1-5-9,all_distinct,15,2.0
3D Lotto,9PM,2024-01-19,4-7-4,4,7,4,4500.0,264,valid,2748,4-4-7,one_pair,15,0.0
3D Lotto,9PM,2024-01-20,3-7-4,3,7,4,4500.0,440,valid,2749,3-4-7,all_distinct,14,2.0
3D Lotto,9PM,2024-01-21,1-7-3,1,7,3,4500.0,607,valid,2750,1-3-7,all_distinct,11,2.0
3D Lotto,9PM,2024-01-22,5-5-6,5,5,6,4500.0,331,valid,2751,5-5-6,one_pair,16,0.0
3D Lotto,9PM,2024-01-23,4-4-1,4,4,1,4500.0,437,valid,2752,1-4-4,one_pair,9,0.0
3D Lotto,9PM,2024-01-24,0-2-5,0,2,5,4500.0,605,valid,2753,0-2-5,all_distinct,7,0.0
3D Lotto,9PM,2024-01-25,0-6-7,0,6,7,4500.0,237,valid,2754,0-6-7,all_distinct,13,1.0
3D Lotto,9PM,2024-01-26,4-0-2,4,0,2,4500.0,394,valid,2755,0-2-4,all_distinct,6,1.0
3D Lotto,9PM,2024-01-27,2-5-7,2,5,7,4500.0,618,valid,2756,2-5-7,all_distinct,14,1.0
3D Lotto,9PM,2024-01-28,4-5-8,4,5,8,4500.0,604,valid,2757,4-5-8,all_distinct,17,1.0
3D Lotto,9PM,2024-01-29,2-2-4,2,2,4,4500.0,635,valid,2758,2-2-4,one_pair,8,1.0
3D Lotto,9PM,2024-01-30,6-7-1,6,7,1,4500.0,312,valid,2759,1-6-7,all_distinct,14,0.0
3D Lotto,9PM,2024-01-31,0-8-2,0,8,2,4500.0,200,valid,2760,0-2-8,all_distinct,10,0.0
3D Lotto,9PM,2024-02-01,4-8-7,4,8,7,4500.0,398,valid,2761,4-7-8,all_distinct,19,1.0
3D Lotto,9PM,2024-02-02,9-8-4,9,8,4,4500.0,285,valid,2762,4-8-9,all_distinct,21,2.0
3D Lotto,9PM,2024-02-03,0-1-3,0,1,3,4500.0,449,valid,2763,0-1-3,all_distinct,4,0.0
3D Lotto,9PM,2024-02-04,0-4-8,0,4,8,4500.0,332,valid,2764,0-4-8,all_distinct,12,1.0
3D Lotto,9PM,2024-02-05,2-7-5,2,7,5,4500.0,618,valid,2765,2-5-7,all_distinct,14,0.0
3D Lotto,9PM,2024-02-06,6-7-5,6,7,5,4500.0,384,valid,2766,5-6-7,all_distinct,18,2.0
3D Lotto,9PM,2024-02-07,7-5-3,7,5,3,4500.0,533,valid,2767,3-5-7,all_distinct,15,2.0
3D Lotto,9PM,2024-02-08,6-0-2,6,0,2,4500.0,398,valid,2768,0-2-6,all_distinct,8,0.0
3D Lotto,9PM,2024-02-09,8-0-5,8,0,5,4500.0,371,valid,2769,0-5-8,all_distinct,13,1.0
3D Lotto,9PM,2024-02-10,4-3-9,4,3,9,4500.0,391,valid,2770,3-4-9,all_distinct,16,0.0
3D Lotto,9PM,2024-02-11,9-7-3,9,7,3,4500.0,449,valid,2771,3-7-9,all_distinct,19,2.0
3D Lotto,9PM,2024-02-12,4-5-1,4,5,1,4500.0,250,valid,2772,1-4-5,all_distinct,10,0.0
3D Lotto,9PM,2024-02-13,2-9-1,2,9,1,4500.0,384,valid,2773,1-2-9,all_distinct,12,1.0
3D Lotto,9PM,2024-02-14,2-3-0,2,3,0,4500.0,486,valid,2774,0-2-3,all_distinct,5,1.0
3D Lotto,9PM,2024-02-15,1-9-2,1,9,2,4500.0,551,valid,2775,1-2-9,all_distinct,12,1.0
3D Lotto,9PM,2024-02-16,8-7-0,8,7,0,4500.0,273,valid,2776,0-7-8,all_distinct,15,0.0
3D Lotto,9PM,2024-02-17,1-7-8,1,7,8,4500.0,602,valid,2777,1-7-8,all_distinct,16,2.0
3D Lotto,9PM,2024-02-18,2-4-5,2,4,5,4500.0,610,valid,2778,2-4-5,all_distinct,11,0.0
3D Lotto,9PM,2024-02-19,2-5-6,2,5,6,4500.0,602,valid,2779,2-5-6,all_distinct,13,2.0
3D Lotto,9PM,2024-02-20,5-1-5,5,1,5,4500.0,620,valid,2780,1-5-5,one_pair,11,1.0
3D Lotto,9PM,2024-02-21,9-4-9,9,4,9,4500.0,285,valid,2781,4-9-9,one_pair,22,0.0
3D Lotto,9PM,2024-02-22,9-7-3,9,7,3,4500.0,245,valid,2782,3-7-9,all_distinct,19,1.0
3D Lotto,9PM,2024-02-23,3-5-7,3,5,7,4500.0,628,valid,2783,3-5-7,all_distinct,15,2.0
3D Lotto,9PM,2024-02-24,3-4-3,3,4,3,4500.0,292,valid,2784,3-3-4,one_pair,10,1.0
3D Lotto,9PM,2024-02-25,6-0-9,6,0,9,4500.0,499,valid,2785,0-6-9,all_distinct,15,0.0
3D Lotto,9PM,2024-02-26,8-9-4,8,9,4,4500.0,209,valid,2786,4-8-9,all_distinct,21,1.0
3D Lotto,9PM,2024-02-27,3-6-0,3,6,0,4500.0,602,valid,2787,0-3-6,all_distinct,9,0.0
3D Lotto,9PM,2024-02-28,8-6-5,8,6,5,4500.0,331,valid,2788,5-6-8,all_distinct,19,1.0
3D Lotto,9PM,2024-02-29,4-8-7,4,8,7,4500.0,515,valid,2789,4-7-8,all_distinct,19,1.0
3D Lotto,9PM,2024-03-01,8-7-0,8,7,0,4500.0,117,valid,2790,0-7-8,all_distinct,15,2.0
3D Lotto,9PM,2024-03-02,5-8-8,5,8,8,4500.0,604,valid,2791,5-8-8,one_pair,21,1.0
3D Lotto,9PM,2024-03-03,9-6-8,9,6,8,4500.0,241,valid,2792,6-8-9,all_distinct,23,1.0
3D Lotto,9PM,2024-03-04,4-0-5,4,0,5,4500.0,444,valid,2793,0-4-5,all_distinct,9,0.0
3D Lotto,9PM,2024-03-05,6-7-1,6,7,1,4500.0,448,valid,2794,1-6-7,all_distinct,14,0.0
3D Lotto,9PM,2024-03-06,4-1-1,4,1,1,4500.0,613,valid,2795,1-1-4,one_pair,6,1.0
3D Lotto,9PM,2024-03-07,3-6-5,3,6,5,4500.0,570,valid,2796,3-5-6,all_distinct,14,0.0
3D Lotto,9PM,2024-03-08,0-0-3,0,0,3,4500.0,199,valid,2797,0-0-3,one_pair,3,1.0
3D Lotto,9PM,2024-03-09,5-6-4,5,6,4,4500.0,383,valid,2798,4-5-6,all_distinct,15,0.0
3D Lotto,9PM,2024-03-10,2-2-1,2,2,1,4500.0,650,valid,2799,1-2-2,one_pair,5,0.0
3D Lotto,9PM,2024-03-11,8-8-2,8,8,2,4500.0,247,valid,2800,2-8-8,one_pair,18,1.0
3D Lotto,9PM,2024-03-12,2-8-9,2,8,9,4500.0,486,valid,2801,2-8-9,all_distinct,19,2.0
3D Lotto,9PM,2024-03-13,9-0-9,9,0,9,4500.0,286,valid,2802,0-9-9,one_pair,18,1.0
3D Lotto,9PM,2024-03-14,4-2-2,4,2,2,4500.0,423,valid,2803,2-2-4,one_pair,8,0.0
3D Lotto,9PM,2024-03-15,2-9-5,2,9,5,4500.0,382,valid,2804,2-5-9,all_distinct,16,1.0
3D Lotto,9PM,2024-03-16,4-3-9,4,3,9,4500.0,284,valid,2805,3-4-9,all_distinct,16,1.0
3D Lotto,9PM,2024-03-17,0-4-2,0,4,2,4500.0,298,valid,2806,0-2-4,all_distinct,6,1.0
3D Lotto,9PM,2024-03-18,3-7-9,3,7,9,4500.0,330,valid,2807,3-7-9,all_distinct,19,0.0
3D Lotto,9PM,2024-03-19,2-7-1,2,7,1,4500.0,382,valid,2808,1-2-7,all_distinct,10,1.0
3D Lotto,9PM,2024-03-20,4-2-7,4,2,7,4500.0,625,valid,2809,2-4-7,all_distinct,13,2.0
3D Lotto,9PM,2024-03-21,0-5-7,0,5,7,4500.0,266,valid,2810,0-5-7,all_distinct,12,1.0
3D Lotto,9PM,2024-03-22,7-9-6,7,9,6,4500.0,324,valid,2811,6-7-9,all_distinct,22,1.0
3D Lotto,9PM,2024-03-23,6-8-1,6,8,1,4500.0,259,valid,2812,1-6-8,all_distinct,15,1.0
3D Lotto,9PM,2024-03-24,7-4-0,7,4,0,4500.0,248,valid,2813,0-4-7,all_distinct,11,0.0
3D Lotto,9PM,2024-03-25,8-7-2,8,7,2,4500.0,250,valid,2814,2-7-8,all_distinct,17,1.0
3D Lotto,9PM,2024-03-26,5-0-5,5,0,5,4500.0,401,valid,2815,0-5-5,one_pair,10,0.0
3D Lotto,9PM,2024-03-27,3-0-2,3,0,2,4500.0,551,valid,2816,0-2-3,all_distinct,5,1.0
3D Lotto,9PM,2024-04-01,1-3-8,1,3,8,4500.0,614,valid,2817,1-3-8,all_distinct,12,1.0
3D Lotto,9PM,2024-04-02,4-2-5,4,2,5,4500.0,641,valid,2818,2-4-5,all_distinct,11,0.0
3D Lotto,9PM,2024-04-03,4-5-4,4,5,4,4500.0,602,valid,2819,4-4-5,one_pair,13,2.0
3D Lotto,9PM,2024-04-04,1-8-0,1,8,0,4500.0,496,valid,2820,0-1-8,all_distinct,9,0.0
3D Lotto,9PM,2024-04-05,6-0-4,6,0,4,4500.0,423,valid,2821,0-4-6,all_distinct,10,1.0
3D Lotto,9PM,2024-04-06,3-4-1,3,4,1,4500.0,465,valid,2822,1-3-4,all_distinct,8,1.0
3D Lotto,9PM,2024-04-07,1-4-3,1,4,3,4500.0,568,valid,2823,1-3-4,all_distinct,8,3.0
3D Lotto,9PM,2024-04-08,7-5-6,7,5,6,4500.0,426,valid,2824,5-6-7,all_distinct,18,0.0
3D Lotto,9PM,2024-04-09,2-9-6,2,9,6,4500.0,293,valid,2825,2-6-9,all_distinct,17,1.0
3D Lotto,9PM,2024-04-10,5-9-2,5,9,2,4500.0,282,valid,2826,2-5-9,all_distinct,16,2.0
3D Lotto,9PM,2024-04-11,4-2-1,4,2,1,4500.0,619,valid,2827,1-2-4,all_distinct,7,1.0
3D Lotto,9PM,2024-04-12,7-5-6,7,5,6,4500.0,137,valid,2828,5-6-7,all_distinct,18,0.0
3D Lotto,9PM,2024-04-13,4-8-1,4,8,1,4500.0,613,valid,2829,1-4-8,all_distinct,13,0.0
3D Lotto,9PM,2024-04-14,9-4-0,9,4,0,4500.0,345,valid,2830,0-4-9,all_distinct,13,1.0
3D Lotto,9PM,2024-04-15,4-0-3,4,0,3,4500.0,559,valid,2831,0-3-4,all_distinct,7,2.0
3D Lotto,9PM,2024-04-16,4-4-0,4,4,0,4500.0,592,valid,2832,0-4-4,one_pair,8,2.0
3D Lotto,9PM,2024-04-17,2-5-0,2,5,0,4500.0,610,valid,2833,0-2-5,all_distinct,7,1.0
3D Lotto,9PM,2024-04-18,5-2-8,5,2,8,4500.0,636,valid,2834,2-5-8,all_distinct,15,2.0
3D Lotto,9PM,2024-04-19,1-1-5,1,1,5,4500.0,597,valid,2835,1-1-5,one_pair,7,1.0
3D Lotto,9PM,2024-04-20,0-2-7,0,2,7,4500.0,417,valid,2836,0-2-7,all_distinct,9,0.0
3D Lotto,9PM,2024-04-21,6-1-6,6,1,6,4500.0,420,valid,2837,1-6-6,one_pair,13,0.0
3D Lotto,9PM,2024-04-22,2-2-4,2,2,4,4500.0,635,valid,2838,2-2-4,one_pair,8,0.0
3D Lotto,9PM,2024-04-23,8-4-4,8,4,4,4500.0,444,valid,2839,4-4-8,one_pair,16,1.0
3D Lotto,9PM,2024-04-24,7-4-9,7,4,9,4500.0,584,valid,2840,4-7-9,all_distinct,20,1.0
3D Lotto,9PM,2024-04-25,8-5-1,8,5,1,4500.0,356,valid,2841,1-5-8,all_distinct,14,0.0
3D Lotto,9PM,2024-04-26,9-3-9,9,3,9,4500.0,161,valid,2842,3-9-9,one_pair,21,0.0
3D Lotto,9PM,2024-04-27,6-0-7,6,0,7,4500.0,181,valid,2843,0-6-7,all_distinct,13,0.0
3D Lotto,9PM,2024-04-28,8-5-7,8,5,7,4500.0,362,valid,2844,5-7-8,all_distinct,20,1.0
3D Lotto,9PM,2024-04-29,7-1-1,7,1,1,4500.0,604,valid,2845,1-1-7,one_pair,9,1.0
3D Lotto,9PM,2024-04-30,3-2-3,3,2,3,4500.0,612,valid,2846,2-3-3,one_pair,8,0.0
3D Lotto,9PM,2024-05-01,0-7-5,0,7,5,4500.0,166,valid,2847,0-5-7,all_distinct,12,0.0
3D Lotto,9PM,2024-05-02,4-8-2,4,8,2,4500.0,273,valid,2848,2-4-8,all_distinct,14,0.0
3D Lotto,9PM,2024-05-03,6-0-6,6,0,6,4500.0,391,valid,2849,0-6-6,one_pair,12,0.0
3D Lotto,9PM,2024-05-04,6-1-7,6,1,7,4500.0,604,valid,2850,1-6-7,all_distinct,14,1.0
3D Lotto,9PM,2024-05-05,0-5-4,0,5,4,4500.0,248,valid,2851,0-4-5,all_distinct,9,0.0
3D Lotto,9PM,2024-05-06,0-1-3,0,1,3,4500.0,514,valid,2852,0-1-3,all_distinct,4,1.0
3D Lotto,9PM,2024-05-07,4-2-5,4,2,5,4500.0,617,valid,2853,2-4-5,all_distinct,11,0.0
3D Lotto,9PM,2024-05-08,8-7-3,8,7,3,4500.0,209,valid,2854,3-7-8,all_distinct,18,0.0
3D Lotto,9PM,2024-05-09,7-4-1,7,4,1,4500.0,613,valid,2855,1-4-7,all_distinct,12,1.0
3D Lotto,9PM,2024-05-10,0-8-3,0,8,3,4500.0,188,valid,2856,0-3-8,all_distinct,11,0.0
3D Lotto,9PM,2024-05-11,7-2-9,7,2,9,4500.0,626,valid,2857,2-7-9,all_distinct,18,0.0
3D Lotto,9PM,2024-05-12,0-3-7,0,3,7,4500.0,282,valid,2858,0-3-7,all_distinct,10,1.0
3D Lotto,9PM,2024-05-13,6-4-5,6,4,5,4500.0,392,valid,2859,4-5-6,all_distinct,15,0.0
3D Lotto,9PM,2024-05-14,1-9-2,1,9,2,4500.0,428,valid,2860,1-2-9,all_distinct,12,0.0
3D Lotto,9PM,2024-05-15,1-1-1,1,1,1,4500.0,674,valid,2861,1-1-1,triple,3,1.0
3D Lotto,9PM,2024-05-16,9-6-3,9,6,3,4500.0,407,valid,2862,3-6-9,all_distinct,18,0.0
3D Lotto,9PM,2024-05-17,5-6-4,5,6,4,4500.0,251,valid,2863,4-5-6,all_distinct,15,1.0
3D Lotto,9PM,2024-05-18,0-5-2,0,5,2,4500.0,290,valid,2864,0-2-5,all_distinct,7,1.0
3D Lotto,9PM,2024-05-19,3-2-7,3,2,7,4500.0,638,valid,2865,2-3-7,all_distinct,12,1.0
3D Lotto,9PM,2024-05-20,4-2-1,4,2,1,4500.0,618,valid,2866,1-2-4,all_distinct,7,1.0
3D Lotto,9PM,2024-05-21,8-1-9,8,1,9,4500.0,631,valid,2867,1-8-9,all_distinct,18,1.0
3D Lotto,9PM,2024-05-22,7-1-1,7,1,1,4500.0,413,valid,2868,1-1-7,one_pair,9,1.0
3D Lotto,9PM,2024-05-23,2-0-9,2,0,9,4500.0,623,valid,2869,0-2-9,all_distinct,11,0.0
3D Lotto,9PM,2024-05-24,1-6-4,1,6,4,4500.0,551,valid,2870,1-4-6,all_distinct,11,0.0
3D Lotto,9PM,2024-05-25,1-2-7,1,2,7,4500.0,628,valid,2871,1-2-7,all_distinct,10,1.0
3D Lotto,9PM,2024-05-26,7-3-5,7,3,5,4500.0,598,valid,2872,3-5-7,all_distinct,15,1.0
3D Lotto,9PM,2024-05-27,3-5-5,3,5,5,4500.0,301,valid,2873,3-5-5,one_pair,13,2.0
3D Lotto,9PM,2024-05-28,5-9-5,5,9,5,4500.0,315,valid,2874,5-5-9,one_pair,19,2.0
3D Lotto,9PM,2024-05-29,7-9-3,7,9,3,4500.0,189,valid,2875,3-7-9,all_distinct,19,1.0
3D Lotto,9PM,2024-05-30,4-2-4,4,2,4,4500.0,468,valid,2876,2-4-4,one_pair,10,0.0
3D Lotto,9PM,2024-05-31,6-6-6,6,6,6,4500.0,587,valid,2877,6-6-6,triple,18,0.0
3D Lotto,9PM,2024-06-01,2-8-4,2,8,4,4500.0,335,valid,2878,2-4-8,all_distinct,14,0.0
3D Lotto,9PM,2024-06-02,8-5-7,8,5,7,4500.0,294,valid,2879,5-7-8,all_distinct,20,1.0
3D Lotto,9PM,2024-06-03,7-2-5,7,2,5,4500.0,625,valid,2880,2-5-7,all_distinct,14,2.0
3D Lotto,9PM,2024-06-04,8-8-3,8,8,3,4500.0,162,valid,2881,3-8-8,one_pair,19,0.0
3D Lotto,9PM,2024-06-05,7-8-7,7,8,7,4500.0,304,valid,2882,7-7-8,one_pair,22,1.0
3D Lotto,9PM,2024-06-06,0-7-6,0,7,6,4500.0,194,valid,2883,0-6-7,all_distinct,13,1.0
3D Lotto,9PM,2024-06-07,2-7-4,2,7,4,4500.0,300,valid,2884,2-4-7,all_distinct,13,1.0
3D Lotto,9PM,2024-06-08,7-0-9,7,0,9,4500.0,412,valid,2885,0-7-9,all_distinct,16,1.0
3D Lotto,9PM,2024-06-09,1-0-8,1,0,8,4500.0,616,valid,2886,0-1-8,all_distinct,9,1.0
3D Lotto,9PM,2024-06-10,9-3-1,9,3,1,4500.0,273,valid,2887,1-3-9,all_distinct,13,1.0
3D Lotto,9PM,2024-06-11,4-5-0,4,5,0,4500.0,288,valid,2888,0-4-5,all_distinct,9,0.0
3D Lotto,9PM,2024-06-12,3-3-2,3,3,2,4500.0,261,valid,2889,2-3-3,one_pair,8,0.0
3D Lotto,9PM,2024-06-13,0-7-1,0,7,1,4500.0,317,valid,2890,0-1-7,all_distinct,8,0.0
3D Lotto,9PM,2024-06-14,4-4-9,4,4,9,4500.0,291,valid,2891,4-4-9,one_pair,17,0.0
3D Lotto,9PM,2024-06-15,9-3-2,9,3,2,4500.0,299,valid,2892,2-3-9,all_distinct,14,1.0
3D Lotto,9PM,2024-06-16,2-0-5,2,0,5,4500.0,373,valid,2893,0-2-5,all_distinct,7,1.0
3D Lotto,9PM,2024-06-17,0-4-7,0,4,7,4500.0,332,valid,2894,0-4-7,all_distinct,11,1.0
3D Lotto,9PM,2024-06-18,1-9-8,1,9,8,4500.0,545,valid,2895,1-8-9,all_distinct,18,0.0
3D Lotto,9PM,2024-06-19,8-7-6,8,7,6,4500.0,204,valid,2896,6-7-8,all_distinct,21,1.0
3D Lotto,9PM,2024-06-20,7-4-1,7,4,1,4500.0,620,valid,2897,1-4-7,all_distinct,12,1.0
3D Lotto,9PM,2024-06-21,2-0-7,2,0,7,4500.0,562,valid,2898,0-2-7,all_distinct,9,1.0
3D Lotto,9PM,2024-06-22,4-6-7,4,6,7,4500.0,260,valid,2899,4-6-7,all_distinct,17,1.0
3D Lotto,9PM,2024-06-23,2-0-7,2,0,7,4500.0,238,valid,2900,0-2-7,all_distinct,9,1.0
3D Lotto,9PM,2024-06-24,3-7-9,3,7,9,4500.0,324,valid,2901,3-7-9,all_distinct,19,1.0
3D Lotto,9PM,2024-06-25,5-9-8,5,9,8,4500.0,148,valid,2902,5-8-9,all_distinct,22,1.0
3D Lotto,9PM,2024-06-26,6-6-2,6,6,2,4500.0,551,valid,2903,2-6-6,one_pair,14,0.0
3D Lotto,9PM,2024-06-27,7-4-0,7,4,0,4500.0,376,valid,2904,0-4-7,all_distinct,11,0.0
3D Lotto,9PM,2024-06-28,2-2-0,2,2,0,4500.0,610,valid,2905,0-2-2,one_pair,4,1.0
3D Lotto,9PM,2024-06-29,2-8-7,2,8,7,4500.0,344,valid,2906,2-7-8,all_distinct,17,1.0
3D Lotto,9PM,2024-06-30,3-6-1,3,6,1,4500.0,385,valid,2907,1-3-6,all_distinct,10,0.0
3D Lotto,9PM,2024-07-01,9-6-4,9,6,4,4500.0,208,valid,2908,4-6-9,all_distinct,19,1.0
3D Lotto,9PM,2024-07-02,1-7-7,1,7,7,4500.0,609,valid,2909,1-7-7,one_pair,15,0.0
3D Lotto,9PM,2024-07-03,3-5-3,3,5,3,4500.0,441,valid,2910,3-3-5,one_pair,11,0.0
3D Lotto,9PM,2024-07-04,8-0-8,8,0,8,4500.0,522,valid,2911,0-8-8,one_pair,16,0.0
3D Lotto,9PM,2024-07-05,2-5-9,2,5,9,4500.0,428,valid,2912,2-5-9,all_distinct,16,0.0
3D Lotto,9PM,2024-07-06,7-3-4,7,3,4,4500.0,595,valid,2913,3-4-7,all_distinct,14,0.0
3D Lotto,9PM,2024-07-07,3-2-6,3,2,6,4500.0,459,valid,2914,2-3-6,all_distinct,11,1.0
3D Lotto,9PM,2024-07-08,8-0-3,8,0,3,4500.0,495,valid,2915,0-3-8,all_distinct,11,1.0
3D Lotto,9PM,2024-07-09,3-8-9,3,8,9,4500.0,356,valid,2916,3-8-9,all_distinct,20,2.0
3D Lotto,9PM,2024-07-10,6-1-6,6,1,6,4500.0,395,valid,2917,1-6-6,one_pair,13,0.0
3D Lotto,9PM,2024-07-11,9-4-2,9,4,2,4500.0,293,valid,2918,2-4-9,all_distinct,15,0.0
3D Lotto,9PM,2024-07-12,7-5-8,7,5,8,4500.0,514,valid,2919,5-7-8,all_distinct,20,0.0
3D Lotto,9PM,2024-07-13,4-0-9,4,0,9,4500.0,432,valid,2920,0-4-9,all_distinct,13,0.0
3D Lotto,9PM,2024-07-14,7-3-6,7,3,6,4500.0,570,valid,2921,3-6-7,all_distinct,16,0.0
3D Lotto,9PM,2024-07-15,4-7-4,4,7,4,4500.0,266,valid,2922,4-4-7,one_pair,15,1.0
3D Lotto,9PM,2024-07-16,8-5-0,8,5,0,4500.0,483,valid,2923,0-5-8,all_distinct,13,0.0
3D Lotto,9PM,2024-07-17,4-0-4,4,0,4,4500.0,353,valid,2924,0-4-4,one_pair,8,1.0
3D Lotto,9PM,2024-07-18,6-5-0,6,5,0,4500.0,542,valid,2925,0-5-6,all_distinct,11,1.0
3D Lotto,9PM,2024-07-19,0-7-9,0,7,9,4500.0,237,valid,2926,0-7-9,all_distinct,16,1.0
3D Lotto,9PM,2024-07-20,9-4-6,9,4,6,4500.0,215,valid,2927,4-6-9,all_distinct,19,1.0
3D Lotto,9PM,2024-07-21,3-2-7,3,2,7,4500.0,590,valid,2928,2-3-7,all_distinct,12,0.0
3D Lotto,9PM,2024-07-22,3-1-5,3,1,5,4500.0,592,valid,2929,1-3-5,all_distinct,9,1.0
3D Lotto,9PM,2024-07-23,9-0-6,9,0,6,4500.0,330,valid,2930,0-6-9,all_distinct,15,0.0
3D Lotto,9PM,2024-07-24,6-7-9,6,7,9,4500.0,308,valid,2931,6-7-9,all_distinct,22,2.0
3D Lotto,9PM,2024-07-25,0-0-4,0,0,4,4500.0,122,valid,2932,0-0-4,one_pair,4,0.0
3D Lotto,9PM,2024-07-26,8-9-6,8,9,6,4500.0,237,valid,2933,6-8-9,all_distinct,23,0.0
3D Lotto,9PM,2024-07-27,8-5-9,8,5,9,4500.0,311,valid,2934,5-8-9,all_distinct,22,2.0
3D Lotto,9PM,2024-07-28,1-2-0,1,2,0,4500.0,592,valid,2935,0-1-2,all_distinct,3,0.0
3D Lotto,9PM,2024-07-29,5-7-1,5,7,1,4500.0,292,valid,2936,1-5-7,all_distinct,13,1.0
3D Lotto,9PM,2024-07-30,4-3-1,4,3,1,4500.0,318,valid,2937,1-3-4,all_distinct,8,1.0
3D Lotto,9PM,2024-07-31,4-2-2,4,2,2,4500.0,233,valid,2938,2-2-4,one_pair,8,1.0
3D Lotto,9PM,2024-08-01,3-9-0,3,9,0,4500.0,284,valid,2939,0-3-9,all_distinct,12,0.0
3D Lotto,9PM,2024-08-02,9-7-2,9,7,2,4500.0,357,valid,2940,2-7-9,all_distinct,18,1.0
3D Lotto,9PM,2024-08-03,9-2-4,9,2,4,4500.0,353,valid,2941,2-4-9,all_distinct,15,2.0
3D Lotto,9PM,2024-08-04,8-8-1,8,8,1,4500.0,334,valid,2942,1-8-8,one_pair,17,0.0
3D Lotto,9PM,2024-08-05,8-2-7,8,2,7,4500.0,592,valid,2943,2-7-8,all_distinct,17,1.0
3D Lotto,9PM,2024-08-06,7-3-5,7,3,5,4500.0,519,valid,2944,3-5-7,all_distinct,15,1.0
3D Lotto,9PM,2024-08-07,4-3-5,4,3,5,4500.0,527,valid,2945,3-4-5,all_distinct,12,2.0
3D Lotto,9PM,2024-08-08,5-5-6,5,5,6,4500.0,210,valid,2946,5-5-6,one_pair,16,1.0
3D Lotto,9PM,2024-08-09,0-9-5,0,9,5,4500.0,174,valid,2947,0-5-9,all_distinct,14,1.0
3D Lotto,9PM,2024-08-10,9-3-0,9,3,0,4500.0,585,valid,2948,0-3-9,all_distinct,12,2.0
3D Lotto,9PM,2024-08-11,8-3-1,8,3,1,4500.0,592,valid,2949,1-3-8,all_distinct,12,1.0
3D Lotto,9PM,2024-08-12,8-4-8,8,4,8,4500.0,418,valid,2950,4-8-8,one_pair,20,1.0
3D Lotto,9PM,2024-08-13,2-3-5,2,3,5,4500.0,592,valid,2951,2-3-5,all_distinct,10,0.0
3D Lotto,9PM,2024-08-14,9-2-2,9,2,2,4500.0,397,valid,2952,2-2-9,one_pair,13,1.0
3D Lotto,9PM,2024-08-15,3-8-8,3,8,8,4500.0,396,valid,2953,3-8-8,one_pair,19,0.0
3D Lotto,9PM,2024-08-16,3-3-1,3,3,1,4500.0,353,valid,2954,1-3-3,one_pair,7,1.0
3D Lotto,9PM,2024-08-17,2-0-1,2,0,1,4500.0,592,valid,2955,0-1-2,all_distinct,3,1.0
3D Lotto,9PM,2024-08-18,0-2-8,0,2,8,4500.0,321,valid,2956,0-2-8,all_distinct,10,2.0
3D Lotto,9PM,2024-08-19,4-0-8,4,0,8,4500.0,450,valid,2957,0-4-8,all_distinct,12,2.0
3D Lotto,9PM,2024-08-20,8-9-9,8,9,9,4500.0,141,valid,2958,8-9-9,one_pair,26,1.0
3D Lotto,9PM,2024-08-21,7-3-9,7,3,9,4500.0,386,valid,2959,3-7-9,all_distinct,19,1.0
3D Lotto,9PM,2024-08-22,7-0-2,7,0,2,4500.0,253,valid,2960,0-2-7,all_distinct,9,1.0
3D Lotto,9PM,2024-08-23,2-3-1,2,3,1,4500.0,592,valid,2961,1-2-3,all_distinct,6,1.0
3D Lotto,9PM,2024-08-24,5-7-9,5,7,9,4500.0,575,valid,2962,5-7-9,all_distinct,21,0.0
3D Lotto,9PM,2024-08-25,9-7-4,9,7,4,4500.0,287,valid,2963,4-7-9,all_distinct,20,2.0
3D Lotto,9PM,2024-08-26,7-4-2,7,4,2,4500.0,592,valid,2964,2-4-7,all_distinct,13,2.0
3D Lotto,9PM,2024-08-27,3-7-5,3,7,5,4500.0,592,valid,2965,3-5-7,all_distinct,15,1.0
3D Lotto,9PM,2024-08-28,9-0-1,9,0,1,4500.0,592,valid,2966,0-1-9,all_distinct,10,0.0
3D Lotto,9PM,2024-08-29,7-5-7,7,5,7,4500.0,351,valid,2967,5-7-7,one_pair,19,0.0
3D Lotto,9PM,2024-08-30,1-2-6,1,2,6,4500.0,592,valid,2968,1-2-6,all_distinct,9,0.0
3D Lotto,9PM,2024-08-31,9-6-8,9,6,8,4500.0,280,valid,2969,6-8-9,all_distinct,23,1.0
3D Lotto,9PM,2024-09-01,7-5-8,7,5,8,4500.0,319,valid,2970,5-7-8,all_distinct,20,1.0
3D Lotto,9PM,2024-09-02,6-7-1,6,7,1,4500.0,284,valid,2971,1-6-7,all_distinct,14,1.0
3D Lotto,9PM,2024-09-03,1-9-1,1,9,1,4500.0,592,valid,2972,1-1-9,one_pair,11,1.0
3D Lotto,9PM,2024-09-04,0-1-7,0,1,7,4500.0,326,valid,2973,0-1-7,all_distinct,8,1.0
3D Lotto,9PM,2024-09-05,7-5-1,7,5,1,4500.0,474,valid,2974,1-5-7,all_distinct,13,2.0
3D Lotto,9PM,2024-09-06,9-1-1,9,1,1,4500.0,592,valid,2975,1-1-9,one_pair,11,1.0
3D Lotto,9PM,2024-09-07,6-5-5,6,5,5,4500.0,305,valid,2976,5-5-6,one_pair,16,0.0
3D Lotto,9PM,2024-09-08,5-4-5,5,4,5,4500.0,338,valid,2977,4-5-5,one_pair,14,2.0
3D Lotto,9PM,2024-09-09,9-3-3,9,3,3,4500.0,508,valid,2978,3-3-9,one_pair,15,0.0
3D Lotto,9PM,2024-09-10,9-4-9,9,4,9,4500.0,592,valid,2979,4-9-9,one_pair,22,1.0
3D Lotto,9PM,2024-09-11,6-2-9,6,2,9,4500.0,592,valid,2980,2-6-9,all_distinct,17,1.0
3D Lotto,9PM,2024-09-12,0-1-4,0,1,4,4500.0,183,valid,2981,0-1-4,all_distinct,5,0.0
3D Lotto,9PM,2024-09-13,2-6-3,2,6,3,4500.0,396,valid,2982,2-3-6,all_distinct,11,0.0
3D Lotto,9PM,2024-09-14,7-3-2,7,3,2,4500.0,311,valid,2983,2-3-7,all_distinct,12,2.0
3D Lotto,9PM,2024-09-15,1-1-8,1,1,8,4500.0,592,valid,2984,1-1-8,one_pair,10,0.0
3D Lotto,9PM,2024-09-16,4-4-2,4,4,2,4500.0,281,valid,2985,2-4-4,one_pair,10,0.0
3D Lotto,9PM,2024-09-17,4-0-0,4,0,0,4500.0,427,valid,2986,0-0-4,one_pair,4,1.0
3D Lotto,9PM,2024-09-18,0-6-4,0,6,4,4500.0,199,valid,2987,0-4-6,all_distinct,10,2.0
3D Lotto,9PM,2024-09-19,2-1-3,2,1,3,4500.0,592,valid,2988,1-2-3,all_distinct,6,0.0
3D Lotto,9PM,2024-09-20,2-7-5,2,7,5,4500.0,423,valid,2989,2-5-7,all_distinct,14,1.0
3D Lotto,9PM,2024-09-21,9-2-4,9,2,4,4500.0,592,valid,2990,2-4-9,all_distinct,15,1.0
3D Lotto,9PM,2024-09-22,7-5-3,7,5,3,4500.0,355,valid,2991,3-5-7,all_distinct,15,0.0
3D Lotto,9PM,2024-09-23,6-1-5,6,1,5,4500.0,494,valid,2992,1-5-6,all_distinct,12,1.0
3D Lotto,9PM,2024-09-24,3-4-7,3,4,7,4500.0,277,valid,2993,3-4-7,all_distinct,14,0.0
3D Lotto,9PM,2024-09-25,2-2-3,2,2,3,4500.0,511,valid,2994,2-2-3,one_pair,7,1.0
3D Lotto,9PM,2024-09-26,2-2-9,2,2,9,4500.0,592,valid,2995,2-2-9,one_pair,13,2.0
3D Lotto,9PM,2024-09-27,7-0-3,7,0,3,4500.0,331,valid,2996,0-3-7,all_distinct,10,0.0
3D Lotto,9PM,2024-09-28,2-4-0,2,4,0,4500.0,280,valid,2997,0-2-4,all_distinct,6,1.0
3D Lotto,9PM,2024-09-29,7-5-1,7,5,1,4500.0,219,valid,2998,1-5-7,all_distinct,13,0.0
3D Lotto,9PM,2024-09-30,3-0-1,3,0,1,4500.0,592,valid,2999,0-1-3,all_distinct,4,1.0
3D Lotto,9PM,2024-10-01,8-2-0,8,2,0,4500.0,388,valid,3000,0-2-8,all_distinct,10,1.0
3D Lotto,9PM,2024-10-02,2-6-6,2,6,6,4500.0,340,valid,3001,2-6-6,one_pair,14,1.0
3D Lotto,9PM,2024-10-03,3-0-8,3,0,8,4500.0,465,valid,3002,0-3-8,all_distinct,11,0.0
3D Lotto,9PM,2024-10-04,8-3-2,8,3,2,4500.0,322,valid,3003,2-3-8,all_distinct,13,2.0
3D Lotto,9PM,2024-10-05,2-8-3,2,8,3,4500.0,374,valid,3004,2-3-8,all_distinct,13,3.0
3D Lotto,9PM,2024-10-06,2-5-1,2,5,1,4500.0,492,valid,3005,1-2-5,all_distinct,8,1.0
3D Lotto,9PM,2024-10-07,2-6-7,2,6,7,4500.0,244,valid,3006,2-6-7,all_distinct,15,1.0
3D Lotto,9PM,2024-10-08,6-6-6,6,6,6,4500.0,573,valid,3007,6-6-6,triple,18,1.0
3D Lotto,9PM,2024-10-09,7-3-4,7,3,4,4500.0,351,valid,3008,3-4-7,all_distinct,14,0.0
3D Lotto,9PM,2024-10-10,3-1-0,3,1,0,4500.0,592,valid,3009,0-1-3,all_distinct,4,1.0
3D Lotto,9PM,2024-10-11,5-3-3,5,3,3,4500.0,234,valid,3010,3-3-5,one_pair,11,1.0
3D Lotto,9PM,2024-10-12,6-7-1,6,7,1,4500.0,248,valid,3011,1-6-7,all_distinct,14,0.0
3D Lotto,9PM,2024-10-13,4-4-3,4,4,3,4500.0,283,valid,3012,3-4-4,one_pair,11,0.0
3D Lotto,9PM,2024-10-14,1-5-9,1,5,9,4500.0,592,valid,3013,1-5-9,all_distinct,15,0.0
3D Lotto,9PM,2024-10-15,7-0-1,7,0,1,4500.0,545,valid,3014,0-1-7,all_distinct,8,1.0
3D Lotto,9PM,2024-10-16,7-3-9,7,3,9,4500.0,489,valid,3015,3-7-9,all_distinct,19,1.0
3D Lotto,9PM,2024-10-17,0-3-2,0,3,2,4500.0,475,valid,3016,0-2-3,all_distinct,5,1.0
3D Lotto,9PM,2024-10-18,8-1-2,8,1,2,4500.0,382,valid,3017,1-2-8,all_distinct,11,1.0
3D Lotto,9PM,2024-10-19,0-9-3,0,9,3,4500.0,253,valid,3018,0-3-9,all_distinct,12,0.0
3D Lotto,9PM,2024-10-20,3-4-9,3,4,9,4500.0,450,valid,3019,3-4-9,all_distinct,16,2.0
3D Lotto,9PM,2024-10-21,6-5-3,6,5,3,4500.0,286,valid,3020,3-5-6,all_distinct,14,1.0
3D Lotto,9PM,2024-10-22,2-2-9,2,2,9,4500.0,474,valid,3021,2-2-9,one_pair,13,0.0
3D Lotto,9PM,2024-10-23,8-0-4,8,0,4,4500.0,223,valid,3022,0-4-8,all_distinct,12,0.0
3D Lotto,9PM,2024-10-24,8-7-4,8,7,4,4500.0,127,valid,3023,4-7-8,all_distinct,19,2.0
3D Lotto,9PM,2024-10-25,6-3-2,6,3,2,4500.0,403,valid,3024,2-3-6,all_distinct,11,0.0
3D Lotto,9PM,2024-10-26,4-4-7,4,4,7,4500.0,351,valid,3025,4-4-7,one_pair,15,0.0
3D Lotto,9PM,2024-10-27,4-7-0,4,7,0,4500.0,285,valid,3026,0-4-7,all_distinct,11,2.0
3D Lotto,9PM,2024-10-28,4-9-5,4,9,5,4500.0,124,valid,3027,4-5-9,all_distinct,18,1.0
3D Lotto,9PM,2024-10-29,6-6-8,6,6,8,4500.0,171,valid,3028,6-6-8,one_pair,20,0.0
3D Lotto,9PM,2024-10-30,3-0-8,3,0,8,4500.0,538,valid,3029,0-3-8,all_distinct,11,1.0
3D Lotto,9PM,2024-10-31,9-7-4,9,7,4,4500.0,321,valid,3030,4-7-9,all_distinct,20,0.0
3D Lotto,9PM,2024-11-01,7-8-6,7,8,6,4500.0,239,valid,3031,6-7-8,all_distinct,21,1.0
3D Lotto,9PM,2024-11-02,2-1-9,2,1,9,4500.0,523,valid,3032,1-2-9,all_distinct,12,0.0
3D Lotto,9PM,2024-11-03,9-3-0,9,3,0,4500.0,413,valid,3033,0-3-9,all_distinct,12,1.0
3D Lotto,9PM,2024-11-04,1-6-5,1,6,5,4500.0,478,valid,3034,1-5-6,all_distinct,12,0.0
3D Lotto,9PM,2024-11-05,7-2-1,7,2,1,4500.0,592,valid,3035,1-2-7,all_distinct,10,1.0
3D Lotto,9PM,2024-11-06,2-6-6,2,6,6,4500.0,289,valid,3036,2-6-6,one_pair,14,1.0
3D Lotto,9PM,2024-11-07,9-0-4,9,0,4,4500.0,303,valid,3037,0-4-9,all_distinct,13,0.0
3D Lotto,9PM,2024-11-08,8-9-4,8,9,4,4500.0,218,valid,3038,4-8-9,all_distinct,21,2.0
3D Lotto,9PM,2024-11-09,6-5-2,6,5,2,4500.0,467,valid,3039,2-5-6,all_distinct,13,0.0
3D Lotto,9PM,2024-11-10,2-6-6,2,6,6,4500.0,242,valid,3040,2-6-6,one_pair,14,2.0
3D Lotto,9PM,2024-11-11,6-4-3,6,4,3,4500.0,366,valid,3041,3-4-6,all_distinct,13,1.0
3D Lotto,9PM,2024-11-12,0-3-2,0,3,2,4500.0,191,valid,3042,0-2-3,all_distinct,5,1.0
3D Lotto,9PM,2024-11-13,3-7-1,3,7,1,4500.0,417,valid,3043,1-3-7,all_distinct,11,1.0
3D Lotto,9PM,2024-11-14,9-3-6,9,3,6,4500.0,303,valid,3044,3-6-9,all_distinct,18,1.0
3D Lotto,9PM,2024-11-15,3-3-9,3,3,9,4500.0,504,valid,3045,3-3-9,one_pair,15,2.0
3D Lotto,9PM,2024-11-16,2-9-5,2,9,5,4500.0,577,valid,3046,2-5-9,all_distinct,16,1.0
3D Lotto,9PM,2024-11-17,9-4-3,9,4,3,4500.0,297,valid,3047,3-4-9,all_distinct,16,1.0
3D Lotto,9PM,2024-11-18,6-2-8,6,2,8,4500.0,592,valid,3048,2-6-8,all_distinct,16,0.0
3D Lotto,9PM,2024-11-19,5-0-5,5,0,5,4500.0,405,valid,3049,0-5-5,one_pair,10,0.0
3D Lotto,9PM,2024-11-20,0-3-4,0,3,4,4500.0,311,valid,3050,0-3-4,all_distinct,7,1.0
3D Lotto,9PM,2024-11-21,8-7-1,8,7,1,4500.0,268,valid,3051,1-7-8,all_distinct,16,0.0
3D Lotto,9PM,2024-11-22,1-2-6,1,2,6,4500.0,592,valid,3052,1-2-6,all_distinct,9,1.0
3D Lotto,9PM,2024-11-23,0-8-2,0,8,2,4500.0,220,valid,3053,0-2-8,all_distinct,10,1.0
3D Lotto,9PM,2024-11-24,6-1-9,6,1,9,4500.0,592,valid,3054,1-6-9,all_distinct,16,0.0
3D Lotto,9PM,2024-11-25,3-4-4,3,4,4,4500.0,211,valid,3055,3-4-4,one_pair,11,0.0
3D Lotto,9PM,2024-11-26,9-1-7,9,1,7,4500.0,592,valid,3056,1-7-9,all_distinct,17,0.0
3D Lotto,9PM,2024-11-27,4-7-8,4,7,8,4500.0,527,valid,3057,4-7-8,all_distinct,19,1.0
3D Lotto,9PM,2024-11-28,5-8-3,5,8,3,4500.0,592,valid,3058,3-5-8,all_distinct,16,1.0
3D Lotto,9PM,2024-11-29,6-7-4,6,7,4,4500.0,327,valid,3059,4-6-7,all_distinct,17,0.0
3D Lotto,9PM,2024-11-30,4-8-6,4,8,6,4500.0,545,valid,3060,4-6-8,all_distinct,18,2.0
3D Lotto,9PM,2024-12-01,6-1-6,6,1,6,4500.0,473,valid,3061,1-6-6,one_pair,13,1.0
3D Lotto,9PM,2024-12-02,1-7-2,1,7,2,4500.0,467,valid,3062,1-2-7,all_distinct,10,1.0
3D Lotto,9PM,2024-12-03,0-4-7,0,4,7,4500.0,257,valid,3063,0-4-7,all_distinct,11,1.0
3D Lotto,9PM,2024-12-04,9-6-5,9,6,5,4500.0,250,valid,3064,5-6-9,all_distinct,20,0.0
3D Lotto,9PM,2024-12-05,5-7-4,5,7,4,4500.0,469,valid,3065,4-5-7,all_distinct,16,1.0
3D Lotto,9PM,2024-12-06,0-5-0,0,5,0,4500.0,429,valid,3066,0-0-5,one_pair,5,1.0
3D Lotto,9PM,2024-12-07,1-9-7,1,9,7,4500.0,432,valid,3067,1-7-9,all_distinct,17,0.0
3D Lotto,9PM,2024-12-08,3-6-4,3,6,4,4500.0,309,valid,3068,3-4-6,all_distinct,13,0.0
3D Lotto,9PM,2024-12-09,3-9-1,3,9,1,4500.0,314,valid,3069,1-3-9,all_distinct,13,1.0
3D Lotto,9PM,2024-12-10,9-9-8,9,9,8,4500.0,158,valid,3070,8-9-9,one_pair,26,1.0
3D Lotto,9PM,2024-12-11,4-2-5,4,2,5,4500.0,592,valid,3071,2-4-5,all_distinct,11,0.0
3D Lotto,9PM,2024-12-12,0-5-3,0,5,3,4500.0,326,valid,3072,0-3-5,all_distinct,8,1.0
3D Lotto,9PM,2024-12-13,2-3-0,2,3,0,4500.0,557,valid,3073,0-2-3,all_distinct,5,2.0
3D Lotto,9PM,2024-12-14,9-8-0,9,8,0,4500.0,318,valid,3074,0-8-9,all_distinct,17,1.0
3D Lotto,9PM,2024-12-15,4-8-8,4,8,8,4500.0,205,valid,3075,4-8-8,one_pair,20,1.0
3D Lotto,9PM,2024-12-16,8-3-9,8,3,9,4500.0,284,valid,3076,3-8-9,all_distinct,20,1.0
3D Lotto,9PM,2024-12-17,7-3-7,7,3,7,4500.0,292,valid,3077,3-7-7,one_pair,17,1.0
3D Lotto,9PM,2024-12-18,2-1-4,2,1,4,4500.0,592,valid,3078,1-2-4,all_distinct,7,0.0
3D Lotto,9PM,2024-12-19,3-2-3,3,2,3,4500.0,540,valid,3079,2-3-3,one_pair,8,1.0
3D Lotto,9PM,2024-12-20,1-6-5,1,6,5,4500.0,517,valid,3080,1-5-6,all_distinct,12,0.0
3D Lotto,9PM,2024-12-21,6-4-6,6,4,6,4500.0,563,valid,3081,4-6-6,one_pair,16,1.0
3D Lotto,9PM,2024-12-22,7-2-0,7,2,0,4500.0,592,valid,3082,0-2-7,all_distinct,9,0.0
3D Lotto,9PM,2024-12-23,3-3-4,3,3,4,4500.0,289,valid,3083,3-3-4,one_pair,10,0.0
3D Lotto,9PM,2024-12-24,8-5-0,8,5,0,4500.0,327,valid,3084,0-5-8,all_distinct,13,0.0
3D Lotto,9PM,2024-12-25,6-5-6,6,5,6,4500.0,185,valid,3085,5-6-6,one_pair,17,1.0
3D Lotto,9PM,2024-12-26,2-4-8,2,4,8,4500.0,592,valid,3086,2-4-8,all_distinct,14,0.0
3D Lotto,9PM,2024-12-27,4-6-3,4,6,3,4500.0,265,valid,3087,3-4-6,all_distinct,13,1.0
3D Lotto,9PM,2024-12-28,0-2-4,0,2,4,4500.0,592,valid,3088,0-2-4,all_distinct,6,1.0
3D Lotto,9PM,2024-12-29,7-4-8,7,4,8,4500.0,278,valid,3089,4-7-8,all_distinct,19,1.0
3D Lotto,9PM,2024-12-30,0-4-0,0,4,0,4500.0,154,valid,3090,0-0-4,one_pair,4,1.0
3D Lotto,9PM,2024-12-31,5-8-7,5,8,7,4500.0,227,valid,3091,5-7-8,all_distinct,20,0.0
3D Lotto,9PM,2025-01-01,6-4-5,6,4,5,4500.0,149,valid,3092,4-5-6,all_distinct,15,1.0
3D Lotto,9PM,2025-01-02,2-9-2,2,9,2,4500.0,350,valid,3093,2-2-9,one_pair,13,0.0
3D Lotto,9PM,2025-01-03,5-9-3,5,9,3,4500.0,592,valid,3094,3-5-9,all_distinct,17,1.0
3D Lotto,9PM,2025-01-04,5-5-1,5,5,1,4500.0,592,valid,3095,1-5-5,one_pair,11,1.0
3D Lotto,9PM,2025-01-05,2-0-8,2,0,8,4500.0,592,valid,3096,0-2-8,all_distinct,10,0.0
3D Lotto,9PM,2025-01-06,6-8-1,6,8,1,4500.0,314,valid,3097,1-6-8,all_distinct,15,1.0
3D Lotto,9PM,2025-01-07,5-1-9,5,1,9,4500.0,592,valid,3098,1-5-9,all_distinct,15,1.0
3D Lotto,9PM,2025-01-08,0-1-4,0,1,4,4500.0,487,valid,3099,0-1-4,all_distinct,5,1.0
3D Lotto,9PM,2025-01-09,9-7-1,9,7,1,4500.0,526,valid,3100,1-7-9,all_distinct,17,1.0
3D Lotto,9PM,2025-01-10,2-0-6,2,0,6,4500.0,554,valid,3101,0-2-6,all_distinct,8,0.0
3D Lotto,9PM,2025-01-11,4-7-9,4,7,9,4500.0,488,valid,3102,4-7-9,all_distinct,20,0.0
3D Lotto,9PM,2025-01-12,4-5-2,4,5,2,4500.0,592,valid,3103,2-4-5,all_distinct,11,1.0
3D Lotto,9PM,2025-01-13,4-1-8,4,1,8,4500.0,547,valid,3104,1-4-8,all_distinct,13,1.0
3D Lotto,9PM,2025-01-14,6-3-6,6,3,6,4500.0,394,valid,3105,3-6-6,one_pair,15,0.0
3D Lotto,9PM,2025-01-15,9-5-9,9,5,9,4500.0,210,valid,3106,5-9-9,one_pair,23,0.0
3D Lotto,9PM,2025-01-16,7-0-1,7,0,1,4500.0,350,valid,3107,0-1-7,all_distinct,8,0.0
3D Lotto,9PM,2025-01-17,6-2-7,6,2,7,4500.0,357,valid,3108,2-6-7,all_distinct,15,1.0
3D Lotto,9PM,2025-01-18,7-9-3,7,9,3,4500.0,232,valid,3109,3-7-9,all_distinct,19,1.0
3D Lotto,9PM,2025-01-19,0-5-9,0,5,9,4500.0,239,valid,3110,0-5-9,all_distinct,14,1.0
3D Lotto,9PM,2025-01-20,2-2-1,2,2,1,4500.0,592,valid,3111,1-2-2,one_pair,5,0.0
3D Lotto,9PM,2025-01-21,7-1-4,7,1,4,4500.0,593,valid,3112,1-4-7,all_distinct,12,1.0
3D Lotto,9PM,2025-01-22,6-5-4,6,5,4,4500.0,323,valid,3113,4-5-6,all_distinct,15,1.0
3D Lotto,9PM,2025-01-23,3-0-7,3,0,7,4500.0,405,valid,3114,0-3-7,all_distinct,10,0.0
3D Lotto,9PM,2025-01-24,8-4-2,8,4,2,4500.0,428,valid,3115,2-4-8,all_distinct,14,0.0
3D Lotto,9PM,2025-01-25,3-2-0,3,2,0,4500.0,592,valid,3116,0-2-3,all_distinct,5,1.0
3D Lotto,9PM,2025-01-26,5-4-6,5,4,6,4500.0,153,valid,3117,4-5-6,all_distinct,15,0.0
3D Lotto,9PM,2025-01-27,9-8-6,9,8,6,4500.0,160,valid,3118,6-8-9,all_distinct,23,1.0
3D Lotto,9PM,2025-01-28,4-2-6,4,2,6,4500.0,594,valid,3119,2-4-6,all_distinct,12,1.0
3D Lotto,9PM,2025-01-29,9-8-5,9,8,5,4500.0,158,valid,3120,5-8-9,all_distinct,22,0.0
3D Lotto,9PM,2025-01-30,8-4-5,8,4,5,4500.0,471,valid,3121,4-5-8,all_distinct,17,2.0
3D Lotto,9PM,2025-01-31,4-1-2,4,1,2,4500.0,592,valid,3122,1-2-4,all_distinct,7,1.0
3D Lotto,9PM,2025-02-01,2-2-3,2,2,3,4500.0,592,valid,3123,2-2-3,one_pair,7,1.0
3D Lotto,9PM,2025-02-02,8-9-8,8,9,8,4500.0,296,valid,3124,8-8-9,one_pair,25,0.0
3D Lotto,9PM,2025-02-03,1-7-5,1,7,5,4500.0,584,valid,3125,1-5-7,all_distinct,13,0.0
3D Lotto,9PM,2025-02-04,8-4-1,8,4,1,4500.0,455,valid,3126,1-4-8,all_distinct,13,1.0
3D Lotto,9PM,2025-02-05,7-7-9,7,7,9,4500.0,489,valid,3127,7-7-9,one_pair,23,0.0
3D Lotto,9PM,2025-02-06,3-3-3,3,3,3,4500.0,575,valid,3128,3-3-3,triple,9,0.0
3D Lotto,9PM,2025-02-07,7-7-0,7,7,0,4500.0,282,valid,3129,0-7-7,one_pair,14,0.0
3D Lotto,9PM,2025-02-08,6-2-5,6,2,5,4500.0,592,valid,3130,2-5-6,all_distinct,13,0.0
3D Lotto,9PM,2025-02-09,6-1-6,6,1,6,4500.0,447,valid,3131,1-6-6,one_pair,13,1.0
3D Lotto,9PM,2025-02-10,0-2-7,0,2,7,4500.0,375,valid,3132,0-2-7,all_distinct,9,0.0
3D Lotto,9PM,2025-02-11,9-4-5,9,4,5,4500.0,374,valid,3133,4-5-9,all_distinct,18,0.0
3D Lotto,9PM,2025-02-12,2-5-8,2,5,8,4500.0,450,valid,3134,2-5-8,all_distinct,15,1.0
3D Lotto,9PM,2025-02-13,8-1-3,8,1,3,4500.0,593,valid,3135,1-3-8,all_distinct,12,1.0
3D Lotto,9PM,2025-02-14,7-5-8,7,5,8,4500.0,380,valid,3136,5-7-8,all_distinct,20,1.0
3D Lotto,9PM,2025-02-15,1-9-3,1,9,3,4500.0,473,valid,3137,1-3-9,all_distinct,13,0.0
3D Lotto,9PM,2025-02-16,8-0-1,8,0,1,4500.0,592,valid,3138,0-1-8,all_distinct,9,1.0
3D Lotto,9PM,2025-02-17,5-5-5,5,5,5,4500.0,574,valid,3139,5-5-5,triple,15,0.0
3D Lotto,9PM,2025-02-18,2-5-8,2,5,8,4500.0,588,valid,3140,2-5-8,all_distinct,15,1.0
3D Lotto,9PM,2025-02-19,4-2-5,4,2,5,4500.0,592,valid,3141,2-4-5,all_distinct,11,2.0
3D Lotto,9PM,2025-02-20,7-5-2,7,5,2,4500.0,592,valid,3142,2-5-7,all_distinct,14,2.0
3D Lotto,9PM,2025-02-21,2-4-7,2,4,7,4500.0,418,valid,3143,2-4-7,all_distinct,13,2.0
3D Lotto,9PM,2025-02-22,9-9-8,9,9,8,4500.0,331,valid,3144,8-9-9,one_pair,26,0.0
3D Lotto,9PM,2025-02-23,8-9-9,8,9,9,4500.0,215,valid,3145,8-9-9,one_pair,26,3.0
3D Lotto,9PM,2025-02-24,1-2-6,1,2,6,4500.0,594,valid,3146,1-2-6,all_distinct,9,0.0
3D Lotto,9PM,2025-02-25,5-7-5,5,7,5,4500.0,307,valid,3147,5-5-7,one_pair,17,0.0
3D Lotto,9PM,2025-02-26,8-8-5,8,8,5,4500.0,338,valid,3148,5-8-8,one_pair,21,1.0
3D Lotto,9PM,2025-02-27,8-2-8,8,2,8,4500.0,594,valid,3149,2-8-8,one_pair,18,2.0
3D Lotto,9PM,2025-02-28,6-1-7,6,1,7,4500.0,481,valid,3150,1-6-7,all_distinct,14,0.0
3D Lotto,9PM,2025-03-01,2-7-5,2,7,5,4500.0,428,valid,3151,2-5-7,all_distinct,14,1.0
3D Lotto,9PM,2025-03-02,6-9-2,6,9,2,4500.0,111,valid,3152,2-6-9,all_distinct,17,1.0
3D Lotto,9PM,2025-03-03,7-4-8,7,4,8,4500.0,392,valid,3153,4-7-8,all_distinct,19,0.0
3D Lotto,9PM,2025-03-04,9-8-8,9,8,8,4500.0,504,valid,3154,8-8-9,one_pair,25,1.0
3D Lotto,9PM,2025-03-05,8-6-9,8,6,9,4500.0,316,valid,3155,6-8-9,all_distinct,23,2.0
3D Lotto,9PM,2025-03-06,9-1-6,9,1,6,4500.0,495,valid,3156,1-6-9,all_distinct,16,2.0
3D Lotto,9PM,2025-03-07,9-7-6,9,7,6,4500.0,473,valid,3157,6-7-9,all_distinct,22,2.0
3D Lotto,9PM,2025-03-08,4-3-4,4,3,4,4500.0,247,valid,3158,3-4-4,one_pair,11,0.0
3D Lotto,9PM,2025-03-09,6-9-0,6,9,0,4500.0,267,valid,3159,0-6-9,all_distinct,15,0.0
3D Lotto,9PM,2025-03-10,5-7-0,5,7,0,4500.0,183,valid,3160,0-5-7,all_distinct,12,1.0
3D Lotto,9PM,2025-03-11,9-3-4,9,3,4,4500.0,303,valid,3161,3-4-9,all_distinct,16,0.0
3D Lotto,9PM,2025-03-12,8-2-1,8,2,1,4500.0,358,valid,3162,1-2-8,all_distinct,11,0.0
3D Lotto,9PM,2025-03-13,7-7-8,7,7,8,4500.0,283,valid,3163,7-7-8,one_pair,22,1.0
3D Lotto,9PM,2025-03-14,1-6-9,1,6,9,4500.0,565,valid,3164,1-6-9,all_distinct,16,0.0
3D Lotto,9PM,2025-03-15,4-4-3,4,4,3,4500.0,169,valid,3165,3-4-4,one_pair,11,0.0
3D Lotto,9PM,2025-03-16,5-1-6,5,1,6,4500.0,592,valid,3166,1-5-6,all_distinct,12,0.0
3D Lotto,9PM,2025-03-17,4-7-8,4,7,8,4500.0,371,valid,3167,4-7-8,all_distinct,19,0.0
3D Lotto,9PM,2025-03-18,7-3-9,7,3,9,4500.0,586,valid,3168,3-7-9,all_distinct,19,1.0
3D Lotto,9PM,2025-03-19,2-3-7,2,3,7,4500.0,353,valid,3169,2-3-7,all_distinct,12,2.0
3D Lotto,9PM,2025-03-20,9-4-6,9,4,6,4500.0,594,valid,3170,4-6-9,all_distinct,19,0.0
3D Lotto,9PM,2025-03-21,2-1-1,2,1,1,4500.0,485,valid,3171,1-1-2,one_pair,4,0.0
3D Lotto,9PM,2025-03-22,4-9-2,4,9,2,4500.0,502,valid,3172,2-4-9,all_distinct,15,1.0
3D Lotto,9PM,2025-03-23,2-1-3,2,1,3,4500.0,601,valid,3173,1-2-3,all_distinct,6,1.0
3D Lotto,9PM,2025-03-24,5-6-1,5,6,1,4500.0,367,valid,3174,1-5-6,all_distinct,12,1.0
3D Lotto,9PM,2025-03-25,6-5-7,6,5,7,4500.0,518,valid,3175,5-6-7,all_distinct,18,2.0
3D Lotto,9PM,2025-03-26,6-5-1,6,5,1,4500.0,341,valid,3176,1-5-6,all_distinct,12,2.0
3D Lotto,9PM,2025-03-27,0-7-3,0,7,3,4500.0,154,valid,3177,0-3-7,all_distinct,10,0.0
3D Lotto,9PM,2025-03-28,2-3-4,2,3,4,4500.0,240,valid,3178,2-3-4,all_distinct,9,1.0
3D Lotto,9PM,2025-03-29,3-6-3,3,6,3,4500.0,543,valid,3179,3-3-6,one_pair,12,1.0
3D Lotto,9PM,2025-03-30,5-0-1,5,0,1,4500.0,592,valid,3180,0-1-5,all_distinct,6,0.0
3D Lotto,9PM,2025-03-31,3-2-4,3,2,4,4500.0,590,valid,3181,2-3-4,all_distinct,9,0.0
3D Lotto,9PM,2025-04-01,1-1-8,1,1,8,4500.0,517,valid,3182,1-1-8,one_pair,10,0.0
3D Lotto,9PM,2025-04-02,0-7-3,0,7,3,4500.0,135,valid,3183,0-3-7,all_distinct,10,0.0
3D Lotto,9PM,2025-04-03,2-2-5,2,2,5,4500.0,592,valid,3184,2-2-5,one_pair,9,0.0
3D Lotto,9PM,2025-04-04,8-2-7,8,2,7,4500.0,287,valid,3185,2-7-8,all_distinct,17,1.0
3D Lotto,9PM,2025-04-05,3-7-8,3,7,8,4500.0,476,valid,3186,3-7-8,all_distinct,18,2.0
3D Lotto,9PM,2025-04-06,2-1-4,2,1,4,4500.0,619,valid,3187,1-2-4,all_distinct,7,0.0
3D Lotto,9PM,2025-04-07,6-8-1,6,8,1,4500.0,194,valid,3188,1-6-8,all_distinct,15,1.0
3D Lotto,9PM,2025-04-08,6-1-8,6,1,8,4500.0,594,valid,3189,1-6-8,all_distinct,15,3.0
3D Lotto,9PM,2025-04-09,9-5-7,9,5,7,4500.0,347,valid,3190,5-7-9,all_distinct,21,0.0
3D Lotto,9PM,2025-04-10,9-9-1,9,9,1,4500.0,199,valid,3191,1-9-9,one_pair,19,1.0
3D Lotto,9PM,2025-04-11,9-9-1,9,9,1,4500.0,162,valid,3192,1-9-9,one_pair,19,3.0
3D Lotto,9PM,2025-04-12,3-4-8,3,4,8,4500.0,317,valid,3193,3-4-8,all_distinct,15,0.0
3D Lotto,9PM,2025-04-13,2-0-9,2,0,9,4500.0,592,valid,3194,0-2-9,all_distinct,11,0.0
3D Lotto,9PM,2025-04-14,8-6-9,8,6,9,4500.0,410,valid,3195,6-8-9,all_distinct,23,1.0
3D Lotto,9PM,2025-04-15,0-7-2,0,7,2,4500.0,242,valid,3196,0-2-7,all_distinct,9,0.0
3D Lotto,9PM,2025-04-16,5-1-2,5,1,2,4500.0,593,valid,3197,1-2-5,all_distinct,8,1.0
3D Lotto,9PM,2025-04-20,2-2-3,2,2,3,4500.0,592,valid,3198,2-2-3,one_pair,7,1.0
3D Lotto,9PM,2025-04-21,5-6-2,5,6,2,4500.0,393,valid,3199,2-5-6,all_distinct,13,1.0
3D Lotto,9PM,2025-04-22,9-7-7,9,7,7,4500.0,178,valid,3200,7-7-9,one_pair,23,0.0
3D Lotto,9PM,2025-04-23,4-0-4,4,0,4,4500.0,487,valid,3201,0-4-4,one_pair,8,0.0
3D Lotto,9PM,2025-04-24,3-5-0,3,5,0,4500.0,592,valid,3202,0-3-5,all_distinct,8,1.0
3D Lotto,9PM,2025-04-25,4-7-4,4,7,4,4500.0,289,valid,3203,4-4-7,one_pair,15,0.0
3D Lotto,9PM,2025-04-26,1-9-8,1,9,8,4500.0,420,valid,3204,1-8-9,all_distinct,18,0.0
3D Lotto,9PM,2025-04-27,4-1-2,4,1,2,4500.0,559,valid,3205,1-2-4,all_distinct,7,1.0
3D Lotto,9PM,2025-04-28,2-1-7,2,1,7,4500.0,592,valid,3206,1-2-7,all_distinct,10,2.0
3D Lotto,9PM,2025-04-29,0-9-5,0,9,5,4500.0,49,valid,3207,0-5-9,all_distinct,14,0.0
3D Lotto,9PM,2025-04-30,4-7-7,4,7,7,4500.0,343,valid,3208,4-7-7,one_pair,18,0.0
3D Lotto,9PM,2025-05-01,1-8-0,1,8,0,4500.0,345,valid,3209,0-1-8,all_distinct,9,0.0
3D Lotto,9PM,2025-05-02,3-2-1,3,2,1,4500.0,592,valid,3210,1-2-3,all_distinct,6,1.0
3D Lotto,9PM,2025-05-03,6-1-0,6,1,0,4500.0,333,valid,3211,0-1-6,all_distinct,7,1.0
3D Lotto,9PM,2025-05-04,5-4-9,5,4,9,4500.0,592,valid,3212,4-5-9,all_distinct,18,0.0
3D Lotto,9PM,2025-05-05,7-7-7,7,7,7,4500.0,597,valid,3213,7-7-7,triple,21,0.0
3D Lotto,9PM,2025-05-06,9-2-9,9,2,9,4500.0,310,valid,3214,2-9-9,one_pair,20,0.0
3D Lotto,9PM,2025-05-07,1-5-5,1,5,5,4500.0,593,valid,3215,1-5-5,one_pair,11,0.0
3D Lotto,9PM,2025-05-08,6-1-9,6,1,9,4500.0,433,valid,3216,1-6-9,all_distinct,16,1.0
3D Lotto,9PM,2025-05-09,7-9-2,7,9,2,4500.0,233,valid,3217,2-7-9,all_distinct,18,1.0
3D Lotto,9PM,2025-05-10,5-0-9,5,0,9,4500.0,529,valid,3218,0-5-9,all_distinct,14,1.0
3D Lotto,9PM,2025-05-11,0-9-3,0,9,3,4500.0,138,valid,3219,0-3-9,all_distinct,12,2.0
3D Lotto,9PM,2025-05-12,3-2-3,3,2,3,4500.0,430,valid,3220,2-3-3,one_pair,8,1.0
3D Lotto,9PM,2025-05-13,2-4-8,2,4,8,4500.0,457,valid,3221,2-4-8,all_distinct,14,1.0
3D Lotto,9PM,2025-05-14,6-0-7,6,0,7,4500.0,318,valid,3222,0-6-7,all_distinct,13,0.0
3D Lotto,9PM,2025-05-15,3-6-6,3,6,6,4500.0,296,valid,3223,3-6-6,one_pair,15,1.0
3D Lotto,9PM,2025-05-16,8-2-5,8,2,5,4500.0,593,valid,3224,2-5-8,all_distinct,15,0.0
3D Lotto,9PM,2025-05-17,4-1-4,4,1,4,4500.0,592,valid,3225,1-4-4,one_pair,9,0.0
3D Lotto,9PM,2025-05-18,8-1-8,8,1,8,4500.0,598,valid,3226,1-8-8,one_pair,17,1.0
3D Lotto,9PM,2025-05-19,1-9-8,1,9,8,4500.0,410,valid,3227,1-8-9,all_distinct,18,2.0
3D Lotto,9PM,2025-05-20,8-9-9,8,9,9,4500.0,255,valid,3228,8-9-9,one_pair,26,2.0
3D Lotto,9PM,2025-05-21,6-6-8,6,6,8,4500.0,271,valid,3229,6-6-8,one_pair,20,1.0
3D Lotto,9PM,2025-05-22,3-5-0,3,5,0,4500.0,459,valid,3230,0-3-5,all_distinct,8,0.0
3D Lotto,9PM,2025-05-23,4-1-0,4,1,0,4500.0,434,valid,3231,0-1-4,all_distinct,5,1.0
3D Lotto,9PM,2025-05-24,5-9-6,5,9,6,4500.0,173,valid,3232,5-6-9,all_distinct,20,0.0
3D Lotto,9PM,2025-05-25,0-7-7,0,7,7,4500.0,254,valid,3233,0-7-7,one_pair,14,0.0
3D Lotto,9PM,2025-05-26,2-6-1,2,6,1,4500.0,477,valid,3234,1-2-6,all_distinct,9,0.0
3D Lotto,9PM,2025-05-27,2-0-5,2,0,5,4500.0,402,valid,3235,0-2-5,all_distinct,7,1.0
3D Lotto,9PM,2025-05-28,5-0-1,5,0,1,4500.0,600,valid,3236,0-1-5,all_distinct,6,2.0
3D Lotto,9PM,2025-05-29,0-1-5,0,1,5,4500.0,264,valid,3237,0-1-5,all_distinct,6,3.0
3D Lotto,9PM,2025-05-30,7-6-2,7,6,2,4500.0,230,valid,3238,2-6-7,all_distinct,15,0.0
3D Lotto,9PM,2025-05-31,2-3-6,2,3,6,4500.0,479,valid,3239,2-3-6,all_distinct,11,2.0
3D Lotto,9PM,2025-06-01,7-5-7,7,5,7,4500.0,355,valid,3240,5-7-7,one_pair,19,0.0
3D Lotto,9PM,2025-06-02,7-3-8,7,3,8,4500.0,318,valid,3241,3-7-8,all_distinct,18,1.0
3D Lotto,9PM,2025-06-03,7-1-0,7,1,0,4500.0,352,valid,3242,0-1-7,all_distinct,8,1.0
3D Lotto,9PM,2025-06-04,2-0-9,2,0,9,4500.0,351,valid,3243,0-2-9,all_distinct,11,1.0
3D Lotto,9PM,2025-06-05,1-4-3,1,4,3,4500.0,597,valid,3244,1-3-4,all_distinct,8,0.0
3D Lotto,9PM,2025-06-06,3-5-0,3,5,0,4500.0,364,valid,3245,0-3-5,all_distinct,8,1.0
3D Lotto,9PM,2025-06-07,5-7-9,5,7,9,4500.0,262,valid,3246,5-7-9,all_distinct,21,1.0
3D Lotto,9PM,2025-06-08,0-3-9,0,3,9,4500.0,149,valid,3247,0-3-9,all_distinct,12,1.0
3D Lotto,9PM,2025-06-09,6-4-2,6,4,2,4500.0,436,valid,3248,2-4-6,all_distinct,12,0.0
3D Lotto,9PM,2025-06-10,9-8-5,9,8,5,4500.0,175,valid,3249,5-8-9,all_distinct,22,0.0
3D Lotto,9PM,2025-06-11,3-3-8,3,3,8,4500.0,288,valid,3250,3-3-8,one_pair,14,1.0
3D Lotto,9PM,2025-06-12,1-4-2,1,4,2,4500.0,592,valid,3251,1-2-4,all_distinct,7,0.0
3D Lotto,9PM,2025-06-13,7-3-2,7,3,2,4500.0,414,valid,3252,2-3-7,all_distinct,12,1.0
3D Lotto,9PM,2025-06-14,7-8-6,7,8,6,4500.0,263,valid,3253,6-7-8,all_distinct,21,1.0
3D Lotto,9PM,2025-06-15,3-1-8,3,1,8,4500.0,547,valid,3254,1-3-8,all_distinct,12,1.0
3D Lotto,9PM,2025-06-16,5-4-9,5,4,9,4500.0,258,valid,3255,4-5-9,all_distinct,18,0.0
3D Lotto,9PM,2025-06-17,9-1-1,9,1,1,4500.0,596,valid,3256,1-1-9,one_pair,11,1.0
3D Lotto,9PM,2025-06-18,0-0-3,0,0,3,4500.0,158,valid,3257,0-0-3,one_pair,3,0.0
3D Lotto,9PM,2025-06-19,3-2-2,3,2,2,4500.0,469,valid,3258,2-2-3,one_pair,7,1.0
3D Lotto,9PM,2025-06-20,5-1-9,5,1,9,4500.0,504,valid,3259,1-5-9,all_distinct,15,0.0
3D Lotto,9PM,2025-06-21,1-3-1,1,3,1,4500.0,519,valid,3260,1-1-3,one_pair,5,1.0
3D Lotto,9PM,2025-06-22,8-7-1,8,7,1,4500.0,353,valid,3261,1-7-8,all_distinct,16,1.0
3D Lotto,9PM,2025-06-23,2-0-3,2,0,3,4500.0,272,valid,3262,0-2-3,all_distinct,5,0.0
3D Lotto,9PM,2025-06-24,1-4-3,1,4,3,4500.0,349,valid,3263,1-3-4,all_distinct,8,1.0
3D Lotto,9PM,2025-06-25,7-5-5,7,5,5,4500.0,304,valid,3264,5-5-7,one_pair,17,0.0
3D Lotto,9PM,2025-06-26,6-7-4,6,7,4,4500.0,241,valid,3265,4-6-7,all_distinct,17,1.0
3D Lotto,9PM,2025-06-27,0-4-4,0,4,4,4500.0,201,valid,3266,0-4-4,one_pair,8,1.0
3D Lotto,9PM,2025-06-28,6-2-5,6,2,5,4500.0,594,valid,3267,2-5-6,all_distinct,13,0.0
3D Lotto,9PM,2025-06-29,9-7-2,9,7,2,4500.0,331,valid,3268,2-7-9,all_distinct,18,1.0
3D Lotto,9PM,2025-06-30,6-4-8,6,4,8,4500.0,261,valid,3269,4-6-8,all_distinct,18,0.0
3D Lotto,9PM,2025-07-01,9-2-3,9,2,3,4500.0,357,valid,3270,2-3-9,all_distinct,14,0.0
3D Lotto,9PM,2025-07-02,7-6-7,7,6,7,4500.0,223,valid,3271,6-7-7,one_pair,20,0.0
3D Lotto,9PM,2025-07-03,9-9-9,9,9,9,4500.0,584,valid,3272,9-9-9,triple,27,0.0
3D Lotto,9PM,2025-07-04,3-0-7,3,0,7,4500.0,397,valid,3273,0-3-7,all_distinct,10,0.0
3D Lotto,9PM,2025-07-05,3-9-3,3,9,3,4500.0,270,valid,3274,3-3-9,one_pair,15,1.0
3D Lotto,9PM,2025-07-06,9-6-9,9,6,9,4500.0,159,valid,3275,6-9-9,one_pair,24,1.0
3D Lotto,9PM,2025-07-07,2-9-1,2,9,1,4500.0,447,valid,3276,1-2-9,all_distinct,12,1.0
3D Lotto,9PM,2025-07-08,6-6-0,6,6,0,4500.0,294,valid,3277,0-6-6,one_pair,12,0.0
3D Lotto,9PM,2025-07-09,6-6-3,6,6,3,4500.0,180,valid,3278,3-6-6,one_pair,15,2.0
3D Lotto,9PM,2025-07-10,1-2-6,1,2,6,4500.0,596,valid,3279,1-2-6,all_distinct,9,1.0
3D Lotto,9PM,2025-07-11,8-6-6,8,6,6,4500.0,229,valid,3280,6-6-8,one_pair,20,1.0
3D Lotto,9PM,2025-07-12,2-7-7,2,7,7,4500.0,594,valid,3281,2-7-7,one_pair,16,0.0
3D Lotto,9PM,2025-07-13,4-6-1,4,6,1,4500.0,306,valid,3282,1-4-6,all_distinct,11,0.0
3D Lotto,9PM,2025-07-14,6-9-0,6,9,0,4500.0,275,valid,3283,0-6-9,all_distinct,15,1.0
3D Lotto,9PM,2025-07-15,4-2-2,4,2,2,4500.0,592,valid,3284,2-2-4,one_pair,8,0.0
3D Lotto,9PM,2025-07-16,9-6-3,9,6,3,4500.0,317,valid,3285,3-6-9,all_distinct,18,0.0
3D Lotto,9PM,2025-07-17,8-3-7,8,3,7,4500.0,295,valid,3286,3-7-8,all_distinct,18,1.0
3D Lotto,9PM,2025-07-18,1-0-2,1,0,2,4500.0,594,valid,3287,0-1-2,all_distinct,3,0.0
3D Lotto,9PM,2025-07-19,7-8-5,7,8,5,4500.0,359,valid,3288,5-7-8,all_distinct,20,0.0
3D Lotto,9PM,2025-07-20,8-0-6,8,0,6,4500.0,346,valid,3289,0-6-8,all_distinct,14,1.0
3D Lotto,9PM,2025-07-21,9-3-5,9,3,5,4500.0,229,valid,3290,3-5-9,all_distinct,17,0.0
3D Lotto,9PM,2025-07-22,2-7-2,2,7,2,4500.0,593,valid,3291,2-2-7,one_pair,11,0.0
3D Lotto,9PM,2025-07-23,3-4-6,3,4,6,4500.0,209,valid,3292,3-4-6,all_distinct,13,0.0
3D Lotto,9PM,2025-07-24,3-7-6,3,7,6,4500.0,416,valid,3293,3-6-7,all_distinct,16,2.0
3D Lotto,9PM,2025-07-25,0-6-0,0,6,0,4500.0,118,valid,3294,0-0-6,one_pair,6,1.0
3D Lotto,9PM,2025-07-26,2-6-8,2,6,8,4500.0,371,valid,3295,2-6-8,all_distinct,16,1.0
3D Lotto,9PM,2025-07-27,1-1-8,1,1,8,4500.0,585,valid,3296,1-1-8,one_pair,10,1.0
3D Lotto,9PM,2025-07-28,1-8-0,1,8,0,4500.0,601,valid,3297,0-1-8,all_distinct,9,2.0
3D Lotto,9PM,2025-07-29,5-8-4,5,8,4,4500.0,203,valid,3298,4-5-8,all_distinct,17,1.0
3D Lotto,9PM,2025-07-30,7-1-9,7,1,9,4500.0,595,valid,3299,1-7-9,all_distinct,17,0.0
3D Lotto,9PM,2025-07-31,3-6-9,3,6,9,4500.0,596,valid,3300,3-6-9,all_distinct,18,1.0
3D Lotto,9PM,2025-08-01,2-8-7,2,8,7,4500.0,461,valid,3301,2-7-8,all_distinct,17,0.0
3D Lotto,9PM,2025-08-02,3-2-5,3,2,5,4500.0,593,valid,3302,2-3-5,all_distinct,10,1.0
3D Lotto,9PM,2025-08-03,2-4-9,2,4,9,4500.0,334,valid,3303,2-4-9,all_distinct,15,1.0
3D Lotto,9PM,2025-08-04,3-3-6,3,3,6,4500.0,378,valid,3304,3-3-6,one_pair,12,0.0
3D Lotto,9PM,2025-08-05,3-4-2,3,4,2,4500.0,309,valid,3305,2-3-4,all_distinct,9,1.0
3D Lotto,9PM,2025-08-06,5-7-8,5,7,8,4500.0,427,valid,3306,5-7-8,all_distinct,20,0.0
3D Lotto,9PM,2025-08-07,0-5-2,0,5,2,4500.0,226,valid,3307,0-2-5,all_distinct,7,1.0
3D Lotto,9PM,2025-08-08,3-0-2,3,0,2,4500.0,592,valid,3308,0-2-3,all_distinct,5,2.0
3D Lotto,9PM,2025-08-09,0-4-6,0,4,6,4500.0,174,valid,3309,0-4-6,all_distinct,10,1.0
3D Lotto,9PM,2025-08-10,8-8-7,8,8,7,4500.0,226,valid,3310,7-8-8,one_pair,23,0.0
3D Lotto,9PM,2025-08-11,8-8-9,8,8,9,4500.0,301,valid,3311,8-8-9,one_pair,25,2.0
3D Lotto,9PM,2025-08-12,7-0-2,7,0,2,4500.0,325,valid,3312,0-2-7,all_distinct,9,0.0
3D Lotto,9PM,2025-08-13,1-3-9,1,3,9,4500.0,526,valid,3313,1-3-9,all_distinct,13,0.0
3D Lotto,9PM,2025-08-14,7-4-6,7,4,6,4500.0,345,valid,3314,4-6-7,all_distinct,17,0.0
3D Lotto,9PM,2025-08-15,1-9-1,1,9,1,4500.0,366,valid,3315,1-1-9,one_pair,11,0.0
3D Lotto,9PM,2025-08-16,0-3-9,0,3,9,4500.0,158,valid,3316,0-3-9,all_distinct,12,1.0
3D Lotto,9PM,2025-08-17,7-1-7,7,1,7,4500.0,593,valid,3317,1-7-7,one_pair,15,0.0
3D Lotto,9PM,2025-08-18,1-5-3,1,5,3,4500.0,565,valid,3318,1-3-5,all_distinct,9,1.0
3D Lotto,9PM,2025-08-19,4-5-9,4,5,9,4500.0,335,valid,3319,4-5-9,all_distinct,18,1.0
3D Lotto,9PM,2025-08-20,9-0-6,9,0,6,4500.0,526,valid,3320,0-6-9,all_distinct,15,1.0
3D Lotto,9PM,2025-08-21,1-1-4,1,1,4,4500.0,391,valid,3321,1-1-4,one_pair,6,0.0
3D Lotto,9PM,2025-08-22,4-4-0,4,4,0,4500.0,461,valid,3322,0-4-4,one_pair,8,1.0
3D Lotto,9PM,2025-08-23,6-0-3,6,0,3,4500.0,359,valid,3323,0-3-6,all_distinct,9,1.0
3D Lotto,9PM,2025-08-24,4-3-5,4,3,5,4500.0,259,valid,3324,3-4-5,all_distinct,12,1.0
3D Lotto,9PM,2025-08-25,4-1-7,4,1,7,4500.0,594,valid,3325,1-4-7,all_distinct,12,1.0
3D Lotto,9PM,2025-08-26,1-0-7,1,0,7,4500.0,600,valid,3326,0-1-7,all_distinct,8,2.0
3D Lotto,9PM,2025-08-27,9-5-9,9,5,9,4500.0,103,valid,3327,5-9-9,one_pair,23,0.0
3D Lotto,9PM,2025-08-28,1-0-3,1,0,3,4500.0,610,valid,3328,0-1-3,all_distinct,4,0.0
3D Lotto,9PM,2025-08-29,2-4-3,2,4,3,4500.0,412,valid,3329,2-3-4,all_distinct,9,1.0
3D Lotto,9PM,2025-08-30,2-2-7,2,2,7,4500.0,411,valid,3330,2-2-7,one_pair,11,1.0
3D Lotto,9PM,2025-08-31,7-6-8,7,6,8,4500.0,264,valid,3331,6-7-8,all_distinct,21,1.0
3D Lotto,9PM,2025-09-01,5-1-5,5,1,5,4500.0,555,valid,3332,1-5-5,one_pair,11,0.0
3D Lotto,9PM,2025-09-02,1-0-6,1,0,6,4500.0,405,valid,3333,0-1-6,all_distinct,7,1.0
3D Lotto,9PM,2025-09-03,4-6-2,4,6,2,4500.0,246,valid,3334,2-4-6,all_distinct,12,1.0
3D Lotto,9PM,2025-09-04,8-2-1,8,2,1,4500.0,601,valid,3335,1-2-8,all_distinct,11,1.0
3D Lotto,9PM,2025-09-05,1-6-6,1,6,6,4500.0,347,valid,3336,1-6-6,one_pair,13,1.0
3D Lotto,9PM,2025-09-06,1-8-3,1,8,3,4500.0,254,valid,3337,1-3-8,all_distinct,12,1.0
3D Lotto,9PM,2025-09-07,2-2-7,2,2,7,4500.0,281,valid,3338,2-2-7,one_pair,11,0.0
3D Lotto,9PM,2025-09-08,4-9-2,4,9,2,4500.0,125,valid,3339,2-4-9,all_distinct,15,1.0
3D Lotto,9PM,2025-09-09,6-6-3,6,6,3,4500.0,234,valid,3340,3-6-6,one_pair,15,0.0
3D Lotto,9PM,2025-09-10,3-3-8,3,3,8,4500.0,244,valid,3341,3-3-8,one_pair,14,1.0
3D Lotto,9PM,2025-09-11,6-0-7,6,0,7,4500.0,176,valid,3342,0-6-7,all_distinct,13,0.0
3D Lotto,9PM,2025-09-12,9-9-6,9,9,6,4500.0,259,valid,3343,6-9-9,one_pair,24,1.0
3D Lotto,9PM,2025-09-13,3-3-0,3,3,0,4500.0,467,valid,3344,0-3-3,one_pair,6,0.0
3D Lotto,9PM,2025-09-14,4-4-9,4,4,9,4500.0,597,valid,3345,4-4-9,one_pair,17,0.0
3D Lotto,9PM,2025-09-15,4-1-2,4,1,2,4500.0,595,valid,3346,1-2-4,all_distinct,7,1.0
3D Lotto,9PM,2025-09-16,3-5-9,3,5,9,4500.0,535,valid,3347,3-5-9,all_distinct,17,0.0
3D Lotto,9PM,2025-09-17,3-1-0,3,1,0,4500.0,594,valid,3348,0-1-3,all_distinct,4,1.0
3D Lotto,9PM,2025-09-18,2-6-2,2,6,2,4500.0,325,valid,3349,2-2-6,one_pair,10,0.0
3D Lotto,9PM,2025-09-19,1-5-5,1,5,5,4500.0,450,valid,3350,1-5-5,one_pair,11,0.0
3D Lotto,9PM,2025-09-20,0-5-5,0,5,5,4500.0,290,valid,3351,0-5-5,one_pair,10,2.0
3D Lotto,9PM,2025-09-21,4-1-0,4,1,0,4500.0,561,valid,3352,0-1-4,all_distinct,5,1.0
3D Lotto,9PM,2025-09-22,2-9-0,2,9,0,4500.0,248,valid,3353,0-2-9,all_distinct,11,1.0
3D Lotto,9PM,2025-09-23,6-7-6,6,7,6,4500.0,190,valid,3354,6-6-7,one_pair,19,0.0
3D Lotto,9PM,2025-09-24,2-4-1,2,4,1,4500.0,399,valid,3355,1-2-4,all_distinct,7,0.0
3D Lotto,9PM,2025-09-25,1-0-9,1,0,9,4500.0,635,valid,3356,0-1-9,all_distinct,10,1.0
3D Lotto,9PM,2025-09-26,3-9-6,3,9,6,4500.0,271,valid,3357,3-6-9,all_distinct,18,1.0
3D Lotto,9PM,2025-09-27,7-8-2,7,8,2,4500.0,245,valid,3358,2-7-8,all_distinct,17,0.0
3D Lotto,9PM,2025-09-28,1-3-3,1,3,3,4500.0,371,valid,3359,1-3-3,one_pair,7,0.0
3D Lotto,9PM,2025-09-29,3-1-5,3,1,5,4500.0,596,valid,3360,1-3-5,all_distinct,9,2.0
3D Lotto,9PM,2025-09-30,3-2-5,3,2,5,4500.0,612,valid,3361,2-3-5,all_distinct,10,2.0
3D Lotto,9PM,2025-10-01,2-5-1,2,5,1,4500.0,590,valid,3362,1-2-5,all_distinct,8,2.0
3D Lotto,9PM,2025-10-02,5-1-5,5,1,5,4500.0,485,valid,3363,1-5-5,one_pair,11,2.0
3D Lotto,9PM,2025-10-03,4-5-0,4,5,0,4500.0,429,valid,3364,0-4-5,all_distinct,9,1.0
3D Lotto,9PM,2025-10-04,3-4-0,3,4,0,4500.0,533,valid,3365,0-3-4,all_distinct,7,2.0
3D Lotto,9PM,2025-10-05,3-1-6,3,1,6,4500.0,596,valid,3366,1-3-6,all_distinct,10,1.0
3D Lotto,9PM,2025-10-06,1-1-1,1,1,1,4500.0,596,valid,3367,1-1-1,triple,3,1.0
3D Lotto,9PM,2025-10-07,0-3-4,0,3,4,4500.0,178,valid,3368,0-3-4,all_distinct,7,0.0
3D Lotto,9PM,2025-10-08,4-3-0,4,3,0,4500.0,411,valid,3369,0-3-4,all_distinct,7,3.0
3D Lotto,9PM,2025-10-09,2-8-0,2,8,0,4500.0,334,valid,3370,0-2-8,all_distinct,10,1.0
3D Lotto,9PM,2025-10-10,4-6-8,4,6,8,4500.0,436,valid,3371,4-6-8,all_distinct,18,1.0
3D Lotto,9PM,2025-10-11,3-8-7,3,8,7,4500.0,326,valid,3372,3-7-8,all_distinct,18,1.0
3D Lotto,9PM,2025-10-12,0-2-8,0,2,8,4500.0,453,valid,3373,0-2-8,all_distinct,10,1.0
3D Lotto,9PM,2025-10-13,0-0-2,0,0,2,4500.0,202,valid,3374,0-0-2,one_pair,2,2.0
3D Lotto,9PM,2025-10-14,8-3-0,8,3,0,4500.0,241,valid,3375,0-3-8,all_distinct,11,1.0
3D Lotto,9PM,2025-10-15,8-7-4,8,7,4,4500.0,276,valid,3376,4-7-8,all_distinct,19,1.0
3D Lotto,9PM,2025-10-16,5-9-4,5,9,4,4500.0,324,valid,3377,4-5-9,all_distinct,18,1.0
3D Lotto,9PM,2025-10-17,9-4-3,9,4,3,4500.0,272,valid,3378,3-4-9,all_distinct,16,2.0
3D Lotto,9PM,2025-10-18,5-2-9,5,2,9,4500.0,597,valid,3379,2-5-9,all_distinct,16,1.0
3D Lotto,9PM,2025-10-19,8-1-4,8,1,4,4500.0,600,valid,3380,1-4-8,all_distinct,13,0.0
3D Lotto,9PM,2025-10-20,2-7-8,2,7,8,4500.0,309,valid,3381,2-7-8,all_distinct,17,1.0
3D Lotto,9PM,2025-10-21,8-6-2,8,6,2,4500.0,305,valid,3382,2-6-8,all_distinct,16,2.0
3D Lotto,9PM,2025-10-22,2-3-7,2,3,7,4500.0,239,valid,3383,2-3-7,all_distinct,12,1.0
3D Lotto,9PM,2025-10-23,9-9-2,9,9,2,4500.0,428,valid,3384,2-9-9,one_pair,20,1.0
3D Lotto,9PM,2025-10-24,0-9-9,0,9,9,4500.0,155,valid,3385,0-9-9,one_pair,18,2.0
3D Lotto,9PM,2025-10-25,5-3-6,5,3,6,4500.0,427,valid,3386,3-5-6,all_distinct,14,0.0
3D Lotto,9PM,2025-10-26,8-1-4,8,1,4,4500.0,260,valid,3387,1-4-8,all_distinct,13,0.0
3D Lotto,9PM,2025-10-27,2-8-5,2,8,5,4500.0,588,valid,3388,2-5-8,all_distinct,15,1.0
3D Lotto,9PM,2025-10-28,7-2-1,7,2,1,4500.0,596,valid,3389,1-2-7,all_distinct,10,1.0
3D Lotto,9PM,2025-10-29,1-4-6,1,4,6,4500.0,597,valid,3390,1-4-6,all_distinct,11,1.0
3D Lotto,9PM,2025-10-30,9-1-3,9,1,3,4500.0,566,valid,3391,1-3-9,all_distinct,13,1.0
3D Lotto,9PM,2025-10-31,9-3-3,9,3,3,4500.0,402,valid,3392,3-3-9,one_pair,15,2.0
3D Lotto,9PM,2025-11-01,0-5-1,0,5,1,4500.0,224,valid,3393,0-1-5,all_distinct,6,0.0
3D Lotto,9PM,2025-11-02,9-6-8,9,6,8,4500.0,132,valid,3394,6-8-9,all_distinct,23,0.0
3D Lotto,9PM,2025-11-03,7-5-4,7,5,4,4500.0,242,valid,3395,4-5-7,all_distinct,16,0.0
3D Lotto,9PM,2025-11-04,4-7-4,4,7,4,4500.0,285,valid,3396,4-4-7,one_pair,15,2.0
3D Lotto,9PM,2025-11-05,1-7-1,1,7,1,4500.0,592,valid,3397,1-1-7,one_pair,9,1.0
3D Lotto,9PM,2025-11-06,0-6-3,0,6,3,4500.0,207,valid,3398,0-3-6,all_distinct,9,0.0
3D Lotto,9PM,2025-11-07,6-5-0,6,5,0,4500.0,594,valid,3399,0-5-6,all_distinct,11,2.0
3D Lotto,9PM,2025-11-08,1-4-5,1,4,5,4500.0,543,valid,3400,1-4-5,all_distinct,10,1.0
3D Lotto,9PM,2025-11-09,5-0-0,5,0,0,4500.0,557,valid,3401,0-0-5,one_pair,5,1.0
3D Lotto,9PM,2025-11-10,1-5-7,1,5,7,4500.0,426,valid,3402,1-5-7,all_distinct,13,1.0
3D Lotto,9PM,2025-11-11,9-5-6,9,5,6,4500.0,237,valid,3403,5-6-9,all_distinct,20,1.0
3D Lotto,9PM,2025-11-12,1-2-3,1,2,3,4500.0,577,valid,3404,1-2-3,all_distinct,6,0.0
3D Lotto,9PM,2025-11-13,7-7-3,7,7,3,4500.0,403,valid,3405,3-7-7,one_pair,17,1.0
3D Lotto,9PM,2025-11-14,7-7-7,7,7,7,4500.0,615,valid,3406,7-7-7,triple,21,2.0
3D Lotto,9PM,2025-11-15,3-7-4,3,7,4,4500.0,485,valid,3407,3-4-7,all_distinct,14,1.0
3D Lotto,9PM,2025-11-16,7-0-9,7,0,9,4500.0,350,valid,3408,0-7-9,all_distinct,16,1.0
3D Lotto,9PM,2025-11-17,2-3-4,2,3,4,4500.0,203,valid,3409,2-3-4,all_distinct,9,0.0
3D Lotto,9PM,2025-11-18,0-1-7,0,1,7,4500.0,275,valid,3410,0-1-7,all_distinct,8,0.0
3D Lotto,9PM,2025-11-19,2-7-8,2,7,8,4500.0,285,valid,3411,2-7-8,all_distinct,17,1.0
3D Lotto,9PM,2025-11-20,3-5-8,3,5,8,4500.0,436,valid,3412,3-5-8,all_distinct,16,1.0
3D Lotto,9PM,2025-11-21,1-9-4,1,9,4,4500.0,305,valid,3413,1-4-9,all_distinct,14,0.0
3D Lotto,9PM,2025-11-22,2-1-6,2,1,6,4500.0,592,valid,3414,1-2-6,all_distinct,9,1.0
3D Lotto,9PM,2025-11-23,6-3-0,6,3,0,4500.0,400,valid,3415,0-3-6,all_distinct,9,1.0
3D Lotto,9PM,2025-11-24,1-7-5,1,7,5,4500.0,421,valid,3416,1-5-7,all_distinct,13,0.0
3D Lotto,9PM,2025-11-25,9-0-2,9,0,2,4500.0,390,valid,3417,0-2-9,all_distinct,11,0.0
3D Lotto,9PM,2025-11-26,2-9-2,2,9,2,4500.0,348,valid,3418,2-2-9,one_pair,13,2.0
3D Lotto,9PM,2025-11-27,2-4-5,2,4,5,4500.0,579,valid,3419,2-4-5,all_distinct,11,1.0
3D Lotto,9PM,2025-11-28,6-3-2,6,3,2,4500.0,217,valid,3420,2-3-6,all_distinct,11,1.0
3D Lotto,9PM,2025-11-29,5-9-0,5,9,0,4500.0,287,valid,3421,0-5-9,all_distinct,14,0.0
3D Lotto,9PM,2025-11-30,3-5-4,3,5,4,4500.0,180,valid,3422,3-4-5,all_distinct,12,1.0
3D Lotto,9PM,2025-12-01,4-7-1,4,7,1,4500.0,451,valid,3423,1-4-7,all_distinct,12,1.0
3D Lotto,9PM,2025-12-02,7-1-7,7,1,7,4500.0,600,valid,3424,1-7-7,one_pair,15,2.0
3D Lotto,9PM,2025-12-03,6-4-2,6,4,2,4500.0,285,valid,3425,2-4-6,all_distinct,12,0.0
3D Lotto,9PM,2025-12-04,3-9-0,3,9,0,4500.0,209,valid,3426,0-3-9,all_distinct,12,0.0
3D Lotto,9PM,2025-12-05,9-9-6,9,9,6,4500.0,257,valid,3427,6-9-9,one_pair,24,1.0
3D Lotto,9PM,2025-12-06,8-2-7,8,2,7,4500.0,445,valid,3428,2-7-8,all_distinct,17,0.0
3D Lotto,9PM,2025-12-07,1-2-6,1,2,6,4500.0,609,valid,3429,1-2-6,all_distinct,9,1.0
3D Lotto,9PM,2025-12-08,8-4-4,8,4,4,4500.0,180,valid,3430,4-4-8,one_pair,16,0.0
3D Lotto,9PM,2025-12-09,0-1-9,0,1,9,4500.0,496,valid,3431,0-1-9,all_distinct,10,0.0
3D Lotto,9PM,2025-12-10,4-8-9,4,8,9,4500.0,142,valid,3432,4-8-9,all_distinct,21,1.0
3D Lotto,9PM,2025-12-11,9-1-9,9,1,9,4500.0,595,valid,3433,1-9-9,one_pair,19,1.0
3D Lotto,9PM,2025-12-12,3-0-6,3,0,6,4500.0,442,valid,3434,0-3-6,all_distinct,9,0.0
3D Lotto,9PM,2025-12-13,9-8-3,9,8,3,4500.0,296,valid,3435,3-8-9,all_distinct,20,1.0
3D Lotto,9PM,2025-12-14,5-0-4,5,0,4,4500.0,300,valid,3436,0-4-5,all_distinct,9,0.0
3D Lotto,9PM,2025-12-15,7-5-6,7,5,6,4500.0,446,valid,3437,5-6-7,all_distinct,18,1.0
3D Lotto,9PM,2025-12-16,6-0-4,6,0,4,4500.0,213,valid,3438,0-4-6,all_distinct,10,1.0
3D Lotto,9PM,2025-12-17,3-7-2,3,7,2,4500.0,250,valid,3439,2-3-7,all_distinct,12,0.0
3D Lotto,9PM,2025-12-18,3-2-8,3,2,8,4500.0,592,valid,3440,2-3-8,all_distinct,13,2.0
3D Lotto,9PM,2025-12-19,0-3-9,0,3,9,4500.0,328,valid,3441,0-3-9,all_distinct,12,1.0
3D Lotto,9PM,2025-12-20,6-5-5,6,5,5,4500.0,257,valid,3442,5-5-6,one_pair,16,0.0
3D Lotto,9PM,2025-12-21,0-4-1,0,4,1,4500.0,184,valid,3443,0-1-4,all_distinct,5,0.0
3D Lotto,9PM,2025-12-22,9-4-4,9,4,4,4500.0,243,valid,3444,4-4-9,one_pair,17,1.0
3D Lotto,9PM,2025-12-23,3-1-7,3,1,7,4500.0,595,valid,3445,1-3-7,all_distinct,11,0.0
3D Lotto,9PM,2025-12-24,9-4-6,9,4,6,4500.0,243,valid,3446,4-6-9,all_distinct,19,0.0
3D Lotto,9PM,2025-12-25,8-6-4,8,6,4,4500.0,189,valid,3447,4-6-8,all_distinct,18,2.0
3D Lotto,9PM,2025-12-26,9-3-2,9,3,2,4500.0,445,valid,3448,2-3-9,all_distinct,14,0.0
3D Lotto,9PM,2025-12-27,9-1-0,9,1,0,4500.0,544,valid,3449,0-1-9,all_distinct,10,1.0
3D Lotto,9PM,2025-12-28,4-4-4,4,4,4,4500.0,593,valid,3450,4-4-4,triple,12,0.0
3D Lotto,9PM,2025-12-29,5-3-2,5,3,2,4500.0,594,valid,3451,2-3-5,all_distinct,10,0.0
3D Lotto,9PM,2025-12-30,3-1-5,3,1,5,4500.0,596,valid,3452,1-3-5,all_distinct,9,2.0
3D Lotto,9PM,2025-12-31,9-5-4,9,5,4,4500.0,374,valid,3453,4-5-9,all_distinct,18,1.0
3D Lotto,9PM,2026-01-01,5-0-7,5,0,7,4500.0,278,valid,3454,0-5-7,all_distinct,12,1.0
3D Lotto,9PM,2026-01-02,4-9-1,4,9,1,4500.0,277,valid,3455,1-4-9,all_distinct,14,0.0
3D Lotto,9PM,2026-01-03,2-0-4,2,0,4,4500.0,468,valid,3456,0-2-4,all_distinct,6,1.0
3D Lotto,9PM,2026-01-04,0-4-9,0,4,9,4500.0,241,valid,3457,0-4-9,all_distinct,13,2.0
3D Lotto,9PM,2026-01-05,2-9-7,2,9,7,4500.0,475,valid,3458,2-7-9,all_distinct,18,1.0
3D Lotto,9PM,2026-01-06,0-4-1,0,4,1,4500.0,148,valid,3459,0-1-4,all_distinct,5,0.0
3D Lotto,9PM,2026-01-07,6-5-3,6,5,3,4500.0,250,valid,3460,3-5-6,all_distinct,14,0.0
3D Lotto,9PM,2026-01-08,9-2-3,9,2,3,4500.0,431,valid,3461,2-3-9,all_distinct,14,1.0
3D Lotto,9PM,2026-01-09,1-0-7,1,0,7,4500.0,597,valid,3462,0-1-7,all_distinct,8,0.0
3D Lotto,9PM,2026-01-10,1-3-7,1,3,7,4500.0,461,valid,3463,1-3-7,all_distinct,11,2.0
3D Lotto,9PM,2026-01-11,5-9-8,5,9,8,4500.0,388,valid,3464,5-8-9,all_distinct,22,0.0
3D Lotto,9PM,2026-01-12,7-1-1,7,1,1,4500.0,601,valid,3465,1-1-7,one_pair,9,0.0
3D Lotto,9PM,2026-01-13,4-8-6,4,8,6,4500.0,386,valid,3466,4-6-8,all_distinct,18,0.0
3D Lotto,9PM,2026-01-14,0-6-4,0,6,4,4500.0,240,valid,3467,0-4-6,all_distinct,10,2.0
3D Lotto,9PM,2026-01-15,4-1-2,4,1,2,4500.0,602,valid,3468,1-2-4,all_distinct,7,1.0
3D Lotto,9PM,2026-01-16,5-9-7,5,9,7,4500.0,305,valid,3469,5-7-9,all_distinct,21,0.0
3D Lotto,9PM,2026-01-17,2-1-7,2,1,7,4500.0,596,valid,3470,1-2-7,all_distinct,10,1.0
3D Lotto,9PM,2026-01-18,8-6-0,8,6,0,4500.0,493,valid,3471,0-6-8,all_distinct,14,0.0
3D Lotto,9PM,2026-01-19,3-0-4,3,0,4,4500.0,593,valid,3472,0-3-4,all_distinct,7,1.0
3D Lotto,9PM,2026-01-20,1-0-9,1,0,9,4500.0,621,valid,3473,0-1-9,all_distinct,10,1.0
3D Lotto,9PM,2026-01-21,7-3-7,7,3,7,4500.0,452,valid,3474,3-7-7,one_pair,17,0.0
3D Lotto,9PM,2026-01-22,5-3-7,5,3,7,4500.0,597,valid,3475,3-5-7,all_distinct,15,2.0
3D Lotto,9PM,2026-01-23,6-5-8,6,5,8,4500.0,334,valid,3476,5-6-8,all_distinct,19,1.0
3D Lotto,9PM,2026-01-24,9-5-5,9,5,5,4500.0,335,valid,3477,5-5-9,one_pair,19,1.0
3D Lotto,9PM,2026-01-25,9-0-8,9,0,8,4500.0,255,valid,3478,0-8-9,all_distinct,17,1.0
3D Lotto,9PM,2026-01-26,2-8-9,2,8,9,4500.0,433,valid,3479,2-8-9,all_distinct,19,2.0
3D Lotto,9PM,2026-01-27,1-3-8,1,3,8,4500.0,575,valid,3480,1-3-8,all_distinct,12,1.0
3D Lotto,9PM,2026-01-28,3-1-0,3,1,0,4500.0,605,valid,3481,0-1-3,all_distinct,4,2.0
3D Lotto,9PM,2026-01-29,2-3-3,2,3,3,4500.0,616,valid,3482,2-3-3,one_pair,8,1.0
3D Lotto,9PM,2026-01-30,6-6-7,6,6,7,4500.0,252,valid,3483,6-6-7,one_pair,19,0.0
3D Lotto,9PM,2026-01-31,0-1-6,0,1,6,4500.0,384,valid,3484,0-1-6,all_distinct,7,1.0
3D Lotto,9PM,2026-02-01,2-4-1,2,4,1,4500.0,561,valid,3485,1-2-4,all_distinct,7,1.0
3D Lotto,9PM,2026-02-02,3-9-8,3,9,8,4500.0,237,valid,3486,3-8-9,all_distinct,20,0.0
3D Lotto,9PM,2026-02-03,6-4-3,6,4,3,4500.0,238,valid,3487,3-4-6,all_distinct,13,1.0
3D Lotto,9PM,2026-02-04,6-2-9,6,2,9,4500.0,391,valid,3488,2-6-9,all_distinct,17,1.0
3D Lotto,9PM,2026-02-05,2-7-1,2,7,1,4500.0,505,valid,3489,1-2-7,all_distinct,10,1.0
3D Lotto,9PM,2026-02-06,7-0-0,7,0,0,4500.0,292,valid,3490,0-0-7,one_pair,7,1.0
3D Lotto,9PM,2026-02-07,9-4-8,9,4,8,4500.0,314,valid,3491,4-8-9,all_distinct,21,0.0
3D Lotto,9PM,2026-02-08,0-7-4,0,7,4,4500.0,152,valid,3492,0-4-7,all_distinct,11,1.0
3D Lotto,9PM,2026-02-09,2-0-7,2,0,7,4500.0,599,valid,3493,0-2-7,all_distinct,9,2.0
3D Lotto,9PM,2026-02-10,1-3-5,1,3,5,4500.0,366,valid,3494,1-3-5,all_distinct,9,0.0
3D Lotto,9PM,2026-02-11,6-6-2,6,6,2,4500.0,147,valid,3495,2-6-6,one_pair,14,0.0
3D Lotto,9PM,2026-02-12,5-0-1,5,0,1,4500.0,603,valid,3496,0-1-5,all_distinct,6,0.0
3D Lotto,9PM,2026-02-13,9-9-5,9,9,5,4500.0,223,valid,3497,5-9-9,one_pair,23,1.0
3D Lotto,9PM,2026-02-14,1-5-8,1,5,8,4500.0,484,valid,3498,1-5-8,all_distinct,14,1.0
3D Lotto,9PM,2026-02-15,5-3-9,5,3,9,4500.0,616,valid,3499,3-5-9,all_distinct,17,1.0
3D Lotto,9PM,2026-02-16,5-3-2,5,3,2,4500.0,372,valid,3500,2-3-5,all_distinct,10,2.0
3D Lotto,9PM,2026-02-17,6-5-0,6,5,0,4500.0,266,valid,3501,0-5-6,all_distinct,11,1.0
3D Lotto,9PM,2026-02-18,7-6-8,7,6,8,4500.0,244,valid,3502,6-7-8,all_distinct,21,1.0
3D Lotto,9PM,2026-02-19,9-1-7,9,1,7,4500.0,594,valid,3503,1-7-9,all_distinct,17,1.0
3D Lotto,9PM,2026-02-20,3-0-9,3,0,9,4500.0,471,valid,3504,0-3-9,all_distinct,12,1.0
3D Lotto,9PM,2026-02-21,9-2-5,9,2,5,4500.0,592,valid,3505,2-5-9,all_distinct,16,1.0
3D Lotto,9PM,2026-02-22,1-7-3,1,7,3,4500.0,547,valid,3506,1-3-7,all_distinct,11,0.0
3D Lotto,9PM,2026-02-23,6-7-2,6,7,2,4500.0,338,valid,3507,2-6-7,all_distinct,15,1.0
3D Lotto,9PM,2026-02-24,9-4-7,9,4,7,4500.0,389,valid,3508,4-7-9,all_distinct,20,1.0
3D Lotto,9PM,2026-02-25,4-0-4,4,0,4,4500.0,614,valid,3509,0-4-4,one_pair,8,1.0
3D Lotto,9PM,2026-02-26,5-2-1,5,2,1,4500.0,481,valid,3510,1-2-5,all_distinct,8,0.0
3D Lotto,9PM,2026-02-27,4-7-3,4,7,3,4500.0,592,valid,3511,3-4-7,all_distinct,14,0.0
3D Lotto,9PM,2026-02-28,9-0-6,9,0,6,4500.0,340,valid,3512,0-6-9,all_distinct,15,0.0
3D Lotto,9PM,2026-03-01,9-4-4,9,4,4,4500.0,163,valid,3513,4-4-9,one_pair,17,1.0
3D Lotto,9PM,2026-03-02,0-3-2,0,3,2,4500.0,596,valid,3514,0-2-3,all_distinct,5,0.0
3D Lotto,9PM,2026-03-03,9-4-4,9,4,4,4500.0,126,valid,3515,4-4-9,one_pair,17,0.0
3D Lotto,9PM,2026-03-04,6-5-4,6,5,4,4500.0,401,valid,3516,4-5-6,all_distinct,15,1.0
3D Lotto,9PM,2026-03-05,7-6-9,7,6,9,4500.0,598,valid,3517,6-7-9,all_distinct,22,1.0
3D Lotto,9PM,2026-03-06,9-9-0,9,9,0,4500.0,338,valid,3518,0-9-9,one_pair,18,1.0
3D Lotto,9PM,2026-03-07,9-5-9,9,5,9,4500.0,141,valid,3519,5-9-9,one_pair,23,2.0
3D Lotto,9PM,2026-03-08,6-7-7,6,7,7,4500.0,182,valid,3520,6-7-7,one_pair,20,0.0
3D Lotto,9PM,2026-03-09,7-5-5,7,5,5,4500.0,244,valid,3521,5-5-7,one_pair,17,1.0
3D Lotto,9PM,2026-03-10,9-2-3,9,2,3,4500.0,346,valid,3522,2-3-9,all_distinct,14,0.0
3D Lotto,9PM,2026-03-11,5-5-7,5,5,7,4500.0,151,valid,3523,5-5-7,one_pair,17,0.0
3D Lotto,9PM,2026-03-12,7-3-2,7,3,2,4500.0,323,valid,3524,2-3-7,all_distinct,12,1.0
3D Lotto,9PM,2026-03-13,4-4-0,4,4,0,4500.0,457,valid,3525,0-4-4,one_pair,8,0.0
3D Lotto,9PM,2026-03-14,1-1-8,1,1,8,4500.0,604,valid,3526,1-1-8,one_pair,10,0.0
3D Lotto,9PM,2026-03-15,1-1-8,1,1,8,4500.0,523,valid,3527,1-1-8,one_pair,10,3.0
3D Lotto,9PM,2026-03-16,4-7-8,4,7,8,4500.0,594,valid,3528,4-7-8,all_distinct,19,1.0
3D Lotto,9PM,2026-03-17,4-4-9,4,4,9,4500.0,366,valid,3529,4-4-9,one_pair,17,1.0
3D Lotto,9PM,2026-03-18,5-5-9,5,5,9,4500.0,398,valid,3530,5-5-9,one_pair,19,1.0
3D Lotto,9PM,2026-03-19,6-2-3,6,2,3,4500.0,600,valid,3531,2-3-6,all_distinct,11,0.0
3D Lotto,9PM,2026-03-20,0-1-3,0,1,3,4500.0,385,valid,3532,0-1-3,all_distinct,4,1.0
3D Lotto,9PM,2026-03-21,5-3-7,5,3,7,4500.0,455,valid,3533,3-5-7,all_distinct,15,1.0
3D Lotto,9PM,2026-03-22,4-3-2,4,3,2,4500.0,563,valid,3534,2-3-4,all_distinct,9,1.0
3D Lotto,9PM,2026-03-23,2-0-6,2,0,6,4500.0,420,valid,3535,0-2-6,all_distinct,8,1.0
3D Lotto,9PM,2026-03-24,2-5-5,2,5,5,4500.0,332,valid,3536,2-5-5,one_pair,12,1.0
3D Lotto,9PM,2026-03-25,4-4-3,4,4,3,4500.0,305,valid,3537,3-4-4,one_pair,11,0.0
3D Lotto,9PM,2026-03-26,9-3-4,9,3,4,4500.0,451,valid,3538,3-4-9,all_distinct,16,2.0
3D Lotto,9PM,2026-03-27,5-3-4,5,3,4,4500.0,605,valid,3539,3-4-5,all_distinct,12,2.0
3D Lotto,9PM,2026-03-28,4-1-2,4,1,2,4500.0,602,valid,3540,1-2-4,all_distinct,7,1.0
3D Lotto,9PM,2026-03-29,6-8-1,6,8,1,4500.0,291,valid,3541,1-6-8,all_distinct,15,1.0
3D Lotto,9PM,2026-03-30,9-5-9,9,5,9,4500.0,118,valid,3542,5-9-9,one_pair,23,0.0
3D Lotto,9PM,2026-03-31,0-9-4,0,9,4,4500.0,122,valid,3543,0-4-9,all_distinct,13,1.0
3D Lotto,9PM,2026-04-01,5-4-1,5,4,1,4500.0,430,valid,3544,1-4-5,all_distinct,10,1.0
3D Lotto,9PM,2026-04-05,2-7-8,2,7,8,4500.0,305,valid,3545,2-7-8,all_distinct,17,0.0
3D Lotto,9PM,2026-04-06,6-3-5,6,3,5,4500.0,277,valid,3546,3-5-6,all_distinct,14,0.0
3D Lotto,9PM,2026-04-07,0-8-2,0,8,2,4500.0,215,valid,3547,0-2-8,all_distinct,10,0.0
3D Lotto,9PM,2026-04-08,7-3-0,7,3,0,4500.0,296,valid,3548,0-3-7,all_distinct,10,1.0
3D Lotto,9PM,2026-04-09,7-4-9,7,4,9,4500.0,410,valid,3549,4-7-9,all_distinct,20,1.0
3D Lotto,9PM,2026-04-10,4-7-3,4,7,3,4500.0,307,valid,3550,3-4-7,all_distinct,14,2.0
3D Lotto,9PM,2026-04-11,4-1-9,4,1,9,4500.0,598,valid,3551,1-4-9,all_distinct,14,1.0
3D Lotto,9PM,2026-04-12,2-1-1,2,1,1,4500.0,597,valid,3552,1-1-2,one_pair,4,1.0
3D Lotto,9PM,2026-04-13,7-5-0,7,5,0,4500.0,384,valid,3553,0-5-7,all_distinct,12,0.0
3D Lotto,9PM,2026-04-14,7-6-0,7,6,0,4500.0,267,valid,3554,0-6-7,all_distinct,13,2.0
3D Lotto,9PM,2026-04-15,2-5-0,2,5,0,4500.0,598,valid,3555,0-2-5,all_distinct,7,1.0
3D Lotto,9PM,2026-04-16,8-6-8,8,6,8,4500.0,237,valid,3556,6-8-8,one_pair,22,0.0
3D Lotto,9PM,2026-04-17,6-7-2,6,7,2,4500.0,108,valid,3557,2-6-7,all_distinct,15,1.0
3D Lotto,9PM,2026-04-18,6-5-0,6,5,0,4500.0,169,valid,3558,0-5-6,all_distinct,11,1.0
3D Lotto,9PM,2026-04-19,5-3-1,5,3,1,4500.0,597,valid,3559,1-3-5,all_distinct,9,1.0
3D Lotto,9PM,2026-04-20,6-7-0,6,7,0,4500.0,154,valid,3560,0-6-7,all_distinct,13,0.0
3D Lotto,9PM,2026-04-21,9-1-6,9,1,6,4500.0,593,valid,3561,1-6-9,all_distinct,16,1.0
3D Lotto,9PM,2026-04-22,5-0-8,5,0,8,4500.0,609,valid,3562,0-5-8,all_distinct,13,0.0
3D Lotto,9PM,2026-04-23,2-2-9,2,2,9,4500.0,597,valid,3563,2-2-9,one_pair,13,0.0
3D Lotto,9PM,2026-04-24,7-3-1,7,3,1,4500.0,593,valid,3564,1-3-7,all_distinct,11,0.0
3D Lotto,9PM,2026-04-25,9-0-5,9,0,5,4500.0,233,valid,3565,0-5-9,all_distinct,14,0.0
3D Lotto,9PM,2026-04-26,5-6-4,5,6,4,4500.0,299,valid,3566,4-5-6,all_distinct,15,1.0
3D Lotto,9PM,2026-04-27,7-8-5,7,8,5,4500.0,224,valid,3567,5-7-8,all_distinct,20,1.0
3D Lotto,9PM,2026-04-28,6-3-0,6,3,0,4500.0,597,valid,3568,0-3-6,all_distinct,9,0.0
3D Lotto,9PM,2026-04-29,4-1-7,4,1,7,4500.0,602,valid,3569,1-4-7,all_distinct,12,0.0
3D Lotto,9PM,2026-04-30,0-6-0,0,6,0,4500.0,131,valid,3570,0-0-6,one_pair,6,0.0
3D Lotto,9PM,2026-05-01,5-3-5,5,3,5,4500.0,392,valid,3571,3-5-5,one_pair,13,0.0
3D Lotto,9PM,2026-05-02,2-7-5,2,7,5,4500.0,592,valid,3572,2-5-7,all_distinct,14,1.0
3D Lotto,9PM,2026-05-03,7-5-0,7,5,0,4500.0,622,valid,3573,0-5-7,all_distinct,12,2.0
3D Lotto,9PM,2026-05-04,9-2-4,9,2,4,4500.0,536,valid,3574,2-4-9,all_distinct,15,0.0
3D Lotto,9PM,2026-05-05,3-7-6,3,7,6,4500.0,357,valid,3575,3-6-7,all_distinct,16,0.0
3D Lotto,9PM,2026-05-06,2-7-6,2,7,6,4500.0,286,valid,3576,2-6-7,all_distinct,15,2.0
3D Lotto,9PM,2026-05-07,9-4-4,9,4,4,4500.0,210,valid,3577,4-4-9,one_pair,17,0.0
3D Lotto,9PM,2026-05-08,2-1-5,2,1,5,4500.0,594,valid,3578,1-2-5,all_distinct,8,0.0
3D Lotto,9PM,2026-05-09,7-1-2,7,1,2,4500.0,524,valid,3579,1-2-7,all_distinct,10,2.0
3D Lotto,9PM,2026-05-10,2-6-6,2,6,6,4500.0,437,valid,3580,2-6-6,one_pair,14,1.0
3D Lotto,9PM,2026-05-11,3-0-8,3,0,8,4500.0,596,valid,3581,0-3-8,all_distinct,11,0.0
3D Lotto,9PM,2026-05-12,7-0-3,7,0,3,4500.0,375,valid,3582,0-3-7,all_distinct,10,2.0
3D Lotto,9PM,2026-05-13,0-3-8,0,3,8,4500.0,199,valid,3583,0-3-8,all_distinct,11,2.0
3D Lotto,9PM,2026-05-14,2-0-2,2,0,2,4500.0,246,valid,3584,0-2-2,one_pair,4,1.0
3D Lotto,9PM,2026-05-15,6-6-0,6,6,0,4500.0,438,valid,3585,0-6-6,one_pair,12,1.0
3D Lotto,9PM,2026-05-16,3-6-8,3,6,8,4500.0,385,valid,3586,3-6-8,all_distinct,17,1.0
3D Lotto,9PM,2026-05-17,4-3-1,4,3,1,4500.0,292,valid,3587,1-3-4,all_distinct,8,1.0
3D Lotto,9PM,2026-05-18,9-3-1,9,3,1,4500.0,594,valid,3588,1-3-9,all_distinct,13,2.0
3D Lotto,9PM,2026-05-19,4-7-1,4,7,1,4500.0,299,valid,3589,1-4-7,all_distinct,12,1.0
3D Lotto,9PM,2026-05-20,8-9-9,8,9,9,4500.0,351,valid,3590,8-9-9,one_pair,26,0.0
3D Lotto,9PM,2026-05-21,0-8-0,0,8,0,4500.0,144,valid,3591,0-0-8,one_pair,8,1.0
3D Lotto,9PM,2026-05-22,1-5-0,1,5,0,4500.0,603,valid,3592,0-1-5,all_distinct,6,1.0
3D Lotto,9PM,2026-05-23,2-8-7,2,8,7,4500.0,489,valid,3593,2-7-8,all_distinct,17,0.0
3D Lotto,9PM,2026-05-24,1-6-6,1,6,6,4500.0,263,valid,3594,1-6-6,one_pair,13,0.0
3D Lotto,9PM,2026-05-25,2-8-5,2,8,5,4500.0,593,valid,3595,2-5-8,all_distinct,15,0.0
3D Lotto,9PM,2026-05-26,9-3-5,9,3,5,4500.0,152,valid,3596,3-5-9,all_distinct,17,1.0
3D Lotto,9PM,2026-05-27,0-0-1,0,0,1,4500.0,325,valid,3597,0-0-1,one_pair,1,0.0
3D Lotto,9PM,2026-05-28,8-6-0,8,6,0,4500.0,540,valid,3598,0-6-8,all_distinct,14,1.0
3D Lotto,9PM,2026-05-29,9-6-8,9,6,8,4500.0,236,valid,3599,6-8-9,all_distinct,23,2.0
3D Lotto,9PM,2026-05-30,3-6-5,3,6,5,4500.0,463,valid,3600,3-5-6,all_distinct,14,1.0
3D Lotto,9PM,2026-05-31,7-5-4,7,5,4,4500.0,368,valid,3601,4-5-7,all_distinct,16,1.0
3D Lotto,9PM,2026-06-01,1-7-2,1,7,2,4500.0,390,valid,3602,1-2-7,all_distinct,10,1.0
3D Lotto,9PM,2026-06-02,4-2-6,4,2,6,4500.0,610,valid,3603,2-4-6,all_distinct,12,1.0
3D Lotto,9PM,2026-06-03,6-4-7,6,4,7,4500.0,559,valid,3604,4-6-7,all_distinct,17,2.0
3D Lotto,9PM,2026-06-04,9-0-0,9,0,0,4500.0,366,valid,3605,0-0-9,one_pair,9,0.0
3D Lotto,9PM,2026-06-05,9-0-7,9,0,7,4500.0,379,valid,3606,0-7-9,all_distinct,16,2.0
3D Lotto,9PM,2026-06-06,8-6-5,8,6,5,4500.0,320,valid,3607,5-6-8,all_distinct,19,0.0
3D Lotto,9PM,2026-06-07,7-9-3,7,9,3,4500.0,215,valid,3608,3-7-9,all_distinct,19,0.0
3D Lotto,9PM,2026-06-08,1-1-7,1,1,7,4500.0,594,valid,3609,1-1-7,one_pair,9,1.0
3D Lotto,9PM,2026-06-09,5-5-3,5,5,3,4500.0,230,valid,3610,3-5-5,one_pair,13,0.0
3D Lotto,9PM,2026-06-10,3-1-6,3,1,6,4500.0,594,valid,3611,1-3-6,all_distinct,10,1.0
3D Lotto,9PM,2026-06-11,2-5-1,2,5,1,4500.0,472,valid,3612,1-2-5,all_distinct,8,1.0
3D Lotto,9PM,2026-06-12,5-8-4,5,8,4,4500.0,237,valid,3613,4-5-8,all_distinct,17,1.0
3D Lotto,9PM,2026-06-13,6-8-8,6,8,8,4500.0,175,valid,3614,6-8-8,one_pair,22,1.0
3D Lotto,9PM,2026-06-14,3-4-9,3,4,9,4500.0,413,valid,3615,3-4-9,all_distinct,16,0.0
3D Lotto,9PM,2026-06-15,5-9-9,5,9,9,4500.0,222,valid,3616,5-9-9,one_pair,23,1.0
3D Lotto,9PM,2026-06-16,0-8-6,0,8,6,4500.0,140,valid,3617,0-6-8,all_distinct,14,0.0
3D Lotto,9PM,2026-06-17,5-1-3,5,1,3,4500.0,557,valid,3618,1-3-5,all_distinct,9,0.0
3D Lotto,9PM,2026-06-18,1-0-2,1,0,2,4500.0,490,valid,3619,0-1-2,all_distinct,3,1.0
3D Lotto,9PM,2026-06-19,3-7-2,3,7,2,4500.0,240,valid,3620,2-3-7,all_distinct,12,1.0
3D Lotto,9PM,2026-06-20,6-4-9,6,4,9,4500.0,355,valid,3621,4-6-9,all_distinct,19,0.0
3D Lotto,9PM,2026-06-21,1-3-4,1,3,4,4500.0,369,valid,3622,1-3-4,all_distinct,8,1.0
3D Lotto,9PM,2026-06-22,6-7-4,6,7,4,4500.0,218,valid,3623,4-6-7,all_distinct,17,1.0
3D Lotto,9PM,2026-06-23,6-1-4,6,1,4,4500.0,548,valid,3624,1-4-6,all_distinct,11,2.0
3D Lotto,9PM,2026-06-24,0-5-0,0,5,0,4500.0,164,valid,3625,0-0-5,one_pair,5,0.0
3D Lotto,9PM,2026-06-25,7-6-4,7,6,4,4500.0,318,valid,3626,4-6-7,all_distinct,17,0.0
3D Lotto,9PM,2026-06-26,6-5-9,6,5,9,4500.0,374,valid,3627,5-6-9,all_distinct,20,1.0
3D Lotto,9PM,2026-06-27,9-5-8,9,5,8,4500.0,199,valid,3628,5-8-9,all_distinct,22,2.0
3D Lotto,9PM,2026-06-28,7-7-0,7,7,0,4500.0,326,valid,3629,0-7-7,one_pair,14,0.0
3D Lotto,9PM,2026-06-29,9-2-6,9,2,6,4500.0,596,valid,3630,2-6-9,all_distinct,17,0.0
3D Lotto,9PM,2026-06-30,3-1-8,3,1,8,4500.0,597,valid,3631,1-3-8,all_distinct,12,0.0
3D Lotto,9PM,2026-07-01,2-0-8,2,0,8,4500.0,595,valid,3632,0-2-8,all_distinct,10,1.0
3D Lotto,9PM,2026-07-02,6-9-3,6,9,3,4500.0,313,valid,3633,3-6-9,all_distinct,18,0.0
3D Lotto,9PM,2026-07-03,2-3-1,2,3,1,4500.0,491,valid,3634,1-2-3,all_distinct,6,1.0
3D Lotto,9PM,2026-07-04,1-2-2,1,2,2,4500.0,595,valid,3635,1-2-2,one_pair,5,2.0
3D Lotto,9PM,2026-07-05,0-7-8,0,7,8,4500.0,189,valid,3636,0-7-8,all_distinct,15,0.0
3D Lotto,9PM,2026-07-06,7-8-2,7,8,2,4500.0,265,valid,3637,2-7-8,all_distinct,17,2.0
3D Lotto,9PM,2026-07-07,0-9-3,0,9,3,4500.0,234,valid,3638,0-3-9,all_distinct,12,0.0
3D Lotto,9PM,2026-07-08,3-7-6,3,7,6,4500.0,288,valid,3639,3-6-7,all_distinct,16,1.0
3D Lotto,9PM,2026-07-09,3-2-4,3,2,4,4500.0,590,valid,3640,2-3-4,all_distinct,9,1.0
3D Lotto,9PM,2026-07-10,8-6-4,8,6,4,4500.0,380,valid,3641,4-6-8,all_distinct,18,1.0
3D Lotto,9PM,2026-07-11,1-5-9,1,5,9,4500.0,380,valid,3642,1-5-9,all_distinct,15,0.0
3D Lotto,9PM,2026-07-12,0-5-5,0,5,5,4500.0,126,valid,3643,0-5-5,one_pair,10,1.0
3D Lotto,9PM,2026-07-13,9-5-8,9,5,8,4500.0,146,valid,3644,5-8-9,all_distinct,22,1.0
3D Lotto,9PM,2026-07-14,5-6-3,5,6,3,4500.0,349,valid,3645,3-5-6,all_distinct,14,1.0
3D Lotto,9PM,2026-07-15,6-6-5,6,6,5,4500.0,293,valid,3646,5-6-6,one_pair,17,2.0
3D Lotto,9PM,2026-07-16,7-8-2,7,8,2,4500.0,167,valid,3647,2-7-8,all_distinct,17,0.0
3D Lotto,9PM,2026-07-17,8-9-1,8,9,1,4500.0,239,valid,3648,1-8-9,all_distinct,18,1.0
3D Lotto,9PM,2026-07-18,8-0-8,8,0,8,4500.0,594,valid,3649,0-8-8,one_pair,16,1.0
3D Lotto,9PM,2026-07-19,9-8-7,9,8,7,4500.0,201,valid,3650,7-8-9,all_distinct,24,1.0
3D Lotto,9PM,2026-07-20,4-4-8,4,4,8,4500.0,243,valid,3651,4-4-8,one_pair,16,1.0
3D Lotto,9PM,2026-07-21,6-6-7,6,6,7,4500.0,149,valid,3652,6-6-7,one_pair,19,0.0
3D Lotto,9PM,2026-07-22,1-2-3,1,2,3,4500.0,511,valid,3653,1-2-3,all_distinct,6,0.0
3D Lotto,9PM,2026-07-23,1-0-9,1,0,9,4500.0,600,valid,3654,0-1-9,all_distinct,10,1.0
3D Lotto,9PM,2026-07-24,1-2-9,1,2,9,4500.0,599,valid,3655,1-2-9,all_distinct,12,2.0
3D Lotto,9PM,2026-07-25,3-4-0,3,4,0,4500.0,204,valid,3656,0-3-4,all_distinct,7,0.0
3D Lotto,9PM,2026-07-26,8-5-4,8,5,4,4500.0,288,valid,3657,4-5-8,all_distinct,17,1.0
3D Lotto,9PM,2026-07-27,3-2-6,3,2,6,4500.0,437,valid,3658,2-3-6,all_distinct,11,0.0
3D Lotto,9PM,2026-07-28,2-5-1,2,5,1,4500.0,412,valid,3659,1-2-5,all_distinct,8,1.0
3D Lotto,9PM,2026-07-29,3-2-3,3,2,3,4500.0,453,valid,3660,2-3-3,one_pair,8,1.0
3D Lotto,9PM,2026-07-30,2-6-0,2,6,0,4500.0,374,valid,3661,0-2-6,all_distinct,8,1.0
3D Lotto,9PM,2026-07-31,0-9-7,0,9,7,4500.0,178,valid,3662,0-7-9,all_distinct,16,1.0
3D Lotto,9PM,2026-08-01,4-5-3,4,5,3,4500.0,141,valid,3663,3-4-5,all_distinct,12,0.0
3D Lotto,9PM,2026-08-02,3-5-0,3,5,0,4500.0,593,valid,3664,0-3-5,all_distinct,8,2.0
3D Lotto,9PM,2026-08-03,2-0-5,2,0,5,4500.0,329,valid,3665,0-2-5,all_distinct,7,2.0
3D Lotto,9PM,2026-08-04,3-8-2,3,8,2,4500.0,256,valid,3666,2-3-8,all_distinct,13,1.0
3D Lotto,9PM,2026-08-05,7-2-8,7,2,8,4500.0,557,valid,3667,2-7-8,all_distinct,17,2.0
3D Lotto,9PM,2026-08-06,3-4-4,3,4,4,4500.0,154,valid,3668,3-4-4,one_pair,11,0.0
3D Lotto,9PM,2026-08-07,5-6-9,5,6,9,4500.0,151,valid,3669,5-6-9,all_distinct,20,0.0
3D Lotto,9PM,2026-08-08,4-7-6,4,7,6,4500.0,171,valid,3670,4-6-7,all_distinct,17,1.0
3D Lotto,9PM,2026-08-09,1-8-0,1,8,0,4500.0,602,valid,3671,0-1-8,all_distinct,9,0.0
3D Lotto,9PM,2026-08-10,7-0-3,7,0,3,4500.0,300,valid,3672,0-3-7,all_distinct,10,1.0
3D Lotto,9PM,2026-08-11,8-8-7,8,8,7,4500.0,397,valid,3673,7-8-8,one_pair,23,1.0
3D Lotto,9PM,2026-08-12,6-9-6,6,9,6,4500.0,373,valid,3674,6-6-9,one_pair,21,0.0
3D Lotto,9PM,2026-08-13,1-0-7,1,0,7,4500.0,612,valid,3675,0-1-7,all_distinct,8,0.0
3D Lotto,9PM,2026-08-14,5-0-3,5,0,3,4500.0,244,valid,3676,0-3-5,all_distinct,8,1.0
3D Lotto,9PM,2026-08-15,7-3-2,7,3,2,4500.0,241,valid,3677,2-3-7,all_distinct,12,1.0
3D Lotto,9PM,2026-08-16,9-4-4,9,4,4,4500.0,273,valid,3678,4-4-9,one_pair,17,0.0
3D Lotto,9PM,2026-08-17,5-8-0,5,8,0,4500.0,194,valid,3679,0-5-8,all_distinct,13,0.0
3D Lotto,9PM,2026-08-18,0-4-8,0,4,8,4500.0,217,valid,3680,0-4-8,all_distinct,12,2.0
3D Lotto,9PM,2026-08-19,7-5-7,7,5,7,4500.0,212,valid,3681,5-7-7,one_pair,19,0.0
3D Lotto,9PM,2026-08-20,2-7-9,2,7,9,4500.0,383,valid,3682,2-7-9,all_distinct,18,1.0
3D Lotto,9PM,2026-08-21,0-1-8,0,1,8,4500.0,230,valid,3683,0-1-8,all_distinct,9,0.0
3D Lotto,9PM,2026-08-22,5-1-2,5,1,2,4500.0,560,valid,3684,1-2-5,all_distinct,8,1.0
3D Lotto,9PM,2026-08-23,0-0-0,0,0,0,4500.0,561,valid,3685,0-0-0,triple,0,0.0
3D Lotto,9PM,2026-08-24,4-3-5,4,3,5,4500.0,348,valid,3686,3-4-5,all_distinct,12,0.0
3D Lotto,9PM,2026-08-25,1-9-4,1,9,4,4500.0,340,valid,3687,1-4-9,all_distinct,14,1.0
3D Lotto,9PM,2026-08-26,0-7-5,0,7,5,4500.0,142,valid,3688,0-5-7,all_distinct,12,0.0
3D Lotto,9PM,2026-08-27,1-8-5,1,8,5,4500.0,475,valid,3689,1-5-8,all_distinct,14,1.0
3D Lotto,9PM,2026-08-28,0-4-9,0,4,9,4500.0,197,valid,3690,0-4-9,all_distinct,13,0.0
3D Lotto,9PM,2026-08-29,7-0-5,7,0,5,4500.0,242,valid,3691,0-5-7,all_distinct,12,1.0
3D Lotto,9PM,2026-08-30,9-5-9,9,5,9,4500.0,259,valid,3692,5-9-9,one_pair,23,1.0
3D Lotto,9PM,2026-08-31,1-8-5,1,8,5,4500.0,187,valid,3693,1-5-8,all_distinct,14,1.0
3D Lotto,9PM,2026-09-01,3-3-2,3,3,2,4500.0,232,valid,3694,2-3-3,one_pair,8,0.0
3D Lotto,9PM,2026-09-02,0-5-6,0,5,6,4500.0,144,valid,3695,0-5-6,all_distinct,11,0.0
3D Lotto,9PM,2026-09-03,1-0-6,1,0,6,4500.0,600,valid,3696,0-1-6,all_distinct,7,2.0
3D Lotto,9PM,2026-09-04,4-2-7,4,2,7,4500.0,406,valid,3697,2-4-7,all_distinct,13,0.0
3D Lotto,9PM,2026-09-05,8-9-2,8,9,2,4500.0,172,valid,3698,2-8-9,all_distinct,19,1.0
3D Lotto,9PM,2026-09-06,5-9-1,5,9,1,4500.0,235,valid,3699,1-5-9,all_distinct,15,1.0
3D Lotto,9PM,2026-09-07,6-3-6,6,3,6,4500.0,220,valid,3700,3-6-6,one_pair,15,0.0
3D Lotto,9PM,2026-09-08,9-1-7,9,1,7,4500.0,604,valid,3701,1-7-9,all_distinct,17,0.0
3D Lotto,9PM,2026-09-09,0-7-7,0,7,7,4500.0,131,valid,3702,0-7-7,one_pair,14,1.0
3D Lotto,9PM,2026-09-10,1-9-8,1,9,8,4500.0,578,valid,3703,1-8-9,all_distinct,18,0.0
3D Lotto,9PM,2026-09-11,8-1-8,8,1,8,4500.0,600,valid,3704,1-8-8,one_pair,17,2.0
3D Lotto,9PM,2026-09-12,6-4-3,6,4,3,4500.0,141,valid,3705,3-4-6,all_distinct,13,0.0
3D Lotto,9PM,2026-09-13,8-9-4,8,9,4,4500.0,146,valid,3706,4-8-9,all_distinct,21,1.0
3D Lotto,9PM,2026-09-14,4-4-9,4,4,9,4500.0,378,valid,3707,4-4-9,one_pair,17,2.0
3D Lotto,9PM,2026-09-15,0-2-3,0,2,3,4500.0,263,valid,3708,0-2-3,all_distinct,5,0.0
3D Lotto,9PM,2026-09-16,2-0-4,2,0,4,4500.0,380,valid,3709,0-2-4,all_distinct,6,2.0
3D Lotto,9PM,2026-09-17,4-7-8,4,7,8,4500.0,452,valid,3710,4-7-8,all_distinct,19,1.0
3D Lotto,9PM,2026-09-18,2-4-8,2,4,8,4500.0,350,valid,3711,2-4-8,all_distinct,14,2.0
3D Lotto,9PM,2026-09-19,0-2-9,0,2,9,4500.0,392,valid,3712,0-2-9,all_distinct,11,1.0
3D Lotto,9PM,2026-09-20,6-7-9,6,7,9,4500.0,442,valid,3713,6-7-9,all_distinct,22,1.0
3D Lotto,9PM,2026-09-21,7-9-5,7,9,5,4500.0,211,valid,3714,5-7-9,all_distinct,21,2.0
3D Lotto,9PM,2026-09-22,9-8-3,9,8,3,4500.0,128,valid,3715,3-8-9,all_distinct,20,1.0
3D Lotto,9PM,2026-09-23,4-1-4,4,1,4,4500.0,426,valid,3716,1-4-4,one_pair,9,0.0
3D Lotto,9PM,2026-09-24,0-5-5,0,5,5,4500.0,196,valid,3717,0-5-5,one_pair,10,0.0
3D Lotto,9PM,2026-09-25,2-0-1,2,0,1,4500.0,584,valid,3718,0-1-2,all_distinct,3,1.0
3D Lotto,9PM,2026-09-26,1-5-8,1,5,8,4500.0,292,valid,3719,1-5-8,all_distinct,14,1.0
3D Lotto,9PM,2026-09-27,2-1-6,2,1,6,4500.0,573,valid,3720,1-2-6,all_distinct,9,1.0
3D Lotto,9PM,2026-09-28,5-0-4,5,0,4,4500.0,253,valid,3721,0-4-5,all_distinct,9,0.0
3D Lotto,9PM,2026-09-29,3-5-5,3,5,5,4500.0,176,valid,3722,3-5-5,one_pair,13,1.0
3D Lotto,9PM,2026-09-30,9-2-5,9,2,5,4500.0,603,valid,3723,2-5-9,all_distinct,16,1.0
3D Lotto,9PM,2026-10-01,4-2-9,4,2,9,4500.0,612,valid,3724,2-4-9,all_distinct,15,2.0
3D Lotto,9PM,2026-10-02,8-1-9,8,1,9,4500.0,433,valid,3725,1-8-9,all_distinct,18,1.0
3D Lotto,9PM,2026-10-03,9-9-6,9,9,6,4500.0,450,valid,3726,6-9-9,one_pair,24,1.0
3D Lotto,9PM,2026-10-04,0-7-0,0,7,0,4500.0,197,valid,3727,0-0-7,one_pair,7,0.0
3D Lotto,9PM,2026-10-05,3-4-0,3,4,0,4500.0,255,valid,3728,0-3-4,all_distinct,7,1.0
3D Lotto,9PM,2026-10-06,8-9-2,8,9,2,4500.0,120,valid,3729,2-8-9,all_distinct,19,0.0
3D Lotto,9PM,2026-10-07,5-9-5,5,9,5,4500.0,222,valid,3730,5-5-9,one_pair,19,1.0
