draw_date,source_row,target_digit_0,target_digit_1,target_digit_2,target_digit_3,target_digit_4,target_digit_5,target_digit_6,target_digit_7,target_digit_8,target_digit_9
2016-04-16,103,0,1,0,0,0,1,1,0,0,0
2016-04-17,104,0,0,0,1,1,0,1,0,0,0
2016-04-18,105,1,0,0,0,1,0,0,0,1,0
2016-04-19,106,0,1,0,0,1,0,0,1,0,0
2016-04-20,107,0,0,0,2,0,0,1,0,0,0
2016-04-21,108,1,0,0,0,0,0,0,1,0,1
2016-04-22,109,0,0,1,1,0,0,0,0,0,1
2016-04-23,110,0,0,0,0,0,0,0,2,1,0
2016-04-24,111,1,0,0,0,1,0,0,0,0,1
2016-04-25,112,0,0,0,0,2,0,0,0,0,1
2016-04-26,113,0,1,0,0,1,0,0,0,0,1
2016-04-27,114,0,0,0,2,0,0,1,0,0,0
2016-04-28,115,0,0,0,1,0,0,0,0,1,1
2016-04-29,116,0,0,1,0,0,0,0,0,0,2
2016-04-30,117,0,1,0,0,0,0,0,1,0,1
2016-05-01,118,0,0,0,0,1,0,1,0,1,0
2016-05-02,119,0,0,0,0,1,0,0,1,1,0
2016-05-03,120,1,0,0,1,0,0,0,0,1,0
2016-05-04,121,1,0,0,0,0,0,0,1,1,0
2016-05-05,122,1,0,0,2,0,0,0,0,0,0
2016-05-06,123,1,0,0,0,0,0,1,0,1,0
2016-05-07,124,1,0,0,0,0,0,0,1,1,0
2016-05-08,125,0,1,0,0,1,1,0,0,0,0
2016-05-09,126,0,0,0,0,2,0,0,0,1,0
2016-05-10,127,0,0,0,0,1,1,0,0,1,0
2016-05-11,128,1,1,1,0,0,0,0,0,0,0
2016-05-12,129,1,0,0,0,0,0,1,0,0,1
2016-05-13,130,0,3,0,0,0,0,0,0,0,0
2016-05-14,131,1,1,0,0,0,0,1,0,0,0
2016-05-15,132,0,0,0,0,0,0,0,0,0,3
2016-05-16,133,1,0,0,1,0,0,0,0,1,0
2016-05-17,134,1,0,0,0,0,0,2,0,0,0
2016-05-18,135,0,0,1,0,1,0,0,1,0,0
2016-05-19,136,2,0,0,0,0,1,0,0,0,0
2016-05-20,137,0,0,0,0,1,0,1,0,1,0
2016-05-21,138,1,0,0,0,0,0,1,0,0,1
2016-05-22,139,1,0,0,0,0,0,1,0,0,1
2016-05-23,140,0,0,1,0,0,0,1,0,1,0
2016-05-24,141,1,0,0,0,0,0,0,2,0,0
2016-05-25,142,0,0,0,0,0,0,0,2,1,0
2016-05-26,143,1,0,1,0,0,0,1,0,0,0
2016-05-27,144,0,0,1,0,0,1,0,0,1,0
2016-05-28,145,0,1,1,0,0,0,0,0,0,1
2016-05-29,146,1,0,0,1,0,0,0,1,0,0
2016-05-30,147,0,0,1,1,0,0,1,0,0,0
2016-05-31,148,0,0,0,0,0,0,1,0,1,1
2016-06-01,149,0,1,0,0,0,0,1,0,0,1
2016-06-02,150,0,0,0,0,0,0,1,0,0,2
2016-06-03,151,0,0,1,1,0,0,0,0,0,1
2016-06-04,152,0,0,0,0,0,0,0,1,1,1
2016-06-05,153,0,0,0,0,1,2,0,0,0,0
2016-06-06,154,0,0,0,1,0,0,0,1,1,0
2016-06-07,155,0,0,0,0,1,1,0,0,0,1
2016-06-08,156,0,0,0,0,1,1,0,0,0,1
2016-06-09,157,1,0,0,1,0,1,0,0,0,0
2016-06-10,158,1,0,0,0,0,0,1,1,0,0
2016-06-11,159,0,1,0,0,1,0,0,0,1,0
2016-06-12,160,3,0,0,0,0,0,0,0,0,0
2016-06-13,161,1,0,0,1,0,0,1,0,0,0
2016-06-14,162,0,1,0,1,0,1,0,0,0,0
2016-06-15,163,0,1,0,0,0,0,0,0,1,1
2016-06-16,164,1,0,0,0,0,0,0,1,1,0
2016-06-17,165,0,0,0,1,0,2,0,0,0,0
2016-06-18,166,0,0,0,1,0,1,0,0,1,0
2016-06-19,167,1,0,1,0,0,0,0,1,0,0
2016-06-20,168,0,0,0,0,1,0,0,2,0,0
2016-06-21,169,0,0,0,1,0,1,0,0,0,1
2016-06-22,170,0,0,0,1,1,0,0,0,0,1
2016-06-23,171,0,2,0,0,0,0,0,0,0,1
2016-06-24,172,0,1,0,0,0,1,1,0,0,0
2016-06-25,173,0,1,0,0,0,0,1,1,0,0
2016-06-26,174,0,0,0,0,0,2,0,1,0,0
2016-06-27,175,0,0,0,1,1,0,0,1,0,0
2016-06-28,176,1,0,1,1,0,0,0,0,0,0
2016-06-29,177,0,0,1,0,0,0,0,1,1,0
2016-06-30,178,1,0,0,0,0,1,1,0,0,0
2016-07-01,179,0,1,0,0,0,1,0,0,0,1
2016-07-02,180,0,0,0,2,0,0,1,0,0,0
2016-07-03,181,1,1,0,1,0,0,0,0,0,0
2016-07-04,182,0,0,0,1,0,1,0,1,0,0
2016-07-05,183,0,0,0,1,0,1,1,0,0,0
2016-07-06,184,0,0,0,2,1,0,0,0,0,0
2016-07-07,185,0,0,2,0,0,0,1,0,0,0
2016-07-08,186,0,0,0,0,1,0,0,2,0,0
2016-07-09,187,0,0,0,1,0,2,0,0,0,0
2016-07-10,188,0,0,0,1,0,0,1,0,0,1
2016-07-11,189,0,1,0,0,1,1,0,0,0,0
2016-07-12,190,0,0,1,2,0,0,0,0,0,0
2016-07-13,191,0,0,0,0,1,0,2,0,0,0
2016-07-14,192,0,0,0,0,1,0,1,1,0,0
2016-07-15,193,0,0,0,0,1,1,0,1,0,0
2016-07-16,194,0,2,0,0,0,0,0,0,0,1
2016-07-17,195,0,0,0,0,2,0,1,0,0,0
2016-07-18,196,1,0,1,0,0,0,1,0,0,0
2016-07-19,197,0,1,0,0,0,1,0,0,0,1
2016-07-20,198,1,0,0,0,0,0,0,0,0,2
2016-07-21,199,2,0,0,0,0,0,0,1,0,0
2016-07-22,200,1,0,0,0,0,0,1,0,1,0
2016-07-23,201,0,0,0,0,1,1,0,0,0,1
2016-07-24,202,0,0,0,1,0,0,0,0,0,2
2016-07-25,203,1,0,0,0,0,1,0,1,0,0
2016-07-26,204,1,0,1,0,0,0,0,1,0,0
2016-07-27,205,1,0,2,0,0,0,0,0,0,0
2016-07-28,206,2,0,0,0,0,0,0,0,0,1
2016-07-29,207,0,1,0,1,0,0,1,0,0,0
2016-07-30,208,2,0,0,1,0,0,0,0,0,0
2016-07-31,209,0,1,0,0,0,0,1,0,1,0
2016-08-01,210,0,0,0,1,0,1,0,1,0,0
2016-08-02,211,0,0,2,0,0,1,0,0,0,0
2016-08-03,212,0,1,0,0,0,0,2,0,0,0
2016-08-04,213,0,0,2,0,0,0,0,0,1,0
2016-08-05,214,0,1,0,0,1,0,1,0,0,0
2016-08-06,215,0,0,0,2,0,0,0,1,0,0
2016-08-07,216,0,2,0,0,0,0,1,0,0,0
2016-08-08,217,1,1,0,1,0,0,0,0,0,0
2016-08-09,218,1,0,0,0,0,0,0,1,1,0
2016-08-10,219,0,0,3,0,0,0,0,0,0,0
2016-08-11,220,0,1,1,0,0,0,0,0,1,0
2016-08-12,221,0,0,0,1,0,0,1,0,0,1
2016-08-13,222,0,0,0,0,0,2,0,0,1,0
2016-08-14,223,1,0,1,0,0,1,0,0,0,0
2016-08-15,224,0,0,0,0,0,0,0,0,1,2
2016-08-16,225,0,0,1,0,0,0,0,1,1,0
2016-08-17,226,0,2,0,0,0,1,0,0,0,0
2016-08-18,227,0,0,1,0,0,0,1,1,0,0
2016-08-19,228,0,1,0,0,0,0,0,0,2,0
2016-08-20,229,1,1,0,1,0,0,0,0,0,0
2016-08-21,230,1,0,0,1,0,1,0,0,0,0
2016-08-22,231,0,0,2,0,0,1,0,0,0,0
2016-08-23,232,0,0,0,1,0,2,0,0,0,0
2016-08-24,233,0,0,0,0,1,0,1,0,0,1
2016-08-25,234,0,0,1,0,0,0,0,1,1,0
2016-08-26,235,0,0,0,0,0,0,0,2,0,1
2016-08-27,236,1,1,0,0,0,0,0,0,1,0
2016-08-28,237,0,0,0,0,0,1,1,1,0,0
2016-08-29,238,0,1,0,0,0,0,1,0,1,0
2016-08-30,239,0,0,1,0,0,0,2,0,0,0
2016-08-31,240,0,0,1,0,0,0,0,1,0,1
2016-09-01,241,1,0,0,0,1,0,1,0,0,0
2016-09-02,242,1,0,0,1,0,0,0,1,0,0
2016-09-03,243,0,1,0,1,0,0,0,1,0,0
2016-09-04,244,0,0,0,2,0,0,0,1,0,0
2016-09-05,245,1,0,1,0,0,1,0,0,0,0
2016-09-06,246,1,1,0,0,0,0,0,1,0,0
2016-09-07,247,0,0,0,0,0,1,1,1,0,0
2016-09-08,248,0,0,0,1,2,0,0,0,0,0
2016-09-09,249,0,1,1,0,0,0,0,1,0,0
2016-09-10,250,0,0,0,1,1,1,0,0,0,0
2016-09-11,251,0,0,1,1,0,0,1,0,0,0
2016-09-12,252,0,1,0,0,0,0,0,1,0,1
2016-09-13,253,0,0,1,0,0,0,0,1,0,1
2016-09-14,254,0,1,0,0,1,1,0,0,0,0
2016-09-15,255,1,0,0,0,1,0,0,1,0,0
2016-09-16,256,0,1,0,1,0,0,0,1,0,0
2016-09-17,257,0,1,0,0,0,1,0,0,1,0
2016-09-18,258,0,0,1,1,1,0,0,0,0,0
2016-09-19,259,1,1,0,0,0,0,0,0,1,0
2016-09-20,260,0,1,0,0,1,0,0,1,0,0
2016-09-21,261,1,0,1,0,0,0,0,1,0,0
2016-09-22,262,0,0,1,1,0,0,0,1,0,0
2016-09-23,263,1,0,0,0,0,0,1,1,0,0
2016-09-24,264,0,0,0,0,0,0,0,2,1,0
2016-09-25,265,2,1,0,0,0,0,0,0,0,0
2016-09-26,266,1,0,1,0,0,0,1,0,0,0
2016-09-27,267,0,0,0,2,0,0,0,0,0,1
2016-09-28,268,1,0,0,0,0,1,1,0,0,0
2016-09-29,269,0,0,0,1,0,0,0,1,1,0
2016-09-30,270,0,1,0,0,0,0,0,2,0,0
2016-10-01,271,0,0,0,0,0,0,0,2,0,1
2016-10-02,272,2,0,0,0,0,0,0,0,1,0
2016-10-03,273,0,0,1,0,0,0,0,1,0,1
2016-10-04,274,0,0,0,0,0,2,0,0,0,1
2016-10-05,275,0,1,1,1,0,0,0,0,0,0
2016-10-06,276,1,0,0,1,0,0,0,0,0,1
2016-10-07,277,1,1,0,1,0,0,0,0,0,0
2016-10-08,278,0,0,0,0,0,0,1,2,0,0
2016-10-09,279,1,0,0,0,1,0,0,1,0,0
2016-10-10,280,2,1,0,0,0,0,0,0,0,0
2016-10-11,281,1,1,0,0,0,0,0,0,0,1
2016-10-12,282,0,0,1,0,0,0,0,0,0,2
2016-10-13,283,0,2,1,0,0,0,0,0,0,0
2016-10-14,284,0,0,1,0,0,1,1,0,0,0
2016-10-15,285,0,0,0,0,2,1,0,0,0,0
2016-10-16,286,0,0,1,0,0,0,1,1,0,0
2016-10-17,287,0,0,0,0,0,1,1,0,1,0
2016-10-18,288,0,0,0,0,0,1,0,0,1,1
2016-10-19,289,0,0,0,1,0,0,1,0,1,0
2016-10-20,290,0,2,0,0,0,0,0,0,0,1
2016-10-21,291,0,0,1,0,0,0,0,0,2,0
2016-10-22,292,0,0,0,0,0,0,1,0,1,1
2016-10-23,293,0,0,2,0,0,0,1,0,0,0
2016-10-24,294,0,0,0,1,1,0,0,1,0,0
2016-10-25,295,0,0,1,0,0,0,0,1,1,0
2016-10-26,296,0,0,0,1,0,0,0,1,1,0
2016-10-27,297,0,0,0,0,0,0,1,0,2,0
2016-10-28,298,0,0,1,0,0,0,1,0,1,0
2016-10-29,299,0,0,0,2,0,0,1,0,0,0
2016-10-30,300,0,0,0,0,0,0,1,1,0,1
2016-10-31,301,0,0,0,1,0,1,0,0,0,1
2016-11-01,302,0,0,1,0,0,0,0,0,2,0
2016-11-02,303,0,0,0,1,0,0,0,0,2,0
2016-11-03,304,0,1,1,0,0,0,0,0,1,0
2016-11-04,305,0,0,1,0,0,0,2,0,0,0
2016-11-05,306,0,0,1,0,1,1,0,0,0,0
2016-11-06,307,0,1,0,2,0,0,0,0,0,0
2016-11-07,308,0,1,0,1,0,0,0,0,1,0
2016-11-08,309,1,0,0,0,0,0,1,0,0,1
2016-11-09,310,0,1,0,0,1,0,1,0,0,0
2016-11-10,311,1,0,1,0,0,1,0,0,0,0
2016-11-11,312,0,0,0,0,1,1,0,1,0,0
2016-11-12,313,0,0,1,1,0,0,0,0,0,1
2016-11-13,314,0,0,0,1,0,1,0,1,0,0
2016-11-14,315,1,0,0,0,1,1,0,0,0,0
2016-11-15,316,0,2,1,0,0,0,0,0,0,0
2016-11-16,317,0,0,0,0,2,0,1,0,0,0
2016-11-17,318,0,0,0,2,0,0,1,0,0,0
2016-11-18,319,0,1,0,1,0,0,0,1,0,0
2016-11-19,320,0,0,0,1,0,0,1,0,0,1
2016-11-20,321,1,0,1,0,0,0,0,0,1,0
2016-11-21,322,1,0,0,0,1,0,0,1,0,0
2016-11-22,323,1,0,1,0,0,0,0,0,1,0
2016-11-23,324,0,0,0,0,1,1,0,0,1,0
2016-11-24,325,0,0,0,0,1,0,0,1,1,0
2016-11-25,326,0,0,1,0,0,1,0,1,0,0
2016-11-26,327,0,0,1,1,1,0,0,0,0,0
2016-11-27,328,0,0,0,0,1,0,0,0,1,1
2016-11-28,329,1,1,0,0,0,0,0,0,1,0
2016-11-29,330,0,1,0,0,1,0,0,0,1,0
2016-11-30,331,1,1,0,0,1,0,0,0,0,0
2016-12-01,332,0,0,1,1,1,0,0,0,0,0
2016-12-02,333,0,1,0,0,0,1,0,1,0,0
2016-12-03,334,2,0,0,0,0,0,0,0,0,1
2016-12-04,335,1,0,1,0,0,0,1,0,0,0
2016-12-05,336,1,1,1,0,0,0,0,0,0,0
2016-12-06,337,0,0,0,0,0,0,1,0,1,1
2016-12-07,338,0,2,1,0,0,0,0,0,0,0
2016-12-08,339,0,0,0,1,1,0,1,0,0,0
2016-12-09,340,0,0,0,0,0,0,1,1,0,1
2016-12-10,341,0,0,1,0,1,0,0,1,0,0
2016-12-11,342,0,1,1,1,0,0,0,0,0,0
2016-12-12,343,0,1,0,0,1,1,0,0,0,0
2016-12-13,344,0,0,0,0,0,0,0,1,0,2
2016-12-14,345,0,0,1,1,1,0,0,0,0,0
2016-12-15,346,2,0,0,0,0,0,0,1,0,0
2016-12-16,347,0,0,0,0,2,0,0,0,1,0
2016-12-17,348,0,0,1,1,1,0,0,0,0,0
2016-12-18,349,0,0,3,0,0,0,0,0,0,0
2016-12-19,350,0,0,0,0,1,1,1,0,0,0
2016-12-20,351,1,0,0,0,0,2,0,0,0,0
2016-12-21,352,1,0,0,0,0,0,1,1,0,0
2016-12-22,353,0,0,1,1,0,1,0,0,0,0
2016-12-23,354,1,0,0,0,0,0,1,1,0,0
2016-12-24,355,0,0,0,0,0,1,0,1,0,1
2016-12-26,356,1,1,0,0,0,0,0,1,0,0
2016-12-27,357,1,1,0,0,0,0,0,0,1,0
2016-12-28,358,0,0,1,0,0,1,0,1,0,0
2016-12-29,359,0,2,0,0,0,0,1,0,0,0
2016-12-30,360,0,1,0,0,1,0,1,0,0,0
2016-12-31,361,2,0,0,0,1,0,0,0,0,0
2017-01-02,362,0,0,0,0,0,0,0,0,1,2
2017-01-03,363,0,1,0,0,0,0,0,1,0,1
2017-01-04,364,0,1,1,0,0,0,1,0,0,0
2017-01-05,365,1,1,0,1,0,0,0,0,0,0
2017-01-06,366,1,0,1,0,0,0,0,0,0,1
2017-01-07,367,0,0,0,0,0,1,0,0,0,2
2017-01-08,368,0,0,0,0,0,0,2,0,1,0
2017-01-09,369,1,0,0,0,0,0,1,0,1,0
2017-01-10,370,1,1,0,0,0,1,0,0,0,0
2017-01-11,371,0,0,0,0,1,0,0,1,1,0
2017-01-12,372,0,1,0,0,0,1,0,0,0,1
2017-01-13,373,0,0,0,0,0,0,0,0,3,0
2017-01-14,374,0,1,0,1,0,0,1,0,0,0
2017-01-15,375,0,1,1,0,0,0,0,0,1,0
2017-01-16,376,0,1,1,0,0,0,0,0,0,1
2017-01-17,377,1,0,0,0,0,1,0,0,0,1
2017-01-18,378,0,1,1,0,0,1,0,0,0,0
2017-01-19,379,1,0,0,0,0,0,0,0,1,1
2017-01-20,380,0,0,0,1,0,0,1,0,1,0
2017-01-21,381,0,0,0,1,1,0,1,0,0,0
2017-01-22,382,1,0,0,1,0,0,0,0,1,0
2017-01-23,383,0,0,0,1,0,1,0,0,1,0
2017-01-24,384,1,0,0,0,0,0,1,0,1,0
2017-01-25,385,1,0,0,0,0,1,0,0,0,1
2017-01-26,386,0,1,0,0,1,0,0,0,1,0
2017-01-27,387,0,0,0,1,1,0,0,1,0,0
2017-01-28,388,1,0,0,0,1,0,0,1,0,0
2017-01-29,389,0,2,0,1,0,0,0,0,0,0
2017-01-30,390,0,1,0,0,0,0,1,1,0,0
2017-01-31,391,0,1,1,0,0,0,0,0,0,1
2017-02-01,392,0,0,1,0,0,0,0,1,1,0
2017-02-02,393,1,0,1,0,0,0,0,1,0,0
2017-02-03,394,0,0,0,1,0,0,2,0,0,0
2017-02-04,395,0,0,0,1,0,1,0,1,0,0
2017-02-05,396,0,1,0,0,0,0,0,1,1,0
2017-02-06,397,0,0,0,0,1,0,2,0,0,0
2017-02-07,398,0,0,0,1,0,1,1,0,0,0
2017-02-08,399,0,0,1,0,2,0,0,0,0,0
2017-02-09,400,0,1,0,1,0,0,1,0,0,0
2017-02-10,401,0,0,0,0,0,0,1,2,0,0
2017-02-11,402,0,0,0,0,1,1,1,0,0,0
2017-02-12,403,1,0,1,1,0,0,0,0,0,0
2017-02-13,404,0,0,1,1,0,0,0,0,1,0
2017-02-14,405,0,0,0,0,2,1,0,0,0,0
2017-02-15,406,1,0,0,0,0,0,0,0,2,0
2017-02-16,407,0,0,0,0,0,1,1,1,0,0
2017-02-17,408,1,0,1,0,0,1,0,0,0,0
2017-02-18,409,1,0,0,0,0,0,1,1,0,0
2017-02-19,410,0,0,0,0,0,0,0,1,1,1
2017-02-20,411,1,0,1,0,0,0,0,0,0,1
2017-02-21,412,0,1,0,0,0,0,0,0,1,1
2017-02-22,413,0,0,0,0,0,1,0,2,0,0
2017-02-23,414,1,0,0,0,0,0,1,0,1,0
2017-02-24,415,0,0,0,0,0,0,2,0,1,0
2017-02-25,416,1,0,0,0,0,1,0,0,1,0
2017-02-26,417,0,0,2,0,1,0,0,0,0,0
2017-02-27,418,1,0,0,0,1,0,0,0,1,0
2017-02-28,419,0,0,0,0,1,0,1,1,0,0
2017-03-01,420,0,0,1,0,0,1,0,0,0,1
2017-03-02,421,0,0,1,0,0,0,0,1,1,0
2017-03-03,422,0,0,0,0,2,1,0,0,0,0
2017-03-04,423,1,0,0,0,0,0,0,0,0,2
2017-03-05,424,0,0,1,0,0,0,1,0,1,0
2017-03-06,425,0,0,0,0,0,0,1,0,1,1
2017-03-07,426,0,0,0,0,2,0,0,0,0,1
2017-03-08,427,0,1,0,1,0,1,0,0,0,0
2017-03-09,428,1,0,1,0,0,1,0,0,0,0
2017-03-10,429,0,0,1,0,0,2,0,0,0,0
2017-03-11,430,0,0,0,0,0,1,0,2,0,0
2017-03-12,431,0,1,0,0,0,0,0,0,2,0
2017-03-13,432,1,0,0,0,0,1,1,0,0,0
2017-03-14,433,0,0,0,0,1,0,1,1,0,0
2017-03-15,434,0,1,1,0,0,1,0,0,0,0
2017-03-16,435,0,0,0,0,1,0,1,0,1,0
2017-03-17,436,0,0,1,0,0,0,0,2,0,0
2017-03-18,437,0,1,1,0,0,0,1,0,0,0
2017-03-19,438,0,0,0,0,1,1,0,1,0,0
2017-03-20,439,0,1,0,0,1,0,0,1,0,0
2017-03-21,440,0,0,1,0,1,0,0,0,0,1
2017-03-22,441,1,0,0,0,0,1,0,1,0,0
2017-03-23,442,1,0,0,0,0,1,0,1,0,0
2017-03-24,443,0,0,1,0,0,1,0,0,1,0
2017-03-25,444,0,0,1,0,0,0,0,1,0,1
2017-03-26,445,0,0,1,0,0,0,1,1,0,0
2017-03-27,446,0,0,0,0,0,1,0,0,2,0
2017-03-28,447,0,1,1,1,0,0,0,0,0,0
2017-03-29,448,1,1,0,0,0,0,0,0,1,0
2017-03-30,449,0,0,0,1,0,1,1,0,0,0
2017-03-31,450,0,0,0,0,1,1,0,0,0,1
2017-04-01,451,0,0,1,0,0,0,1,0,1,0
2017-04-02,452,1,0,0,0,0,1,1,0,0,0
2017-04-03,453,1,0,0,0,2,0,0,0,0,0
2017-04-04,454,0,0,0,0,1,0,0,1,0,1
2017-04-05,455,0,0,0,0,0,1,1,0,1,0
2017-04-06,456,0,0,0,0,1,2,0,0,0,0
2017-04-07,457,1,1,0,0,0,1,0,0,0,0
2017-04-08,458,1,0,0,0,1,0,0,1,0,0
2017-04-09,459,0,1,0,0,1,0,1,0,0,0
2017-04-10,460,0,0,1,0,0,2,0,0,0,0
2017-04-11,461,0,0,2,0,0,0,0,1,0,0
2017-04-12,462,0,1,0,0,0,0,1,0,0,1
2017-04-17,463,0,1,1,0,1,0,0,0,0,0
2017-04-18,464,0,0,1,0,0,0,0,2,0,0
2017-04-19,465,1,0,0,0,0,2,0,0,0,0
2017-04-20,466,1,1,1,0,0,0,0,0,0,0
2017-04-21,467,0,0,2,0,0,0,0,0,1,0
2017-04-22,468,1,1,0,0,0,0,1,0,0,0
2017-04-23,469,1,0,0,0,2,0,0,0,0,0
2017-04-24,470,0,0,2,0,0,0,0,0,0,1
2017-04-25,471,1,0,1,0,0,0,1,0,0,0
2017-04-26,472,0,0,0,0,2,0,0,1,0,0
2017-04-27,473,1,0,0,0,0,0,0,0,1,1
2017-04-28,474,2,0,0,1,0,0,0,0,0,0
2017-04-29,475,1,1,0,0,0,0,0,1,0,0
2017-04-30,476,0,0,1,0,0,1,0,0,1,0
2017-05-01,477,0,0,0,0,1,0,0,0,2,0
2017-05-02,478,0,2,0,1,0,0,0,0,0,0
2017-05-03,479,1,0,0,1,0,0,0,1,0,0
2017-05-04,480,0,0,0,0,1,1,0,0,1,0
2017-05-05,481,0,0,1,0,0,0,1,0,1,0
2017-05-06,482,0,0,1,0,1,0,0,0,1,0
2017-05-07,483,1,0,0,1,0,0,0,0,1,0
2017-05-08,484,1,0,1,0,0,1,0,0,0,0
2017-05-09,485,0,0,0,0,1,0,0,2,0,0
2017-05-10,486,0,0,0,0,1,0,0,2,0,0
2017-05-11,487,0,0,1,2,0,0,0,0,0,0
2017-05-12,488,0,1,0,1,0,0,0,0,1,0
2017-05-13,489,0,0,0,1,0,0,1,0,0,1
2017-05-14,490,0,0,0,0,0,0,2,0,0,1
2017-05-15,491,0,1,0,0,0,0,0,1,0,1
2017-05-16,492,0,0,0,0,0,1,0,2,0,0
2017-05-17,493,1,0,0,1,0,0,0,1,0,0
2017-05-18,494,1,0,0,0,0,0,1,0,0,1
2017-05-19,495,0,0,1,0,1,0,0,0,1,0
2017-05-20,496,1,0,0,0,0,0,1,0,0,1
2017-05-21,497,0,1,1,0,0,0,0,1,0,0
2017-05-22,498,1,0,2,0,0,0,0,0,0,0
2017-05-23,499,1,0,0,1,0,1,0,0,0,0
2017-05-24,500,0,0,0,1,0,0,0,1,0,1
2017-05-25,501,0,1,0,0,1,0,0,0,1,0
2017-05-26,502,0,1,0,1,0,0,0,1,0,0
2017-05-27,503,0,0,0,0,1,0,1,1,0,0
2017-05-28,504,0,1,0,2,0,0,0,0,0,0
2017-05-29,505,0,0,0,0,0,0,1,0,2,0
2017-05-30,506,0,0,0,0,1,0,0,2,0,0
2017-05-31,507,1,0,0,0,1,0,0,0,1,0
2017-06-01,508,0,0,0,0,0,0,0,1,0,2
2017-06-02,509,0,0,0,1,1,1,0,0,0,0
2017-06-03,510,0,0,0,1,1,0,0,0,0,1
2017-06-04,511,0,1,0,0,0,0,0,1,0,1
2017-06-05,512,0,1,0,1,0,0,0,0,1,0
2017-06-06,513,0,0,0,1,0,0,2,0,0,0
2017-06-07,514,1,0,0,0,0,0,1,0,0,1
2017-06-08,515,0,0,0,0,0,1,0,1,0,1
2017-06-09,516,1,0,0,0,1,0,0,0,1,0
2017-06-10,517,0,0,0,0,0,0,1,1,1,0
2017-06-11,518,2,0,1,0,0,0,0,0,0,0
2017-06-12,519,1,0,1,0,1,0,0,0,0,0
2017-06-13,520,0,2,1,0,0,0,0,0,0,0
2017-06-14,521,1,0,0,0,0,0,1,0,1,0
2017-06-15,522,1,0,2,0,0,0,0,0,0,0
2017-06-16,523,0,0,0,1,1,0,0,1,0,0
2017-06-17,524,0,0,0,0,0,0,1,1,1,0
2017-06-18,525,0,1,0,0,2,0,0,0,0,0
2017-06-19,526,0,0,0,0,0,0,1,1,1,0
2017-06-20,527,1,0,0,0,0,0,0,0,2,0
2017-06-21,528,0,0,1,1,0,0,0,0,1,0
2017-06-22,529,1,0,1,0,0,1,0,0,0,0
2017-06-23,530,0,0,0,0,0,1,1,0,1,0
2017-06-24,531,0,0,0,0,1,0,0,0,1,1
2017-06-25,532,1,0,0,0,1,0,1,0,0,0
2017-06-26,533,0,0,1,0,0,0,1,0,0,1
2017-06-27,534,0,0,1,1,0,0,0,0,0,1
2017-06-28,535,0,0,0,0,1,0,1,1,0,0
2017-06-29,536,0,0,0,1,0,0,1,0,1,0
2017-06-30,537,1,0,0,0,0,0,0,1,0,1
2017-07-01,538,0,0,1,0,0,0,1,1,0,0
2017-07-02,539,0,1,0,0,0,0,1,0,1,0
2017-07-03,540,0,0,0,0,2,0,1,0,0,0
2017-07-04,541,1,0,0,0,0,0,0,0,1,1
2017-07-05,542,0,1,1,0,0,0,0,0,0,1
2017-07-06,543,0,0,0,0,0,0,0,0,2,1
2017-07-07,544,1,0,0,0,1,1,0,0,0,0
2017-07-08,545,0,0,0,0,0,1,0,1,0,1
2017-07-09,546,0,0,0,2,0,0,0,0,1,0
2017-07-10,547,0,1,0,1,0,1,0,0,0,0
2017-07-11,548,0,1,0,0,0,2,0,0,0,0
2017-07-12,549,1,0,0,0,0,1,0,0,0,1
2017-07-13,550,0,0,0,0,1,0,1,0,1,0
2017-07-14,551,0,0,1,2,0,0,0,0,0,0
2017-07-15,552,0,0,0,1,0,0,0,0,1,1
2017-07-16,553,0,0,1,0,0,0,0,1,0,1
2017-07-17,554,1,0,1,0,0,0,0,1,0,0
2017-07-18,555,0,0,1,0,0,1,1,0,0,0
2017-07-19,556,0,0,0,0,2,0,0,1,0,0
2017-07-20,557,1,0,0,0,1,0,1,0,0,0
2017-07-21,558,1,0,0,1,0,0,0,0,0,1
2017-07-22,559,0,0,1,0,0,0,1,1,0,0
2017-07-23,560,1,0,0,1,1,0,0,0,0,0
2017-07-24,561,1,1,0,0,0,1,0,0,0,0
2017-07-25,562,0,0,0,1,0,0,1,0,1,0
2017-07-26,563,0,0,0,1,0,0,2,0,0,0
2017-07-27,564,0,1,0,0,0,1,0,0,1,0
2017-07-28,565,0,1,0,0,0,1,0,0,0,1
2017-07-29,566,1,0,0,0,0,0,0,1,0,1
2017-07-30,567,1,0,1,0,0,0,0,0,0,1
2017-07-31,568,0,0,0,1,2,0,0,0,0,0
2017-08-01,569,0,0,0,0,0,2,0,0,1,0
2017-08-02,570,0,1,1,1,0,0,0,0,0,0
2017-08-03,571,0,2,0,0,0,0,0,1,0,0
2017-08-04,572,1,0,0,0,0,1,0,0,0,1
2017-08-05,573,0,2,0,1,0,0,0,0,0,0
2017-08-06,574,2,0,0,0,0,0,0,1,0,0
2017-08-07,575,2,0,0,0,0,0,0,1,0,0
2017-08-08,576,0,1,0,0,1,1,0,0,0,0
2017-08-09,577,0,0,0,1,0,0,0,1,1,0
2017-08-10,578,0,0,0,2,0,0,0,0,0,1
2017-08-11,579,0,1,0,0,1,0,1,0,0,0
2017-08-12,580,0,0,0,0,0,0,2,1,0,0
2017-08-13,581,0,0,0,0,1,0,0,1,0,1
2017-08-14,582,0,0,1,0,0,0,2,0,0,0
2017-08-15,583,0,1,0,0,0,1,0,0,1,0
2017-08-16,584,0,0,2,0,0,0,0,1,0,0
2017-08-17,585,0,0,0,0,1,1,0,1,0,0
2017-08-18,586,0,0,1,0,0,1,1,0,0,0
2017-08-19,587,1,0,0,0,0,0,1,1,0,0
2017-08-20,588,0,0,1,0,0,0,2,0,0,0
2017-08-21,589,1,1,0,0,0,0,0,0,1,0
2017-08-22,590,0,0,0,0,0,0,0,0,1,2
2017-08-23,591,0,3,0,0,0,0,0,0,0,0
2017-08-24,592,0,0,0,0,0,0,0,0,0,3
2017-08-25,593,0,0,2,0,0,0,1,0,0,0
2017-08-26,594,1,0,1,0,0,1,0,0,0,0
2017-08-27,595,0,0,0,0,0,0,1,2,0,0
2017-08-28,596,1,0,0,0,0,0,0,1,1,0
2017-08-29,597,1,0,0,0,0,0,0,1,1,0
2017-08-30,598,0,0,0,1,1,0,0,0,1,0
2017-08-31,599,0,0,1,1,1,0,0,0,0,0
2017-09-01,600,0,1,0,0,1,0,1,0,0,0
2017-09-02,601,2,1,0,0,0,0,0,0,0,0
2017-09-03,602,0,0,0,0,0,0,0,0,2,1
2017-09-04,603,0,1,1,0,0,0,0,0,0,1
2017-09-05,604,0,0,0,0,0,1,0,1,1,0
2017-09-06,605,0,1,0,0,0,1,1,0,0,0
2017-09-07,606,0,0,0,1,0,0,0,2,0,0
2017-09-08,607,0,1,0,0,0,0,1,0,1,0
2017-09-09,608,0,0,1,0,1,0,0,0,1,0
2017-09-10,609,0,0,0,1,0,0,0,1,0,1
2017-09-11,610,0,1,0,0,0,0,1,0,0,1
2017-09-12,611,0,0,1,1,0,1,0,0,0,0
2017-09-13,612,1,0,1,0,1,0,0,0,0,0
2017-09-14,613,0,0,1,0,0,1,0,0,0,1
2017-09-15,614,0,1,0,2,0,0,0,0,0,0
2017-09-16,615,1,0,0,0,1,0,1,0,0,0
2017-09-17,616,0,0,1,0,1,1,0,0,0,0
2017-09-18,617,0,1,0,0,0,0,0,0,1,1
2017-09-19,618,0,1,0,0,1,0,0,1,0,0
2017-09-20,619,0,0,0,0,0,0,1,0,1,1
2017-09-21,620,0,0,1,0,0,1,1,0,0,0
2017-09-22,621,1,1,0,0,0,1,0,0,0,0
2017-09-23,622,0,0,0,1,0,0,1,0,0,1
2017-09-24,623,0,0,0,0,1,0,1,0,0,1
2017-09-25,624,0,1,0,0,0,0,0,1,1,0
2017-09-26,625,0,1,0,0,2,0,0,0,0,0
2017-09-27,626,0,0,0,0,0,1,0,1,0,1
2017-09-28,627,0,1,0,1,0,0,0,0,1,0
2017-09-29,628,0,1,1,0,0,0,0,0,0,1
2017-09-30,629,0,0,0,2,0,0,0,1,0,0
2017-10-01,630,0,0,0,1,1,0,0,1,0,0
2017-10-02,631,0,1,1,1,0,0,0,0,0,0
2017-10-03,632,0,1,1,0,0,0,1,0,0,0
2017-10-04,633,1,0,0,0,0,2,0,0,0,0
2017-10-05,634,0,0,0,0,0,0,1,0,1,1
2017-10-06,635,1,0,0,0,0,0,0,2,0,0
2017-10-07,636,0,0,0,0,0,2,0,0,1,0
2017-10-08,637,0,1,0,1,0,1,0,0,0,0
2017-10-09,638,0,1,0,0,0,1,0,1,0,0
2017-10-10,639,1,1,0,0,1,0,0,0,0,0
2017-10-11,640,2,1,0,0,0,0,0,0,0,0
2017-10-12,641,1,0,1,0,0,1,0,0,0,0
2017-10-13,642,1,0,0,0,1,0,1,0,0,0
2017-10-14,643,2,0,0,0,0,0,0,1,0,0
2017-10-15,644,0,0,0,0,1,1,0,1,0,0
2017-10-16,645,1,0,0,1,1,0,0,0,0,0
2017-10-17,646,0,0,0,0,0,1,0,0,2,0
2017-10-18,647,1,0,1,0,1,0,0,0,0,0
2017-10-19,648,0,0,1,0,2,0,0,0,0,0
2017-10-20,649,0,1,1,0,0,0,1,0,0,0
2017-10-21,650,0,0,1,1,0,0,0,0,1,0
2017-10-22,651,1,0,0,0,0,0,1,0,1,0
2017-10-23,652,0,0,1,1,0,1,0,0,0,0
2017-10-24,653,0,1,0,0,0,0,1,0,0,1
2017-10-25,654,1,0,0,1,0,0,0,1,0,0
2017-10-26,655,0,1,0,1,0,0,1,0,0,0
2017-10-27,656,0,0,0,0,1,0,1,0,1,0
2017-10-28,657,0,2,0,1,0,0,0,0,0,0
2017-10-29,658,0,0,1,0,0,0,0,0,1,1
2017-10-30,659,0,1,0,0,0,2,0,0,0,0
2017-10-31,660,1,0,1,0,0,0,0,1,0,0
2017-11-01,661,0,2,0,0,1,0,0,0,0,0
2017-11-02,662,0,0,1,0,1,0,0,1,0,0
2017-11-03,663,0,0,0,0,1,1,1,0,0,0
2017-11-04,664,0,0,0,0,0,1,0,0,2,0
2017-11-05,665,0,1,0,0,0,0,1,0,0,1
2017-11-06,666,0,1,1,0,0,0,0,0,0,1
2017-11-07,667,0,1,1,0,1,0,0,0,0,0
2017-11-08,668,2,0,0,0,0,0,1,0,0,0
2017-11-09,669,1,0,1,0,0,0,0,1,0,0
2017-11-10,670,0,0,2,0,0,0,0,1,0,0
2017-11-11,671,0,0,1,0,0,0,0,0,0,2
2017-11-12,672,0,0,0,1,0,0,2,0,0,0
2017-11-13,673,0,0,2,0,1,0,0,0,0,0
2017-11-14,674,1,0,0,1,0,0,0,0,1,0
2017-11-15,675,0,0,2,0,0,0,0,0,1,0
2017-11-16,676,0,0,0,1,0,0,0,0,1,1
2017-11-17,677,1,2,0,0,0,0,0,0,0,0
2017-11-18,678,1,0,0,1,1,0,0,0,0,0
2017-11-19,679,0,0,0,1,0,0,1,0,1,0
2017-11-20,680,0,0,0,0,1,0,0,2,0,0
2017-11-21,681,0,1,0,0,0,0,1,0,1,0
2017-11-22,682,0,0,0,0,0,1,0,2,0,0
2017-11-23,683,1,0,0,0,0,1,0,0,0,1
2017-11-24,684,0,0,0,1,0,0,1,1,0,0
2017-11-25,685,0,0,0,0,1,2,0,0,0,0
2017-11-26,686,0,1,0,0,1,0,0,1,0,0
2017-11-27,687,0,0,0,0,1,2,0,0,0,0
2017-11-28,688,0,1,0,0,0,0,0,0,0,2
2017-11-29,689,0,1,0,0,0,0,0,0,0,2
2017-11-30,690,0,1,0,1,0,0,0,0,0,1
2017-12-01,691,0,1,0,0,0,1,0,0,0,1
2017-12-02,692,0,0,0,0,0,0,1,0,0,2
2017-12-03,693,1,1,0,0,0,0,0,1,0,0
2017-12-04,694,0,0,0,0,1,1,0,0,1,0
2017-12-05,695,0,0,1,1,0,0,0,0,1,0
2017-12-06,696,1,1,0,0,1,0,0,0,0,0
2017-12-07,697,1,0,0,0,0,0,0,1,1,0
2017-12-08,698,1,1,0,0,0,0,0,0,1,0
2017-12-09,699,0,0,0,1,1,0,0,0,1,0
2017-12-10,700,0,0,0,1,0,1,0,1,0,0
2017-12-11,701,0,0,0,1,0,0,1,0,1,0
2017-12-12,702,0,0,0,0,1,2,0,0,0,0
2017-12-13,703,0,0,2,0,0,0,0,0,1,0
2017-12-14,704,0,0,0,1,0,1,0,0,0,1
2017-12-15,705,1,0,0,1,0,0,0,0,1,0
2017-12-16,706,0,0,1,0,0,0,1,0,0,1
2017-12-17,707,0,0,0,0,0,1,0,0,2,0
2017-12-18,708,1,0,1,0,1,0,0,0,0,0
2017-12-19,709,0,0,1,0,0,1,1,0,0,0
2017-12-20,710,0,1,0,0,1,0,1,0,0,0
2017-12-21,711,0,0,0,2,0,0,1,0,0,0
2017-12-22,712,1,0,1,0,0,0,1,0,0,0
2017-12-23,713,0,0,1,0,0,0,1,0,0,1
2017-12-24,714,0,0,0,1,0,1,0,1,0,0
2017-12-26,715,1,0,0,0,1,1,0,0,0,0
2017-12-27,716,0,0,1,0,1,0,0,0,1,0
2017-12-28,717,0,2,0,0,0,0,0,0,1,0
2017-12-29,718,1,0,0,0,0,1,0,1,0,0
2017-12-30,719,0,0,0,0,0,0,1,1,1,0
2017-12-31,720,1,0,0,0,0,1,0,0,0,1
2018-01-02,721,0,0,0,0,2,0,0,0,0,1
2018-01-03,722,0,0,1,0,0,0,1,0,1,0
2018-01-04,723,0,1,0,0,0,1,0,0,0,1
2018-01-05,724,0,1,1,1,0,0,0,0,0,0
2018-01-06,725,0,0,1,1,0,0,0,1,0,0
2018-01-07,726,0,1,0,0,1,0,1,0,0,0
2018-01-08,727,2,0,1,0,0,0,0,0,0,0
2018-01-09,728,0,0,0,0,0,2,1,0,0,0
2018-01-10,729,1,0,1,0,0,0,0,0,1,0
2018-01-11,730,0,0,0,1,0,0,0,1,1,0
2018-01-12,731,1,0,0,1,0,0,1,0,0,0
2018-01-13,732,0,0,1,0,2,0,0,0,0,0
2018-01-14,733,0,2,0,0,0,0,0,0,1,0
2018-01-15,734,0,0,0,0,1,0,0,1,0,1
2018-01-16,735,0,0,0,0,0,0,0,1,2,0
2018-01-17,736,0,1,1,0,0,1,0,0,0,0
2018-01-18,737,1,0,0,0,0,1,0,0,1,0
2018-01-19,738,1,0,0,0,1,0,0,1,0,0
2018-01-20,739,0,0,0,0,1,1,0,1,0,0
2018-01-21,740,0,0,1,0,0,0,0,0,2,0
2018-01-22,741,1,0,0,1,0,1,0,0,0,0
2018-01-23,742,0,0,0,0,0,1,1,0,1,0
2018-01-24,743,0,0,1,0,0,0,1,1,0,0
2018-01-25,744,0,1,1,0,1,0,0,0,0,0
2018-01-26,745,2,1,0,0,0,0,0,0,0,0
2018-01-27,746,0,0,0,1,1,0,0,0,1,0
2018-01-28,747,0,1,0,0,1,0,1,0,0,0
2018-01-29,748,0,1,1,1,0,0,0,0,0,0
2018-01-30,749,1,0,0,0,0,1,0,0,1,0
2018-01-31,750,2,1,0,0,0,0,0,0,0,0
2018-02-01,751,1,0,0,0,0,0,0,0,2,0
2018-02-02,752,0,0,0,0,0,2,0,0,1,0
2018-02-03,753,0,1,0,0,1,0,1,0,0,0
2018-02-04,754,0,0,0,0,0,0,1,1,0,1
2018-02-05,755,0,1,0,0,0,1,0,1,0,0
2018-02-06,756,0,0,1,0,1,0,0,0,1,0
2018-02-07,757,0,1,1,0,0,0,1,0,0,0
2018-02-08,758,0,0,0,0,0,1,1,0,1,0
2018-02-09,759,0,1,0,0,0,1,0,1,0,0
2018-02-10,760,0,0,0,0,1,0,0,1,0,1
2018-02-11,761,0,1,0,0,0,1,1,0,0,0
2018-02-12,762,0,1,0,0,0,0,0,0,0,2
2018-02-13,763,0,0,0,0,0,0,0,0,2,1
2018-02-14,764,0,1,0,0,1,0,0,0,0,1
2018-02-15,765,0,0,0,1,1,0,0,0,1,0
2018-02-16,766,2,0,0,0,0,0,0,0,1,0
2018-02-17,767,0,1,0,0,0,0,0,0,0,2
2018-02-18,768,0,0,0,0,0,0,1,1,1,0
2018-02-19,769,0,0,1,0,0,0,1,0,0,1
2018-02-20,770,0,0,0,1,0,0,0,2,0,0
2018-02-21,771,0,1,0,1,0,0,0,0,0,1
2018-02-22,772,0,0,0,1,0,0,0,1,1,0
2018-02-23,773,0,1,0,0,0,0,1,1,0,0
2018-02-24,774,0,0,1,0,1,0,0,0,1,0
2018-02-25,775,0,1,0,0,1,0,1,0,0,0
2018-02-26,776,1,0,0,0,0,0,1,0,0,1
2018-02-27,777,0,0,0,1,0,1,0,0,0,1
2018-02-28,778,1,2,0,0,0,0,0,0,0,0
2018-03-01,779,0,0,0,2,0,1,0,0,0,0
2018-03-02,780,0,0,1,1,0,0,1,0,0,0
2018-03-03,781,1,0,0,2,0,0,0,0,0,0
2018-03-04,782,0,1,0,1,0,0,0,0,1,0
2018-03-05,783,0,0,1,1,0,0,0,0,1,0
2018-03-06,784,0,1,0,0,0,2,0,0,0,0
2018-03-07,785,0,0,1,0,0,0,0,0,1,1
2018-03-08,786,1,0,0,0,0,0,0,0,2,0
2018-03-09,787,0,0,0,0,0,1,2,0,0,0
2018-03-10,790,1,0,0,0,0,0,1,0,1,0
2018-03-11,789,1,0,0,0,0,0,0,2,0,0
2018-03-12,788,0,0,0,2,0,0,0,0,0,1
2018-03-13,791,0,0,0,0,1,1,0,1,0,0
2018-03-14,792,0,0,0,1,1,1,0,0,0,0
2018-03-15,793,0,1,0,0,0,0,0,1,0,1
2018-03-16,794,1,0,0,0,0,1,0,1,0,0
2018-03-17,795,1,0,1,0,0,1,0,0,0,0
2018-03-18,796,0,0,0,0,1,0,0,1,1,0
2018-03-19,797,0,0,1,0,0,0,0,2,0,0
2018-03-20,798,1,0,0,0,0,0,0,0,1,1
2018-03-21,799,0,0,0,1,0,0,1,0,0,1
2018-03-22,800,1,0,0,0,1,0,1,0,0,0
2018-03-23,801,0,0,0,0,1,0,0,0,1,1
2018-03-24,802,0,0,0,1,1,0,0,0,0,1
2018-03-25,803,0,0,0,0,1,0,1,0,0,1
2018-03-26,804,0,0,0,0,1,0,1,1,0,0
2018-03-27,805,0,1,0,0,1,0,1,0,0,0
2018-03-28,806,0,1,0,2,0,0,0,0,0,0
2018-04-02,807,1,1,0,0,0,0,0,0,1,0
2018-04-03,808,1,0,0,1,0,0,0,0,1,0
2018-04-04,809,0,0,0,1,1,0,1,0,0,0
2018-04-05,810,0,0,1,0,0,0,0,0,0,2
2018-04-06,811,0,0,1,0,0,1,0,1,0,0
2018-04-07,812,0,0,0,0,1,0,1,0,0,1
2018-04-08,813,0,0,0,0,0,2,0,0,0,1
2018-04-09,814,0,1,1,0,0,0,0,0,0,1
2018-04-10,815,0,0,0,0,1,0,0,0,0,2
2018-04-11,816,0,1,0,0,0,0,0,0,1,1
2018-04-12,817,0,0,0,1,0,1,0,1,0,0
2018-04-13,818,0,0,0,1,2,0,0,0,0,0
2018-04-14,819,0,1,0,0,1,0,1,0,0,0
2018-04-15,820,0,0,0,0,0,0,0,1,1,1
2018-04-16,821,2,0,1,0,0,0,0,0,0,0
2018-04-17,822,1,0,0,0,0,0,0,1,0,1
2018-04-18,823,0,0,0,0,0,3,0,0,0,0
2018-04-19,824,0,2,0,1,0,0,0,0,0,0
2018-04-20,825,0,1,0,0,0,0,1,1,0,0
2018-04-21,826,0,1,0,0,2,0,0,0,0,0
2018-04-22,827,0,0,0,1,0,1,0,0,1,0
2018-04-23,828,1,1,1,0,0,0,0,0,0,0
2018-04-24,829,2,0,0,0,1,0,0,0,0,0
2018-04-25,830,0,0,0,0,1,0,0,0,1,1
2018-04-26,831,0,1,0,1,0,0,0,0,1,0
2018-04-27,832,0,0,0,0,1,0,0,0,0,2
2018-04-28,833,0,0,1,0,1,0,0,0,0,1
2018-04-29,834,0,0,1,0,0,0,2,0,0,0
2018-04-30,835,0,0,0,0,0,1,0,0,0,2
2018-05-01,836,0,0,0,0,0,1,1,1,0,0
2018-05-02,837,0,0,0,1,0,1,0,0,0,1
2018-05-03,838,0,1,0,1,0,0,0,0,1,0
2018-05-04,839,0,0,0,0,0,0,1,0,1,1
2018-05-05,840,0,0,0,1,0,0,1,0,0,1
2018-05-06,841,0,0,0,1,0,0,0,0,1,1
2018-05-07,842,0,1,0,2,0,0,0,0,0,0
2018-05-08,843,0,0,0,0,0,1,1,1,0,0
2018-05-09,844,1,1,0,0,1,0,0,0,0,0
2018-05-10,845,0,1,0,1,1,0,0,0,0,0
2018-05-11,846,0,0,2,0,0,0,1,0,0,0
2018-05-12,847,0,1,0,0,0,0,0,1,0,1
2018-05-13,848,0,0,0,0,0,0,1,2,0,0
2018-05-14,849,1,1,0,0,0,0,0,1,0,0
2018-05-15,850,0,0,0,0,1,1,0,1,0,0
2018-05-16,851,0,0,0,1,0,0,0,1,1,0
2018-05-17,852,1,0,1,0,0,1,0,0,0,0
2018-05-18,853,0,1,0,0,0,0,1,1,0,0
2018-05-19,854,0,0,0,0,0,0,0,0,3,0
2018-05-20,855,1,0,0,1,0,0,0,0,0,1
2018-05-21,856,0,0,1,1,0,0,0,0,0,1
2018-05-22,857,0,0,1,0,1,0,1,0,0,0
2018-05-23,858,0,1,0,0,0,0,0,0,1,1
2018-05-24,859,0,0,0,2,0,0,1,0,0,0
2018-05-25,860,1,0,0,0,0,1,0,0,1,0
2018-05-26,862,0,2,1,0,0,0,0,0,0,0
2018-05-27,861,0,2,0,0,1,0,0,0,0,0
2018-05-28,863,0,0,0,0,0,1,0,2,0,0
2018-05-29,864,0,0,1,0,0,0,0,1,0,1
2018-05-30,865,2,0,1,0,0,0,0,0,0,0
2018-05-31,866,0,0,0,1,0,0,0,0,2,0
2018-06-01,867,0,1,1,0,0,0,1,0,0,0
2018-06-02,868,2,0,0,0,0,0,0,0,0,1
2018-06-03,869,0,0,2,0,0,0,0,0,1,0
2018-06-04,870,0,0,0,0,2,0,1,0,0,0
2018-06-05,871,1,0,0,1,0,0,0,1,0,0
2018-06-06,872,1,1,0,1,0,0,0,0,0,0
2018-06-07,873,1,0,1,0,0,1,0,0,0,0
2018-06-08,874,0,1,0,1,0,1,0,0,0,0
2018-06-09,875,0,1,0,0,0,2,0,0,0,0
2018-06-10,876,0,0,0,0,1,1,0,1,0,0
2018-06-11,877,0,1,0,0,0,0,0,1,1,0
2018-06-12,878,1,0,0,0,1,0,0,0,0,1
2018-06-13,879,1,1,0,0,0,0,0,1,0,0
2018-06-14,880,1,0,0,1,0,0,0,0,1,0
2018-06-15,881,0,1,2,0,0,0,0,0,0,0
2018-06-16,882,0,0,0,0,0,0,1,1,0,1
2018-06-17,883,0,0,0,0,1,0,1,1,0,0
2018-06-18,884,1,0,0,0,1,0,0,1,0,0
2018-06-19,885,1,0,0,0,0,1,0,1,0,0
2018-06-20,886,0,0,0,1,1,0,1,0,0,0
2018-06-21,887,1,0,0,1,1,0,0,0,0,0
2018-06-22,888,1,0,1,1,0,0,0,0,0,0
2018-06-23,889,0,0,0,0,0,1,0,1,0,1
2018-06-24,890,0,1,1,0,0,1,0,0,0,0
2018-06-25,891,0,0,1,0,0,0,0,0,2,0
2018-06-26,892,0,0,1,0,0,0,0,2,0,0
2018-06-27,893,1,0,0,0,0,0,1,1,0,0
2018-06-28,894,0,0,0,1,1,1,0,0,0,0
2018-06-29,895,0,1,0,1,0,0,1,0,0,0
2018-06-30,896,0,0,1,0,1,1,0,0,0,0
2018-07-01,897,1,1,0,0,0,0,0,0,1,0
2018-07-02,898,0,0,0,0,0,0,1,1,1,0
2018-07-03,899,0,0,1,0,1,0,0,0,0,1
2018-07-04,900,1,0,0,0,0,0,0,2,0,0
2018-07-05,901,0,1,0,1,0,0,1,0,0,0
2018-07-06,902,0,1,1,1,0,0,0,0,0,0
2018-07-07,903,0,1,0,0,1,0,0,0,1,0
2018-07-08,904,0,1,0,1,0,0,0,1,0,0
2018-07-09,905,0,0,0,0,1,0,0,1,0,1
2018-07-10,906,0,0,1,2,0,0,0,0,0,0
2018-07-11,907,1,0,0,0,0,0,0,0,1,1
2018-07-12,908,0,0,1,0,0,2,0,0,0,0
2018-07-13,909,0,0,0,0,0,0,1,0,2,0
2018-07-14,910,0,0,0,1,2,0,0,0,0,0
2018-07-15,911,1,1,0,0,0,1,0,0,0,0
2018-07-16,912,0,0,0,0,0,1,1,0,0,1
2018-07-17,913,1,0,0,0,1,1,0,0,0,0
2018-07-18,914,1,0,1,0,0,0,0,1,0,0
2018-07-19,915,1,1,0,0,0,0,0,0,1,0
2018-07-20,916,1,0,0,0,0,1,1,0,0,0
2018-07-21,917,0,0,0,1,0,2,0,0,0,0
2018-07-22,918,1,1,0,0,0,0,0,1,0,0
2018-07-23,919,0,0,1,1,0,0,0,1,0,0
2018-07-24,920,0,0,0,0,2,0,0,0,0,1
2018-07-25,921,1,0,0,0,0,0,1,0,0,1
2018-07-26,922,0,1,0,0,2,0,0,0,0,0
2018-07-27,923,0,1,0,1,0,0,0,0,0,1
2018-07-28,924,0,0,1,0,0,1,0,0,0,1
2018-07-29,925,0,0,1,1,0,0,0,0,0,1
2018-07-30,926,0,1,1,0,0,0,0,1,0,0
2018-07-31,927,0,1,1,0,0,1,0,0,0,0
2018-08-01,928,0,0,0,1,0,0,1,0,1,0
2018-08-02,929,0,2,0,0,0,0,0,1,0,0
2018-08-03,930,0,0,0,1,0,0,0,1,1,0
2018-08-04,931,0,0,0,1,0,0,1,0,0,1
2018-08-05,932,1,0,0,0,1,0,0,1,0,0
2018-08-06,933,0,0,0,1,0,1,0,0,0,1
2018-08-07,934,0,0,0,0,0,0,0,0,1,2
2018-08-08,935,0,0,0,1,0,0,1,0,0,1
2018-08-09,936,0,1,1,1,0,0,0,0,0,0
2018-08-10,937,1,0,1,0,0,0,0,0,0,1
2018-08-11,938,0,0,0,1,0,0,0,1,1,0
2018-08-12,939,0,0,0,0,1,0,0,2,0,0
2018-08-13,940,0,1,0,0,0,1,0,0,0,1
2018-08-14,941,0,1,0,0,0,1,0,1,0,0
2018-08-15,942,1,0,1,1,0,0,0,0,0,0
2018-08-16,943,1,0,0,0,1,0,0,0,1,0
2018-08-17,944,0,0,0,0,2,0,1,0,0,0
2018-08-18,945,0,0,0,0,1,0,1,1,0,0
2018-08-19,946,1,0,0,0,0,0,1,0,0,1
2018-08-20,947,0,0,1,0,1,0,0,0,0,1
2018-08-21,948,1,1,0,0,0,0,0,0,1,0
2018-08-22,949,1,1,1,0,0,0,0,0,0,0
2018-08-23,950,0,1,0,0,1,1,0,0,0,0
2018-08-24,951,0,0,0,0,1,1,0,0,0,1
2018-08-25,952,1,0,0,0,0,1,0,0,0,1
2018-08-26,953,0,0,1,0,1,0,1,0,0,0
2018-08-27,954,0,0,0,0,1,1,0,1,0,0
2018-08-28,955,1,1,0,0,0,0,0,0,0,1
2018-08-29,956,0,0,1,0,0,1,1,0,0,0
2018-08-30,957,0,1,0,1,0,0,0,0,0,1
2018-08-31,958,0,0,1,0,0,1,0,0,0,1
2018-09-01,959,0,0,0,0,0,1,2,0,0,0
2018-09-02,960,0,1,0,0,1,1,0,0,0,0
2018-09-03,961,1,0,0,0,0,0,1,0,0,1
2018-09-04,962,0,1,0,0,1,0,0,0,0,1
2018-09-05,963,0,1,1,0,0,0,0,0,1,0
2018-09-06,964,0,1,0,0,0,1,1,0,0,0
2018-09-07,965,1,1,1,0,0,0,0,0,0,0
2018-09-08,966,0,1,0,1,0,1,0,0,0,0
2018-09-09,967,0,0,1,1,0,1,0,0,0,0
2018-09-10,968,1,0,0,0,1,1,0,0,0,0
2018-09-11,969,0,0,1,0,1,1,0,0,0,0
2018-09-12,970,0,0,2,0,0,0,0,0,0,1
2018-09-13,971,0,0,0,0,1,0,1,0,1,0
2018-09-14,972,1,1,0,0,0,0,0,0,1,0
2018-09-15,973,0,0,1,1,0,0,0,1,0,0
2018-09-16,974,0,0,0,0,0,0,0,1,0,2
2018-09-17,975,0,0,0,1,0,1,0,0,0,1
2018-09-18,976,1,0,0,1,0,0,0,0,0,1
2018-09-19,977,1,0,1,0,0,0,1,0,0,0
2018-09-20,978,0,0,2,0,0,0,0,0,1,0
2018-09-21,979,1,0,0,1,1,0,0,0,0,0
2018-09-22,980,2,0,0,0,0,0,0,0,0,1
2018-09-23,981,1,0,1,0,0,0,0,1,0,0
2018-09-24,982,1,0,0,0,0,1,0,0,0,1
2018-09-25,983,0,1,0,0,0,1,0,1,0,0
2018-09-26,984,0,0,0,1,1,0,1,0,0,0
2018-09-27,985,0,0,2,0,0,1,0,0,0,0
2018-09-28,986,1,1,0,0,0,0,0,0,0,1
2018-09-29,987,0,1,1,0,0,0,0,0,0,1
2018-09-30,988,1,0,0,0,0,0,0,0,1,1
2018-10-01,989,1,0,0,0,0,1,1,0,0,0
2018-10-02,990,0,0,1,0,0,1,0,0,0,1
2018-10-03,991,1,0,0,0,0,0,1,0,0,1
2018-10-04,992,0,0,0,1,1,1,0,0,0,0
2018-10-05,993,0,0,0,0,0,1,2,0,0,0
2018-10-06,994,0,0,0,0,1,1,1,0,0,0
2018-10-07,995,1,0,0,0,0,0,1,0,1,0
2018-10-08,996,1,0,0,1,0,0,1,0,0,0
2018-10-09,997,1,0,2,0,0,0,0,0,0,0
2018-10-10,998,0,1,1,0,0,0,0,0,0,1
2018-10-11,999,0,0,0,0,0,0,0,1,0,2
2018-10-12,1000,0,0,0,0,1,0,1,0,1,0
2018-10-13,1001,0,2,0,0,0,0,1,0,0,0
2018-10-14,1002,1,1,0,0,0,0,1,0,0,0
2018-10-15,1003,0,0,0,0,0,0,1,1,0,1
2018-10-16,1004,0,0,1,0,0,0,0,2,0,0
2018-10-17,1005,0,0,0,2,0,0,0,0,1,0
2018-10-18,1006,0,0,0,0,0,1,0,1,0,1
2018-10-19,1007,0,0,0,0,1,1,0,1,0,0
2018-10-20,1008,0,1,0,1,0,0,1,0,0,0
2018-10-21,1009,0,0,1,0,1,0,1,0,0,0
2018-10-22,1010,0,1,0,1,0,1,0,0,0,0
2018-10-23,1011,0,0,0,0,1,0,2,0,0,0
2018-10-24,1012,2,0,0,0,0,0,0,0,1,0
2018-10-25,1013,0,0,0,1,0,1,1,0,0,0
2018-10-26,1014,0,0,0,0,0,0,0,0,2,1
2018-10-27,1015,0,0,0,0,1,0,0,1,1,0
2018-10-28,1016,1,1,0,0,0,1,0,0,0,0
2018-10-29,1017,0,0,0,0,0,1,1,0,0,1
2018-10-30,1018,0,1,1,0,0,0,0,1,0,0
2018-10-31,1019,0,0,1,0,0,1,0,0,0,1
2018-11-01,1020,0,0,0,2,0,1,0,0,0,0
2018-11-02,1021,2,0,0,0,0,1,0,0,0,0
2018-11-03,1022,0,0,0,1,0,1,0,0,0,1
2018-11-04,1023,0,1,0,1,0,0,1,0,0,0
2018-11-05,1024,0,0,1,0,0,1,0,1,0,0
2018-11-06,1025,0,1,1,0,0,0,1,0,0,0
2018-11-07,1026,0,0,1,1,1,0,0,0,0,0
2018-11-08,1027,1,0,0,1,0,0,1,0,0,0
2018-11-09,1028,0,0,0,0,0,0,1,1,0,1
2018-11-10,1029,0,1,0,0,1,0,1,0,0,0
2018-11-11,1030,0,0,0,0,1,1,0,0,1,0
2018-11-12,1031,0,0,1,0,0,1,0,0,0,1
2018-11-13,1032,0,0,2,0,1,0,0,0,0,0
2018-11-14,1033,0,0,1,0,0,0,1,0,0,1
2018-11-15,1034,0,1,0,0,1,0,0,0,1,0
2018-11-16,1035,0,0,0,1,0,0,0,0,1,1
2018-11-17,1036,0,1,0,1,0,0,0,1,0,0
2018-11-18,1037,0,0,1,0,1,0,0,0,1,0
2018-11-19,1038,0,0,0,1,0,1,1,0,0,0
2018-11-20,1039,0,0,1,0,0,0,0,0,2,0
2018-11-21,1040,0,0,1,1,0,0,0,1,0,0
2018-11-22,1041,0,0,0,1,1,0,1,0,0,0
2018-11-23,1042,0,0,0,0,2,0,0,0,0,1
2018-11-24,1043,0,0,1,1,0,0,0,1,0,0
2018-11-25,1044,0,0,0,0,1,0,0,1,0,1
2018-11-26,1045,0,0,1,1,0,1,0,0,0,0
2018-11-27,1046,0,0,0,0,0,1,0,2,0,0
2018-11-28,1047,0,0,0,0,0,1,1,0,0,1
2018-11-29,1048,0,1,0,1,0,0,1,0,0,0
2018-11-30,1049,0,0,1,0,0,0,1,0,1,0
2018-12-01,1050,1,0,0,1,0,0,0,0,1,0
2018-12-02,1051,0,1,0,0,0,1,1,0,0,0
2018-12-03,1052,0,0,0,0,0,2,0,0,0,1
2018-12-04,1053,1,0,1,0,0,1,0,0,0,0
2018-12-05,1054,2,0,1,0,0,0,0,0,0,0
2018-12-06,1055,0,0,0,0,1,0,1,0,1,0
2018-12-07,1056,1,0,0,1,0,0,1,0,0,0
2018-12-08,1057,0,0,0,1,0,0,1,1,0,0
2018-12-09,1058,0,0,0,1,0,0,1,1,0,0
2018-12-10,1059,0,0,1,0,1,1,0,0,0,0
2018-12-11,1060,0,0,1,0,0,0,1,0,1,0
2018-12-12,1061,0,0,0,2,0,0,0,1,0,0
2018-12-13,1062,0,0,1,1,1,0,0,0,0,0
2018-12-14,1063,1,1,0,0,1,0,0,0,0,0
2018-12-15,1064,0,2,0,0,0,0,0,1,0,0
2018-12-16,1065,0,1,0,1,0,0,1,0,0,0
2018-12-17,1066,0,2,0,0,0,0,0,1,0,0
2018-12-18,1067,0,0,0,0,2,0,0,0,1,0
2018-12-19,1068,0,0,0,1,1,1,0,0,0,0
2018-12-20,1069,1,0,0,0,0,1,0,1,0,0
2018-12-21,1070,1,0,0,0,0,1,1,0,0,0
2018-12-22,1071,1,0,0,0,1,0,1,0,0,0
2018-12-23,1072,1,0,0,0,1,0,0,1,0,0
2018-12-26,1073,0,1,1,0,0,0,0,0,0,1
2018-12-27,1074,1,0,0,1,0,1,0,0,0,0
2018-12-28,1075,0,0,0,1,0,1,1,0,0,0
2018-12-29,1076,0,0,1,0,0,0,2,0,0,0
2018-12-30,1077,0,0,0,2,0,0,0,1,0,0
2019-01-02,1078,1,0,2,0,0,0,0,0,0,0
2019-01-03,1079,0,0,0,0,0,0,1,0,0,2
2019-01-04,1080,1,1,0,0,0,0,0,0,0,1
2019-01-05,1081,0,0,0,0,1,2,0,0,0,0
2019-01-06,1082,2,0,0,0,1,0,0,0,0,0
2019-01-07,1083,1,0,0,0,1,1,0,0,0,0
2019-01-08,1084,0,1,0,0,0,0,1,1,0,0
2019-01-09,1085,0,1,0,0,1,0,0,0,0,1
2019-01-10,1086,1,0,0,0,0,1,1,0,0,0
2019-01-11,1087,1,0,0,1,0,0,0,1,0,0
2019-01-12,1088,2,0,1,0,0,0,0,0,0,0
2019-01-13,1089,0,0,0,1,0,1,0,0,1,0
2019-01-14,1090,0,0,1,0,0,0,0,1,1,0
2019-01-15,1091,1,0,0,0,0,0,1,0,0,1
2019-01-16,1092,0,1,0,0,0,1,0,1,0,0
2019-01-17,1093,1,0,0,0,1,0,0,0,1,0
2019-01-18,1094,1,0,0,0,0,1,0,1,0,0
2019-01-19,1095,0,1,0,0,2,0,0,0,0,0
2019-01-20,1097,0,0,0,0,0,1,1,0,1,0
2019-01-21,1096,1,0,0,1,0,0,0,0,1,0
2019-01-22,1098,0,1,0,0,1,0,1,0,0,0
2019-01-23,1099,1,1,0,0,0,1,0,0,0,0
2019-01-24,1100,0,1,0,1,0,0,0,1,0,0
2019-01-25,1101,1,0,1,0,0,0,0,0,0,1
2019-01-26,1102,0,0,2,0,0,1,0,0,0,0
2019-01-27,1103,0,0,1,0,0,0,0,1,1,0
2019-01-28,1104,3,0,0,0,0,0,0,0,0,0
2019-01-29,1105,0,0,0,0,0,1,0,1,1,0
2019-01-30,1107,0,0,2,0,0,1,0,0,0,0
2019-01-31,1106,1,0,0,0,1,0,0,0,1,0
2019-02-01,1108,0,0,0,0,1,1,1,0,0,0
2019-02-02,1109,1,0,0,1,0,0,0,1,0,0
2019-02-03,1110,0,0,1,0,0,0,0,2,0,0
2019-02-04,1111,1,0,1,1,0,0,0,0,0,0
2019-02-05,1112,0,0,0,1,0,0,0,1,1,0
2019-02-06,1113,0,0,0,0,0,1,1,0,0,1
2019-02-07,1114,1,0,0,0,0,0,1,0,0,1
2019-02-08,1115,0,2,1,0,0,0,0,0,0,0
2019-02-09,1116,1,0,0,0,1,1,0,0,0,0
2019-02-10,1117,1,0,0,0,0,0,0,2,0,0
2019-02-11,1118,1,0,0,0,1,1,0,0,0,0
2019-02-12,1119,1,0,0,0,1,0,0,0,1,0
2019-02-13,1120,0,1,0,0,1,1,0,0,0,0
2019-02-14,1121,0,0,0,1,2,0,0,0,0,0
2019-02-15,1122,0,0,0,0,0,0,0,1,1,1
2019-02-16,1123,0,1,0,0,0,1,0,1,0,0
2019-02-17,1124,0,0,0,0,0,3,0,0,0,0
2019-02-18,1125,0,0,0,0,0,1,1,0,1,0
2019-02-19,1126,0,0,1,1,0,0,0,1,0,0
2019-02-20,1127,0,0,0,0,0,1,1,0,1,0
2019-02-21,1128,0,0,0,0,0,1,0,1,0,1
2019-02-22,1129,1,0,0,0,0,1,0,1,0,0
2019-02-23,1130,0,1,0,0,0,2,0,0,0,0
2019-02-24,1131,0,1,0,0,0,0,1,0,1,0
2019-02-25,1132,0,2,0,0,0,0,0,0,1,0
2019-02-26,1133,1,0,0,0,0,0,0,1,1,0
2019-02-27,1134,0,0,0,0,0,1,0,0,1,1
2019-02-28,1135,0,0,0,0,0,0,1,2,0,0
2019-03-01,1136,1,0,0,0,0,0,1,1,0,0
2019-03-02,1137,0,0,0,1,0,0,1,0,0,1
2019-03-03,1138,0,1,0,0,1,0,0,0,0,1
2019-03-04,1139,0,0,1,0,0,1,0,0,0,1
2019-03-05,1140,0,0,0,0,0,1,1,0,0,1
2019-03-06,1141,2,0,0,0,0,1,0,0,0,0
2019-03-07,1142,1,0,0,0,0,1,0,1,0,0
2019-03-08,1143,1,0,0,0,0,0,0,1,1,0
2019-03-09,1144,1,0,0,0,0,1,0,1,0,0
2019-03-10,1145,0,0,1,0,0,1,1,0,0,0
2019-03-11,1146,1,0,1,0,0,0,0,1,0,0
2019-03-12,1147,0,0,1,0,0,0,1,0,0,1
2019-03-13,1148,0,0,1,0,0,0,0,0,1,1
2019-03-14,1149,0,1,0,0,0,0,1,0,0,1
2019-03-15,1150,0,0,0,1,0,0,0,0,1,1
2019-03-16,1151,2,0,0,0,0,0,1,0,0,0
2019-03-17,1152,0,1,1,0,0,1,0,0,0,0
2019-03-18,1153,0,0,1,0,1,1,0,0,0,0
2019-03-19,1154,0,0,0,1,0,1,0,0,1,0
2019-03-20,1155,0,0,0,1,0,1,0,0,1,0
2019-03-21,1156,1,0,0,0,0,0,1,0,0,1
2019-03-22,1157,0,0,0,0,1,0,1,1,0,0
2019-03-23,1158,0,0,0,2,0,0,0,1,0,0
2019-03-24,1159,0,0,1,1,0,0,1,0,0,0
2019-03-25,1160,0,1,0,0,0,0,1,1,0,0
2019-03-26,1161,0,0,1,0,0,0,1,0,0,1
2019-03-27,1162,0,1,0,0,0,0,0,0,1,1
2019-03-28,1163,0,1,0,1,0,1,0,0,0,0
2019-03-29,1164,0,0,0,0,1,0,1,0,1,0
2019-03-30,1165,0,0,0,1,1,0,1,0,0,0
2019-03-31,1166,1,1,0,0,0,0,0,1,0,0
2019-04-01,1167,0,0,0,1,0,0,2,0,0,0
2019-04-02,1168,0,0,0,0,2,0,0,1,0,0
2019-04-03,1169,1,1,0,0,0,0,0,0,1,0
2019-04-04,1170,1,0,0,0,0,1,1,0,0,0
2019-04-05,1171,1,0,1,0,0,0,0,1,0,0
2019-04-06,1172,0,0,1,0,2,0,0,0,0,0
2019-04-07,1173,0,0,0,0,0,1,2,0,0,0
2019-04-08,1174,2,0,1,0,0,0,0,0,0,0
2019-04-09,1175,0,0,0,1,1,0,0,0,0,1
2019-04-10,1176,1,1,0,0,0,0,0,0,0,1
2019-04-11,1177,1,0,0,0,1,0,0,1,0,0
2019-04-12,1178,0,0,0,0,1,0,0,1,1,0
2019-04-13,1179,0,0,0,0,0,2,0,0,1,0
2019-04-14,1180,0,0,0,0,2,0,0,0,1,0
2019-04-15,1181,1,0,1,0,1,0,0,0,0,0
2019-04-16,1182,0,0,0,1,0,0,0,1,0,1
2019-04-17,1183,0,1,0,0,0,1,0,1,0,0
2019-04-22,1184,0,0,0,0,1,0,0,1,1,0
2019-04-23,1185,0,0,1,0,0,0,1,0,0,1
2019-04-24,1186,0,0,0,2,0,0,0,0,1,0
2019-04-25,1187,1,0,0,0,0,0,0,0,1,1
2019-04-26,1188,0,0,0,0,0,1,0,0,0,2
2019-04-27,1189,1,0,0,0,0,1,0,0,1,0
2019-04-28,1190,1,0,0,0,1,0,1,0,0,0
2019-04-29,1191,1,0,0,1,0,0,0,0,1,0
2019-04-30,1192,0,0,0,0,0,1,0,1,0,1
2019-05-01,1193,1,0,0,0,0,1,1,0,0,0
2019-05-02,1194,0,0,0,0,0,1,1,1,0,0
2019-05-03,1195,0,1,1,0,1,0,0,0,0,0
2019-05-04,1196,0,0,0,0,1,1,0,1,0,0
2019-05-05,1197,0,1,0,0,1,0,0,0,1,0
2019-05-06,1198,0,0,0,0,0,0,1,1,0,1
2019-05-07,1199,1,0,0,0,0,1,0,1,0,0
2019-05-08,1200,0,0,1,0,1,0,0,0,1,0
2019-05-09,1201,0,0,0,0,0,1,0,0,2,0
2019-05-10,1202,0,0,0,2,0,1,0,0,0,0
2019-05-11,1203,0,0,0,1,1,0,0,0,0,1
2019-05-12,1204,0,1,0,1,0,0,0,0,0,1
2019-05-13,1205,0,0,0,0,1,0,0,2,0,0
2019-05-14,1206,0,0,0,1,0,2,0,0,0,0
2019-05-15,1207,0,0,0,1,0,0,0,1,1,0
2019-05-16,1208,0,0,0,1,1,0,0,0,1,0
2019-05-17,1209,0,1,0,0,0,0,2,0,0,0
2019-05-18,1210,0,1,0,0,0,0,0,0,1,1
2019-05-19,1211,0,0,1,0,0,0,0,0,2,0
2019-05-20,1212,0,2,0,0,0,1,0,0,0,0
2019-05-21,1213,1,1,0,0,0,0,0,1,0,0
2019-05-22,1214,0,1,0,0,1,0,0,0,1,0
2019-05-23,1215,0,0,0,0,1,2,0,0,0,0
2019-05-24,1216,0,0,1,2,0,0,0,0,0,0
2019-05-25,1217,0,0,0,1,0,1,0,0,0,1
2019-05-26,1218,0,1,0,1,0,0,0,0,0,1
2019-05-27,1219,0,0,0,0,0,2,0,1,0,0
2019-05-28,1220,1,0,0,0,0,0,1,1,0,0
2019-05-29,1221,0,0,0,0,0,0,0,1,2,0
2019-05-30,1222,0,1,0,0,0,2,0,0,0,0
2019-05-31,1223,0,0,1,0,1,0,1,0,0,0
2019-06-01,1224,0,0,0,1,0,0,1,0,0,1
2019-06-02,1225,0,1,0,0,0,0,0,1,0,1
2019-06-03,1226,0,0,0,0,0,0,1,0,2,0
2019-06-04,1227,0,1,0,0,0,2,0,0,0,0
2019-06-05,1228,0,0,2,0,0,0,1,0,0,0
2019-06-06,1229,1,1,0,0,0,0,1,0,0,0
2019-06-07,1230,1,0,0,0,0,0,0,0,1,1
2019-06-08,1231,1,0,0,0,0,2,0,0,0,0
2019-06-09,1232,0,0,0,1,1,0,1,0,0,0
2019-06-10,1233,1,0,1,0,0,0,0,0,1,0
2019-06-11,1234,1,0,0,0,1,1,0,0,0,0
2019-06-12,1235,1,1,0,0,0,0,1,0,0,0
2019-06-13,1236,1,1,0,0,0,1,0,0,0,0
2019-06-14,1237,0,0,1,0,1,0,0,0,1,0
2019-06-15,1238,1,1,0,0,0,0,0,1,0,0
2019-06-16,1239,0,0,1,0,1,1,0,0,0,0
2019-06-17,1240,0,0,0,2,0,0,0,0,1,0
2019-06-18,1241,0,0,0,0,0,1,0,1,1,0
2019-06-19,1242,0,2,0,0,0,0,0,0,0,1
2019-06-20,1243,1,1,0,0,1,0,0,0,0,0
2019-06-21,1244,0,1,0,0,0,0,1,0,0,1
2019-06-22,1245,0,1,1,0,1,0,0,0,0,0
2019-06-23,1246,0,0,0,1,1,0,0,1,0,0
2019-06-24,1247,1,0,1,0,0,0,0,1,0,0
2019-06-25,1248,0,0,0,0,0,1,1,0,0,1
2019-06-26,1249,1,1,0,0,0,0,0,1,0,0
2019-06-27,1250,0,0,0,0,0,2,0,1,0,0
2019-06-28,1251,0,1,0,0,0,1,0,0,1,0
2019-06-29,1252,0,0,1,0,1,0,0,0,1,0
2019-06-30,1253,0,0,0,1,0,1,0,0,1,0
2019-07-01,1254,1,1,0,1,0,0,0,0,0,0
2019-07-02,1255,0,0,0,1,0,1,1,0,0,0
2019-07-03,1256,0,1,0,0,1,0,0,1,0,0
2019-07-04,1257,0,1,0,1,0,0,0,0,0,1
2019-07-05,1258,0,0,0,0,0,0,1,1,1,0
2019-07-06,1259,0,1,1,0,0,0,0,1,0,0
2019-07-07,1260,2,0,0,0,0,0,0,1,0,0
2019-07-08,1261,1,1,0,0,0,0,0,0,0,1
2019-07-09,1262,1,0,0,0,0,0,2,0,0,0
2019-07-10,1263,0,1,0,0,0,1,0,0,0,1
2019-07-11,1264,2,0,0,0,0,1,0,0,0,0
2019-07-12,1265,0,1,0,0,0,0,1,1,0,0
2019-07-13,1266,0,1,0,0,0,1,1,0,0,0
2019-07-14,1267,1,0,0,1,0,0,0,0,0,1
2019-07-15,1268,1,0,1,0,0,0,0,0,1,0
2019-07-16,1269,1,0,0,0,0,0,1,1,0,0
2019-07-17,1270,0,0,1,0,0,1,1,0,0,0
2019-07-18,1271,0,1,0,0,0,0,1,0,0,1
2019-07-19,1272,0,0,1,0,0,0,0,1,0,1
2019-07-20,1273,0,0,0,0,1,0,2,0,0,0
2019-07-21,1274,0,0,0,0,0,2,0,1,0,0
2019-07-22,1275,0,1,0,0,1,0,0,0,1,0
2019-07-23,1276,0,0,0,1,1,1,0,0,0,0
2019-07-24,1277,1,0,0,0,0,0,0,0,1,1
2019-07-25,1278,0,0,0,0,1,0,1,0,1,0
2019-07-26,1279,0,0,0,1,0,1,0,0,0,1
2019-07-27,1280,1,0,0,0,0,0,0,1,0,1
2019-07-28,1281,0,0,0,1,0,0,0,1,1,0
2019-07-29,1282,0,0,0,0,1,0,0,0,0,2
2019-07-30,1283,0,1,0,0,0,0,0,1,1,0
2019-07-31,1284,1,1,0,1,0,0,0,0,0,0
2019-08-01,1285,1,1,0,0,0,0,0,1,0,0
2019-08-02,1286,0,1,1,0,0,0,1,0,0,0
2019-08-03,1287,0,1,0,0,0,1,0,1,0,0
2019-08-04,1288,0,0,0,1,0,0,2,0,0,0
2019-08-05,1289,0,0,1,0,1,0,0,0,0,1
2019-08-06,1290,0,0,0,0,0,1,1,0,1,0
2019-08-07,1291,0,0,0,0,0,0,1,1,1,0
2019-08-08,1292,1,0,1,0,0,1,0,0,0,0
2019-08-09,1293,0,0,0,0,1,0,1,0,1,0
2019-08-10,1294,0,0,0,0,1,2,0,0,0,0
2019-08-11,1295,1,0,0,0,1,0,0,0,1,0
2019-08-12,1296,0,0,3,0,0,0,0,0,0,0
2019-08-13,1297,0,0,0,1,0,1,0,1,0,0
2019-08-14,1298,1,0,0,0,0,2,0,0,0,0
2019-08-15,1299,1,0,0,0,1,0,0,1,0,0
2019-08-16,1300,0,1,0,0,1,1,0,0,0,0
2019-08-17,1301,0,0,1,2,0,0,0,0,0,0
2019-08-18,1302,0,0,0,0,1,0,2,0,0,0
2019-08-19,1303,0,1,1,0,0,0,1,0,0,0
2019-08-20,1304,1,0,0,1,0,0,0,1,0,0
2019-08-21,1305,0,1,0,0,1,0,1,0,0,0
2019-08-22,1306,0,0,0,0,0,0,1,1,1,0
2019-08-23,1307,0,0,0,1,0,0,0,0,2,0
2019-08-24,1308,1,1,0,0,0,0,0,1,0,0
2019-08-25,1309,0,0,1,0,0,1,0,0,0,1
2019-08-26,1310,1,2,0,0,0,0,0,0,0,0
2019-08-27,1311,0,0,0,0,1,1,1,0,0,0
2019-08-28,1312,0,0,2,0,0,0,0,0,0,1
2019-08-29,1313,0,0,0,0,1,0,1,0,1,0
2019-08-30,1314,0,0,1,0,0,0,0,1,0,1
2019-08-31,1315,0,0,2,0,0,1,0,0,0,0
2019-09-01,1316,0,0,0,1,0,0,2,0,0,0
2019-09-02,1317,0,1,0,0,0,1,0,0,0,1
2019-09-03,1318,0,0,0,0,1,0,0,0,1,1
2019-09-04,1319,0,1,1,0,0,1,0,0,0,0
2019-09-05,1320,0,0,0,0,0,0,0,1,2,0
2019-09-06,1321,0,2,0,0,1,0,0,0,0,0
2019-09-07,1322,0,0,0,1,0,0,0,1,0,1
2019-09-08,1323,0,2,0,0,0,0,0,0,1,0
2019-09-09,1324,0,0,0,0,0,1,0,1,1,0
2019-09-10,1325,0,0,0,1,0,1,0,0,1,0
2019-09-11,1326,0,0,0,1,1,0,0,1,0,0
2019-09-12,1327,1,0,0,0,0,0,1,1,0,0
2019-09-13,1328,0,0,0,0,0,0,0,2,0,1
2019-09-14,1329,0,1,0,1,0,1,0,0,0,0
2019-09-15,1331,0,0,0,0,1,0,0,1,0,1
2019-09-16,1332,0,0,0,0,1,0,1,0,1,0
2019-09-17,1333,0,1,0,0,0,1,0,1,0,0
2019-09-18,1334,0,0,0,2,0,0,0,0,1,0
2019-09-19,1335,1,0,1,0,1,0,0,0,0,0
2019-09-20,1336,1,0,0,0,1,0,0,0,1,0
2019-09-21,1337,1,0,0,0,0,0,2,0,0,0
2019-09-22,1338,0,1,1,0,0,0,1,0,0,0
2019-09-23,1339,0,0,0,2,0,0,0,1,0,0
2019-09-24,1340,0,0,1,0,0,0,0,1,0,1
2019-09-25,1341,0,1,1,0,1,0,0,0,0,0
2019-09-26,1342,0,1,0,0,0,0,1,0,1,0
2019-09-27,1343,0,1,0,0,1,0,1,0,0,0
2019-09-28,1344,0,0,2,1,0,0,0,0,0,0
2019-09-29,1345,0,0,0,1,0,0,0,2,0,0
2019-09-30,1346,1,0,0,0,1,0,0,0,0,1
2019-10-01,1347,0,0,1,1,0,0,0,1,0,0
2019-10-02,1348,1,0,1,0,1,0,0,0,0,0
2019-10-03,1349,0,0,0,0,1,0,2,0,0,0
2019-10-04,1350,0,1,0,0,2,0,0,0,0,0
2019-10-05,1351,0,0,0,0,0,1,0,0,0,2
2019-10-06,1352,0,0,1,0,0,1,1,0,0,0
2019-10-07,1353,0,0,2,0,0,1,0,0,0,0
2019-10-08,1354,0,0,0,0,0,2,0,0,0,1
2019-10-09,1356,0,0,1,1,0,0,0,0,0,1
2019-10-10,1355,0,1,0,0,0,0,0,1,0,1
2019-10-11,1357,0,0,0,0,0,1,1,0,1,0
2019-10-12,1358,0,0,1,1,0,0,0,1,0,0
2019-10-13,1359,0,0,1,0,0,1,0,1,0,0
2019-10-14,1360,0,3,0,0,0,0,0,0,0,0
2019-10-15,1361,0,0,0,0,0,2,0,0,0,1
2019-10-16,1362,0,0,0,0,0,1,1,1,0,0
2019-10-17,1363,0,1,0,0,0,0,1,0,1,0
2019-10-18,1364,0,0,1,0,0,0,2,0,0,0
2019-10-19,1365,0,0,0,0,0,0,2,1,0,0
2019-10-20,1366,0,0,1,0,1,1,0,0,0,0
2019-10-21,1367,1,0,1,0,0,0,0,1,0,0
2019-10-22,1368,1,0,1,0,0,0,0,0,1,0
2019-10-23,1369,0,0,0,1,0,0,1,0,0,1
2019-10-24,1370,0,1,1,0,0,0,0,0,1,0
2019-10-25,1371,0,0,0,1,1,0,0,0,1,0
2019-10-26,1373,0,0,1,0,1,0,0,0,0,1
2019-10-27,1374,1,2,0,0,0,0,0,0,0,0
2019-10-28,1375,0,0,0,0,1,1,0,1,0,0
2019-10-29,1376,0,2,0,0,1,0,0,0,0,0
2019-10-30,1377,0,0,0,0,2,0,1,0,0,0
2019-10-31,1378,1,0,0,0,2,0,0,0,0,0
2019-11-01,1379,0,0,0,1,1,0,0,1,0,0
2019-11-02,1380,0,0,0,0,0,1,1,1,0,0
2019-11-03,1381,0,0,0,2,0,0,0,1,0,0
2019-11-04,1382,0,1,0,1,0,0,0,1,0,0
2019-11-05,1383,0,2,1,0,0,0,0,0,0,0
2019-11-06,1384,0,0,0,0,0,0,0,0,0,3
2019-11-07,1385,0,2,0,0,1,0,0,0,0,0
2019-11-08,1386,0,1,0,0,0,0,0,0,0,2
2019-11-09,1387,1,0,0,0,0,0,2,0,0,0
2019-11-10,1388,0,0,1,0,1,0,0,0,1,0
2019-11-11,1389,1,0,0,0,2,0,0,0,0,0
2019-11-12,1390,0,1,0,1,0,0,0,0,0,1
2019-11-13,1391,0,0,0,1,0,0,0,1,0,1
2019-11-14,1392,0,0,0,0,0,0,0,2,0,1
2019-11-15,1393,0,0,0,1,2,0,0,0,0,0
2019-11-16,1394,0,0,1,0,2,0,0,0,0,0
2019-11-17,1395,0,0,0,0,0,0,0,3,0,0
2019-11-18,1396,1,0,0,0,0,0,1,0,1,0
2019-11-19,1397,0,0,0,0,0,0,0,1,1,1
2019-11-20,1398,0,0,0,1,1,0,0,0,1,0
2019-11-21,1399,0,2,1,0,0,0,0,0,0,0
2019-11-22,1400,0,0,0,2,0,0,0,1,0,0
2019-11-23,1401,0,0,1,0,1,0,0,1,0,0
2019-11-24,1402,0,0,2,1,0,0,0,0,0,0
2019-11-25,1403,0,0,1,0,1,1,0,0,0,0
2019-11-26,1404,0,0,0,0,1,0,0,0,1,1
2019-11-27,1405,0,1,1,0,0,0,0,0,1,0
2019-11-28,1406,0,0,0,0,0,0,1,1,0,1
2019-11-29,1407,2,1,0,0,0,0,0,0,0,0
2019-11-30,1408,0,1,1,0,0,0,1,0,0,0
2019-12-01,1409,1,1,0,1,0,0,0,0,0,0
2019-12-02,1410,1,0,0,1,1,0,0,0,0,0
2019-12-03,1411,1,0,1,0,1,0,0,0,0,0
2019-12-04,1412,1,1,0,0,0,1,0,0,0,0
2019-12-05,1413,0,0,1,1,1,0,0,0,0,0
2019-12-06,1414,0,0,0,1,0,1,1,0,0,0
2019-12-07,1415,2,0,0,0,1,0,0,0,0,0
2019-12-08,1416,1,0,0,1,0,1,0,0,0,0
2019-12-09,1417,0,0,0,1,0,0,2,0,0,0
2019-12-10,1418,1,0,0,1,1,0,0,0,0,0
2019-12-11,1419,0,1,0,0,0,0,0,0,1,1
2019-12-12,1420,0,0,0,0,2,0,0,0,0,1
2019-12-13,1421,1,0,0,0,0,0,1,0,1,0
2019-12-14,1422,0,1,1,0,0,0,0,0,0,1
2019-12-15,1423,1,0,0,0,0,0,0,0,2,0
2019-12-16,1424,0,2,0,0,1,0,0,0,0,0
2019-12-17,1425,1,0,0,2,0,0,0,0,0,0
2019-12-18,1426,0,1,0,1,1,0,0,0,0,0
2019-12-19,1427,1,0,1,0,0,1,0,0,0,0
2019-12-20,1428,1,0,1,0,0,0,0,0,0,1
2019-12-21,1429,0,1,1,0,0,0,0,1,0,0
2019-12-22,1430,0,0,0,0,0,1,0,0,1,1
2019-12-23,1431,1,0,1,0,1,0,0,0,0,0
2019-12-24,1432,0,1,0,0,0,0,1,1,0,0
2019-12-26,1433,0,1,0,0,0,0,0,0,2,0
2019-12-27,1434,0,0,1,0,1,0,0,0,0,1
2019-12-28,1435,0,1,0,1,0,0,0,0,1,0
2019-12-29,1436,0,0,2,0,0,0,0,0,0,1
2019-12-30,1437,0,1,1,0,0,0,0,0,1,0
2019-12-31,1438,0,0,0,1,0,0,1,0,0,1
2020-01-02,1439,1,0,1,0,0,0,1,0,0,0
2020-01-03,1440,0,0,0,0,2,0,0,1,0,0
2020-01-04,1441,0,0,0,0,1,0,0,1,0,1
2020-01-05,1442,1,0,0,0,0,0,1,1,0,0
2020-01-06,1443,0,0,0,0,0,1,0,2,0,0
2020-01-07,1444,0,0,0,0,0,0,1,1,0,1
2020-01-08,1445,0,0,0,1,0,0,1,1,0,0
2020-01-09,1446,0,0,0,0,0,0,1,0,1,1
2020-01-10,1447,0,0,0,0,1,0,1,0,0,1
2020-01-11,1448,0,1,0,0,1,0,0,0,1,0
2020-01-12,1449,0,1,0,1,0,0,0,0,1,0
2020-01-13,1450,0,0,1,0,0,1,0,0,0,1
2020-01-14,1451,0,1,0,0,0,0,0,0,1,1
2020-01-15,1452,0,0,0,0,1,1,0,1,0,0
2020-01-16,1453,0,0,0,1,1,0,0,1,0,0
2020-01-17,1454,0,0,0,0,1,1,1,0,0,0
2020-01-18,1455,1,1,0,0,1,0,0,0,0,0
2020-01-19,1456,1,0,0,0,2,0,0,0,0,0
2020-01-20,1457,0,0,0,1,1,0,0,1,0,0
2020-01-21,1458,0,0,0,0,0,1,0,2,0,0
2020-01-22,1459,1,2,0,0,0,0,0,0,0,0
2020-01-23,1460,0,0,0,2,0,1,0,0,0,0
2020-01-24,1461,0,0,1,0,0,1,0,0,1,0
2020-01-25,1462,0,1,1,0,0,0,0,0,1,0
2020-01-26,1463,1,0,0,0,0,1,1,0,0,0
2020-01-27,1464,1,0,0,0,1,0,1,0,0,0
2020-01-28,1465,0,0,0,2,0,0,0,0,0,1
2020-01-29,1466,0,0,0,1,0,0,1,0,0,1
2020-01-30,1467,0,0,1,0,0,1,1,0,0,0
2020-01-31,1468,1,1,0,0,0,0,0,1,0,0
2020-02-01,1469,1,0,0,1,1,0,0,0,0,0
2020-02-02,1470,1,0,0,0,0,1,1,0,0,0
2020-02-03,1471,1,1,0,1,0,0,0,0,0,0
2020-02-04,1472,0,0,2,0,1,0,0,0,0,0
2020-02-05,1473,1,0,0,0,0,1,0,0,1,0
2020-02-06,1474,0,0,0,1,0,0,1,0,1,0
2020-02-07,1475,0,0,0,0,0,1,1,0,0,1
2020-02-08,1476,1,1,0,0,0,1,0,0,0,0
2020-02-09,1477,1,0,1,0,0,0,0,0,1,0
2020-02-10,1478,0,1,1,0,0,0,1,0,0,0
2020-02-11,1479,0,1,2,0,0,0,0,0,0,0
2020-02-12,1480,0,2,1,0,0,0,0,0,0,0
2020-02-13,1481,0,0,0,2,0,0,0,1,0,0
2020-02-14,1482,0,0,1,0,0,1,0,0,0,1
2020-02-15,1483,1,0,1,0,0,0,1,0,0,0
2020-02-16,1484,1,0,0,0,0,1,0,0,1,0
2020-02-17,1485,1,0,0,0,1,0,0,0,1,0
2020-02-18,1486,0,0,2,0,0,0,0,1,0,0
2020-02-19,1487,0,0,0,0,0,0,1,0,2,0
2020-02-20,1488,0,1,0,0,1,0,0,1,0,0
2020-02-21,1489,2,0,1,0,0,0,0,0,0,0
2020-02-22,1490,1,0,0,1,0,0,0,0,1,0
2020-02-23,1491,0,1,0,0,0,0,0,2,0,0
2020-02-24,1493,1,1,0,1,0,0,0,0,0,0
2020-02-25,1492,0,0,0,0,1,1,0,0,1,0
2020-02-26,1494,1,0,1,1,0,0,0,0,0,0
2020-02-27,1495,0,0,0,0,2,0,0,0,1,0
2020-02-28,1496,0,0,1,0,1,0,1,0,0,0
2020-02-29,1497,0,0,1,0,1,0,0,0,1,0
2020-03-01,1498,1,0,0,0,0,0,0,1,1,0
2020-03-02,1499,1,1,0,1,0,0,0,0,0,0
2020-03-03,1500,0,0,0,0,0,1,0,1,0,1
2020-03-04,1501,0,0,0,0,0,0,1,0,2,0
2020-03-05,1502,0,1,2,0,0,0,0,0,0,0
2020-03-06,1504,0,0,0,0,0,0,2,0,0,1
2020-03-07,1505,2,0,0,0,0,0,0,0,1,0
2020-03-08,1506,1,1,0,0,0,1,0,0,0,0
2020-03-09,1507,0,0,0,0,0,0,0,0,0,3
2020-03-10,1508,0,2,0,0,0,0,0,1,0,0
2020-03-11,1509,0,0,0,0,1,0,1,1,0,0
2020-03-12,1510,0,0,0,1,1,0,0,0,0,1
2020-03-13,1511,0,0,0,0,0,1,0,1,0,1
2020-03-14,1512,2,0,0,0,1,0,0,0,0,0
2020-03-15,1513,0,0,0,1,0,1,0,0,1,0
2020-03-16,1514,0,1,0,0,0,1,0,0,1,0
2020-03-17,1515,1,0,0,1,1,0,0,0,0,0
2020-03-18,1516,0,1,0,0,1,0,0,0,1,0
2020-08-24,1522,0,0,0,0,1,0,0,1,0,1
2020-08-25,1523,0,0,0,1,1,0,0,0,1,0
2020-08-26,1524,1,0,0,1,1,0,0,0,0,0
2020-08-27,1525,0,0,0,0,1,1,0,1,0,0
2020-08-28,1526,0,0,0,0,0,0,1,2,0,0
2020-08-29,1527,0,0,0,1,0,0,1,0,1,0
2020-08-30,1528,1,0,0,0,0,0,0,0,2,0
2020-08-31,1529,0,0,0,1,0,0,0,0,1,1
2020-09-01,1530,0,0,0,0,0,2,0,0,0,1
2020-09-02,1531,1,1,0,0,0,0,1,0,0,0
2020-09-03,1532,0,0,1,0,0,2,0,0,0,0
2020-09-04,1533,1,1,0,0,0,1,0,0,0,0
2020-09-05,1534,0,0,0,0,1,0,1,0,0,1
2020-09-06,1535,0,0,0,0,1,0,0,1,1,0
2020-09-07,1536,1,0,1,0,0,0,0,0,0,1
2020-09-08,1537,0,1,0,1,0,0,0,1,0,0
2020-09-09,1538,0,0,0,1,0,1,1,0,0,0
2020-09-10,1539,0,1,0,0,1,0,0,0,1,0
2020-09-11,1540,0,0,1,0,0,0,0,0,0,2
2020-09-12,1541,0,0,1,0,0,1,0,0,1,0
2020-09-13,1542,0,1,0,2,0,0,0,0,0,0
2020-09-14,1543,0,0,0,1,0,0,1,0,1,0
2020-09-15,1544,0,0,2,0,0,1,0,0,0,0
2020-09-16,1545,0,2,0,0,0,1,0,0,0,0
2020-09-17,1546,0,0,0,0,0,2,0,0,1,0
2020-09-18,1547,1,0,0,0,1,1,0,0,0,0
2020-09-19,1548,0,1,0,0,0,0,1,1,0,0
2020-09-20,1549,0,2,0,0,0,0,0,1,0,0
2020-09-21,1550,0,0,1,0,0,1,1,0,0,0
2020-09-22,1551,0,1,1,0,0,0,0,0,1,0
2020-09-23,1552,1,1,0,1,0,0,0,0,0,0
2020-09-24,1553,0,0,0,1,1,0,1,0,0,0
2020-09-25,1554,0,0,1,0,1,1,0,0,0,0
2020-09-26,1555,1,1,0,0,0,0,0,0,0,1
2020-09-27,1556,0,0,1,1,0,0,0,1,0,0
2020-09-28,1557,1,0,1,0,0,0,0,0,0,1
2020-09-29,1558,0,0,1,0,0,0,0,1,0,1
2020-09-30,1559,1,0,1,0,0,0,0,0,0,1
2020-10-01,1560,0,0,0,0,0,2,0,0,0,1
2020-10-02,1561,1,1,0,0,0,0,0,0,1,0
2020-10-03,1562,0,0,0,1,1,0,0,0,0,1
2020-10-04,1563,0,0,0,1,0,0,0,1,0,1
2020-10-05,1564,0,1,0,0,0,0,0,1,0,1
2020-10-06,1565,0,0,1,0,0,0,1,0,0,1
2020-10-07,1566,0,0,0,1,0,2,0,0,0,0
2020-10-08,1567,1,0,0,0,0,1,1,0,0,0
2020-10-09,1568,0,1,0,1,0,1,0,0,0,0
2020-10-10,1569,0,1,0,0,0,0,1,0,0,1
2020-10-11,1570,0,1,0,0,0,1,0,0,1,0
2020-10-12,1571,0,1,1,0,0,0,0,0,1,0
2020-10-13,1572,0,0,1,0,0,0,1,1,0,0
2020-10-14,1573,0,0,2,0,0,0,0,1,0,0
2020-10-15,1574,0,0,0,1,0,0,1,0,1,0
2020-10-16,1575,0,0,1,1,0,0,1,0,0,0
2020-10-17,1576,0,0,0,1,1,0,0,1,0,0
2020-10-18,1577,0,0,1,0,0,1,1,0,0,0
2020-10-19,1578,0,0,0,0,0,1,0,0,0,2
2020-10-20,1579,0,0,1,1,0,0,0,0,0,1
2020-10-21,1580,1,0,1,0,1,0,0,0,0,0
2020-10-22,1581,0,0,0,0,2,1,0,0,0,0
2020-10-23,1582,1,0,1,0,0,0,0,1,0,0
2020-10-24,1583,0,0,0,2,1,0,0,0,0,0
2020-10-25,1584,0,0,0,2,0,0,0,0,1,0
2020-10-26,1585,1,0,0,1,0,1,0,0,0,0
2020-10-27,1586,1,0,0,0,0,1,0,0,0,1
2020-10-28,1587,0,0,1,0,0,1,0,0,0,1
2020-10-29,1588,0,0,0,1,0,1,0,0,1,0
2020-10-30,1589,0,0,1,1,0,0,1,0,0,0
2020-10-31,1590,0,0,0,0,0,1,1,0,0,1
2020-11-01,1591,0,1,1,0,0,0,0,1,0,0
2020-11-02,1592,0,0,1,0,0,0,0,0,1,1
2020-11-03,1593,0,0,0,0,0,0,1,1,0,1
2020-11-04,1594,0,0,0,0,0,0,1,1,0,1
2020-11-05,1595,1,0,0,1,0,0,0,0,1,0
2020-11-06,1596,0,0,0,0,0,1,0,0,1,1
2020-11-07,1597,0,2,0,0,0,0,0,0,0,1
2020-11-08,1598,0,0,0,0,1,2,0,0,0,0
2020-11-09,1599,1,1,0,0,0,0,0,0,1,0
2020-11-10,1600,0,2,0,0,0,0,0,0,0,1
2020-11-11,1601,1,0,2,0,0,0,0,0,0,0
2020-11-12,1602,0,0,1,0,0,0,1,1,0,0
2020-11-13,1603,0,0,0,1,0,0,0,0,1,1
2020-11-14,1604,0,0,1,0,0,1,0,1,0,0
2020-11-15,1605,1,0,1,0,0,0,0,1,0,0
2020-11-16,1606,0,1,1,0,0,0,0,0,0,1
2020-11-17,1607,0,1,0,0,1,1,0,0,0,0
2020-11-18,1608,0,0,0,1,1,1,0,0,0,0
2020-11-19,1609,0,0,0,0,2,0,0,1,0,0
2020-11-20,1610,0,1,0,0,1,0,0,0,1,0
2020-11-21,1611,0,0,1,0,1,0,0,1,0,0
2020-11-22,1612,0,1,0,0,0,0,0,1,1,0
2020-11-23,1613,1,0,0,0,0,0,0,0,0,2
2020-11-24,1614,0,1,0,0,0,0,0,2,0,0
2020-11-25,1615,0,0,1,0,0,1,0,0,1,0
2020-11-26,1616,0,0,0,1,1,0,0,0,0,1
2020-11-27,1617,0,0,0,0,0,0,0,2,1,0
2020-11-28,1618,0,1,0,0,0,0,0,1,0,1
2020-11-29,1619,0,0,0,1,0,1,0,0,0,1
2020-11-30,1620,0,1,0,1,0,0,1,0,0,0
2020-12-01,1621,0,0,1,0,0,0,0,1,0,1
2020-12-02,1622,0,1,1,1,0,0,0,0,0,0
2020-12-03,1623,1,0,1,0,0,0,1,0,0,0
2020-12-04,1624,0,0,0,1,0,0,0,1,0,1
2020-12-05,1625,0,0,0,1,0,1,1,0,0,0
2020-12-06,1626,0,0,0,0,0,1,1,1,0,0
2020-12-07,1627,0,1,0,0,0,0,0,0,0,2
2020-12-08,1628,2,0,0,1,0,0,0,0,0,0
2020-12-09,1629,1,0,0,0,0,0,1,0,1,0
2020-12-10,1630,0,1,0,0,0,0,0,0,1,1
2020-12-11,1631,1,0,0,1,0,0,0,0,0,1
2020-12-12,1632,1,0,0,0,0,1,0,1,0,0
2020-12-13,1633,0,2,1,0,0,0,0,0,0,0
2020-12-14,1634,0,1,0,1,0,0,0,0,0,1
2020-12-15,1635,0,0,0,0,0,2,1,0,0,0
2020-12-16,1636,0,0,0,0,1,0,1,0,1,0
2020-12-17,1637,0,0,0,0,2,0,0,0,0,1
2020-12-18,1638,0,0,0,0,1,1,0,0,1,0
2020-12-19,1639,0,0,0,1,1,0,0,0,1,0
2020-12-20,1640,1,0,0,1,0,0,1,0,0,0
2020-12-21,1641,0,0,1,1,0,0,1,0,0,0
2020-12-22,1642,0,1,0,0,0,1,0,0,0,1
2020-12-23,1643,2,0,0,1,0,0,0,0,0,0
2020-12-24,1644,1,0,0,0,0,0,0,0,2,0
2020-12-26,1645,1,0,0,0,0,0,1,0,1,0
2020-12-27,1646,0,1,0,0,0,0,1,1,0,0
2020-12-28,1647,0,0,1,0,0,0,0,1,0,1
2020-12-29,1648,0,2,0,1,0,0,0,0,0,0
2020-12-30,1649,2,0,0,0,0,0,0,1,0,0
2020-12-31,1650,0,0,0,1,1,0,1,0,0,0
2021-01-02,1651,1,1,0,1,0,0,0,0,0,0
2021-01-03,1652,1,0,0,0,0,0,0,0,0,2
2021-01-04,1653,0,0,0,0,0,1,0,0,1,1
2021-01-05,1654,0,0,1,0,0,1,0,0,1,0
2021-01-06,1655,0,1,0,0,1,0,0,0,0,1
2021-01-07,1656,2,0,1,0,0,0,0,0,0,0
2021-01-08,1657,0,2,0,1,0,0,0,0,0,0
2021-01-09,1658,0,0,0,2,0,0,0,1,0,0
2021-01-10,1659,0,0,1,0,1,0,0,0,1,0
2021-01-11,1660,0,0,0,0,0,0,2,0,1,0
2021-01-12,1661,1,2,0,0,0,0,0,0,0,0
2021-01-13,1662,1,0,0,0,0,1,0,0,1,0
2021-01-14,1663,0,0,1,1,0,0,0,0,0,1
2021-01-15,1664,0,0,0,0,1,0,0,0,1,1
2021-01-16,1665,0,0,0,1,0,1,1,0,0,0
2021-01-17,1666,0,0,2,0,0,0,1,0,0,0
2021-01-18,1667,0,0,0,0,0,0,1,2,0,0
2021-01-19,1668,0,1,0,1,0,0,0,0,0,1
2021-01-20,1669,0,0,0,0,0,1,1,0,0,1
2021-01-21,1670,1,1,0,0,0,0,0,0,0,1
2021-01-22,1671,1,1,0,0,0,0,0,0,1,0
2021-01-23,1672,0,1,0,1,0,1,0,0,0,0
2021-01-24,1673,0,1,0,0,0,0,0,1,0,1
2021-01-25,1674,1,0,0,1,0,0,0,0,0,1
2021-01-26,1675,0,0,1,0,0,0,2,0,0,0
2021-01-27,1676,1,1,0,0,0,0,0,0,1,0
2021-01-28,1677,1,0,0,1,0,0,0,0,0,1
2021-01-29,1678,1,0,1,0,0,0,0,0,0,1
2021-01-30,1679,1,0,0,1,0,0,1,0,0,0
2021-01-31,1680,0,1,0,0,0,0,0,1,0,1
2021-02-01,1681,1,0,0,0,1,1,0,0,0,0
2021-02-02,1682,1,0,0,0,0,0,0,1,1,0
2021-02-03,1683,1,0,0,0,1,0,0,0,1,0
2021-02-04,1684,0,0,1,0,0,1,0,0,0,1
2021-02-05,1685,0,0,0,0,0,0,0,2,0,1
2021-02-06,1686,0,0,0,0,1,1,0,0,1,0
2021-02-07,1687,0,0,0,0,0,1,0,0,0,2
2021-02-08,1688,1,1,0,0,0,0,1,0,0,0
2021-02-09,1689,0,0,1,0,0,0,0,2,0,0
2021-02-10,1690,1,1,0,0,0,0,0,0,0,1
2021-02-11,1691,1,0,0,0,0,1,1,0,0,0
2021-02-12,1692,0,0,0,0,0,0,0,1,2,0
2021-02-13,1693,0,0,0,2,0,0,0,0,0,1
2021-02-14,1694,0,0,0,0,0,1,0,1,0,1
2021-02-15,1695,0,0,1,1,1,0,0,0,0,0
2021-02-16,1696,1,1,0,0,0,0,0,1,0,0
2021-02-17,1697,2,0,0,0,0,0,0,0,1,0
2021-02-18,1698,0,1,1,0,0,1,0,0,0,0
2021-02-19,1699,0,0,0,0,2,0,1,0,0,0
2021-02-20,1700,0,0,0,1,0,0,0,1,0,1
2021-02-21,1701,0,0,1,1,0,1,0,0,0,0
2021-02-22,1702,0,0,1,0,1,0,0,0,1,0
2021-02-23,1703,1,0,0,0,0,0,1,1,0,0
2021-02-24,1704,0,0,0,2,0,0,0,1,0,0
2021-02-25,1705,0,0,0,0,2,0,1,0,0,0
2021-02-26,1706,0,0,2,1,0,0,0,0,0,0
2021-02-27,1707,1,0,0,0,0,0,0,1,1,0
2021-02-28,1708,1,0,0,0,0,0,0,1,1,0
2021-03-01,1709,1,1,0,0,0,0,0,1,0,0
2021-03-02,1710,0,2,0,1,0,0,0,0,0,0
2021-03-03,1711,1,1,0,1,0,0,0,0,0,0
2021-03-04,1712,0,1,0,1,0,0,0,0,1,0
2021-03-05,1713,1,0,0,0,0,0,0,0,1,1
2021-03-06,1714,1,0,0,0,0,0,0,1,0,1
2021-03-07,1715,0,1,0,0,0,0,0,1,0,1
2021-03-08,1716,0,1,0,0,0,0,1,0,1,0
2021-03-09,1717,0,0,0,2,0,0,1,0,0,0
2021-03-10,1718,1,0,0,0,0,0,1,1,0,0
2021-03-11,1719,0,2,0,0,0,0,0,0,1,0
2021-03-12,1720,0,0,0,0,0,0,1,0,0,2
2021-03-13,1721,0,0,1,0,2,0,0,0,0,0
2021-03-14,1722,0,1,1,0,0,0,1,0,0,0
2021-03-15,1723,1,0,0,0,0,1,0,0,0,1
2021-03-16,1724,0,0,1,0,1,0,0,1,0,0
2021-03-17,1725,0,0,0,0,1,1,0,0,1,0
2021-03-18,1726,0,0,1,0,0,1,0,0,0,1
2021-03-19,1727,1,0,0,1,0,1,0,0,0,0
2021-03-20,1728,0,1,0,1,0,0,1,0,0,0
2021-03-21,1729,1,0,0,0,0,0,0,1,0,1
2021-03-22,1730,0,1,0,1,1,0,0,0,0,0
2021-03-23,1731,1,0,0,0,0,1,1,0,0,0
2021-03-24,1732,1,0,0,1,0,0,0,1,0,0
2021-03-25,1733,0,1,0,0,1,0,1,0,0,0
2021-03-26,1734,0,1,0,1,0,0,0,0,0,1
2021-03-27,1735,0,0,0,0,0,0,0,1,2,0
2021-03-28,1736,1,0,0,0,1,0,0,0,0,1
2021-03-29,1737,0,0,0,0,1,0,0,0,0,2
2021-03-30,1738,0,0,0,1,0,0,0,0,0,2
2021-03-31,1739,0,0,0,0,0,0,1,0,2,0
2021-04-05,1740,0,0,1,2,0,0,0,0,0,0
2021-04-06,1741,1,0,0,0,0,1,1,0,0,0
2021-04-07,1742,0,1,0,0,0,2,0,0,0,0
2021-04-08,1743,0,1,0,0,0,0,1,0,1,0
2021-04-09,1744,0,1,0,0,0,0,0,0,1,1
2021-04-10,1745,0,1,0,0,0,0,1,0,1,0
2021-04-11,1746,1,0,0,1,1,0,0,0,0,0
2021-04-12,1747,0,0,0,1,0,0,1,0,1,0
2021-04-13,1748,0,1,0,0,1,0,0,1,0,0
2021-04-14,1749,0,0,1,1,0,0,0,0,0,1
2021-04-15,1750,0,0,0,0,1,1,1,0,0,0
2021-04-16,1751,1,0,0,0,0,0,0,1,0,1
2021-04-17,1752,0,2,0,0,0,0,1,0,0,0
2021-04-18,1753,0,0,0,0,0,0,1,1,0,1
2021-04-19,1754,1,0,0,0,1,0,0,0,1,0
2021-04-20,1755,1,1,0,0,0,0,1,0,0,0
2021-04-21,1756,0,1,0,0,1,1,0,0,0,0
2021-04-22,1757,0,2,0,0,0,0,0,1,0,0
2021-04-23,1758,0,0,0,1,0,0,1,0,1,0
2021-04-24,1759,0,0,0,0,0,0,0,1,2,0
2021-04-25,1760,2,0,0,0,0,1,0,0,0,0
2021-04-26,1761,1,0,0,0,0,0,0,0,2,0
2021-04-27,1762,0,0,1,0,0,2,0,0,0,0
2021-04-28,1763,2,1,0,0,0,0,0,0,0,0
2021-04-29,1764,0,0,1,0,0,0,1,0,0,1
2021-04-30,1765,0,0,0,1,0,0,0,1,1,0
2021-05-01,1766,1,0,0,1,1,0,0,0,0,0
2021-05-02,1767,1,0,1,0,0,1,0,0,0,0
2021-05-03,1768,0,0,1,0,0,1,0,0,0,1
2021-05-04,1769,1,0,0,1,0,0,0,0,1,0
2021-05-05,1770,0,0,0,0,0,0,0,1,1,1
2021-05-06,1771,0,1,0,0,1,0,0,1,0,0
2021-05-07,1772,0,0,0,1,0,1,1,0,0,0
2021-05-08,1773,0,1,0,0,1,0,0,0,1,0
2021-05-09,1774,1,0,0,1,0,0,0,0,1,0
2021-05-10,1775,0,0,0,2,0,0,0,1,0,0
2021-05-11,1776,0,0,0,1,0,1,1,0,0,0
2021-05-12,1777,0,1,0,0,0,0,0,0,2,0
2021-05-13,1778,0,0,1,1,0,0,1,0,0,0
2021-05-14,1779,1,0,0,0,0,0,2,0,0,0
2021-05-15,1780,0,0,0,1,0,0,1,1,0,0
2021-05-16,1781,0,2,0,0,0,0,1,0,0,0
2021-05-17,1782,0,0,1,0,2,0,0,0,0,0
2021-05-18,1783,0,0,0,1,1,0,0,1,0,0
2021-05-19,1784,0,0,1,0,0,1,0,0,0,1
2021-05-20,1785,0,0,0,0,1,1,1,0,0,0
2021-05-21,1786,1,0,1,0,0,0,0,0,0,1
2021-05-22,1787,1,0,0,0,1,1,0,0,0,0
2021-05-23,1788,0,1,0,0,0,0,0,1,0,1
2021-05-24,1789,0,1,0,1,0,1,0,0,0,0
2021-05-25,1790,0,1,0,0,0,0,0,0,1,1
2021-05-26,1791,0,1,0,0,1,0,0,1,0,0
2021-05-27,1792,0,1,1,0,1,0,0,0,0,0
2021-05-28,1793,1,0,0,1,0,1,0,0,0,0
2021-05-29,1794,1,0,0,0,0,0,1,1,0,0
2021-05-30,1795,0,0,1,1,0,1,0,0,0,0
2021-05-31,1796,0,0,0,0,0,1,0,0,2,0
2021-06-01,1797,0,0,0,0,0,0,0,2,1,0
2021-06-02,1798,0,0,1,0,1,1,0,0,0,0
2021-06-03,1799,1,0,0,0,1,0,0,0,1,0
2021-06-04,1800,0,0,0,0,1,1,0,0,1,0
2021-06-05,1801,1,0,0,0,0,2,0,0,0,0
2021-06-06,1802,0,0,0,1,0,0,1,1,0,0
2021-06-07,1803,0,0,0,0,1,1,0,1,0,0
2021-06-08,1804,1,0,0,1,1,0,0,0,0,0
2021-06-09,1805,0,0,0,0,0,0,1,0,2,0
2021-06-10,1806,0,0,0,0,1,0,2,0,0,0
2021-06-11,1807,0,1,1,0,0,0,0,0,1,0
2021-06-12,1808,0,0,0,0,1,0,0,2,0,0
2021-06-13,1809,0,1,0,0,0,0,1,1,0,0
2021-06-14,1810,0,0,1,0,0,1,0,1,0,0
2021-06-15,1811,0,0,1,1,0,0,0,0,1,0
2021-06-16,1812,1,0,0,0,0,1,0,0,1,0
2021-06-17,1813,1,0,0,0,0,1,0,1,0,0
2021-06-18,1814,0,0,0,0,0,0,1,2,0,0
2021-06-19,1815,1,1,0,0,0,0,0,0,1,0
2021-06-20,1816,0,0,0,1,1,0,0,0,0,1
2021-06-21,1817,0,0,1,0,0,0,1,0,0,1
2021-06-22,1818,0,1,0,1,0,0,0,0,0,1
2021-06-23,1819,0,0,1,0,0,1,0,0,1,0
2021-06-24,1820,0,0,0,1,0,0,0,1,1,0
2021-06-25,1821,0,1,1,0,0,0,0,1,0,0
2021-06-26,1822,0,0,0,2,0,0,0,1,0,0
2021-06-27,1823,0,0,0,0,1,0,1,0,0,1
2021-06-28,1824,1,0,0,0,1,0,0,0,0,1
2021-06-29,1825,0,0,0,0,0,1,0,0,1,1
2021-06-30,1826,0,0,0,0,1,0,2,0,0,0
2021-07-01,1827,0,0,0,0,1,0,1,0,1,0
2021-07-02,1828,0,1,0,0,1,0,0,1,0,0
2021-07-03,1829,0,0,0,0,2,0,0,1,0,0
2021-07-04,1830,0,0,0,0,0,0,1,1,0,1
2021-07-05,1831,0,0,1,0,0,1,0,1,0,0
2021-07-06,1832,1,0,0,0,0,0,0,1,1,0
2021-07-07,1833,0,1,0,0,1,0,0,0,0,1
2021-07-08,1834,0,0,1,0,0,1,0,0,1,0
2021-07-09,1835,0,0,0,0,2,0,1,0,0,0
2021-07-10,1836,0,1,0,0,1,0,0,0,0,1
2021-07-11,1837,0,0,1,0,1,1,0,0,0,0
2021-07-12,1838,0,0,1,0,0,0,0,1,0,1
2021-07-13,1839,0,0,1,0,0,0,0,1,0,1
2021-07-14,1840,0,0,1,0,1,0,0,0,0,1
2021-07-15,1841,0,1,0,0,0,1,0,0,0,1
2021-07-16,1842,0,1,0,0,2,0,0,0,0,0
2021-07-17,1843,0,2,1,0,0,0,0,0,0,0
2021-07-18,1844,0,0,0,0,1,0,0,0,0,2
2021-07-19,1845,1,0,0,0,0,0,0,1,1,0
2021-07-20,1846,0,0,1,0,0,0,0,1,0,1
2021-07-21,1847,1,1,0,0,0,0,0,0,1,0
2021-07-22,1848,0,0,2,1,0,0,0,0,0,0
2021-07-23,1849,1,0,0,1,0,0,0,0,1,0
2021-07-24,1850,0,0,1,0,0,0,1,0,0,1
2021-07-25,1851,0,0,1,0,0,1,0,0,0,1
2021-07-26,1852,0,0,1,0,0,1,0,0,0,1
2021-07-27,1853,0,2,0,0,0,0,0,1,0,0
2021-07-28,1854,0,0,0,0,0,2,0,0,1,0
2021-07-29,1855,0,2,0,0,0,0,1,0,0,0
2021-07-30,1856,1,1,0,0,0,1,0,0,0,0
2021-07-31,1857,0,2,1,0,0,0,0,0,0,0
2021-08-01,1858,0,0,0,1,1,0,1,0,0,0
2021-08-02,1859,0,1,1,0,0,1,0,0,0,0
2021-08-03,1860,1,0,0,2,0,0,0,0,0,0
2021-08-04,1861,1,0,0,0,0,2,0,0,0,0
2021-08-05,1862,0,1,0,1,1,0,0,0,0,0
2021-08-06,1863,2,0,0,0,1,0,0,0,0,0
2021-08-07,1864,1,0,0,0,0,0,0,2,0,0
2021-08-08,1865,0,1,0,1,0,1,0,0,0,0
2021-08-09,1866,0,1,1,0,0,0,0,1,0,0
2021-08-10,1867,1,1,0,0,0,1,0,0,0,0
2021-08-11,1868,1,0,0,0,0,1,0,1,0,0
2021-08-12,1869,1,0,1,1,0,0,0,0,0,0
2021-08-13,1870,0,0,1,1,0,0,0,0,1,0
2021-08-14,1871,0,0,0,1,1,0,1,0,0,0
2021-08-15,1872,0,0,0,2,0,0,0,0,1,0
2021-08-16,1873,0,0,1,0,1,0,0,0,1,0
2021-08-17,1874,1,0,0,1,0,0,1,0,0,0
2021-08-18,1875,0,1,0,1,0,0,0,0,0,1
2021-08-19,1876,1,1,0,0,0,0,0,0,1,0
2021-08-20,1877,0,0,0,1,0,0,0,0,2,0
2021-08-21,1878,0,0,1,0,0,1,0,1,0,0
2021-08-22,1879,0,0,0,1,0,0,0,2,0,0
2021-08-23,1880,0,2,0,0,0,1,0,0,0,0
2021-08-24,1881,0,0,0,0,0,2,0,0,0,1
2021-08-25,1882,1,0,0,0,0,0,0,2,0,0
2021-08-26,1883,0,0,0,0,1,0,0,1,0,1
2021-08-27,1884,0,0,0,0,0,1,1,1,0,0
2021-08-28,1885,0,0,3,0,0,0,0,0,0,0
2021-08-29,1886,0,1,0,0,1,0,1,0,0,0
2021-08-30,1887,0,0,1,0,0,1,0,0,0,1
2021-08-31,1888,0,0,0,0,1,2,0,0,0,0
2021-09-01,1889,0,0,0,0,1,0,0,0,1,1
2021-09-02,1890,0,0,0,0,1,0,0,1,1,0
2021-09-03,1891,0,0,2,0,0,0,0,0,0,1
2021-09-04,1892,0,0,1,0,1,0,1,0,0,0
2021-09-05,1893,0,0,0,0,0,1,0,1,0,1
2021-09-06,1894,0,0,1,1,0,0,1,0,0,0
2021-09-07,1895,0,0,1,0,1,0,1,0,0,0
2021-09-08,1896,1,0,1,1,0,0,0,0,0,0
2021-09-09,1897,0,0,0,0,0,1,0,1,1,0
2021-09-10,1899,0,0,0,1,0,2,0,0,0,0
2021-09-11,1900,1,0,1,1,0,0,0,0,0,0
2021-09-12,1898,0,0,0,0,0,0,1,0,1,1
2021-09-13,1901,1,1,0,0,0,0,1,0,0,0
2021-09-14,1902,0,0,1,0,2,0,0,0,0,0
2021-09-15,1903,1,0,0,1,0,0,0,0,0,1
2021-09-16,1904,0,0,0,0,0,1,1,0,1,0
2021-09-17,1905,1,0,0,0,0,1,0,0,0,1
2021-09-18,1906,1,0,1,0,0,0,0,0,0,1
2021-09-19,1907,1,0,0,0,0,0,0,0,0,2
2021-09-20,1908,0,1,0,0,1,0,1,0,0,0
2021-09-21,1909,0,0,0,1,0,0,1,0,0,1
2021-09-22,1910,2,0,0,0,0,0,0,0,1,0
2021-09-23,1911,0,1,0,0,1,0,0,0,0,1
2021-09-24,1912,0,1,0,0,1,0,0,1,0,0
2021-09-25,1913,0,0,1,0,0,0,0,0,0,2
2021-09-26,1914,0,0,0,0,0,1,0,1,0,1
2021-09-27,1915,0,0,0,2,0,0,0,1,0,0
2021-09-28,1916,0,0,1,0,1,0,0,0,0,1
2021-09-29,1917,0,1,0,1,0,0,0,0,1,0
2021-09-30,1918,0,0,2,0,0,0,1,0,0,0
2021-10-01,1919,1,0,0,1,1,0,0,0,0,0
2021-10-02,1920,0,0,0,0,1,0,1,1,0,0
2021-10-03,1921,1,0,1,0,0,0,1,0,0,0
2021-10-04,1922,0,0,0,2,0,1,0,0,0,0
2021-10-05,1923,0,0,0,1,0,1,0,0,0,1
2021-10-06,1924,0,0,0,1,0,0,0,1,0,1
2021-10-07,1925,0,1,0,0,0,1,1,0,0,0
2021-10-08,1926,2,0,0,0,1,0,0,0,0,0
2021-10-09,1927,0,0,0,0,0,0,0,1,1,1
2021-10-10,1928,0,0,1,0,0,1,1,0,0,0
2021-10-11,1929,0,0,1,0,1,0,1,0,0,0
2021-10-12,1930,1,0,0,0,0,0,0,1,0,1
2021-10-13,1931,1,0,0,0,0,1,0,0,0,1
2021-10-14,1932,0,1,0,1,0,0,0,0,1,0
2021-10-15,1934,0,0,0,0,0,1,0,0,2,0
2021-10-16,1935,0,1,0,1,1,0,0,0,0,0
2021-10-17,1936,0,1,0,0,2,0,0,0,0,0
2021-10-18,1937,0,0,0,0,0,1,1,0,1,0
2021-10-19,1938,0,0,0,0,0,0,0,2,1,0
2021-10-20,1939,0,0,0,0,2,1,0,0,0,0
2021-10-21,1940,0,0,1,1,0,0,1,0,0,0
2021-10-22,1941,0,0,0,0,0,0,0,0,1,2
2021-10-23,1942,0,0,0,0,0,1,0,0,1,1
2021-10-24,1943,0,1,1,0,0,0,0,0,0,1
2021-10-25,1944,1,1,1,0,0,0,0,0,0,0
2021-10-26,1945,1,0,0,1,1,0,0,0,0,0
2021-10-27,1946,1,0,0,0,0,0,2,0,0,0
2021-10-28,1947,0,0,0,0,1,0,1,1,0,0
2021-10-29,1948,1,0,0,0,0,0,1,1,0,0
2021-10-30,1950,0,0,0,0,0,0,1,2,0,0
2021-10-31,1951,1,0,0,1,0,0,0,0,1,0
2021-11-01,1952,1,0,0,0,0,1,0,0,0,1
2021-11-02,1953,0,0,0,1,1,0,0,0,0,1
2021-11-03,1954,0,1,0,0,0,0,0,2,0,0
2021-11-04,1955,0,0,0,1,1,0,0,1,0,0
2021-11-05,1956,0,0,1,0,0,0,0,1,0,1
2021-11-06,1957,0,0,1,0,0,0,0,2,0,0
2021-11-07,1958,0,0,1,0,1,1,0,0,0,0
2021-11-08,1959,0,1,0,1,1,0,0,0,0,0
2021-11-09,1960,1,0,0,0,1,0,0,0,0,1
2021-11-10,1961,0,0,1,1,1,0,0,0,0,0
2021-11-11,1962,0,0,1,0,0,0,0,0,2,0
2021-11-12,1963,0,0,0,0,0,0,3,0,0,0
2021-11-13,1964,0,0,1,0,0,1,1,0,0,0
2021-11-14,1965,0,0,0,0,1,2,0,0,0,0
2021-11-15,1966,0,1,0,1,0,0,0,1,0,0
2021-11-16,1967,1,0,0,0,0,1,0,0,0,1
2021-11-17,1968,2,0,0,0,0,1,0,0,0,0
2021-11-18,1969,0,1,0,0,0,0,0,2,0,0
2021-11-19,1970,0,0,0,1,1,0,1,0,0,0
2021-11-20,1971,0,0,0,0,0,0,1,0,0,2
2021-11-21,1972,0,0,0,0,0,0,0,0,2,1
2021-11-22,1973,1,0,0,0,1,1,0,0,0,0
2021-11-23,1974,0,0,0,0,0,0,1,0,1,1
2021-11-24,1975,0,0,0,1,0,0,0,1,0,1
2021-11-25,1976,0,0,1,0,0,1,0,0,1,0
2021-11-26,1977,0,0,2,0,0,0,0,0,0,1
2021-11-27,1978,1,0,0,0,0,0,1,0,1,0
2021-11-28,1979,0,1,0,0,0,0,1,0,0,1
2021-11-29,1980,0,0,0,1,1,0,0,1,0,0
2021-11-30,1981,0,0,1,0,1,0,0,1,0,0
2021-12-01,1982,0,0,0,1,0,0,0,1,1,0
2021-12-02,1983,0,0,0,1,0,0,1,0,0,1
2021-12-03,1984,0,2,0,0,1,0,0,0,0,0
2021-12-04,1985,0,1,0,0,0,0,0,1,1,0
2021-12-05,1986,0,0,1,0,0,0,2,0,0,0
2021-12-06,1987,0,2,0,0,0,1,0,0,0,0
2021-12-07,1988,0,0,0,1,0,0,0,2,0,0
2021-12-08,1989,0,0,0,1,0,0,2,0,0,0
2021-12-09,1990,0,1,0,1,0,0,1,0,0,0
2021-12-10,1993,0,0,0,1,0,1,0,0,1,0
2021-12-11,1991,0,1,0,0,1,0,0,1,0,0
2021-12-12,1992,0,1,0,1,1,0,0,0,0,0
2021-12-13,1994,0,0,0,0,1,1,0,0,0,1
2021-12-14,1995,0,0,1,0,0,0,2,0,0,0
2021-12-15,1996,0,0,1,1,1,0,0,0,0,0
2021-12-16,1997,0,0,0,0,0,0,1,1,1,0
2021-12-17,1998,0,1,1,0,0,0,1,0,0,0
2021-12-18,1999,0,1,1,0,0,1,0,0,0,0
2021-12-19,2000,0,1,0,0,0,0,1,1,0,0
2021-12-20,2001,0,1,0,1,0,0,0,1,0,0
2021-12-21,2002,1,1,0,0,0,0,0,0,0,1
2021-12-22,2003,0,0,1,0,0,0,0,0,2,0
2021-12-23,2004,1,1,0,0,0,0,0,0,1,0
2021-12-24,2005,1,0,0,0,1,1,0,0,0,0
2021-12-26,2006,0,0,0,0,0,2,0,0,1,0
2021-12-27,2007,0,0,1,0,0,2,0,0,0,0
2021-12-28,2008,0,0,0,0,1,0,0,0,2,0
2021-12-29,2009,0,1,0,0,0,1,0,0,0,1
2021-12-30,2010,0,0,1,0,0,0,0,1,1,0
2021-12-31,2011,0,1,0,0,0,1,1,0,0,0
2022-01-02,2012,0,1,0,0,0,0,1,0,1,0
2022-01-03,2013,2,0,0,1,0,0,0,0,0,0
2022-01-04,2015,0,0,0,0,1,0,1,0,1,0
2022-01-05,2016,0,0,2,0,0,0,0,0,0,1
2022-01-06,2014,0,0,0,0,1,0,1,0,0,1
2022-01-07,2017,0,1,0,0,0,0,0,0,0,2
2022-01-08,2018,0,0,0,0,0,0,1,0,2,0
2022-01-09,2049,0,0,0,0,2,0,0,1,0,0
2022-01-10,2019,0,0,1,1,1,0,0,0,0,0
2022-01-11,2020,2,0,0,0,0,0,0,0,0,1
2022-01-12,2021,0,1,0,0,1,1,0,0,0,0
2022-01-13,2022,0,0,0,1,0,0,0,1,1,0
2022-01-14,2023,0,0,0,1,1,0,0,0,1,0
2022-01-15,2024,0,0,1,0,1,1,0,0,0,0
2022-01-16,2025,0,0,0,0,0,0,1,1,1,0
2022-01-17,2026,0,0,0,0,1,0,0,2,0,0
2022-01-18,2027,0,1,2,0,0,0,0,0,0,0
2022-01-19,2028,0,0,0,0,0,0,0,1,1,1
2022-01-20,2029,1,1,0,0,0,1,0,0,0,0
2022-01-21,2030,0,1,0,0,0,1,1,0,0,0
2022-01-22,2031,0,0,1,1,0,1,0,0,0,0
2022-01-23,2032,0,0,1,1,0,0,0,0,0,1
2022-01-24,2033,0,1,0,1,0,0,1,0,0,0
2022-01-25,2034,0,0,0,0,2,0,0,0,0,1
2022-01-26,2035,0,0,0,1,0,0,1,0,0,1
2022-01-27,2036,0,0,1,1,1,0,0,0,0,0
2022-01-28,2037,0,0,0,0,0,1,0,0,1,1
2022-01-29,2038,0,0,1,1,1,0,0,0,0,0
2022-01-30,2039,0,0,1,1,1,0,0,0,0,0
2022-01-31,2040,0,1,0,1,0,0,0,0,0,1
2022-02-01,2041,0,0,0,0,1,0,0,1,1,0
2022-02-02,2042,0,0,0,2,0,1,0,0,0,0
2022-02-03,2043,0,0,0,0,0,1,0,0,2,0
2022-02-04,2044,0,1,0,0,0,0,0,2,0,0
2022-02-05,2045,1,0,1,1,0,0,0,0,0,0
2022-02-06,2046,0,0,1,0,0,0,1,0,1,0
2022-02-07,2047,0,2,0,0,0,0,1,0,0,0
2022-02-08,2048,1,1,0,0,0,1,0,0,0,0
2022-02-09,2050,0,0,0,1,0,0,0,2,0,0
2022-02-10,2051,1,0,1,0,1,0,0,0,0,0
2022-02-11,2052,0,0,1,0,0,0,0,1,1,0
2022-02-12,2053,0,1,0,0,1,0,1,0,0,0
2022-02-13,2054,0,0,0,0,1,0,0,1,0,1
2022-02-14,2055,0,0,2,0,0,0,0,0,1,0
2022-02-15,2056,1,0,0,0,0,1,0,0,1,0
2022-02-16,2057,0,1,0,0,0,0,1,0,0,1
2022-02-17,2058,0,1,1,0,0,0,0,0,1,0
2022-02-18,2059,1,0,0,0,0,0,2,0,0,0
2022-02-19,2060,0,0,1,0,1,0,1,0,0,0
2022-02-20,2061,0,0,0,0,0,0,0,2,0,1
2022-02-21,2062,0,0,0,0,1,0,2,0,0,0
2022-02-22,2063,0,0,0,0,0,0,1,2,0,0
2022-02-23,2064,0,0,0,1,0,0,0,0,0,2
2022-02-24,2065,0,1,0,0,0,0,1,0,1,0
2022-02-25,2066,0,0,1,0,1,0,0,1,0,0
2022-02-26,2067,0,0,0,1,0,1,0,0,0,1
2022-02-27,2068,0,0,0,0,0,1,1,1,0,0
2022-02-28,2069,0,1,0,0,0,1,1,0,0,0
2022-03-01,2070,0,0,0,0,1,0,0,0,1,1
2022-03-02,2071,1,0,0,0,0,0,2,0,0,0
2022-03-03,2072,0,1,0,0,1,1,0,0,0,0
2022-03-04,2073,0,0,0,1,0,1,0,0,1,0
2022-03-05,2074,0,0,1,0,1,0,0,1,0,0
2022-03-06,2075,1,0,0,1,0,0,1,0,0,0
2022-03-07,2076,0,2,1,0,0,0,0,0,0,0
2022-03-08,2077,0,0,0,1,1,1,0,0,0,0
2022-03-09,2078,0,0,2,1,0,0,0,0,0,0
2022-03-10,2079,0,0,0,0,0,1,0,1,0,1
2022-03-11,2080,1,0,0,0,1,0,0,0,1,0
2022-03-12,2081,0,0,0,0,1,1,0,0,0,1
2022-03-13,2082,0,1,0,1,0,1,0,0,0,0
2022-03-14,2083,0,0,1,0,1,0,0,1,0,0
2022-03-15,2084,1,0,0,0,0,0,1,0,1,0
2022-03-16,2085,0,1,1,0,1,0,0,0,0,0
2022-03-17,2086,0,0,0,0,2,0,0,0,1,0
2022-03-18,2087,0,0,0,0,0,1,2,0,0,0
2022-03-19,2088,1,0,0,1,0,0,0,0,1,0
2022-03-20,2089,0,0,0,0,0,2,1,0,0,0
2022-03-21,2090,0,1,0,0,0,1,0,0,0,1
2022-03-22,2091,1,0,0,0,1,0,1,0,0,0
2022-03-23,2092,1,0,0,0,0,1,1,0,0,0
2022-03-24,2093,1,0,0,0,0,1,0,0,0,1
2022-03-25,2094,1,1,0,0,0,0,0,0,0,1
2022-03-26,2095,1,0,1,0,0,0,0,0,0,1
2022-03-27,2096,0,0,0,0,0,0,0,2,1,0
2022-03-28,2097,0,0,1,0,0,0,0,0,0,2
2022-03-29,2098,1,0,0,0,0,0,0,1,0,1
2022-03-30,2099,0,2,0,0,0,0,0,1,0,0
2022-03-31,2100,1,1,0,0,0,0,0,0,0,1
2022-04-01,2101,0,0,1,0,1,0,1,0,0,0
2022-04-02,2102,1,0,0,0,1,0,1,0,0,0
2022-04-03,2103,0,0,0,0,2,0,1,0,0,0
2022-04-04,2104,0,0,0,0,0,0,0,1,1,1
2022-04-05,2105,1,1,0,0,0,1,0,0,0,0
2022-04-06,2106,1,0,0,0,0,1,0,0,1,0
2022-04-07,2107,0,0,0,0,0,2,0,1,0,0
2022-04-08,2108,1,0,0,1,1,0,0,0,0,0
2022-04-09,2109,0,0,0,0,0,0,0,1,0,2
2022-04-10,2110,0,0,1,0,0,0,1,0,1,0
2022-04-11,2111,0,0,0,0,0,0,0,2,1,0
2022-04-12,2112,1,0,0,0,0,0,0,1,1,0
2022-04-13,2113,0,1,0,0,0,1,0,1,0,0
2022-04-18,2114,0,0,0,1,0,0,1,0,1,0
2022-04-19,2115,0,1,1,0,0,0,0,1,0,0
2022-04-20,2116,1,0,0,0,0,0,2,0,0,0
2022-04-21,2117,0,1,0,0,0,0,0,1,1,0
2022-04-22,2118,1,0,0,0,1,0,0,0,0,1
2022-04-23,2119,0,1,1,0,0,1,0,0,0,0
2022-04-24,2120,0,0,1,0,0,0,0,1,1,0
2022-04-25,2121,0,1,1,0,0,0,1,0,0,0
2022-04-26,2122,0,0,1,0,0,1,0,0,1,0
2022-04-27,2123,1,0,0,1,0,0,0,0,0,1
2022-04-28,2124,1,0,0,0,0,0,0,0,0,2
2022-04-29,2125,0,1,0,1,0,0,0,1,0,0
2022-04-30,2126,0,0,0,1,0,0,0,0,1,1
2022-05-01,2127,0,0,1,0,0,0,0,2,0,0
2022-05-02,2128,0,0,0,0,2,0,1,0,0,0
2022-05-03,2129,0,0,0,0,1,0,1,0,1,0
2022-05-04,2130,0,0,0,1,0,0,0,0,2,0
2022-05-05,2131,1,0,0,0,0,0,0,1,0,1
2022-05-06,2132,1,0,0,0,0,1,0,0,1,0
2022-05-07,2133,0,0,1,0,0,1,0,1,0,0
2022-05-08,2134,0,0,1,0,0,0,1,1,0,0
2022-05-09,2135,0,0,0,0,1,0,0,0,2,0
2022-05-10,2136,1,0,0,0,2,0,0,0,0,0
2022-05-11,2137,0,1,0,0,1,0,0,0,0,1
2022-05-12,2138,0,0,2,0,0,0,0,0,1,0
2022-05-13,2139,1,0,1,0,0,0,1,0,0,0
2022-05-14,2140,0,0,0,1,1,0,0,1,0,0
2022-05-15,2141,0,0,0,0,0,0,0,0,2,1
2022-05-16,2142,1,0,0,0,0,0,1,0,1,0
2022-05-17,2143,0,1,0,1,0,0,0,1,0,0
2022-05-18,2144,0,0,0,0,0,0,1,0,0,2
2022-05-19,2145,0,1,0,0,0,0,2,0,0,0
2022-05-20,2146,0,0,0,0,0,0,1,1,0,1
2022-05-21,2147,0,0,1,1,0,0,1,0,0,0
2022-05-22,2148,0,0,0,0,0,1,1,1,0,0
2022-05-23,2149,1,0,0,0,1,0,0,1,0,0
2022-05-24,2150,1,0,0,0,1,0,0,1,0,0
2022-05-25,2151,0,0,0,0,0,0,0,1,2,0
2022-05-26,2152,0,0,0,1,0,1,1,0,0,0
2022-05-27,2153,0,0,0,0,0,0,2,0,0,1
2022-05-28,2154,0,1,1,0,0,0,1,0,0,0
2022-05-29,2155,0,0,0,1,0,0,0,0,1,1
2022-05-30,2156,0,0,0,0,0,1,1,0,1,0
2022-05-31,2157,0,0,0,1,0,0,1,1,0,0
2022-06-01,2158,0,0,0,1,0,0,1,0,1,0
2022-06-02,2159,0,1,0,0,0,1,0,1,0,0
2022-06-03,2160,0,1,0,0,1,0,1,0,0,0
2022-06-04,2161,0,0,2,0,1,0,0,0,0,0
2022-06-05,2162,2,0,0,0,0,0,0,0,1,0
2022-06-06,2163,0,1,0,0,1,1,0,0,0,0
2022-06-07,2164,0,1,0,0,1,0,0,1,0,0
2022-06-08,2165,0,0,1,0,0,0,1,0,0,1
2022-06-09,2166,0,0,1,0,1,0,0,0,1,0
2022-06-10,2167,0,0,0,1,0,0,0,1,1,0
2022-06-11,2168,0,0,0,1,0,0,0,1,0,1
2022-06-12,2169,0,1,0,0,1,1,0,0,0,0
2022-06-13,2170,1,1,0,0,0,0,0,1,0,0
2022-06-14,2171,0,2,0,0,0,0,0,0,0,1
2022-06-15,2172,2,0,0,0,0,0,0,0,0,1
2022-06-16,2173,0,0,0,0,1,0,0,1,0,1
2022-06-17,2174,0,0,1,0,0,0,1,0,0,1
2022-06-18,2175,0,1,0,0,1,0,0,0,0,1
2022-06-19,2176,0,0,1,1,0,0,0,0,0,1
2022-06-20,2177,0,0,0,1,0,1,0,0,0,1
2022-06-21,2178,0,0,1,1,0,0,0,1,0,0
2022-06-22,2179,2,1,0,0,0,0,0,0,0,0
2022-06-23,2180,0,0,0,2,0,0,0,1,0,0
2022-06-24,2181,0,0,1,0,0,0,1,0,0,1
2022-06-25,2182,0,0,0,1,1,0,0,0,0,1
2022-06-26,2183,0,0,0,0,0,1,0,0,2,0
2022-06-27,2184,0,0,2,0,0,0,0,0,1,0
2022-06-28,2185,0,0,0,1,0,1,0,0,0,1
2022-06-29,2186,0,0,0,0,0,1,0,1,1,0
2022-06-30,2187,0,1,1,0,0,0,1,0,0,0
2022-07-01,2188,0,0,1,0,1,1,0,0,0,0
2022-07-02,2189,0,0,1,0,1,0,0,1,0,0
2022-07-03,2190,0,0,0,0,1,1,0,0,1,0
2022-07-04,2191,1,0,0,0,1,0,0,0,0,1
2022-07-05,2192,1,0,0,0,1,0,0,1,0,0
2022-07-06,2193,1,0,0,0,0,1,0,0,1,0
2022-07-07,2194,0,1,1,0,0,0,0,0,0,1
2022-07-08,2195,0,0,0,0,0,1,0,0,2,0
2022-07-09,2196,0,0,1,0,0,1,0,1,0,0
2022-07-10,2197,0,0,1,1,0,0,0,0,0,1
2022-07-11,2198,1,0,0,1,1,0,0,0,0,0
2022-07-12,2199,1,0,0,0,0,0,1,0,1,0
2022-07-13,2200,0,0,0,0,1,2,0,0,0,0
2022-07-14,2201,0,0,0,0,0,1,1,0,1,0
2022-07-15,2202,0,1,0,0,0,0,0,0,2,0
2022-07-16,2203,1,0,0,0,1,1,0,0,0,0
2022-07-17,2204,0,1,0,1,0,0,0,1,0,0
2022-07-18,2205,1,1,0,1,0,0,0,0,0,0
2022-07-19,2206,0,2,0,0,0,0,0,0,1,0
2022-07-20,2207,1,0,0,0,0,0,0,0,2,0
2022-07-21,2208,0,1,0,0,1,0,0,0,0,1
2022-07-22,2209,0,0,0,0,1,0,1,0,0,1
2022-07-23,2210,0,0,1,1,0,0,0,1,0,0
2022-07-24,2211,2,0,0,0,0,0,0,0,1,0
2022-07-25,2212,0,0,0,0,0,2,0,1,0,0
2022-07-26,2213,0,1,1,1,0,0,0,0,0,0
2022-07-27,2214,1,1,0,1,0,0,0,0,0,0
2022-07-28,2215,1,1,0,0,0,0,1,0,0,0
2022-07-29,2216,0,0,1,1,0,0,1,0,0,0
2022-07-30,2217,0,0,1,1,0,0,0,0,0,1
2022-07-31,2218,0,0,0,0,1,1,0,1,0,0
2022-08-01,2219,1,0,0,0,1,0,0,0,0,1
2022-08-02,2220,1,0,0,0,0,0,1,1,0,0
2022-08-03,2221,0,0,0,0,0,1,0,1,0,1
2022-08-04,2222,1,0,2,0,0,0,0,0,0,0
2022-08-05,2223,0,1,0,0,0,0,0,2,0,0
2022-08-06,2224,1,0,0,1,0,0,0,1,0,0
2022-08-07,2225,1,0,0,1,0,0,1,0,0,0
2022-08-08,2226,0,0,2,0,0,0,0,1,0,0
2022-08-09,2227,1,0,0,0,1,0,0,0,0,1
2022-08-10,2228,0,0,0,0,0,0,1,1,0,1
2022-08-11,2229,0,1,0,0,1,0,0,0,1,0
2022-08-12,2230,1,0,0,1,0,0,0,0,0,1
2022-08-13,2231,1,0,0,1,0,0,0,0,0,1
2022-08-14,2232,1,0,0,0,0,2,0,0,0,0
2022-08-15,2233,0,0,1,0,0,0,0,0,2,0
2022-08-16,2234,1,0,0,0,0,0,0,1,0,1
2022-08-17,2235,0,0,0,0,0,0,1,0,0,2
2022-08-18,2236,0,0,0,1,1,1,0,0,0,0
2022-08-19,2237,0,0,1,0,0,1,0,1,0,0
2022-08-20,2238,1,1,0,0,0,1,0,0,0,0
2022-08-21,2239,0,0,0,0,1,1,0,1,0,0
2022-08-22,2240,0,0,0,0,0,1,1,0,1,0
2022-08-23,2241,1,0,1,0,0,0,0,0,0,1
2022-08-24,2242,1,0,1,1,0,0,0,0,0,0
2022-08-25,2243,0,0,1,0,0,0,2,0,0,0
2022-08-26,2244,0,0,0,0,0,0,1,1,0,1
2022-08-27,2245,0,1,0,1,0,0,0,0,0,1
2022-08-28,2246,1,2,0,0,0,0,0,0,0,0
2022-08-29,2247,0,3,0,0,0,0,0,0,0,0
2022-08-30,2248,0,1,0,1,0,0,1,0,0,0
2022-08-31,2249,0,0,0,0,2,0,0,1,0,0
2022-09-01,2250,0,3,0,0,0,0,0,0,0,0
2022-09-02,2251,0,0,0,0,1,0,1,0,0,1
2022-09-03,2252,0,0,0,0,1,1,0,0,0,1
2022-09-04,2253,0,0,0,0,0,0,1,1,0,1
2022-09-05,2254,0,2,0,0,0,0,0,0,1,0
2022-09-06,2255,0,0,0,0,1,1,0,1,0,0
2022-09-07,2256,1,0,0,0,0,1,0,1,0,0
2022-09-08,2257,0,1,0,0,0,0,1,1,0,0
2022-09-09,2258,0,1,0,0,0,0,2,0,0,0
2022-09-10,2259,0,1,0,0,0,1,1,0,0,0
2022-09-11,2260,0,0,0,0,0,1,1,0,1,0
2022-09-12,2261,1,0,0,0,0,1,1,0,0,0
2022-09-13,2262,0,0,0,1,0,1,0,1,0,0
2022-09-14,2263,1,0,1,0,0,1,0,0,0,0
2022-09-15,2264,0,0,0,1,0,0,0,0,1,1
2022-09-16,2265,1,0,1,0,0,0,1,0,0,0
2022-09-17,2266,1,0,0,2,0,0,0,0,0,0
2022-09-18,2268,1,0,0,0,1,0,1,0,0,0
2022-09-19,2269,0,2,0,0,0,0,0,1,0,0
2022-09-20,2270,0,0,0,0,0,0,1,1,1,0
2022-09-21,2271,0,1,0,1,0,0,1,0,0,0
2022-09-22,2272,0,0,1,0,0,0,0,0,0,2
2022-09-23,2273,1,0,0,0,1,0,0,0,0,1
2022-09-24,2274,0,0,0,0,2,1,0,0,0,0
2022-09-25,2275,0,1,0,0,1,0,1,0,0,0
2022-09-26,2276,0,1,0,0,0,0,1,1,0,0
2022-09-27,2277,0,0,0,0,1,0,0,1,1,0
2022-09-28,2278,0,1,0,1,0,1,0,0,0,0
2022-09-29,2279,0,1,0,0,0,0,0,0,1,1
2022-09-30,2280,1,0,0,0,0,1,0,0,1,0
2022-10-01,2281,0,0,0,1,0,1,1,0,0,0
2022-10-02,2282,0,0,0,1,0,0,1,1,0,0
2022-10-03,2283,0,0,0,0,0,0,2,0,0,1
2022-10-04,2284,0,1,0,1,0,1,0,0,0,0
2022-10-05,2285,1,1,1,0,0,0,0,0,0,0
2022-10-06,2286,0,0,0,0,1,1,0,0,1,0
2022-10-07,2287,0,0,0,0,0,0,1,1,1,0
2022-10-08,2288,0,0,1,0,1,0,0,1,0,0
2022-10-09,2289,0,0,0,0,0,0,1,0,2,0
2022-10-10,2290,1,0,1,0,0,0,0,0,1,0
2022-10-11,2291,1,0,1,0,0,0,0,0,0,1
2022-10-12,2292,0,0,1,0,0,1,1,0,0,0
2022-10-13,2293,0,0,0,0,0,0,0,0,2,1
2022-10-14,2294,1,1,0,0,0,0,0,0,0,1
2022-10-15,2295,1,1,0,0,0,1,0,0,0,0
2022-10-16,2296,0,1,1,0,0,0,0,1,0,0
2022-10-17,2297,0,0,1,1,0,0,0,0,1,0
2022-10-18,2298,0,0,1,0,1,0,0,0,1,0
2022-10-19,2299,0,0,0,0,0,1,1,0,1,0
2022-10-20,2300,1,0,1,0,0,1,0,0,0,0
2022-10-21,2301,1,0,0,0,0,0,1,1,0,0
2022-10-22,2302,0,0,1,0,0,0,1,0,1,0
2022-10-23,2303,0,0,1,0,1,1,0,0,0,0
2022-10-24,2304,0,0,0,1,0,0,0,0,2,0
2022-10-25,2305,0,0,0,1,0,0,1,0,0,1
2022-10-26,2306,2,0,0,1,0,0,0,0,0,0
2022-10-27,2307,0,1,0,0,0,0,2,0,0,0
2022-10-28,2308,1,0,0,0,0,1,0,0,1,0
2022-10-29,2309,0,0,1,0,2,0,0,0,0,0
2022-10-30,2310,0,1,0,0,0,2,0,0,0,0
2022-10-31,2311,0,0,0,1,0,2,0,0,0,0
2022-11-01,2312,1,0,1,0,0,0,1,0,0,0
2022-11-02,2313,0,0,1,1,0,1,0,0,0,0
2022-11-03,2314,1,1,0,0,0,0,0,0,1,0
2022-11-04,2315,1,0,0,0,0,0,0,1,0,1
2022-11-05,2316,2,0,0,0,0,0,0,0,0,1
2022-11-06,2317,0,0,0,1,0,0,0,2,0,0
2022-11-07,2318,0,0,1,1,0,0,0,0,1,0
2022-11-08,2319,0,0,0,0,1,0,0,0,1,1
2022-11-09,2320,0,0,0,0,0,0,0,0,2,1
2022-11-10,2321,1,0,0,0,1,0,0,1,0,0
2022-11-11,2322,0,2,0,0,0,0,1,0,0,0
2022-11-12,2323,1,0,0,1,0,0,1,0,0,0
2022-11-13,2324,0,0,0,0,1,0,1,0,1,0
2022-11-14,2325,0,0,2,0,0,0,0,0,1,0
2022-11-15,2326,0,2,0,0,0,0,0,0,1,0
2022-11-16,2327,0,1,0,1,0,0,0,0,0,1
2022-11-17,2328,0,0,0,0,0,2,0,0,0,1
2022-11-18,2329,0,0,0,1,1,0,0,0,1,0
2022-11-19,2330,0,1,1,1,0,0,0,0,0,0
2022-11-20,2331,0,0,2,0,0,0,1,0,0,0
2022-11-21,2332,0,0,1,0,1,1,0,0,0,0
2022-11-22,2333,0,0,0,0,0,1,2,0,0,0
2022-11-23,2334,0,0,1,0,0,0,0,0,1,1
2022-11-24,2335,1,0,0,0,1,0,0,0,1,0
2022-11-25,2336,1,1,0,0,0,0,0,1,0,0
2022-11-26,2337,0,0,1,0,0,1,0,0,0,1
2022-11-27,2338,0,0,0,2,0,0,0,0,1,0
2022-11-28,2339,0,0,1,0,0,0,1,1,0,0
2022-11-29,2340,1,0,0,0,0,1,0,0,0,1
2022-11-30,2341,0,0,0,0,0,0,1,1,1,0
2022-12-01,2342,0,0,0,0,0,0,2,1,0,0
2022-12-02,2343,1,1,0,0,0,0,1,0,0,0
2022-12-03,2344,0,0,1,1,0,0,1,0,0,0
2022-12-04,2345,0,0,1,0,2,0,0,0,0,0
2022-12-05,2346,0,1,0,0,0,1,0,0,0,1
2022-12-06,2347,0,0,0,1,0,1,0,0,1,0
2022-12-07,2348,1,0,1,1,0,0,0,0,0,0
2022-12-08,2349,0,0,0,1,0,1,0,1,0,0
2022-12-09,2350,0,2,0,0,0,0,0,0,1,0
2022-12-10,2351,0,0,0,0,1,0,1,0,1,0
2022-12-11,2352,0,0,0,1,1,1,0,0,0,0
2022-12-12,2353,0,1,0,0,1,1,0,0,0,0
2022-12-13,2354,0,1,0,0,0,0,0,1,1,0
2022-12-14,2355,0,0,0,0,0,0,0,0,2,1
2022-12-15,2356,1,0,0,0,0,0,1,1,0,0
2022-12-16,2357,1,0,0,1,1,0,0,0,0,0
2022-12-17,2358,0,0,0,0,0,0,1,1,1,0
2022-12-18,2359,0,0,0,0,1,0,1,0,1,0
2022-12-19,2360,0,1,0,0,0,0,1,0,0,1
2022-12-20,2361,1,0,1,0,1,0,0,0,0,0
2022-12-21,2362,1,0,0,0,0,0,0,0,1,1
2022-12-22,2363,0,0,0,1,1,0,0,0,0,1
2022-12-23,2364,1,0,2,0,0,0,0,0,0,0
2022-12-24,2365,1,0,0,0,0,0,1,0,0,1
2022-12-26,2366,1,0,0,1,0,0,0,1,0,0
2022-12-27,2367,1,0,0,1,0,0,0,1,0,0
2022-12-28,2368,1,2,0,0,0,0,0,0,0,0
2022-12-29,2369,2,1,0,0,0,0,0,0,0,0
2022-12-30,2370,0,0,0,0,0,0,0,2,0,1
2022-12-31,2371,0,0,0,1,0,1,0,0,0,1
2023-01-02,2372,0,1,0,0,1,0,0,1,0,0
2023-01-03,2373,0,1,1,1,0,0,0,0,0,0
2023-01-04,2374,0,0,0,1,0,0,0,1,1,0
2023-01-05,2375,1,0,1,1,0,0,0,0,0,0
2023-01-06,2376,0,0,0,0,0,1,0,0,1,1
2023-01-07,2377,0,0,0,1,1,0,0,1,0,0
2023-01-08,2378,0,0,0,2,0,0,1,0,0,0
2023-01-09,2379,0,0,0,0,0,1,0,0,0,2
2023-01-10,2380,0,0,0,0,1,1,0,0,0,1
2023-01-11,2381,1,0,0,0,0,1,1,0,0,0
2023-01-12,2382,0,0,0,0,0,0,0,3,0,0
2023-01-13,2383,1,0,1,0,0,0,0,0,0,1
2023-01-14,2384,1,0,0,0,0,0,0,0,1,1
2023-01-15,2385,0,0,0,2,0,0,0,0,0,1
2023-01-16,2386,0,2,0,0,1,0,0,0,0,0
2023-01-17,2387,1,0,0,0,0,0,0,1,1,0
2023-01-18,2388,0,0,0,0,1,1,0,0,1,0
2023-01-19,2389,0,0,0,1,0,2,0,0,0,0
2023-01-20,2390,1,1,0,0,0,0,1,0,0,0
2023-01-21,2391,1,0,1,1,0,0,0,0,0,0
2023-01-22,2392,1,0,0,0,1,1,0,0,0,0
2023-01-23,2393,0,1,0,0,0,0,0,0,0,2
2023-01-24,2394,0,0,0,0,1,0,1,0,0,1
2023-01-25,2395,0,0,0,1,0,0,0,1,1,0
2023-01-26,2396,1,0,0,0,0,0,0,0,1,1
2023-01-27,2397,0,0,0,0,1,1,1,0,0,0
2023-01-28,2398,1,0,0,1,1,0,0,0,0,0
2023-01-29,2399,0,1,0,1,0,1,0,0,0,0
2023-01-30,2400,0,0,1,1,0,0,0,0,1,0
2023-01-31,2401,0,0,0,0,1,1,0,0,0,1
2023-02-01,2402,0,0,0,0,1,1,0,0,1,0
2023-02-02,2403,0,1,1,0,0,0,0,0,1,0
2023-02-03,2404,1,0,0,1,0,1,0,0,0,0
2023-02-04,2405,0,0,2,0,0,0,0,1,0,0
2023-02-05,2406,0,0,0,1,0,2,0,0,0,0
2023-02-06,2407,0,0,0,0,1,0,0,1,1,0
2023-02-07,2408,0,0,0,0,1,0,0,0,2,0
2023-02-08,2409,0,0,0,2,0,0,0,1,0,0
2023-02-09,2410,0,0,0,1,1,1,0,0,0,0
2023-02-10,2411,1,0,1,0,0,0,1,0,0,0
2023-02-11,2412,0,1,1,0,0,0,0,0,1,0
2023-02-12,2413,0,2,0,0,0,0,0,0,1,0
2023-02-13,2414,1,0,0,0,0,1,0,1,0,0
2023-02-14,2415,0,0,0,0,1,0,0,1,0,1
2023-02-15,2416,0,0,0,1,1,1,0,0,0,0
2023-02-16,2417,0,0,1,0,0,0,0,0,0,2
2023-02-17,2418,0,0,0,0,0,1,0,0,2,0
2023-02-18,2419,1,0,0,0,1,0,0,1,0,0
2023-02-19,2420,1,1,0,0,0,0,0,0,1,0
2023-02-20,2421,1,0,0,1,1,0,0,0,0,0
2023-02-21,2422,1,0,0,0,0,1,0,0,0,1
2023-02-22,2423,1,1,0,0,1,0,0,0,0,0
2023-02-23,2424,0,1,1,1,0,0,0,0,0,0
2023-02-24,2425,0,1,0,0,0,0,1,0,0,1
2023-02-25,2426,0,0,0,0,1,1,1,0,0,0
2023-02-26,2427,0,0,1,1,0,1,0,0,0,0
2023-02-27,2428,0,0,0,0,0,0,1,1,0,1
2023-02-28,2429,0,0,0,1,0,0,0,1,1,0
2023-03-01,2430,0,0,0,0,0,2,1,0,0,0
2023-03-02,2431,1,0,1,0,0,1,0,0,0,0
2023-03-03,2432,0,1,0,0,1,0,0,0,0,1
2023-03-04,2433,0,1,0,0,1,0,0,0,1,0
2023-03-05,2434,2,0,0,0,0,0,0,0,1,0
2023-03-06,2435,1,0,0,0,0,0,1,0,1,0
2023-03-07,2436,0,0,0,1,0,0,1,0,0,1
2023-03-08,2437,0,0,1,1,0,0,0,0,1,0
2023-03-09,2438,0,0,0,0,2,0,1,0,0,0
2023-03-10,2439,0,1,1,1,0,0,0,0,0,0
2023-03-11,2440,0,0,0,1,0,0,0,1,0,1
2023-03-12,2441,0,1,0,0,0,1,0,1,0,0
2023-03-13,2442,1,0,0,0,1,0,0,0,0,1
2023-03-14,2443,0,0,0,1,1,0,1,0,0,0
2023-03-15,2444,0,0,1,0,0,0,1,1,0,0
2023-03-16,2445,0,1,1,1,0,0,0,0,0,0
2023-03-17,2446,1,0,0,0,0,0,1,1,0,0
2023-03-18,2447,0,0,0,0,0,1,0,1,0,1
2023-03-19,2448,1,1,0,0,1,0,0,0,0,0
2023-03-20,2449,0,0,0,0,0,0,1,1,1,0
2023-03-21,2450,0,0,0,0,0,1,0,2,0,0
2023-03-22,2451,0,0,0,0,0,0,1,0,0,2
2023-03-23,2452,0,1,0,0,1,0,1,0,0,0
2023-03-24,2453,0,0,0,1,0,0,0,0,2,0
2023-03-25,2454,0,1,1,0,1,0,0,0,0,0
2023-03-26,2455,0,0,0,0,0,0,1,2,0,0
2023-03-27,2456,0,1,0,0,0,1,0,0,1,0
2023-03-28,2457,1,0,0,1,0,0,0,1,0,0
2023-03-29,2458,1,0,0,0,0,0,1,0,1,0
2023-03-30,2459,0,0,1,0,0,0,2,0,0,0
2023-03-31,2460,1,1,0,0,0,0,1,0,0,0
2023-04-01,2461,0,0,0,0,0,2,0,0,1,0
2023-04-02,2462,0,0,0,0,1,1,1,0,0,0
2023-04-03,2463,1,1,0,1,0,0,0,0,0,0
2023-04-04,2464,0,0,0,0,1,1,0,0,0,1
2023-04-05,2465,0,0,0,0,0,0,1,1,1,0
2023-04-10,2466,0,0,0,1,0,0,0,2,0,0
2023-04-11,2467,0,0,1,0,1,0,0,0,0,1
2023-04-12,2468,0,0,1,0,1,0,1,0,0,0
2023-04-13,2469,0,0,1,0,0,0,1,0,0,1
2023-04-14,2470,0,1,0,0,0,1,1,0,0,0
2023-04-15,2471,1,0,0,0,0,1,0,0,1,0
2023-04-16,2472,0,0,0,0,1,1,0,0,1,0
2023-04-17,2473,0,1,0,0,1,1,0,0,0,0
2023-04-18,2474,0,0,2,0,0,0,0,1,0,0
2023-04-19,2475,1,0,0,1,0,0,0,0,0,1
2023-04-20,2476,1,0,1,0,0,0,0,0,1,0
2023-04-21,2477,0,0,0,0,1,0,1,0,0,1
2023-04-22,2478,0,1,0,1,0,0,0,0,1,0
2023-04-23,2479,0,0,0,1,1,1,0,0,0,0
2023-04-24,2480,0,0,2,0,0,0,0,0,1,0
2023-04-25,2481,1,0,0,1,0,0,0,1,0,0
2023-04-26,2482,1,0,0,0,0,0,1,0,0,1
2023-04-27,2483,0,0,2,0,1,0,0,0,0,0
2023-04-28,2484,0,0,1,0,1,0,0,1,0,0
2023-04-29,2485,0,0,1,1,0,1,0,0,0,0
2023-04-30,2486,1,1,1,0,0,0,0,0,0,0
2023-05-01,2487,1,0,1,0,0,0,0,0,1,0
2023-05-02,2488,0,0,2,0,1,0,0,0,0,0
2023-05-03,2489,0,1,0,0,0,2,0,0,0,0
2023-05-04,2490,0,1,0,0,1,0,0,0,0,1
2023-05-05,2491,0,1,2,0,0,0,0,0,0,0
2023-05-06,2492,0,0,2,0,0,0,1,0,0,0
2023-05-07,2493,0,0,0,0,1,0,0,0,1,1
2023-05-08,2494,1,0,1,0,0,0,0,0,0,1
2023-05-09,2495,1,0,0,0,0,0,0,1,1,0
2023-05-10,2496,0,0,0,2,0,0,0,1,0,0
2023-05-11,2497,1,0,0,1,0,0,0,1,0,0
2023-05-12,2498,0,0,0,1,0,1,0,0,0,1
2023-05-13,2499,1,1,0,1,0,0,0,0,0,0
2023-05-14,2500,0,0,0,0,0,1,0,1,1,0
2023-05-15,2501,0,2,0,0,0,0,0,0,0,1
2023-05-16,2502,0,1,0,0,0,1,0,1,0,0
2023-05-17,2503,0,0,0,0,0,0,1,1,1,0
2023-05-18,2504,0,1,0,0,0,0,0,1,0,1
2023-05-19,2505,0,0,1,0,0,0,1,0,1,0
2023-05-20,2506,2,0,0,0,0,1,0,0,0,0
2023-05-21,2507,0,0,0,0,0,1,0,2,0,0
2023-05-22,2508,0,1,0,0,0,0,2,0,0,0
2023-05-23,2509,1,0,1,0,0,0,0,1,0,0
2023-05-24,2510,0,0,0,1,0,0,0,1,0,1
2023-05-25,2511,0,0,1,0,0,0,0,0,2,0
2023-05-26,2512,0,0,0,0,0,0,1,0,2,0
2023-05-27,2513,0,0,0,1,0,0,0,2,0,0
2023-05-28,2514,0,0,0,0,0,0,0,0,1,2
2023-05-29,2515,1,0,1,0,1,0,0,0,0,0
2023-05-30,2516,0,1,0,1,0,1,0,0,0,0
2023-05-31,2517,0,1,0,1,0,1,0,0,0,0
2023-06-01,2518,0,0,2,0,0,1,0,0,0,0
2023-06-02,2519,1,1,0,0,0,0,0,1,0,0
2023-06-03,2520,0,1,0,0,0,0,1,1,0,0
2023-06-04,2521,1,0,0,0,1,0,0,0,1,0
2023-06-05,2522,0,0,0,0,0,2,0,0,0,1
2023-06-06,2523,1,0,1,0,0,0,0,0,1,0
2023-06-07,2524,0,0,0,1,1,0,0,0,1,0
2023-06-08,2525,0,0,0,1,0,0,0,1,1,0
2023-06-09,2526,1,0,1,0,0,0,0,0,0,1
2023-06-10,2527,1,0,1,1,0,0,0,0,0,0
2023-06-11,2528,0,0,0,0,0,0,1,1,0,1
2023-06-12,2529,0,0,0,0,0,1,0,0,2,0
2023-06-13,2530,0,0,0,1,0,0,0,0,1,1
2023-06-14,2531,1,0,0,0,1,0,0,0,0,1
2023-06-15,2532,1,1,0,0,0,0,0,0,0,1
2023-06-16,2533,1,0,0,0,1,0,0,0,1,0
2023-06-17,2534,0,0,0,0,0,0,0,1,1,1
2023-06-18,2535,0,1,0,1,0,0,0,0,0,1
2023-06-19,2536,0,1,1,0,0,1,0,0,0,0
2023-06-20,2537,0,0,0,1,0,0,0,0,0,2
2023-06-21,2538,0,0,0,0,1,0,1,0,0,1
2023-06-22,2539,1,0,0,0,0,0,0,1,1,0
2023-06-23,2540,0,0,1,0,0,0,0,2,0,0
2023-06-24,2541,0,0,0,0,0,1,0,0,0,2
2023-06-25,2542,0,0,0,1,0,0,1,0,0,1
2023-06-26,2543,1,0,0,2,0,0,0,0,0,0
2023-06-27,2544,0,0,0,0,1,2,0,0,0,0
2023-06-28,2545,0,2,0,1,0,0,0,0,0,0
2023-06-29,2546,0,0,0,0,0,1,2,0,0,0
2023-06-30,2547,0,0,0,0,0,0,1,1,1,0
2023-07-01,2548,0,0,1,0,0,0,0,1,1,0
2023-07-02,2549,0,1,0,0,1,1,0,0,0,0
2023-07-03,2550,0,1,0,0,0,0,1,0,0,1
2023-07-04,2551,0,0,1,1,1,0,0,0,0,0
2023-07-05,2552,0,0,0,0,0,0,0,2,0,1
2023-07-06,2553,0,1,0,0,0,1,0,1,0,0
2023-07-07,2554,1,0,0,0,0,1,0,0,0,1
2023-07-08,2555,1,1,0,0,0,1,0,0,0,0
2023-07-09,2556,0,0,0,0,1,1,0,0,1,0
2023-07-10,2557,0,2,0,0,0,0,1,0,0,0
2023-07-11,2558,0,1,0,0,0,0,0,1,0,1
2023-07-12,2559,0,1,1,0,0,0,0,0,1,0
2023-07-13,2560,0,0,1,2,0,0,0,0,0,0
2023-07-14,2561,0,1,1,0,0,0,0,0,0,1
2023-07-15,2562,1,0,1,0,0,0,0,1,0,0
2023-07-16,2563,0,0,1,0,0,1,0,0,1,0
2023-07-17,2564,0,2,0,0,0,0,0,1,0,0
2023-07-18,2565,1,1,0,1,0,0,0,0,0,0
2023-07-19,2566,0,1,1,0,0,0,0,0,0,1
2023-07-20,2567,0,0,1,0,0,0,1,1,0,0
2023-07-21,2568,0,0,1,1,1,0,0,0,0,0
2023-07-22,2569,0,1,1,0,0,0,0,0,1,0
2023-07-23,2570,0,1,0,0,0,1,0,1,0,0
2023-07-24,2571,0,0,0,1,1,1,0,0,0,0
2023-07-25,2572,0,1,0,0,1,0,0,1,0,0
2023-07-26,2573,1,0,1,0,0,0,0,0,1,0
2023-07-27,2574,1,0,1,0,0,0,1,0,0,0
2023-07-28,2575,2,0,1,0,0,0,0,0,0,0
2023-07-29,2576,0,0,0,1,1,1,0,0,0,0
2023-07-30,2577,0,0,1,0,1,1,0,0,0,0
2023-07-31,2578,1,0,1,0,0,0,0,1,0,0
2023-08-01,2579,0,0,1,0,1,1,0,0,0,0
2023-08-02,2580,0,0,1,0,0,1,0,1,0,0
2023-08-03,2581,0,0,1,0,0,1,0,0,1,0
2023-08-04,2582,0,0,0,2,0,0,1,0,0,0
2023-08-05,2583,0,0,0,0,0,1,1,0,1,0
2023-08-06,2584,0,0,0,0,0,0,1,0,1,1
2023-08-07,2585,0,0,0,0,2,0,0,0,1,0
2023-08-08,2586,1,0,0,0,1,0,0,0,0,1
2023-08-09,2587,0,1,0,0,0,0,1,0,1,0
2023-08-10,2588,1,0,1,1,0,0,0,0,0,0
2023-08-11,2589,0,0,0,0,0,0,0,0,0,3
2023-08-12,2590,2,1,0,0,0,0,0,0,0,0
2023-08-13,2591,0,0,1,0,0,0,2,0,0,0
2023-08-14,2592,0,0,0,1,0,0,1,1,0,0
2023-08-15,2593,0,1,1,0,1,0,0,0,0,0
2023-08-16,2594,0,0,0,1,1,0,0,0,0,1
2023-08-17,2595,1,0,0,1,0,1,0,0,0,0
2023-08-18,2596,0,1,0,0,0,0,1,1,0,0
2023-08-19,2597,1,0,0,0,1,0,0,0,0,1
2023-08-20,2598,1,0,0,0,0,0,0,2,0,0
2023-08-21,2599,1,0,0,0,0,0,0,1,1,0
2023-08-22,2600,0,0,2,1,0,0,0,0,0,0
2023-08-23,2601,0,0,0,0,0,0,0,0,3,0
2023-08-24,2602,0,1,0,0,0,0,1,0,0,1
2023-08-25,2603,0,0,0,0,0,0,1,0,2,0
2023-08-26,2604,1,0,1,0,0,1,0,0,0,0
2023-08-27,2605,0,0,0,1,1,0,0,1,0,0
2023-08-28,2606,1,0,1,0,1,0,0,0,0,0
2023-08-29,2607,1,0,0,0,0,0,1,1,0,0
2023-08-30,2608,3,0,0,0,0,0,0,0,0,0
2023-08-31,2609,0,0,0,0,1,0,0,1,0,1
2023-09-01,2610,0,0,0,0,0,1,0,1,1,0
2023-09-02,2611,0,0,0,0,0,0,0,0,2,1
2023-09-03,2612,0,0,1,0,1,0,1,0,0,0
2023-09-04,2613,1,0,0,0,0,0,0,0,2,0
2023-09-05,2614,0,0,0,0,0,0,1,2,0,0
2023-09-06,2615,1,0,0,1,0,0,0,0,0,1
2023-09-07,2616,0,1,0,1,0,0,1,0,0,0
2023-09-08,2617,0,0,0,0,0,0,0,0,0,3
2023-09-09,2618,0,0,1,0,0,1,0,0,0,1
2023-09-10,2619,1,0,0,0,0,0,0,1,1,0
2023-09-11,2620,0,0,1,0,0,0,1,0,0,1
2023-09-12,2621,1,0,0,0,0,0,0,1,0,1
2023-09-13,2622,0,1,0,0,0,0,0,0,1,1
2023-09-14,2623,0,0,0,0,0,1,0,1,0,1
2023-09-15,2624,0,0,1,1,0,1,0,0,0,0
2023-09-16,2625,0,0,1,0,0,0,0,0,2,0
2023-09-17,2626,0,0,0,2,0,0,0,1,0,0
2023-09-18,2627,0,1,0,0,0,1,1,0,0,0
2023-09-19,2628,0,0,1,0,1,0,0,1,0,0
2023-09-20,2629,0,1,0,0,0,0,1,1,0,0
2023-09-21,2630,0,0,0,0,0,0,0,2,0,1
2023-09-22,2631,0,1,0,0,0,0,0,1,0,1
2023-09-23,2632,0,2,0,1,0,0,0,0,0,0
2023-09-24,2633,0,0,0,0,1,0,0,0,1,1
2023-09-25,2634,0,0,0,0,1,1,1,0,0,0
2023-09-26,2635,0,0,0,0,0,0,0,0,1,2
2023-09-27,2636,1,0,0,1,0,0,1,0,0,0
2023-09-28,2637,1,1,1,0,0,0,0,0,0,0
2023-09-29,2638,1,0,0,0,1,0,1,0,0,0
2023-09-30,2639,0,0,1,0,0,1,0,0,1,0
2023-10-01,2640,0,0,0,0,1,0,0,1,1,0
2023-10-02,2641,1,0,0,0,1,0,0,0,1,0
2023-10-03,2642,0,0,0,1,1,1,0,0,0,0
2023-10-04,2643,0,0,0,0,0,1,0,1,1,0
2023-10-05,2644,0,0,0,0,0,0,1,1,0,1
2023-10-06,2645,0,0,0,1,2,0,0,0,0,0
2023-10-07,2646,0,1,0,0,0,0,0,1,0,1
2023-10-08,2647,0,0,0,1,1,0,0,0,0,1
2023-10-09,2648,2,0,0,0,0,0,0,0,0,1
2023-10-10,2649,0,0,0,0,0,0,0,2,0,1
2023-10-11,2650,1,0,0,0,1,0,0,0,0,1
2023-10-12,2651,0,0,0,0,1,1,0,0,1,0
2023-10-13,2652,0,0,0,0,0,0,0,0,0,3
2023-10-14,2653,0,1,1,0,0,1,0,0,0,0
2023-10-15,2654,0,1,0,0,0,2,0,0,0,0
2023-10-16,2655,2,0,0,0,0,0,0,0,0,1
2023-10-17,2656,0,0,0,1,1,0,1,0,0,0
2023-10-18,2657,0,0,0,2,0,0,0,1,0,0
2023-10-19,2658,2,0,0,0,0,1,0,0,0,0
2023-10-20,2659,1,0,0,0,0,0,0,0,0,2
2023-10-21,2660,0,1,0,0,1,1,0,0,0,0
2023-10-22,2661,0,0,0,1,1,0,0,1,0,0
2023-10-23,2662,0,0,0,1,0,0,0,1,1,0
2023-10-24,2663,0,0,1,1,0,0,1,0,0,0
2023-10-25,2664,0,0,1,0,0,0,0,0,1,1
2023-10-26,2665,0,0,0,1,1,1,0,0,0,0
2023-10-27,2666,0,0,1,0,1,0,0,0,0,1
2023-10-28,2667,0,0,0,0,1,0,1,0,0,1
2023-10-29,2668,0,0,0,0,0,1,2,0,0,0
2023-10-30,2669,0,0,0,2,0,0,0,1,0,0
2023-10-31,2670,0,1,0,0,2,0,0,0,0,0
2023-11-01,2671,0,0,0,0,1,0,0,0,1,1
2023-11-02,2672,0,0,0,0,0,1,0,0,2,0
2023-11-03,2673,1,1,0,0,1,0,0,0,0,0
2023-11-04,2674,0,0,0,0,1,0,1,0,0,1
2023-11-05,2675,0,0,0,0,2,1,0,0,0,0
2023-11-06,2676,0,0,0,2,0,1,0,0,0,0
2023-11-07,2677,0,0,1,0,0,0,0,0,0,2
2023-11-08,2678,0,0,2,0,0,0,0,0,0,1
2023-11-09,2679,0,2,0,0,0,1,0,0,0,0
2023-11-10,2680,0,0,0,1,0,0,1,0,1,0
2023-11-11,2681,0,0,1,0,0,0,0,0,2,0
2023-11-12,2682,0,0,2,0,0,0,0,0,1,0
2023-11-13,2683,1,1,0,0,0,1,0,0,0,0
2023-11-14,2684,0,0,0,0,1,0,0,1,1,0
2023-11-15,2685,1,1,0,0,0,0,0,0,1,0
2023-11-16,2686,0,0,0,0,0,0,1,1,1,0
2023-11-17,2687,0,0,0,1,0,1,0,1,0,0
2023-11-18,2688,0,1,0,0,0,0,1,1,0,0
2023-11-19,2689,0,0,0,0,1,0,1,1,0,0
2023-11-20,2690,0,2,1,0,0,0,0,0,0,0
2023-11-21,2691,0,1,1,0,0,0,0,0,1,0
2023-11-22,2692,0,0,0,0,0,0,1,2,0,0
2023-11-23,2693,1,0,0,0,0,1,0,1,0,0
2023-11-24,2694,1,0,0,0,0,0,1,0,1,0
2023-11-25,2695,1,0,0,0,0,1,1,0,0,0
2023-11-26,2696,0,0,0,1,0,0,0,1,0,1
2023-11-27,2697,0,0,0,0,0,1,0,2,0,0
2023-11-28,2698,0,1,1,1,0,0,0,0,0,0
2023-11-29,2699,0,0,0,0,0,0,1,1,1,0
2023-11-30,2700,1,1,0,0,0,0,0,0,1,0
2023-12-01,2701,1,0,0,1,1,0,0,0,0,0
2023-12-02,2702,2,0,0,0,0,1,0,0,0,0
2023-12-03,2703,0,0,0,0,1,1,1,0,0,0
2023-12-04,2704,1,1,0,1,0,0,0,0,0,0
2023-12-05,2705,0,1,1,0,1,0,0,0,0,0
2023-12-06,2706,0,1,0,0,0,1,1,0,0,0
2023-12-07,2707,0,1,0,0,0,1,0,1,0,0
2023-12-08,2708,2,0,0,0,0,0,0,0,0,1
2023-12-09,2709,0,1,1,1,0,0,0,0,0,0
2023-12-10,2710,1,0,0,0,0,1,1,0,0,0
2023-12-11,2711,0,0,0,0,1,0,0,1,1,0
2023-12-12,2712,1,0,0,0,0,0,2,0,0,0
2023-12-13,2713,0,0,0,2,0,1,0,0,0,0
2023-12-14,2714,1,0,0,0,0,0,0,1,0,1
2023-12-15,2715,0,0,1,0,0,0,1,1,0,0
2023-12-16,2716,0,0,0,0,0,0,2,0,1,0
2023-12-17,2717,0,0,0,0,0,0,0,1,0,2
2023-12-18,2718,1,0,0,0,0,1,0,1,0,0
2023-12-19,2719,0,0,1,1,1,0,0,0,0,0
2023-12-20,2720,0,0,1,0,2,0,0,0,0,0
2023-12-21,2721,0,0,0,0,0,0,1,1,0,1
2023-12-22,2722,0,1,0,0,0,0,1,0,1,0
2023-12-23,2723,0,0,0,1,1,0,0,0,0,1
2023-12-24,2724,0,1,0,1,0,0,0,0,0,1
2023-12-26,2725,0,0,0,0,0,0,1,1,0,1
2023-12-27,2726,2,0,0,0,1,0,0,0,0,0
2023-12-28,2727,1,0,0,1,1,0,0,0,0,0
2023-12-29,2728,0,0,1,0,0,0,0,0,1,1
2023-12-30,2729,1,0,0,0,1,0,0,1,0,0
2023-12-31,2730,0,1,0,0,0,1,1,0,0,0
2024-01-02,2731,0,0,0,0,1,1,0,1,0,0
2024-01-03,2732,2,0,0,1,0,0,0,0,0,0
2024-01-04,2733,0,1,0,1,1,0,0,0,0,0
2024-01-05,2734,0,1,1,1,0,0,0,0,0,0
2024-01-06,2735,0,0,0,0,0,0,0,1,0,2
2024-01-07,2736,0,1,0,0,0,1,0,0,0,1
2024-01-08,2737,0,0,0,1,0,2,0,0,0,0
2024-01-09,2738,0,1,0,0,1,1,0,0,0,0
2024-01-10,2739,1,1,0,0,0,0,0,0,1,0
2024-01-11,2740,0,1,0,0,0,0,0,0,0,2
2024-01-12,2741,0,1,1,0,1,0,0,0,0,0
2024-01-13,2742,1,0,1,0,1,0,0,0,0,0
2024-01-14,2743,1,1,0,1,0,0,0,0,0,0
2024-01-15,2744,0,1,0,1,0,0,0,0,1,0
2024-01-16,2745,0,0,0,0,1,1,0,0,1,0
2024-01-17,2746,0,1,1,0,0,0,0,0,0,1
2024-01-18,2747,0,1,0,0,0,1,0,0,0,1
2024-01-19,2748,0,0,0,0,2,0,0,1,0,0
2024-01-20,2749,0,0,0,1,1,0,0,1,0,0
2024-01-21,2750,0,1,0,1,0,0,0,1,0,0
2024-01-22,2751,0,0,0,0,0,2,1,0,0,0
2024-01-23,2752,0,1,0,0,2,0,0,0,0,0
2024-01-24,2753,1,0,1,0,0,1,0,0,0,0
2024-01-25,2754,1,0,0,0,0,0,1,1,0,0
2024-01-26,2755,1,0,1,0,1,0,0,0,0,0
2024-01-27,2756,0,0,1,0,0,1,0,1,0,0
2024-01-28,2757,0,0,0,0,1,1,0,0,1,0
2024-01-29,2758,0,0,2,0,1,0,0,0,0,0
2024-01-30,2759,0,1,0,0,0,0,1,1,0,0
2024-01-31,2760,1,0,1,0,0,0,0,0,1,0
2024-02-01,2761,0,0,0,0,1,0,0,1,1,0
2024-02-02,2762,0,0,0,0,1,0,0,0,1,1
2024-02-03,2763,1,1,0,1,0,0,0,0,0,0
2024-02-04,2764,1,0,0,0,1,0,0,0,1,0
2024-02-05,2765,0,0,1,0,0,1,0,1,0,0
2024-02-06,2766,0,0,0,0,0,1,1,1,0,0
2024-02-07,2767,0,0,0,1,0,1,0,1,0,0
2024-02-08,2768,1,0,1,0,0,0,1,0,0,0
2024-02-09,2769,1,0,0,0,0,1,0,0,1,0
2024-02-10,2770,0,0,0,1,1,0,0,0,0,1
2024-02-11,2771,0,0,0,1,0,0,0,1,0,1
2024-02-12,2772,0,1,0,0,1,1,0,0,0,0
2024-02-13,2773,0,1,1,0,0,0,0,0,0,1
2024-02-14,2774,1,0,1,1,0,0,0,0,0,0
2024-02-15,2775,0,1,1,0,0,0,0,0,0,1
2024-02-16,2776,1,0,0,0,0,0,0,1,1,0
2024-02-17,2777,0,1,0,0,0,0,0,1,1,0
2024-02-18,2778,0,0,1,0,1,1,0,0,0,0
2024-02-19,2779,0,0,1,0,0,1,1,0,0,0
2024-02-20,2780,0,1,0,0,0,2,0,0,0,0
2024-02-21,2781,0,0,0,0,1,0,0,0,0,2
2024-02-22,2782,0,0,0,1,0,0,0,1,0,1
2024-02-23,2783,0,0,0,1,0,1,0,1,0,0
2024-02-24,2784,0,0,0,2,1,0,0,0,0,0
2024-02-25,2785,1,0,0,0,0,0,1,0,0,1
2024-02-26,2786,0,0,0,0,1,0,0,0,1,1
2024-02-27,2787,1,0,0,1,0,0,1,0,0,0
2024-02-28,2788,0,0,0,0,0,1,1,0,1,0
2024-02-29,2789,0,0,0,0,1,0,0,1,1,0
2024-03-01,2790,1,0,0,0,0,0,0,1,1,0
2024-03-02,2791,0,0,0,0,0,1,0,0,2,0
2024-03-03,2792,0,0,0,0,0,0,1,0,1,1
2024-03-04,2793,1,0,0,0,1,1,0,0,0,0
2024-03-05,2794,0,1,0,0,0,0,1,1,0,0
2024-03-06,2795,0,2,0,0,1,0,0,0,0,0
2024-03-07,2796,0,0,0,1,0,1,1,0,0,0
2024-03-08,2797,2,0,0,1,0,0,0,0,0,0
2024-03-09,2798,0,0,0,0,1,1,1,0,0,0
2024-03-10,2799,0,1,2,0,0,0,0,0,0,0
2024-03-11,2800,0,0,1,0,0,0,0,0,2,0
2024-03-12,2801,0,0,1,0,0,0,0,0,1,1
2024-03-13,2802,1,0,0,0,0,0,0,0,0,2
2024-03-14,2803,0,0,2,0,1,0,0,0,0,0
2024-03-15,2804,0,0,1,0,0,1,0,0,0,1
2024-03-16,2805,0,0,0,1,1,0,0,0,0,1
2024-03-17,2806,1,0,1,0,1,0,0,0,0,0
2024-03-18,2807,0,0,0,1,0,0,0,1,0,1
2024-03-19,2808,0,1,1,0,0,0,0,1,0,0
2024-03-20,2809,0,0,1,0,1,0,0,1,0,0
2024-03-21,2810,1,0,0,0,0,1,0,1,0,0
2024-03-22,2811,0,0,0,0,0,0,1,1,0,1
2024-03-23,2812,0,1,0,0,0,0,1,0,1,0
2024-03-24,2813,1,0,0,0,1,0,0,1,0,0
2024-03-25,2814,0,0,1,0,0,0,0,1,1,0
2024-03-26,2815,1,0,0,0,0,2,0,0,0,0
2024-03-27,2816,1,0,1,1,0,0,0,0,0,0
2024-04-01,2817,0,1,0,1,0,0,0,0,1,0
2024-04-02,2818,0,0,1,0,1,1,0,0,0,0
2024-04-03,2819,0,0,0,0,2,1,0,0,0,0
2024-04-04,2820,1,1,0,0,0,0,0,0,1,0
2024-04-05,2821,1,0,0,0,1,0,1,0,0,0
2024-04-06,2822,0,1,0,1,1,0,0,0,0,0
2024-04-07,2823,0,1,0,1,1,0,0,0,0,0
2024-04-08,2824,0,0,0,0,0,1,1,1,0,0
2024-04-09,2825,0,0,1,0,0,0,1,0,0,1
2024-04-10,2826,0,0,1,0,0,1,0,0,0,1
2024-04-11,2827,0,1,1,0,1,0,0,0,0,0
2024-04-12,2828,0,0,0,0,0,1,1,1,0,0
2024-04-13,2829,0,1,0,0,1,0,0,0,1,0
2024-04-14,2830,1,0,0,0,1,0,0,0,0,1
2024-04-15,2831,1,0,0,1,1,0,0,0,0,0
2024-04-16,2832,1,0,0,0,2,0,0,0,0,0
2024-04-17,2833,1,0,1,0,0,1,0,0,0,0
2024-04-18,2834,0,0,1,0,0,1,0,0,1,0
2024-04-19,2835,0,2,0,0,0,1,0,0,0,0
2024-04-20,2836,1,0,1,0,0,0,0,1,0,0
2024-04-21,2837,0,1,0,0,0,0,2,0,0,0
2024-04-22,2838,0,0,2,0,1,0,0,0,0,0
2024-04-23,2839,0,0,0,0,2,0,0,0,1,0
2024-04-24,2840,0,0,0,0,1,0,0,1,0,1
2024-04-25,2841,0,1,0,0,0,1,0,0,1,0
2024-04-26,2842,0,0,0,1,0,0,0,0,0,2
2024-04-27,2843,1,0,0,0,0,0,1,1,0,0
2024-04-28,2844,0,0,0,0,0,1,0,1,1,0
2024-04-29,2845,0,2,0,0,0,0,0,1,0,0
2024-04-30,2846,0,0,1,2,0,0,0,0,0,0
2024-05-01,2847,1,0,0,0,0,1,0,1,0,0
2024-05-02,2848,0,0,1,0,1,0,0,0,1,0
2024-05-03,2849,1,0,0,0,0,0,2,0,0,0
2024-05-04,2850,0,1,0,0,0,0,1,1,0,0
2024-05-05,2851,1,0,0,0,1,1,0,0,0,0
2024-05-06,2852,1,1,0,1,0,0,0,0,0,0
2024-05-07,2853,0,0,1,0,1,1,0,0,0,0
2024-05-08,2854,0,0,0,1,0,0,0,1,1,0
2024-05-09,2855,0,1,0,0,1,0,0,1,0,0
2024-05-10,2856,1,0,0,1,0,0,0,0,1,0
2024-05-11,2857,0,0,1,0,0,0,0,1,0,1
2024-05-12,2858,1,0,0,1,0,0,0,1,0,0
2024-05-13,2859,0,0,0,0,1,1,1,0,0,0
2024-05-14,2860,0,1,1,0,0,0,0,0,0,1
2024-05-15,2861,0,3,0,0,0,0,0,0,0,0
2024-05-16,2862,0,0,0,1,0,0,1,0,0,1
2024-05-17,2863,0,0,0,0,1,1,1,0,0,0
2024-05-18,2864,1,0,1,0,0,1,0,0,0,0
2024-05-19,2865,0,0,1,1,0,0,0,1,0,0
2024-05-20,2866,0,1,1,0,1,0,0,0,0,0
2024-05-21,2867,0,1,0,0,0,0,0,0,1,1
2024-05-22,2868,0,2,0,0,0,0,0,1,0,0
2024-05-23,2869,1,0,1,0,0,0,0,0,0,1
2024-05-24,2870,0,1,0,0,1,0,1,0,0,0
2024-05-25,2871,0,1,1,0,0,0,0,1,0,0
2024-05-26,2872,0,0,0,1,0,1,0,1,0,0
2024-05-27,2873,0,0,0,1,0,2,0,0,0,0
2024-05-28,2874,0,0,0,0,0,2,0,0,0,1
2024-05-29,2875,0,0,0,1,0,0,0,1,0,1
2024-05-30,2876,0,0,1,0,2,0,0,0,0,0
2024-05-31,2877,0,0,0,0,0,0,3,0,0,0
2024-06-01,2878,0,0,1,0,1,0,0,0,1,0
2024-06-02,2879,0,0,0,0,0,1,0,1,1,0
2024-06-03,2880,0,0,1,0,0,1,0,1,0,0
2024-06-04,2881,0,0,0,1,0,0,0,0,2,0
2024-06-05,2882,0,0,0,0,0,0,0,2,1,0
2024-06-06,2883,1,0,0,0,0,0,1,1,0,0
2024-06-07,2884,0,0,1,0,1,0,0,1,0,0
2024-06-08,2885,1,0,0,0,0,0,0,1,0,1
2024-06-09,2886,1,1,0,0,0,0,0,0,1,0
2024-06-10,2887,0,1,0,1,0,0,0,0,0,1
2024-06-11,2888,1,0,0,0,1,1,0,0,0,0
2024-06-12,2889,0,0,1,2,0,0,0,0,0,0
2024-06-13,2890,1,1,0,0,0,0,0,1,0,0
2024-06-14,2891,0,0,0,0,2,0,0,0,0,1
2024-06-15,2892,0,0,1,1,0,0,0,0,0,1
2024-06-16,2893,1,0,1,0,0,1,0,0,0,0
2024-06-17,2894,1,0,0,0,1,0,0,1,0,0
2024-06-18,2895,0,1,0,0,0,0,0,0,1,1
2024-06-19,2896,0,0,0,0,0,0,1,1,1,0
2024-06-20,2897,0,1,0,0,1,0,0,1,0,0
2024-06-21,2898,1,0,1,0,0,0,0,1,0,0
2024-06-22,2899,0,0,0,0,1,0,1,1,0,0
2024-06-23,2900,1,0,1,0,0,0,0,1,0,0
2024-06-24,2901,0,0,0,1,0,0,0,1,0,1
2024-06-25,2902,0,0,0,0,0,1,0,0,1,1
2024-06-26,2903,0,0,1,0,0,0,2,0,0,0
2024-06-27,2904,1,0,0,0,1,0,0,1,0,0
2024-06-28,2905,1,0,2,0,0,0,0,0,0,0
2024-06-29,2906,0,0,1,0,0,0,0,1,1,0
2024-06-30,2907,0,1,0,1,0,0,1,0,0,0
2024-07-01,2908,0,0,0,0,1,0,1,0,0,1
2024-07-02,2909,0,1,0,0,0,0,0,2,0,0
2024-07-03,2910,0,0,0,2,0,1,0,0,0,0
2024-07-04,2911,1,0,0,0,0,0,0,0,2,0
2024-07-05,2912,0,0,1,0,0,1,0,0,0,1
2024-07-06,2913,0,0,0,1,1,0,0,1,0,0
2024-07-07,2914,0,0,1,1,0,0,1,0,0,0
2024-07-08,2915,1,0,0,1,0,0,0,0,1,0
2024-07-09,2916,0,0,0,1,0,0,0,0,1,1
2024-07-10,2917,0,1,0,0,0,0,2,0,0,0
2024-07-11,2918,0,0,1,0,1,0,0,0,0,1
2024-07-12,2919,0,0,0,0,0,1,0,1,1,0
2024-07-13,2920,1,0,0,0,1,0,0,0,0,1
2024-07-14,2921,0,0,0,1,0,0,1,1,0,0
2024-07-15,2922,0,0,0,0,2,0,0,1,0,0
2024-07-16,2923,1,0,0,0,0,1,0,0,1,0
2024-07-17,2924,1,0,0,0,2,0,0,0,0,0
2024-07-18,2925,1,0,0,0,0,1,1,0,0,0
2024-07-19,2926,1,0,0,0,0,0,0,1,0,1
2024-07-20,2927,0,0,0,0,1,0,1,0,0,1
2024-07-21,2928,0,0,1,1,0,0,0,1,0,0
2024-07-22,2929,0,1,0,1,0,1,0,0,0,0
2024-07-23,2930,1,0,0,0,0,0,1,0,0,1
2024-07-24,2931,0,0,0,0,0,0,1,1,0,1
2024-07-25,2932,2,0,0,0,1,0,0,0,0,0
2024-07-26,2933,0,0,0,0,0,0,1,0,1,1
2024-07-27,2934,0,0,0,0,0,1,0,0,1,1
2024-07-28,2935,1,1,1,0,0,0,0,0,0,0
2024-07-29,2936,0,1,0,0,0,1,0,1,0,0
2024-07-30,2937,0,1,0,1,1,0,0,0,0,0
2024-07-31,2938,0,0,2,0,1,0,0,0,0,0
2024-08-01,2939,1,0,0,1,0,0,0,0,0,1
2024-08-02,2940,0,0,1,0,0,0,0,1,0,1
2024-08-03,2941,0,0,1,0,1,0,0,0,0,1
2024-08-04,2942,0,1,0,0,0,0,0,0,2,0
2024-08-05,2943,0,0,1,0,0,0,0,1,1,0
2024-08-06,2944,0,0,0,1,0,1,0,1,0,0
2024-08-07,2945,0,0,0,1,1,1,0,0,0,0
2024-08-08,2946,0,0,0,0,0,2,1,0,0,0
2024-08-09,2947,1,0,0,0,0,1,0,0,0,1
2024-08-10,2948,1,0,0,1,0,0,0,0,0,1
2024-08-11,2949,0,1,0,1,0,0,0,0,1,0
2024-08-12,2950,0,0,0,0,1,0,0,0,2,0
2024-08-13,2951,0,0,1,1,0,1,0,0,0,0
2024-08-14,2952,0,0,2,0,0,0,0,0,0,1
2024-08-15,2953,0,0,0,1,0,0,0,0,2,0
2024-08-16,2954,0,1,0,2,0,0,0,0,0,0
2024-08-17,2955,1,1,1,0,0,0,0,0,0,0
2024-08-18,2956,1,0,1,0,0,0,0,0,1,0
2024-08-19,2957,1,0,0,0,1,0,0,0,1,0
2024-08-20,2958,0,0,0,0,0,0,0,0,1,2
2024-08-21,2959,0,0,0,1,0,0,0,1,0,1
2024-08-22,2960,1,0,1,0,0,0,0,1,0,0
2024-08-23,2961,0,1,1,1,0,0,0,0,0,0
2024-08-24,2962,0,0,0,0,0,1,0,1,0,1
2024-08-25,2963,0,0,0,0,1,0,0,1,0,1
2024-08-26,2964,0,0,1,0,1,0,0,1,0,0
2024-08-27,2965,0,0,0,1,0,1,0,1,0,0
2024-08-28,2966,1,1,0,0,0,0,0,0,0,1
2024-08-29,2967,0,0,0,0,0,1,0,2,0,0
2024-08-30,2968,0,1,1,0,0,0,1,0,0,0
2024-08-31,2969,0,0,0,0,0,0,1,0,1,1
2024-09-01,2970,0,0,0,0,0,1,0,1,1,0
2024-09-02,2971,0,1,0,0,0,0,1,1,0,0
2024-09-03,2972,0,2,0,0,0,0,0,0,0,1
2024-09-04,2973,1,1,0,0,0,0,0,1,0,0
2024-09-05,2974,0,1,0,0,0,1,0,1,0,0
2024-09-06,2975,0,2,0,0,0,0,0,0,0,1
2024-09-07,2976,0,0,0,0,0,2,1,0,0,0
2024-09-08,2977,0,0,0,0,1,2,0,0,0,0
2024-09-09,2978,0,0,0,2,0,0,0,0,0,1
2024-09-10,2979,0,0,0,0,1,0,0,0,0,2
2024-09-11,2980,0,0,1,0,0,0,1,0,0,1
2024-09-12,2981,1,1,0,0,1,0,0,0,0,0
2024-09-13,2982,0,0,1,1,0,0,1,0,0,0
2024-09-14,2983,0,0,1,1,0,0,0,1,0,0
2024-09-15,2984,0,2,0,0,0,0,0,0,1,0
2024-09-16,2985,0,0,1,0,2,0,0,0,0,0
2024-09-17,2986,2,0,0,0,1,0,0,0,0,0
2024-09-18,2987,1,0,0,0,1,0,1,0,0,0
2024-09-19,2988,0,1,1,1,0,0,0,0,0,0
2024-09-20,2989,0,0,1,0,0,1,0,1,0,0
2024-09-21,2990,0,0,1,0,1,0,0,0,0,1
2024-09-22,2991,0,0,0,1,0,1,0,1,0,0
2024-09-23,2992,0,1,0,0,0,1,1,0,0,0
2024-09-24,2993,0,0,0,1,1,0,0,1,0,0
2024-09-25,2994,0,0,2,1,0,0,0,0,0,0
2024-09-26,2995,0,0,2,0,0,0,0,0,0,1
2024-09-27,2996,1,0,0,1,0,0,0,1,0,0
2024-09-28,2997,1,0,1,0,1,0,0,0,0,0
2024-09-29,2998,0,1,0,0,0,1,0,1,0,0
2024-09-30,2999,1,1,0,1,0,0,0,0,0,0
2024-10-01,3000,1,0,1,0,0,0,0,0,1,0
2024-10-02,3001,0,0,1,0,0,0,2,0,0,0
2024-10-03,3002,1,0,0,1,0,0,0,0,1,0
2024-10-04,3003,0,0,1,1,0,0,0,0,1,0
2024-10-05,3004,0,0,1,1,0,0,0,0,1,0
2024-10-06,3005,0,1,1,0,0,1,0,0,0,0
2024-10-07,3006,0,0,1,0,0,0,1,1,0,0
2024-10-08,3007,0,0,0,0,0,0,3,0,0,0
2024-10-09,3008,0,0,0,1,1,0,0,1,0,0
2024-10-10,3009,1,1,0,1,0,0,0,0,0,0
2024-10-11,3010,0,0,0,2,0,1,0,0,0,0
2024-10-12,3011,0,1,0,0,0,0,1,1,0,0
2024-10-13,3012,0,0,0,1,2,0,0,0,0,0
2024-10-14,3013,0,1,0,0,0,1,0,0,0,1
2024-10-15,3014,1,1,0,0,0,0,0,1,0,0
2024-10-16,3015,0,0,0,1,0,0,0,1,0,1
2024-10-17,3016,1,0,1,1,0,0,0,0,0,0
2024-10-18,3017,0,1,1,0,0,0,0,0,1,0
2024-10-19,3018,1,0,0,1,0,0,0,0,0,1
2024-10-20,3019,0,0,0,1,1,0,0,0,0,1
2024-10-21,3020,0,0,0,1,0,1,1,0,0,0
2024-10-22,3021,0,0,2,0,0,0,0,0,0,1
2024-10-23,3022,1,0,0,0,1,0,0,0,1,0
2024-10-24,3023,0,0,0,0,1,0,0,1,1,0
2024-10-25,3024,0,0,1,1,0,0,1,0,0,0
2024-10-26,3025,0,0,0,0,2,0,0,1,0,0
2024-10-27,3026,1,0,0,0,1,0,0,1,0,0
2024-10-28,3027,0,0,0,0,1,1,0,0,0,1
2024-10-29,3028,0,0,0,0,0,0,2,0,1,0
2024-10-30,3029,1,0,0,1,0,0,0,0,1,0
2024-10-31,3030,0,0,0,0,1,0,0,1,0,1
2024-11-01,3031,0,0,0,0,0,0,1,1,1,0
2024-11-02,3032,0,1,1,0,0,0,0,0,0,1
2024-11-03,3033,1,0,0,1,0,0,0,0,0,1
2024-11-04,3034,0,1,0,0,0,1,1,0,0,0
2024-11-05,3035,0,1,1,0,0,0,0,1,0,0
2024-11-06,3036,0,0,1,0,0,0,2,0,0,0
2024-11-07,3037,1,0,0,0,1,0,0,0,0,1
2024-11-08,3038,0,0,0,0,1,0,0,0,1,1
2024-11-09,3039,0,0,1,0,0,1,1,0,0,0
2024-11-10,3040,0,0,1,0,0,0,2,0,0,0
2024-11-11,3041,0,0,0,1,1,0,1,0,0,0
2024-11-12,3042,1,0,1,1,0,0,0,0,0,0
2024-11-13,3043,0,1,0,1,0,0,0,1,0,0
2024-11-14,3044,0,0,0,1,0,0,1,0,0,1
2024-11-15,3045,0,0,0,2,0,0,0,0,0,1
2024-11-16,3046,0,0,1,0,0,1,0,0,0,1
2024-11-17,3047,0,0,0,1,1,0,0,0,0,1
2024-11-18,3048,0,0,1,0,0,0,1,0,1,0
2024-11-19,3049,1,0,0,0,0,2,0,0,0,0
2024-11-20,3050,1,0,0,1,1,0,0,0,0,0
2024-11-21,3051,0,1,0,0,0,0,0,1,1,0
2024-11-22,3052,0,1,1,0,0,0,1,0,0,0
2024-11-23,3053,1,0,1,0,0,0,0,0,1,0
2024-11-24,3054,0,1,0,0,0,0,1,0,0,1
2024-11-25,3055,0,0,0,1,2,0,0,0,0,0
2024-11-26,3056,0,1,0,0,0,0,0,1,0,1
2024-11-27,3057,0,0,0,0,1,0,0,1,1,0
2024-11-28,3058,0,0,0,1,0,1,0,0,1,0
2024-11-29,3059,0,0,0,0,1,0,1,1,0,0
2024-11-30,3060,0,0,0,0,1,0,1,0,1,0
2024-12-01,3061,0,1,0,0,0,0,2,0,0,0
2024-12-02,3062,0,1,1,0,0,0,0,1,0,0
2024-12-03,3063,1,0,0,0,1,0,0,1,0,0
2024-12-04,3064,0,0,0,0,0,1,1,0,0,1
2024-12-05,3065,0,0,0,0,1,1,0,1,0,0
2024-12-06,3066,2,0,0,0,0,1,0,0,0,0
2024-12-07,3067,0,1,0,0,0,0,0,1,0,1
2024-12-08,3068,0,0,0,1,1,0,1,0,0,0
2024-12-09,3069,0,1,0,1,0,0,0,0,0,1
2024-12-10,3070,0,0,0,0,0,0,0,0,1,2
2024-12-11,3071,0,0,1,0,1,1,0,0,0,0
2024-12-12,3072,1,0,0,1,0,1,0,0,0,0
2024-12-13,3073,1,0,1,1,0,0,0,0,0,0
2024-12-14,3074,1,0,0,0,0,0,0,0,1,1
2024-12-15,3075,0,0,0,0,1,0,0,0,2,0
2024-12-16,3076,0,0,0,1,0,0,0,0,1,1
2024-12-17,3077,0,0,0,1,0,0,0,2,0,0
2024-12-18,3078,0,1,1,0,1,0,0,0,0,0
2024-12-19,3079,0,0,1,2,0,0,0,0,0,0
2024-12-20,3080,0,1,0,0,0,1,1,0,0,0
2024-12-21,3081,0,0,0,0,1,0,2,0,0,0
2024-12-22,3082,1,0,1,0,0,0,0,1,0,0
2024-12-23,3083,0,0,0,2,1,0,0,0,0,0
2024-12-24,3084,1,0,0,0,0,1,0,0,1,0
2024-12-25,3085,0,0,0,0,0,1,2,0,0,0
2024-12-26,3086,0,0,1,0,1,0,0,0,1,0
2024-12-27,3087,0,0,0,1,1,0,1,0,0,0
2024-12-28,3088,1,0,1,0,1,0,0,0,0,0
2024-12-29,3089,0,0,0,0,1,0,0,1,1,0
2024-12-30,3090,2,0,0,0,1,0,0,0,0,0
2024-12-31,3091,0,0,0,0,0,1,0,1,1,0
2025-01-01,3092,0,0,0,0,1,1,1,0,0,0
2025-01-02,3093,0,0,2,0,0,0,0,0,0,1
2025-01-03,3094,0,0,0,1,0,1,0,0,0,1
2025-01-04,3095,0,1,0,0,0,2,0,0,0,0
2025-01-05,3096,1,0,1,0,0,0,0,0,1,0
2025-01-06,3097,0,1,0,0,0,0,1,0,1,0
2025-01-07,3098,0,1,0,0,0,1,0,0,0,1
2025-01-08,3099,1,1,0,0,1,0,0,0,0,0
2025-01-09,3100,0,1,0,0,0,0,0,1,0,1
2025-01-10,3101,1,0,1,0,0,0,1,0,0,0
2025-01-11,3102,0,0,0,0,1,0,0,1,0,1
2025-01-12,3103,0,0,1,0,1,1,0,0,0,0
2025-01-13,3104,0,1,0,0,1,0,0,0,1,0
2025-01-14,3105,0,0,0,1,0,0,2,0,0,0
2025-01-15,3106,0,0,0,0,0,1,0,0,0,2
2025-01-16,3107,1,1,0,0,0,0,0,1,0,0
2025-01-17,3108,0,0,1,0,0,0,1,1,0,0
2025-01-18,3109,0,0,0,1,0,0,0,1,0,1
2025-01-19,3110,1,0,0,0,0,1,0,0,0,1
2025-01-20,3111,0,1,2,0,0,0,0,0,0,0
2025-01-21,3112,0,1,0,0,1,0,0,1,0,0
2025-01-22,3113,0,0,0,0,1,1,1,0,0,0
2025-01-23,3114,1,0,0,1,0,0,0,1,0,0
2025-01-24,3115,0,0,1,0,1,0,0,0,1,0
2025-01-25,3116,1,0,1,1,0,0,0,0,0,0
2025-01-26,3117,0,0,0,0,1,1,1,0,0,0
2025-01-27,3118,0,0,0,0,0,0,1,0,1,1
2025-01-28,3119,0,0,1,0,1,0,1,0,0,0
2025-01-29,3120,0,0,0,0,0,1,0,0,1,1
2025-01-30,3121,0,0,0,0,1,1,0,0,1,0
2025-01-31,3122,0,1,1,0,1,0,0,0,0,0
2025-02-01,3123,0,0,2,1,0,0,0,0,0,0
2025-02-02,3124,0,0,0,0,0,0,0,0,2,1
2025-02-03,3125,0,1,0,0,0,1,0,1,0,0
2025-02-04,3126,0,1,0,0,1,0,0,0,1,0
2025-02-05,3127,0,0,0,0,0,0,0,2,0,1
2025-02-06,3128,0,0,0,3,0,0,0,0,0,0
2025-02-07,3129,1,0,0,0,0,0,0,2,0,0
2025-02-08,3130,0,0,1,0,0,1,1,0,0,0
2025-02-09,3131,0,1,0,0,0,0,2,0,0,0
2025-02-10,3132,1,0,1,0,0,0,0,1,0,0
2025-02-11,3133,0,0,0,0,1,1,0,0,0,1
2025-02-12,3134,0,0,1,0,0,1,0,0,1,0
2025-02-13,3135,0,1,0,1,0,0,0,0,1,0
2025-02-14,3136,0,0,0,0,0,1,0,1,1,0
2025-02-15,3137,0,1,0,1,0,0,0,0,0,1
2025-02-16,3138,1,1,0,0,0,0,0,0,1,0
2025-02-17,3139,0,0,0,0,0,3,0,0,0,0
2025-02-18,3140,0,0,1,0,0,1,0,0,1,0
2025-02-19,3141,0,0,1,0,1,1,0,0,0,0
2025-02-20,3142,0,0,1,0,0,1,0,1,0,0
2025-02-21,3143,0,0,1,0,1,0,0,1,0,0
2025-02-22,3144,0,0,0,0,0,0,0,0,1,2
2025-02-23,3145,0,0,0,0,0,0,0,0,1,2
2025-02-24,3146,0,1,1,0,0,0,1,0,0,0
2025-02-25,3147,0,0,0,0,0,2,0,1,0,0
2025-02-26,3148,0,0,0,0,0,1,0,0,2,0
2025-02-27,3149,0,0,1,0,0,0,0,0,2,0
2025-02-28,3150,0,1,0,0,0,0,1,1,0,0
2025-03-01,3151,0,0,1,0,0,1,0,1,0,0
2025-03-02,3152,0,0,1,0,0,0,1,0,0,1
2025-03-03,3153,0,0,0,0,1,0,0,1,1,0
2025-03-04,3154,0,0,0,0,0,0,0,0,2,1
2025-03-05,3155,0,0,0,0,0,0,1,0,1,1
2025-03-06,3156,0,1,0,0,0,0,1,0,0,1
2025-03-07,3157,0,0,0,0,0,0,1,1,0,1
2025-03-08,3158,0,0,0,1,2,0,0,0,0,0
2025-03-09,3159,1,0,0,0,0,0,1,0,0,1
2025-03-10,3160,1,0,0,0,0,1,0,1,0,0
2025-03-11,3161,0,0,0,1,1,0,0,0,0,1
2025-03-12,3162,0,1,1,0,0,0,0,0,1,0
2025-03-13,3163,0,0,0,0,0,0,0,2,1,0
2025-03-14,3164,0,1,0,0,0,0,1,0,0,1
2025-03-15,3165,0,0,0,1,2,0,0,0,0,0
2025-03-16,3166,0,1,0,0,0,1,1,0,0,0
2025-03-17,3167,0,0,0,0,1,0,0,1,1,0
2025-03-18,3168,0,0,0,1,0,0,0,1,0,1
2025-03-19,3169,0,0,1,1,0,0,0,1,0,0
2025-03-20,3170,0,0,0,0,1,0,1,0,0,1
2025-03-21,3171,0,2,1,0,0,0,0,0,0,0
2025-03-22,3172,0,0,1,0,1,0,0,0,0,1
2025-03-23,3173,0,1,1,1,0,0,0,0,0,0
2025-03-24,3174,0,1,0,0,0,1,1,0,0,0
2025-03-25,3175,0,0,0,0,0,1,1,1,0,0
2025-03-26,3176,0,1,0,0,0,1,1,0,0,0
2025-03-27,3177,1,0,0,1,0,0,0,1,0,0
2025-03-28,3178,0,0,1,1,1,0,0,0,0,0
2025-03-29,3179,0,0,0,2,0,0,1,0,0,0
2025-03-30,3180,1,1,0,0,0,1,0,0,0,0
2025-03-31,3181,0,0,1,1,1,0,0,0,0,0
2025-04-01,3182,0,2,0,0,0,0,0,0,1,0
2025-04-02,3183,1,0,0,1,0,0,0,1,0,0
2025-04-03,3184,0,0,2,0,0,1,0,0,0,0
2025-04-04,3185,0,0,1,0,0,0,0,1,1,0
2025-04-05,3186,0,0,0,1,0,0,0,1,1,0
2025-04-06,3187,0,1,1,0,1,0,0,0,0,0
2025-04-07,3188,0,1,0,0,0,0,1,0,1,0
2025-04-08,3189,0,1,0,0,0,0,1,0,1,0
2025-04-09,3190,0,0,0,0,0,1,0,1,0,1
2025-04-10,3191,0,1,0,0,0,0,0,0,0,2
2025-04-11,3192,0,1,0,0,0,0,0,0,0,2
2025-04-12,3193,0,0,0,1,1,0,0,0,1,0
2025-04-13,3194,1,0,1,0,0,0,0,0,0,1
2025-04-14,3195,0,0,0,0,0,0,1,0,1,1
2025-04-15,3196,1,0,1,0,0,0,0,1,0,0
2025-04-16,3197,0,1,1,0,0,1,0,0,0,0
2025-04-20,3198,0,0,2,1,0,0,0,0,0,0
2025-04-21,3199,0,0,1,0,0,1,1,0,0,0
2025-04-22,3200,0,0,0,0,0,0,0,2,0,1
2025-04-23,3201,1,0,0,0,2,0,0,0,0,0
2025-04-24,3202,1,0,0,1,0,1,0,0,0,0
2025-04-25,3203,0,0,0,0,2,0,0,1,0,0
2025-04-26,3204,0,1,0,0,0,0,0,0,1,1
2025-04-27,3205,0,1,1,0,1,0,0,0,0,0
2025-04-28,3206,0,1,1,0,0,0,0,1,0,0
2025-04-29,3207,1,0,0,0,0,1,0,0,0,1
2025-04-30,3208,0,0,0,0,1,0,0,2,0,0
2025-05-01,3209,1,1,0,0,0,0,0,0,1,0
2025-05-02,3210,0,1,1,1,0,0,0,0,0,0
2025-05-03,3211,1,1,0,0,0,0,1,0,0,0
2025-05-04,3212,0,0,0,0,1,1,0,0,0,1
2025-05-05,3213,0,0,0,0,0,0,0,3,0,0
2025-05-06,3214,0,0,1,0,0,0,0,0,0,2
2025-05-07,3215,0,1,0,0,0,2,0,0,0,0
2025-05-08,3216,0,1,0,0,0,0,1,0,0,1
2025-05-09,3217,0,0,1,0,0,0,0,1,0,1
2025-05-10,3218,1,0,0,0,0,1,0,0,0,1
2025-05-11,3219,1,0,0,1,0,0,0,0,0,1
2025-05-12,3220,0,0,1,2,0,0,0,0,0,0
2025-05-13,3221,0,0,1,0,1,0,0,0,1,0
2025-05-14,3222,1,0,0,0,0,0,1,1,0,0
2025-05-15,3223,0,0,0,1,0,0,2,0,0,0
2025-05-16,3224,0,0,1,0,0,1,0,0,1,0
2025-05-17,3225,0,1,0,0,2,0,0,0,0,0
2025-05-18,3226,0,1,0,0,0,0,0,0,2,0
2025-05-19,3227,0,1,0,0,0,0,0,0,1,1
2025-05-20,3228,0,0,0,0,0,0,0,0,1,2
2025-05-21,3229,0,0,0,0,0,0,2,0,1,0
2025-05-22,3230,1,0,0,1,0,1,0,0,0,0
2025-05-23,3231,1,1,0,0,1,0,0,0,0,0
2025-05-24,3232,0,0,0,0,0,1,1,0,0,1
2025-05-25,3233,1,0,0,0,0,0,0,2,0,0
2025-05-26,3234,0,1,1,0,0,0,1,0,0,0
2025-05-27,3235,1,0,1,0,0,1,0,0,0,0
2025-05-28,3236,1,1,0,0,0,1,0,0,0,0
2025-05-29,3237,1,1,0,0,0,1,0,0,0,0
2025-05-30,3238,0,0,1,0,0,0,1,1,0,0
2025-05-31,3239,0,0,1,1,0,0,1,0,0,0
2025-06-01,3240,0,0,0,0,0,1,0,2,0,0
2025-06-02,3241,0,0,0,1,0,0,0,1,1,0
2025-06-03,3242,1,1,0,0,0,0,0,1,0,0
2025-06-04,3243,1,0,1,0,0,0,0,0,0,1
2025-06-05,3244,0,1,0,1,1,0,0,0,0,0
2025-06-06,3245,1,0,0,1,0,1,0,0,0,0
2025-06-07,3246,0,0,0,0,0,1,0,1,0,1
2025-06-08,3247,1,0,0,1,0,0,0,0,0,1
2025-06-09,3248,0,0,1,0,1,0,1,0,0,0
2025-06-10,3249,0,0,0,0,0,1,0,0,1,1
2025-06-11,3250,0,0,0,2,0,0,0,0,1,0
2025-06-12,3251,0,1,1,0,1,0,0,0,0,0
2025-06-13,3252,0,0,1,1,0,0,0,1,0,0
2025-06-14,3253,0,0,0,0,0,0,1,1,1,0
2025-06-15,3254,0,1,0,1,0,0,0,0,1,0
2025-06-16,3255,0,0,0,0,1,1,0,0,0,1
2025-06-17,3256,0,2,0,0,0,0,0,0,0,1
2025-06-18,3257,2,0,0,1,0,0,0,0,0,0
2025-06-19,3258,0,0,2,1,0,0,0,0,0,0
2025-06-20,3259,0,1,0,0,0,1,0,0,0,1
2025-06-21,3260,0,2,0,1,0,0,0,0,0,0
2025-06-22,3261,0,1,0,0,0,0,0,1,1,0
2025-06-23,3262,1,0,1,1,0,0,0,0,0,0
2025-06-24,3263,0,1,0,1,1,0,0,0,0,0
2025-06-25,3264,0,0,0,0,0,2,0,1,0,0
2025-06-26,3265,0,0,0,0,1,0,1,1,0,0
2025-06-27,3266,1,0,0,0,2,0,0,0,0,0
2025-06-28,3267,0,0,1,0,0,1,1,0,0,0
2025-06-29,3268,0,0,1,0,0,0,0,1,0,1
2025-06-30,3269,0,0,0,0,1,0,1,0,1,0
2025-07-01,3270,0,0,1,1,0,0,0,0,0,1
2025-07-02,3271,0,0,0,0,0,0,1,2,0,0
2025-07-03,3272,0,0,0,0,0,0,0,0,0,3
2025-07-04,3273,1,0,0,1,0,0,0,1,0,0
2025-07-05,3274,0,0,0,2,0,0,0,0,0,1
2025-07-06,3275,0,0,0,0,0,0,1,0,0,2
2025-07-07,3276,0,1,1,0,0,0,0,0,0,1
2025-07-08,3277,1,0,0,0,0,0,2,0,0,0
2025-07-09,3278,0,0,0,1,0,0,2,0,0,0
2025-07-10,3279,0,1,1,0,0,0,1,0,0,0
2025-07-11,3280,0,0,0,0,0,0,2,0,1,0
2025-07-12,3281,0,0,1,0,0,0,0,2,0,0
2025-07-13,3282,0,1,0,0,1,0,1,0,0,0
2025-07-14,3283,1,0,0,0,0,0,1,0,0,1
2025-07-15,3284,0,0,2,0,1,0,0,0,0,0
2025-07-16,3285,0,0,0,1,0,0,1,0,0,1
2025-07-17,3286,0,0,0,1,0,0,0,1,1,0
2025-07-18,3287,1,1,1,0,0,0,0,0,0,0
2025-07-19,3288,0,0,0,0,0,1,0,1,1,0
2025-07-20,3289,1,0,0,0,0,0,1,0,1,0
2025-07-21,3290,0,0,0,1,0,1,0,0,0,1
2025-07-22,3291,0,0,2,0,0,0,0,1,0,0
2025-07-23,3292,0,0,0,1,1,0,1,0,0,0
2025-07-24,3293,0,0,0,1,0,0,1,1,0,0
2025-07-25,3294,2,0,0,0,0,0,1,0,0,0
2025-07-26,3295,0,0,1,0,0,0,1,0,1,0
2025-07-27,3296,0,2,0,0,0,0,0,0,1,0
2025-07-28,3297,1,1,0,0,0,0,0,0,1,0
2025-07-29,3298,0,0,0,0,1,1,0,0,1,0
2025-07-30,3299,0,1,0,0,0,0,0,1,0,1
2025-07-31,3300,0,0,0,1,0,0,1,0,0,1
2025-08-01,3301,0,0,1,0,0,0,0,1,1,0
2025-08-02,3302,0,0,1,1,0,1,0,0,0,0
2025-08-03,3303,0,0,1,0,1,0,0,0,0,1
2025-08-04,3304,0,0,0,2,0,0,1,0,0,0
2025-08-05,3305,0,0,1,1,1,0,0,0,0,0
2025-08-06,3306,0,0,0,0,0,1,0,1,1,0
2025-08-07,3307,1,0,1,0,0,1,0,0,0,0
2025-08-08,3308,1,0,1,1,0,0,0,0,0,0
2025-08-09,3309,1,0,0,0,1,0,1,0,0,0
2025-08-10,3310,0,0,0,0,0,0,0,1,2,0
2025-08-11,3311,0,0,0,0,0,0,0,0,2,1
2025-08-12,3312,1,0,1,0,0,0,0,1,0,0
2025-08-13,3313,0,1,0,1,0,0,0,0,0,1
2025-08-14,3314,0,0,0,0,1,0,1,1,0,0
2025-08-15,3315,0,2,0,0,0,0,0,0,0,1
2025-08-16,3316,1,0,0,1,0,0,0,0,0,1
2025-08-17,3317,0,1,0,0,0,0,0,2,0,0
2025-08-18,3318,0,1,0,1,0,1,0,0,0,0
2025-08-19,3319,0,0,0,0,1,1,0,0,0,1
2025-08-20,3320,1,0,0,0,0,0,1,0,0,1
2025-08-21,3321,0,2,0,0,1,0,0,0,0,0
2025-08-22,3322,1,0,0,0,2,0,0,0,0,0
2025-08-23,3323,1,0,0,1,0,0,1,0,0,0
2025-08-24,3324,0,0,0,1,1,1,0,0,0,0
2025-08-25,3325,0,1,0,0,1,0,0,1,0,0
2025-08-26,3326,1,1,0,0,0,0,0,1,0,0
2025-08-27,3327,0,0,0,0,0,1,0,0,0,2
2025-08-28,3328,1,1,0,1,0,0,0,0,0,0
2025-08-29,3329,0,0,1,1,1,0,0,0,0,0
2025-08-30,3330,0,0,2,0,0,0,0,1,0,0
2025-08-31,3331,0,0,0,0,0,0,1,1,1,0
2025-09-01,3332,0,1,0,0,0,2,0,0,0,0
2025-09-02,3333,1,1,0,0,0,0,1,0,0,0
2025-09-03,3334,0,0,1,0,1,0,1,0,0,0
2025-09-04,3335,0,1,1,0,0,0,0,0,1,0
2025-09-05,3336,0,1,0,0,0,0,2,0,0,0
2025-09-06,3337,0,1,0,1,0,0,0,0,1,0
2025-09-07,3338,0,0,2,0,0,0,0,1,0,0
2025-09-08,3339,0,0,1,0,1,0,0,0,0,1
2025-09-09,3340,0,0,0,1,0,0,2,0,0,0
2025-09-10,3341,0,0,0,2,0,0,0,0,1,0
2025-09-11,3342,1,0,0,0,0,0,1,1,0,0
2025-09-12,3343,0,0,0,0,0,0,1,0,0,2
2025-09-13,3344,1,0,0,2,0,0,0,0,0,0
2025-09-14,3345,0,0,0,0,2,0,0,0,0,1
2025-09-15,3346,0,1,1,0,1,0,0,0,0,0
2025-09-16,3347,0,0,0,1,0,1,0,0,0,1
2025-09-17,3348,1,1,0,1,0,0,0,0,0,0
2025-09-18,3349,0,0,2,0,0,0,1,0,0,0
2025-09-19,3350,0,1,0,0,0,2,0,0,0,0
2025-09-20,3351,1,0,0,0,0,2,0,0,0,0
2025-09-21,3352,1,1,0,0,1,0,0,0,0,0
2025-09-22,3353,1,0,1,0,0,0,0,0,0,1
2025-09-23,3354,0,0,0,0,0,0,2,1,0,0
2025-09-24,3355,0,1,1,0,1,0,0,0,0,0
2025-09-25,3356,1,1,0,0,0,0,0,0,0,1
2025-09-26,3357,0,0,0,1,0,0,1,0,0,1
2025-09-27,3358,0,0,1,0,0,0,0,1,1,0
2025-09-28,3359,0,1,0,2,0,0,0,0,0,0
2025-09-29,3360,0,1,0,1,0,1,0,0,0,0
2025-09-30,3361,0,0,1,1,0,1,0,0,0,0
2025-10-01,3362,0,1,1,0,0,1,0,0,0,0
2025-10-02,3363,0,1,0,0,0,2,0,0,0,0
2025-10-03,3364,1,0,0,0,1,1,0,0,0,0
2025-10-04,3365,1,0,0,1,1,0,0,0,0,0
2025-10-05,3366,0,1,0,1,0,0,1,0,0,0
2025-10-06,3367,0,3,0,0,0,0,0,0,0,0
2025-10-07,3368,1,0,0,1,1,0,0,0,0,0
2025-10-08,3369,1,0,0,1,1,0,0,0,0,0
2025-10-09,3370,1,0,1,0,0,0,0,0,1,0
2025-10-10,3371,0,0,0,0,1,0,1,0,1,0
2025-10-11,3372,0,0,0,1,0,0,0,1,1,0
2025-10-12,3373,1,0,1,0,0,0,0,0,1,0
2025-10-13,3374,2,0,1,0,0,0,0,0,0,0
2025-10-14,3375,1,0,0,1,0,0,0,0,1,0
2025-10-15,3376,0,0,0,0,1,0,0,1,1,0
2025-10-16,3377,0,0,0,0,1,1,0,0,0,1
2025-10-17,3378,0,0,0,1,1,0,0,0,0,1
2025-10-18,3379,0,0,1,0,0,1,0,0,0,1
2025-10-19,3380,0,1,0,0,1,0,0,0,1,0
2025-10-20,3381,0,0,1,0,0,0,0,1,1,0
2025-10-21,3382,0,0,1,0,0,0,1,0,1,0
2025-10-22,3383,0,0,1,1,0,0,0,1,0,0
2025-10-23,3384,0,0,1,0,0,0,0,0,0,2
2025-10-24,3385,1,0,0,0,0,0,0,0,0,2
2025-10-25,3386,0,0,0,1,0,1,1,0,0,0
2025-10-26,3387,0,1,0,0,1,0,0,0,1,0
2025-10-27,3388,0,0,1,0,0,1,0,0,1,0
2025-10-28,3389,0,1,1,0,0,0,0,1,0,0
2025-10-29,3390,0,1,0,0,1,0,1,0,0,0
2025-10-30,3391,0,1,0,1,0,0,0,0,0,1
2025-10-31,3392,0,0,0,2,0,0,0,0,0,1
2025-11-01,3393,1,1,0,0,0,1,0,0,0,0
2025-11-02,3394,0,0,0,0,0,0,1,0,1,1
2025-11-03,3395,0,0,0,0,1,1,0,1,0,0
2025-11-04,3396,0,0,0,0,2,0,0,1,0,0
2025-11-05,3397,0,2,0,0,0,0,0,1,0,0
2025-11-06,3398,1,0,0,1,0,0,1,0,0,0
2025-11-07,3399,1,0,0,0,0,1,1,0,0,0
2025-11-08,3400,0,1,0,0,1,1,0,0,0,0
2025-11-09,3401,2,0,0,0,0,1,0,0,0,0
2025-11-10,3402,0,1,0,0,0,1,0,1,0,0
2025-11-11,3403,0,0,0,0,0,1,1,0,0,1
2025-11-12,3404,0,1,1,1,0,0,0,0,0,0
2025-11-13,3405,0,0,0,1,0,0,0,2,0,0
2025-11-14,3406,0,0,0,0,0,0,0,3,0,0
2025-11-15,3407,0,0,0,1,1,0,0,1,0,0
2025-11-16,3408,1,0,0,0,0,0,0,1,0,1
2025-11-17,3409,0,0,1,1,1,0,0,0,0,0
2025-11-18,3410,1,1,0,0,0,0,0,1,0,0
2025-11-19,3411,0,0,1,0,0,0,0,1,1,0
2025-11-20,3412,0,0,0,1,0,1,0,0,1,0
2025-11-21,3413,0,1,0,0,1,0,0,0,0,1
2025-11-22,3414,0,1,1,0,0,0,1,0,0,0
2025-11-23,3415,1,0,0,1,0,0,1,0,0,0
2025-11-24,3416,0,1,0,0,0,1,0,1,0,0
2025-11-25,3417,1,0,1,0,0,0,0,0,0,1
2025-11-26,3418,0,0,2,0,0,0,0,0,0,1
2025-11-27,3419,0,0,1,0,1,1,0,0,0,0
2025-11-28,3420,0,0,1,1,0,0,1,0,0,0
2025-11-29,3421,1,0,0,0,0,1,0,0,0,1
2025-11-30,3422,0,0,0,1,1,1,0,0,0,0
2025-12-01,3423,0,1,0,0,1,0,0,1,0,0
2025-12-02,3424,0,1,0,0,0,0,0,2,0,0
2025-12-03,3425,0,0,1,0,1,0,1,0,0,0
2025-12-04,3426,1,0,0,1,0,0,0,0,0,1
2025-12-05,3427,0,0,0,0,0,0,1,0,0,2
2025-12-06,3428,0,0,1,0,0,0,0,1,1,0
2025-12-07,3429,0,1,1,0,0,0,1,0,0,0
2025-12-08,3430,0,0,0,0,2,0,0,0,1,0
2025-12-09,3431,1,1,0,0,0,0,0,0,0,1
2025-12-10,3432,0,0,0,0,1,0,0,0,1,1
2025-12-11,3433,0,1,0,0,0,0,0,0,0,2
2025-12-12,3434,1,0,0,1,0,0,1,0,0,0
2025-12-13,3435,0,0,0,1,0,0,0,0,1,1
2025-12-14,3436,1,0,0,0,1,1,0,0,0,0
2025-12-15,3437,0,0,0,0,0,1,1,1,0,0
2025-12-16,3438,1,0,0,0,1,0,1,0,0,0
2025-12-17,3439,0,0,1,1,0,0,0,1,0,0
2025-12-18,3440,0,0,1,1,0,0,0,0,1,0
2025-12-19,3441,1,0,0,1,0,0,0,0,0,1
2025-12-20,3442,0,0,0,0,0,2,1,0,0,0
2025-12-21,3443,1,1,0,0,1,0,0,0,0,0
2025-12-22,3444,0,0,0,0,2,0,0,0,0,1
2025-12-23,3445,0,1,0,1,0,0,0,1,0,0
2025-12-24,3446,0,0,0,0,1,0,1,0,0,1
2025-12-25,3447,0,0,0,0,1,0,1,0,1,0
2025-12-26,3448,0,0,1,1,0,0,0,0,0,1
2025-12-27,3449,1,1,0,0,0,0,0,0,0,1
2025-12-28,3450,0,0,0,0,3,0,0,0,0,0
2025-12-29,3451,0,0,1,1,0,1,0,0,0,0
2025-12-30,3452,0,1,0,1,0,1,0,0,0,0
2025-12-31,3453,0,0,0,0,1,1,0,0,0,1
2026-01-01,3454,1,0,0,0,0,1,0,1,0,0
2026-01-02,3455,0,1,0,0,1,0,0,0,0,1
2026-01-03,3456,1,0,1,0,1,0,0,0,0,0
2026-01-04,3457,1,0,0,0,1,0,0,0,0,1
2026-01-05,3458,0,0,1,0,0,0,0,1,0,1
2026-01-06,3459,1,1,0,0,1,0,0,0,0,0
2026-01-07,3460,0,0,0,1,0,1,1,0,0,0
2026-01-08,3461,0,0,1,1,0,0,0,0,0,1
2026-01-09,3462,1,1,0,0,0,0,0,1,0,0
2026-01-10,3463,0,1,0,1,0,0,0,1,0,0
2026-01-11,3464,0,0,0,0,0,1,0,0,1,1
2026-01-12,3465,0,2,0,0,0,0,0,1,0,0
2026-01-13,3466,0,0,0,0,1,0,1,0,1,0
2026-01-14,3467,1,0,0,0,1,0,1,0,0,0
2026-01-15,3468,0,1,1,0,1,0,0,0,0,0
2026-01-16,3469,0,0,0,0,0,1,0,1,0,1
2026-01-17,3470,0,1,1,0,0,0,0,1,0,0
2026-01-18,3471,1,0,0,0,0,0,1,0,1,0
2026-01-19,3472,1,0,0,1,1,0,0,0,0,0
2026-01-20,3473,1,1,0,0,0,0,0,0,0,1
2026-01-21,3474,0,0,0,1,0,0,0,2,0,0
2026-01-22,3475,0,0,0,1,0,1,0,1,0,0
2026-01-23,3476,0,0,0,0,0,1,1,0,1,0
2026-01-24,3477,0,0,0,0,0,2,0,0,0,1
2026-01-25,3478,1,0,0,0,0,0,0,0,1,1
2026-01-26,3479,0,0,1,0,0,0,0,0,1,1
2026-01-27,3480,0,1,0,1,0,0,0,0,1,0
2026-01-28,3481,1,1,0,1,0,0,0,0,0,0
2026-01-29,3482,0,0,1,2,0,0,0,0,0,0
2026-01-30,3483,0,0,0,0,0,0,2,1,0,0
2026-01-31,3484,1,1,0,0,0,0,1,0,0,0
2026-02-01,3485,0,1,1,0,1,0,0,0,0,0
2026-02-02,3486,0,0,0,1,0,0,0,0,1,1
2026-02-03,3487,0,0,0,1,1,0,1,0,0,0
2026-02-04,3488,0,0,1,0,0,0,1,0,0,1
2026-02-05,3489,0,1,1,0,0,0,0,1,0,0
2026-02-06,3490,2,0,0,0,0,0,0,1,0,0
2026-02-07,3491,0,0,0,0,1,0,0,0,1,1
2026-02-08,3492,1,0,0,0,1,0,0,1,0,0
2026-02-09,3493,1,0,1,0,0,0,0,1,0,0
2026-02-10,3494,0,1,0,1,0,1,0,0,0,0
2026-02-11,3495,0,0,1,0,0,0,2,0,0,0
2026-02-12,3496,1,1,0,0,0,1,0,0,0,0
2026-02-13,3497,0,0,0,0,0,1,0,0,0,2
2026-02-14,3498,0,1,0,0,0,1,0,0,1,0
2026-02-15,3499,0,0,0,1,0,1,0,0,0,1
2026-02-16,3500,0,0,1,1,0,1,0,0,0,0
2026-02-17,3501,1,0,0,0,0,1,1,0,0,0
2026-02-18,3502,0,0,0,0,0,0,1,1,1,0
2026-02-19,3503,0,1,0,0,0,0,0,1,0,1
2026-02-20,3504,1,0,0,1,0,0,0,0,0,1
2026-02-21,3505,0,0,1,0,0,1,0,0,0,1
2026-02-22,3506,0,1,0,1,0,0,0,1,0,0
2026-02-23,3507,0,0,1,0,0,0,1,1,0,0
2026-02-24,3508,0,0,0,0,1,0,0,1,0,1
2026-02-25,3509,1,0,0,0,2,0,0,0,0,0
2026-02-26,3510,0,1,1,0,0,1,0,0,0,0
2026-02-27,3511,0,0,0,1,1,0,0,1,0,0
2026-02-28,3512,1,0,0,0,0,0,1,0,0,1
2026-03-01,3513,0,0,0,0,2,0,0,0,0,1
2026-03-02,3514,1,0,1,1,0,0,0,0,0,0
2026-03-03,3515,0,0,0,0,2,0,0,0,0,1
2026-03-04,3516,0,0,0,0,1,1,1,0,0,0
2026-03-05,3517,0,0,0,0,0,0,1,1,0,1
2026-03-06,3518,1,0,0,0,0,0,0,0,0,2
2026-03-07,3519,0,0,0,0,0,1,0,0,0,2
2026-03-08,3520,0,0,0,0,0,0,1,2,0,0
2026-03-09,3521,0,0,0,0,0,2,0,1,0,0
2026-03-10,3522,0,0,1,1,0,0,0,0,0,1
2026-03-11,3523,0,0,0,0,0,2,0,1,0,0
2026-03-12,3524,0,0,1,1,0,0,0,1,0,0
2026-03-13,3525,1,0,0,0,2,0,0,0,0,0
2026-03-14,3526,0,2,0,0,0,0,0,0,1,0
2026-03-15,3527,0,2,0,0,0,0,0,0,1,0
2026-03-16,3528,0,0,0,0,1,0,0,1,1,0
2026-03-17,3529,0,0,0,0,2,0,0,0,0,1
2026-03-18,3530,0,0,0,0,0,2,0,0,0,1
2026-03-19,3531,0,0,1,1,0,0,1,0,0,0
2026-03-20,3532,1,1,0,1,0,0,0,0,0,0
2026-03-21,3533,0,0,0,1,0,1,0,1,0,0
2026-03-22,3534,0,0,1,1,1,0,0,0,0,0
2026-03-23,3535,1,0,1,0,0,0,1,0,0,0
2026-03-24,3536,0,0,1,0,0,2,0,0,0,0
2026-03-25,3537,0,0,0,1,2,0,0,0,0,0
2026-03-26,3538,0,0,0,1,1,0,0,0,0,1
2026-03-27,3539,0,0,0,1,1,1,0,0,0,0
2026-03-28,3540,0,1,1,0,1,0,0,0,0,0
2026-03-29,3541,0,1,0,0,0,0,1,0,1,0
2026-03-30,3542,0,0,0,0,0,1,0,0,0,2
2026-03-31,3543,1,0,0,0,1,0,0,0,0,1
2026-04-01,3544,0,1,0,0,1,1,0,0,0,0
2026-04-05,3545,0,0,1,0,0,0,0,1,1,0
2026-04-06,3546,0,0,0,1,0,1,1,0,0,0
2026-04-07,3547,1,0,1,0,0,0,0,0,1,0
2026-04-08,3548,1,0,0,1,0,0,0,1,0,0
2026-04-09,3549,0,0,0,0,1,0,0,1,0,1
2026-04-10,3550,0,0,0,1,1,0,0,1,0,0
2026-04-11,3551,0,1,0,0,1,0,0,0,0,1
2026-04-12,3552,0,2,1,0,0,0,0,0,0,0
2026-04-13,3553,1,0,0,0,0,1,0,1,0,0
2026-04-14,3554,1,0,0,0,0,0,1,1,0,0
2026-04-15,3555,1,0,1,0,0,1,0,0,0,0
2026-04-16,3556,0,0,0,0,0,0,1,0,2,0
2026-04-17,3557,0,0,1,0,0,0,1,1,0,0
2026-04-18,3558,1,0,0,0,0,1,1,0,0,0
2026-04-19,3559,0,1,0,1,0,1,0,0,0,0
2026-04-20,3560,1,0,0,0,0,0,1,1,0,0
2026-04-21,3561,0,1,0,0,0,0,1,0,0,1
2026-04-22,3562,1,0,0,0,0,1,0,0,1,0
2026-04-23,3563,0,0,2,0,0,0,0,0,0,1
2026-04-24,3564,0,1,0,1,0,0,0,1,0,0
2026-04-25,3565,1,0,0,0,0,1,0,0,0,1
2026-04-26,3566,0,0,0,0,1,1,1,0,0,0
2026-04-27,3567,0,0,0,0,0,1,0,1,1,0
2026-04-28,3568,1,0,0,1,0,0,1,0,0,0
2026-04-29,3569,0,1,0,0,1,0,0,1,0,0
2026-04-30,3570,2,0,0,0,0,0,1,0,0,0
2026-05-01,3571,0,0,0,1,0,2,0,0,0,0
2026-05-02,3572,0,0,1,0,0,1,0,1,0,0
2026-05-03,3573,1,0,0,0,0,1,0,1,0,0
2026-05-04,3574,0,0,1,0,1,0,0,0,0,1
2026-05-05,3575,0,0,0,1,0,0,1,1,0,0
2026-05-06,3576,0,0,1,0,0,0,1,1,0,0
2026-05-07,3577,0,0,0,0,2,0,0,0,0,1
2026-05-08,3578,0,1,1,0,0,1,0,0,0,0
2026-05-09,3579,0,1,1,0,0,0,0,1,0,0
2026-05-10,3580,0,0,1,0,0,0,2,0,0,0
2026-05-11,3581,1,0,0,1,0,0,0,0,1,0
2026-05-12,3582,1,0,0,1,0,0,0,1,0,0
2026-05-13,3583,1,0,0,1,0,0,0,0,1,0
2026-05-14,3584,1,0,2,0,0,0,0,0,0,0
2026-05-15,3585,1,0,0,0,0,0,2,0,0,0
2026-05-16,3586,0,0,0,1,0,0,1,0,1,0
2026-05-17,3587,0,1,0,1,1,0,0,0,0,0
2026-05-18,3588,0,1,0,1,0,0,0,0,0,1
2026-05-19,3589,0,1,0,0,1,0,0,1,0,0
2026-05-20,3590,0,0,0,0,0,0,0,0,1,2
2026-05-21,3591,2,0,0,0,0,0,0,0,1,0
2026-05-22,3592,1,1,0,0,0,1,0,0,0,0
2026-05-23,3593,0,0,1,0,0,0,0,1,1,0
2026-05-24,3594,0,1,0,0,0,0,2,0,0,0
2026-05-25,3595,0,0,1,0,0,1,0,0,1,0
2026-05-26,3596,0,0,0,1,0,1,0,0,0,1
2026-05-27,3597,2,1,0,0,0,0,0,0,0,0
2026-05-28,3598,1,0,0,0,0,0,1,0,1,0
2026-05-29,3599,0,0,0,0,0,0,1,0,1,1
2026-05-30,3600,0,0,0,1,0,1,1,0,0,0
2026-05-31,3601,0,0,0,0,1,1,0,1,0,0
2026-06-01,3602,0,1,1,0,0,0,0,1,0,0
2026-06-02,3603,0,0,1,0,1,0,1,0,0,0
2026-06-03,3604,0,0,0,0,1,0,1,1,0,0
2026-06-04,3605,2,0,0,0,0,0,0,0,0,1
2026-06-05,3606,1,0,0,0,0,0,0,1,0,1
2026-06-06,3607,0,0,0,0,0,1,1,0,1,0
2026-06-07,3608,0,0,0,1,0,0,0,1,0,1
2026-06-08,3609,0,2,0,0,0,0,0,1,0,0
2026-06-09,3610,0,0,0,1,0,2,0,0,0,0
2026-06-10,3611,0,1,0,1,0,0,1,0,0,0
2026-06-11,3612,0,1,1,0,0,1,0,0,0,0
2026-06-12,3613,0,0,0,0,1,1,0,0,1,0
2026-06-13,3614,0,0,0,0,0,0,1,0,2,0
2026-06-14,3615,0,0,0,1,1,0,0,0,0,1
2026-06-15,3616,0,0,0,0,0,1,0,0,0,2
2026-06-16,3617,1,0,0,0,0,0,1,0,1,0
2026-06-17,3618,0,1,0,1,0,1,0,0,0,0
2026-06-18,3619,1,1,1,0,0,0,0,0,0,0
2026-06-19,3620,0,0,1,1,0,0,0,1,0,0
2026-06-20,3621,0,0,0,0,1,0,1,0,0,1
2026-06-21,3622,0,1,0,1,1,0,0,0,0,0
2026-06-22,3623,0,0,0,0,1,0,1,1,0,0
2026-06-23,3624,0,1,0,0,1,0,1,0,0,0
2026-06-24,3625,2,0,0,0,0,1,0,0,0,0
2026-06-25,3626,0,0,0,0,1,0,1,1,0,0
2026-06-26,3627,0,0,0,0,0,1,1,0,0,1
2026-06-27,3628,0,0,0,0,0,1,0,0,1,1
2026-06-28,3629,1,0,0,0,0,0,0,2,0,0
2026-06-29,3630,0,0,1,0,0,0,1,0,0,1
2026-06-30,3631,0,1,0,1,0,0,0,0,1,0
2026-07-01,3632,1,0,1,0,0,0,0,0,1,0
2026-07-02,3633,0,0,0,1,0,0,1,0,0,1
2026-07-03,3634,0,1,1,1,0,0,0,0,0,0
2026-07-04,3635,0,1,2,0,0,0,0,0,0,0
2026-07-05,3636,1,0,0,0,0,0,0,1,1,0
2026-07-06,3637,0,0,1,0,0,0,0,1,1,0
2026-07-07,3638,1,0,0,1,0,0,0,0,0,1
2026-07-08,3639,0,0,0,1,0,0,1,1,0,0
2026-07-09,3640,0,0,1,1,1,0,0,0,0,0
2026-07-10,3641,0,0,0,0,1,0,1,0,1,0
2026-07-11,3642,0,1,0,0,0,1,0,0,0,1
2026-07-12,3643,1,0,0,0,0,2,0,0,0,0
2026-07-13,3644,0,0,0,0,0,1,0,0,1,1
2026-07-14,3645,0,0,0,1,0,1,1,0,0,0
2026-07-15,3646,0,0,0,0,0,1,2,0,0,0
2026-07-16,3647,0,0,1,0,0,0,0,1,1,0
2026-07-17,3648,0,1,0,0,0,0,0,0,1,1
2026-07-18,3649,1,0,0,0,0,0,0,0,2,0
2026-07-19,3650,0,0,0,0,0,0,0,1,1,1
2026-07-20,3651,0,0,0,0,2,0,0,0,1,0
2026-07-21,3652,0,0,0,0,0,0,2,1,0,0
2026-07-22,3653,0,1,1,1,0,0,0,0,0,0
2026-07-23,3654,1,1,0,0,0,0,0,0,0,1
2026-07-24,3655,0,1,1,0,0,0,0,0,0,1
2026-07-25,3656,1,0,0,1,1,0,0,0,0,0
2026-07-26,3657,0,0,0,0,1,1,0,0,1,0
2026-07-27,3658,0,0,1,1,0,0,1,0,0,0
2026-07-28,3659,0,1,1,0,0,1,0,0,0,0
2026-07-29,3660,0,0,1,2,0,0,0,0,0,0
2026-07-30,3661,1,0,1,0,0,0,1,0,0,0
2026-07-31,3662,1,0,0,0,0,0,0,1,0,1
2026-08-01,3663,0,0,0,1,1,1,0,0,0,0
2026-08-02,3664,1,0,0,1,0,1,0,0,0,0
2026-08-03,3665,1,0,1,0,0,1,0,0,0,0
2026-08-04,3666,0,0,1,1,0,0,0,0,1,0
2026-08-05,3667,0,0,1,0,0,0,0,1,1,0
2026-08-06,3668,0,0,0,1,2,0,0,0,0,0
2026-08-07,3669,0,0,0,0,0,1,1,0,0,1
2026-08-08,3670,0,0,0,0,1,0,1,1,0,0
2026-08-09,3671,1,1,0,0,0,0,0,0,1,0
2026-08-10,3672,1,0,0,1,0,0,0,1,0,0
2026-08-11,3673,0,0,0,0,0,0,0,1,2,0
2026-08-12,3674,0,0,0,0,0,0,2,0,0,1
2026-08-13,3675,1,1,0,0,0,0,0,1,0,0
2026-08-14,3676,1,0,0,1,0,1,0,0,0,0
2026-08-15,3677,0,0,1,1,0,0,0,1,0,0
2026-08-16,3678,0,0,0,0,2,0,0,0,0,1
2026-08-17,3679,1,0,0,0,0,1,0,0,1,0
2026-08-18,3680,1,0,0,0,1,0,0,0,1,0
2026-08-19,3681,0,0,0,0,0,1,0,2,0,0
2026-08-20,3682,0,0,1,0,0,0,0,1,0,1
2026-08-21,3683,1,1,0,0,0,0,0,0,1,0
2026-08-22,3684,0,1,1,0,0,1,0,0,0,0
2026-08-23,3685,3,0,0,0,0,0,0,0,0,0
2026-08-24,3686,0,0,0,1,1,1,0,0,0,0
2026-08-25,3687,0,1,0,0,1,0,0,0,0,1
2026-08-26,3688,1,0,0,0,0,1,0,1,0,0
2026-08-27,3689,0,1,0,0,0,1,0,0,1,0
2026-08-28,3690,1,0,0,0,1,0,0,0,0,1
2026-08-29,3691,1,0,0,0,0,1,0,1,0,0
2026-08-30,3692,0,0,0,0,0,1,0,0,0,2
2026-08-31,3693,0,1,0,0,0,1,0,0,1,0
2026-09-01,3694,0,0,1,2,0,0,0,0,0,0
2026-09-02,3695,1,0,0,0,0,1,1,0,0,0
2026-09-03,3696,1,1,0,0,0,0,1,0,0,0
2026-09-04,3697,0,0,1,0,1,0,0,1,0,0
2026-09-05,3698,0,0,1,0,0,0,0,0,1,1
2026-09-06,3699,0,1,0,0,0,1,0,0,0,1
2026-09-07,3700,0,0,0,1,0,0,2,0,0,0
2026-09-08,3701,0,1,0,0,0,0,0,1,0,1
2026-09-09,3702,1,0,0,0,0,0,0,2,0,0
2026-09-10,3703,0,1,0,0,0,0,0,0,1,1
2026-09-11,3704,0,1,0,0,0,0,0,0,2,0
2026-09-12,3705,0,0,0,1,1,0,1,0,0,0
2026-09-13,3706,0,0,0,0,1,0,0,0,1,1
2026-09-14,3707,0,0,0,0,2,0,0,0,0,1
2026-09-15,3708,1,0,1,1,0,0,0,0,0,0
2026-09-16,3709,1,0,1,0,1,0,0,0,0,0
2026-09-17,3710,0,0,0,0,1,0,0,1,1,0
2026-09-18,3711,0,0,1,0,1,0,0,0,1,0
2026-09-19,3712,1,0,1,0,0,0,0,0,0,1
2026-09-20,3713,0,0,0,0,0,0,1,1,0,1
2026-09-21,3714,0,0,0,0,0,1,0,1,0,1
2026-09-22,3715,0,0,0,1,0,0,0,0,1,1
2026-09-23,3716,0,1,0,0,2,0,0,0,0,0
2026-09-24,3717,1,0,0,0,0,2,0,0,0,0
2026-09-25,3718,1,1,1,0,0,0,0,0,0,0
2026-09-26,3719,0,1,0,0,0,1,0,0,1,0
2026-09-27,3720,0,1,1,0,0,0,1,0,0,0
2026-09-28,3721,1,0,0,0,1,1,0,0,0,0
2026-09-29,3722,0,0,0,1,0,2,0,0,0,0
2026-09-30,3723,0,0,1,0,0,1,0,0,0,1
2026-10-01,3724,0,0,1,0,1,0,0,0,0,1
2026-10-02,3725,0,1,0,0,0,0,0,0,1,1
2026-10-03,3726,0,0,0,0,0,0,1,0,0,2
2026-10-04,3727,2,0,0,0,0,0,0,1,0,0
2026-10-05,3728,1,0,0,1,1,0,0,0,0,0
2026-10-06,3729,0,0,1,0,0,0,0,0,1,1
2026-10-07,3730,0,0,0,0,0,2,0,0,0,1
